id_municipio,sigla_uf,nome_regiao,cluster,taxa_alf,n_alunos
1100015,RO,Norte,0,0.6071428571428571,560
1100023,RO,Norte,1,0.5722092115534738,2562
1100031,RO,Norte,1,0.6727272727272727,165
1100049,RO,Norte,1,0.5780463242698892,1986
1100056,RO,Norte,1,0.5870445344129555,494
1100064,RO,Norte,1,0.6049723756906077,362
1100072,RO,Norte,1,0.5963636363636363,275
1100080,RO,Norte,0,0.6422222222222222,450
1100098,RO,Norte,1,0.6950276243093922,905
1100106,RO,Norte,0,0.41974169741697415,1084
1100114,RO,Norte,1,0.5885797950219619,1366
1100122,RO,Norte,1,0.5994702766333138,3398
1100130,RO,Norte,0,0.5104166666666666,960
1100148,RO,Norte,1,0.704312114989733,487
1100155,RO,Norte,1,0.6241050119331742,838
1100189,RO,Norte,1,0.6880552813425469,1013
1100205,RO,Norte,1,0.5031900349384779,13166
1100254,RO,Norte,1,0.5833333333333334,444
1100262,RO,Norte,1,0.6124031007751938,129
1100288,RO,Norte,1,0.6529649595687331,1484
1100296,RO,Norte,1,0.7541899441340782,179
1100304,RO,Norte,1,0.5986937590711175,2756
1100320,RO,Norte,0,0.631762652705061,573
1100338,RO,Norte,0,0.4778761061946903,904
1100346,RO,Norte,0,0.4494047619047619,336
1100379,RO,Norte,0,0.6862244897959183,392
1100403,RO,Norte,0,0.5264623955431755,359
1100452,RO,Norte,0,0.5491803278688525,976
1100502,RO,Norte,1,0.6666666666666666,222
1100601,RO,Norte,1,0.6335403726708074,161
1100700,RO,Norte,0,0.5988372093023255,344
1100809,RO,Norte,0,0.44171779141104295,815
1100908,RO,Norte,1,0.6134453781512605,119
1100924,RO,Norte,0,0.6648501362397821,367
1100940,RO,Norte,1,0.6625659050966608,569
1101005,RO,Norte,0,0.6642335766423357,274
1101104,RO,Norte,0,0.7529411764705882,340
1101203,RO,Norte,1,0.6722222222222223,180
1101302,RO,Norte,0,0.5701219512195121,328
1101401,RO,Norte,0,0.6558891454965358,433
1101435,RO,Norte,0,0.592391304347826,184
1101450,RO,Norte,0,0.549618320610687,131
1101468,RO,Norte,1,0.4939759036144578,83
1101476,RO,Norte,1,0.6446280991735537,121
1101484,RO,Norte,1,0.5743243243243243,148
1101492,RO,Norte,0,0.5729166666666666,576
1101500,RO,Norte,0,0.5913705583756346,394
1101559,RO,Norte,1,0.6058394160583942,137
1101609,RO,Norte,0,0.6133333333333333,225
1101708,RO,Norte,0,0.5993690851735016,317
1101757,RO,Norte,0,0.416988416988417,259
1101807,RO,Norte,0,0.4463276836158192,177
1200013,AC,Norte,0,0.452991452991453,234
1200054,AC,Norte,0,0.41935483870967744,124
1200104,AC,Norte,0,0.3974630021141649,473
1200138,AC,Norte,0,0.20089285714285715,224
1200179,AC,Norte,0,0.27411167512690354,197
1200203,AC,Norte,0,0.3951388888888889,1440
1200252,AC,Norte,0,0.4642857142857143,336
1200302,AC,Norte,0,0.5665914221218962,443
1200328,AC,Norte,0,0.25862068965517243,116
1200336,AC,Norte,0,0.3192307692307692,260
1200344,AC,Norte,0,0.36936936936936937,222
1200351,AC,Norte,0,0.5246913580246914,162
1200385,AC,Norte,0,0.27816901408450706,284
1200393,AC,Norte,0,0.3804347826086957,92
1200401,AC,Norte,1,0.4409025787965616,5584
1200427,AC,Norte,0,0.31216931216931215,189
1200435,AC,Norte,0,0.11842105263157894,76
1200450,AC,Norte,0,0.3930635838150289,346
1200500,AC,Norte,0,0.5612788632326821,563
1200609,AC,Norte,0,0.4371508379888268,716
1200708,AC,Norte,0,0.4314516129032258,248
1200807,AC,Norte,0,0.2883435582822086,326
1300029,AM,Norte,0,0.4510556621880998,521
1300060,AM,Norte,0,0.5707434052757794,417
1300086,AM,Norte,0,0.42788461538461536,208
1300102,AM,Norte,0,0.7024221453287197,578
1300144,AM,Norte,0,0.4482225656877898,647
1300201,AM,Norte,0,0.5472103004291845,466
1300300,AM,Norte,0,0.2751322751322751,1512
1300409,AM,Norte,0,0.42160278745644597,574
1300508,AM,Norte,0,0.23415132924335377,978
1300607,AM,Norte,0,0.33902295467922305,1699
1300631,AM,Norte,0,0.5939849624060151,665
1300680,AM,Norte,0,0.36018957345971564,422
1300706,AM,Norte,0,0.4451073985680191,838
1300805,AM,Norte,0,0.3567901234567901,810
1300839,AM,Norte,0,0.2783171521035599,309
1300904,AM,Norte,0,0.5,458
1301001,AM,Norte,0,0.476409666283084,869
1301100,AM,Norte,0,0.13333333333333333,1035
1301159,AM,Norte,0,0.284375,320
1301209,AM,Norte,0,0.39528679413072476,2249
1301308,AM,Norte,0,0.42995839112343964,721
1301407,AM,Norte,0,0.3044747081712062,1028
1301506,AM,Norte,0,0.4879310344827586,580
1301605,AM,Norte,0,0.3487450462351387,757
1301654,AM,Norte,0,0.4914004914004914,407
1301704,AM,Norte,0,0.4954627949183303,1653
1301803,AM,Norte,0,0.4464579901153213,607
1301852,AM,Norte,0,0.31765834932821496,2084
1301902,AM,Norte,0,0.44859154929577466,2840
1301951,AM,Norte,0,0.686084142394822,309
1302009,AM,Norte,0,0.23964497041420119,338
1302108,AM,Norte,0,0.6443768996960486,329
1302207,AM,Norte,0,0.4147727272727273,352
1302306,AM,Norte,0,0.30995475113122173,884
1302405,AM,Norte,0,0.5698080279232112,1146
1302504,AM,Norte,0,0.38521909744931326,3058
1302553,AM,Norte,0,0.27637130801687765,474
1302603,AM,Norte,1,0.3964162213140522,63620
1302702,AM,Norte,0,0.5302127659574468,1175
1302801,AM,Norte,0,0.3146341463414634,410
1302900,AM,Norte,0,0.4801762114537445,1362
1303007,AM,Norte,0,0.6036585365853658,328
1303106,AM,Norte,0,0.3595360824742268,776
1303205,AM,Norte,0,0.5648604269293924,609
1303304,AM,Norte,0,0.5643224699828473,583
1303403,AM,Norte,0,0.5418958265933355,3091
1303502,AM,Norte,0,0.37425742574257426,505
1303536,AM,Norte,0,0.2383073496659243,1347
1303569,AM,Norte,0,0.31091510474090406,907
1303601,AM,Norte,0,0.24929971988795518,357
1303700,AM,Norte,0,0.4725274725274725,1274
1303809,AM,Norte,0,0.3917220990391722,1353
1303908,AM,Norte,0,0.34596273291925467,1610
1303957,AM,Norte,0,0.4249201277955272,313
1304005,AM,Norte,0,0.3547619047619048,420
1304062,AM,Norte,0,0.3642683350712548,2877
1304104,AM,Norte,0,0.4581196581196581,585
1304203,AM,Norte,0,0.3868817958611014,2851
1304237,AM,Norte,0,0.32127351664254705,691
1304260,AM,Norte,0,0.18872017353579176,461
1304302,AM,Norte,0,0.6190476190476191,420
1304401,AM,Norte,0,0.35906040268456374,596
1500107,PA,Norte,0,0.3292558613659531,2943
1500131,PA,Norte,0,0.4782608695652174,230
1500206,PA,Norte,0,0.3217179902755267,1234
1500305,PA,Norte,0,0.2937595129375951,1314
1500347,PA,Norte,0,0.29141716566866266,501
1500404,PA,Norte,0,0.300561797752809,1780
1500503,PA,Norte,0,0.27882599580712786,954
1500602,PA,Norte,0,0.3661303086256924,3791
1500701,PA,Norte,0,0.25404732254047324,803
1500800,PA,Norte,1,0.4660270991988923,10111
1500859,PA,Norte,0,0.3957399103139013,892
1500909,PA,Norte,0,0.36106623586429726,1238
1500958,PA,Norte,0,0.3970276008492569,471
1501006,PA,Norte,0,0.5427509293680297,269
1501105,PA,Norte,0,0.45595854922279794,579
1501204,PA,Norte,0,0.25353925353925355,777
1501253,PA,Norte,0,0.4067796610169492,118
1501303,PA,Norte,0,0.35198342214328004,3378
1501402,PA,Norte,1,0.4345861944344055,22136
1501451,PA,Norte,0,0.5265306122448979,490
1501501,PA,Norte,1,0.5774253731343284,2144
1501576,PA,Norte,0,0.4659949622166247,397
1501600,PA,Norte,0,0.27309236947791166,249
1501709,PA,Norte,0,0.33464180569185475,3057
1501725,PA,Norte,0,0.7066666666666667,450
1501758,PA,Norte,0,0.6111111111111112,216
1501782,PA,Norte,0,0.3438003220611916,1242
1501808,PA,Norte,0,0.4161744661517492,2201
1501907,PA,Norte,0,0.45579567779960706,509
1501956,PA,Norte,0,0.3908355795148248,371
1502004,PA,Norte,0,0.41222879684418146,507
1502103,PA,Norte,0,0.3291859225026662,2813
1502152,PA,Norte,1,0.5113916256157636,3248
1502202,PA,Norte,0,0.5157766990291263,1648
1502301,PA,Norte,0,0.44953271028037384,1070
1502400,PA,Norte,1,0.26538384445780716,4989
1502509,PA,Norte,0,0.5108433734939759,415
1502608,PA,Norte,0,0.390625,192
1502707,PA,Norte,0,0.38168631006346326,1103
1502756,PA,Norte,0,0.3923841059602649,604
1502764,PA,Norte,0,0.38995215311004783,418
1502772,PA,Norte,0,0.5146627565982405,682
1502806,PA,Norte,0,0.2050034746351633,1439
1502855,PA,Norte,0,0.3619791666666667,384
1502905,PA,Norte,0,0.2723342939481268,694
1502939,PA,Norte,0,0.5870153291253382,1109
1502954,PA,Norte,0,0.4120054570259209,733
1503002,PA,Norte,0,0.4411764705882353,306
1503044,PA,Norte,0,0.4882882882882883,555
1503077,PA,Norte,0,0.2884864165588616,773
1503093,PA,Norte,0,0.3562005277044855,758
1503101,PA,Norte,0,0.22040208488458674,1343
1503200,PA,Norte,0,0.3416666666666667,840
1503309,PA,Norte,0,0.31837307152875177,1426
1503408,PA,Norte,0,0.26523297491039427,279
1503457,PA,Norte,0,0.3203214695752009,871
1503507,PA,Norte,0,0.39260969976905313,433
1503606,PA,Norte,0,0.5061215566243987,4574
1503705,PA,Norte,0,0.37099494097807756,1186
1503754,PA,Norte,0,0.1974921630094044,638
1503804,PA,Norte,0,0.3327556325823224,1154
1503903,PA,Norte,0,0.4335981838819523,1762
1504000,PA,Norte,0,0.39825581395348836,688
1504059,PA,Norte,0,0.38337468982630274,806
1504109,PA,Norte,0,0.5075757575757576,132
1504208,PA,Norte,0,0.40641711229946526,7854
1504307,PA,Norte,0,0.4772234273318872,461
1504406,PA,Norte,0,0.30434782608695654,483
1504422,PA,Norte,1,0.4228541337546077,3798
1504455,PA,Norte,0,0.37888198757763975,805
1504505,PA,Norte,0,0.2357142857142857,980
1504604,PA,Norte,0,0.27309236947791166,747
1504703,PA,Norte,0,0.281767955801105,1810
1504752,PA,Norte,0,0.4155251141552511,438
1504802,PA,Norte,0,0.436384571099597,1737
1504901,PA,Norte,0,0.31763766959297685,1253
1504950,PA,Norte,0,0.3503787878787879,528
1504976,PA,Norte,0,0.39787234042553193,470
1505007,PA,Norte,0,0.42810457516339867,306
1505031,PA,Norte,1,0.47332185886402756,1162
1505064,PA,Norte,0,0.43913285158421345,1799
1505106,PA,Norte,0,0.46588693957115007,1026
1505205,PA,Norte,0,0.2016728624535316,1076
1505304,PA,Norte,0,0.2643487858719647,1812
1505403,PA,Norte,0,0.4401041666666667,384
1505437,PA,Norte,0,0.4186952288218111,1027
1505486,PA,Norte,0,0.34312080536912754,1192
1505494,PA,Norte,0,0.3597560975609756,164
1505502,PA,Norte,0,0.5174556213017751,3380
1505536,PA,Norte,1,0.3918770581778266,8199
1505551,PA,Norte,0,0.40828402366863903,169
1505601,PA,Norte,0,0.6462585034013606,147
1505635,PA,Norte,0,0.4970414201183432,338
1505650,PA,Norte,0,0.3516666666666667,600
1505700,PA,Norte,0,0.45193929173693087,593
1505809,PA,Norte,0,0.33981693363844395,1748
1505908,PA,Norte,0,0.6919191919191919,990
1506005,PA,Norte,0,0.44914491449144917,1111
1506104,PA,Norte,0,0.4485049833887043,301
1506112,PA,Norte,0,0.4485981308411215,321
1506138,PA,Norte,1,0.4953810623556582,2598
1506161,PA,Norte,0,0.4114285714285714,525
1506187,PA,Norte,0,0.551760939167556,937
1506195,PA,Norte,0,0.48982188295165396,786
1506203,PA,Norte,0,0.41113841113841115,1221
1506302,PA,Norte,0,0.4444444444444444,531
1506351,PA,Norte,0,0.37478108581436076,571
1506401,PA,Norte,0,0.47085201793721976,223
1506500,PA,Norte,0,0.3094405594405594,1716
1506559,PA,Norte,0,0.3545232273838631,409
1506583,PA,Norte,0,0.4019933554817276,602
1506609,PA,Norte,0,0.31861804222648754,521
1506708,PA,Norte,0,0.4642588412340105,1329
1506807,PA,Norte,0,0.43611083912660337,10213
1506906,PA,Norte,0,0.6083333333333333,120
1507003,PA,Norte,0,0.24561403508771928,741
1507102,PA,Norte,0,0.40502793296089384,358
1507151,PA,Norte,0,0.3577075098814229,506
1507201,PA,Norte,0,0.26558891454965355,433
1507300,PA,Norte,0,0.25332676195170034,2029
1507409,PA,Norte,0,0.2835249042145594,261
1507458,PA,Norte,0,0.4325,800
1507466,PA,Norte,0,0.2465753424657534,73
1507474,PA,Norte,0,0.3146551724137931,464
1507508,PA,Norte,0,0.28824833702882485,451
1507607,PA,Norte,0,0.37623762376237624,1515
1507706,PA,Norte,0,0.4152941176470588,850
1507755,PA,Norte,0,0.6350710900473934,211
1507805,PA,Norte,0,0.29,800
1507904,PA,Norte,0,0.5253863134657837,906
1507953,PA,Norte,0,0.31422845691382767,2495
1507961,PA,Norte,0,0.3781094527363184,201
1507979,PA,Norte,0,0.6293103448275862,696
1508001,PA,Norte,0,0.42729044834307994,2565
1508035,PA,Norte,0,0.34684684684684686,444
1508050,PA,Norte,0,0.5423076923076923,520
1508084,PA,Norte,1,0.4491525423728814,1180
1508100,PA,Norte,1,0.3377026560883063,2899
1508126,PA,Norte,0,0.563816604708798,807
1508159,PA,Norte,0,0.5159474671669794,1066
1508209,PA,Norte,0,0.2753488372093023,1075
1508308,PA,Norte,0,0.3158559696778269,1583
1508357,PA,Norte,0,0.5838815789473685,608
1508407,PA,Norte,1,0.4029649595687331,1484
1600055,AP,Norte,0,0.4573643410852713,129
1600105,AP,Norte,0,0.22140221402214022,271
1600154,AP,Norte,0,0.48877805486284287,401
1600204,AP,Norte,0,0.3127659574468085,470
1600212,AP,Norte,0,0.478494623655914,186
1600238,AP,Norte,0,0.6657060518731989,347
1600253,AP,Norte,0,0.4354066985645933,209
1600279,AP,Norte,0,0.37405857740585774,1195
1600303,AP,Norte,1,0.38703832752613243,14350
1600402,AP,Norte,0,0.322463768115942,828
1600501,AP,Norte,0,0.18470705064548162,1007
1600535,AP,Norte,0,0.6011080332409973,722
1600550,AP,Norte,0,0.31788079470198677,151
1600600,AP,Norte,1,0.448332422088573,3658
1600709,AP,Norte,0,0.5758620689655173,580
1600808,AP,Norte,0,0.30117647058823527,425
1700251,TO,Norte,0,0.582089552238806,67
1700301,TO,Norte,1,0.30434782608695654,161
1700350,TO,Norte,1,0.6521739130434783,115
1700400,TO,Norte,0,0.3217391304347826,230
1700707,TO,Norte,1,0.5111940298507462,268
1701002,TO,Norte,1,0.3815028901734104,346
1701051,TO,Norte,0,0.4375,80
1701101,TO,Norte,1,0.28484848484848485,165
1701309,TO,Norte,0,0.2948717948717949,156
1701903,TO,Norte,0,0.3880597014925373,201
1702000,TO,Norte,1,0.31088082901554404,193
1702109,TO,Norte,1,0.3709502065666449,4599
1702158,TO,Norte,0,0.35172413793103446,145
1702208,TO,Norte,0,0.3736111111111111,720
1702307,TO,Norte,1,0.4484848484848485,165
1702406,TO,Norte,0,0.4269005847953216,171
1702554,TO,Norte,0,0.5186046511627908,430
1702703,TO,Norte,1,0.42424242424242425,66
1702901,TO,Norte,0,0.3229166666666667,192
1703008,TO,Norte,0,0.16161616161616163,198
1703057,TO,Norte,0,0.32608695652173914,92
1703073,TO,Norte,0,0.12883435582822086,163
1703107,TO,Norte,1,0.49640287769784175,139
1703206,TO,Norte,0,0.4827586206896552,116
1703305,TO,Norte,0,0.2653061224489796,98
1703602,TO,Norte,1,0.40540540540540543,74
1703701,TO,Norte,1,0.3873239436619718,142
1703800,TO,Norte,0,0.3675889328063241,253
1703826,TO,Norte,0,0.4067796610169492,59
1703842,TO,Norte,0,0.26443768996960487,329
1703867,TO,Norte,1,0.30158730158730157,126
1703883,TO,Norte,1,0.21951219512195122,82
1703891,TO,Norte,0,0.2625,80
1703909,TO,Norte,0,0.19318181818181818,176
1704105,TO,Norte,0,0.4090909090909091,66
1704600,TO,Norte,1,0.225,40
1705102,TO,Norte,0,0.5,80
1705508,TO,Norte,1,0.4591254752851711,1052
1705557,TO,Norte,1,0.5660377358490566,106
1705607,TO,Norte,0,0.3055555555555556,108
1706001,TO,Norte,0,0.40782122905027934,179
1706100,TO,Norte,1,0.5096774193548387,155
1706258,TO,Norte,1,0.4827586206896552,58
1706506,TO,Norte,0,0.3417085427135678,199
1707009,TO,Norte,1,0.5044404973357016,563
1707108,TO,Norte,1,0.44,200
1707207,TO,Norte,0,0.46564885496183206,131
1707306,TO,Norte,1,0.43333333333333335,120
1707405,TO,Norte,0,0.36065573770491804,244
1707553,TO,Norte,1,0.4725274725274725,91
1707652,TO,Norte,1,0.49079754601226994,163
1707702,TO,Norte,0,0.10897435897435898,156
1708205,TO,Norte,0,0.4540540540540541,370
1708254,TO,Norte,1,0.4418604651162791,129
1708304,TO,Norte,0,0.4329896907216495,97
1709005,TO,Norte,0,0.20294117647058824,340
1709302,TO,Norte,1,0.350210970464135,474
1709500,TO,Norte,1,0.41437125748502995,1670
1709807,TO,Norte,0,0.23076923076923078,26
1710508,TO,Norte,0,0.4727272727272727,110
1710706,TO,Norte,0,0.23387096774193547,124
1710904,TO,Norte,1,0.41414141414141414,99
1711100,TO,Norte,1,0.44285714285714284,70
1711506,TO,Norte,0,0.5176470588235295,85
1711803,TO,Norte,0,0.4025974025974026,77
1711902,TO,Norte,0,0.2712765957446808,376
1711951,TO,Norte,0,0.16129032258064516,124
1712009,TO,Norte,1,0.3783783783783784,111
1712157,TO,Norte,0,0.5531914893617021,47
1712405,TO,Norte,0,0.2807017543859649,57
1712454,TO,Norte,0,0.3548387096774194,93
1712504,TO,Norte,0,0.2545454545454545,165
1712702,TO,Norte,0,0.1724137931034483,58
1712801,TO,Norte,0,0.189873417721519,79
1713205,TO,Norte,1,0.356234096692112,393
1713304,TO,Norte,1,0.4940828402366864,338
1713601,TO,Norte,0,0.3825503355704698,149
1713700,TO,Norte,0,0.3142857142857143,70
1713809,TO,Norte,0,0.32894736842105265,152
1713957,TO,Norte,0,0.2857142857142857,77
1714203,TO,Norte,0,0.311787072243346,263
1714302,TO,Norte,0,0.375,112
1714880,TO,Norte,0,0.29528535980148884,403
1715002,TO,Norte,0,0.3968253968253968,63
1715101,TO,Norte,0,0.36082474226804123,97
1715150,TO,Norte,1,0.68,50
1715259,TO,Norte,0,0.37662337662337664,77
1715507,TO,Norte,1,0.358974358974359,39
1715705,TO,Norte,0,0.18238993710691823,159
1715754,TO,Norte,1,0.5846153846153846,195
1716109,TO,Norte,1,0.5368271954674221,1412
1716208,TO,Norte,0,0.5091575091575091,273
1716307,TO,Norte,0,0.21929824561403508,114
1716505,TO,Norte,1,0.523696682464455,422
1716604,TO,Norte,1,0.3627450980392157,204
1716653,TO,Norte,0,0.49122807017543857,114
1716703,TO,Norte,1,0.4508670520231214,173
1717008,TO,Norte,0,0.3805309734513274,113
1717206,TO,Norte,0,0.3230769230769231,65
1717503,TO,Norte,0,0.2721518987341772,158
1717800,TO,Norte,0,0.30434782608695654,69
1717909,TO,Norte,0,0.32751091703056767,229
1718006,TO,Norte,0,0.23076923076923078,91
1718204,TO,Norte,1,0.4157119476268412,1833
1718303,TO,Norte,0,0.21428571428571427,112
1718402,TO,Norte,1,0.5729166666666666,96
1718451,TO,Norte,1,0.25862068965517243,58
1718501,TO,Norte,0,0.26262626262626265,99
1718550,TO,Norte,0,0.3333333333333333,117
1718659,TO,Norte,0,0.17721518987341772,79
1718709,TO,Norte,0,0.3108108108108108,74
1718758,TO,Norte,0,0.22485207100591717,169
1718808,TO,Norte,0,0.3701657458563536,181
1718840,TO,Norte,0,0.45263157894736844,95
1718865,TO,Norte,0,0.1949685534591195,159
1718881,TO,Norte,1,0.2815533980582524,103
1718899,TO,Norte,0,0.4576271186440678,59
1718907,TO,Norte,0,0.2875816993464052,153
1719004,TO,Norte,0,0.2619047619047619,126
1720002,TO,Norte,0,0.5384615384615384,65
1720101,TO,Norte,0,0.423728813559322,177
1720150,TO,Norte,0,0.6909090909090909,55
1720200,TO,Norte,0,0.2819767441860465,344
1720259,TO,Norte,0,0.46236559139784944,93
1720309,TO,Norte,0,0.4174757281553398,103
1720499,TO,Norte,0,0.5267857142857143,112
1720655,TO,Norte,0,0.30994152046783624,171
1720804,TO,Norte,0,0.41411042944785276,326
1720853,TO,Norte,1,0.582089552238806,67
1720903,TO,Norte,0,0.3523035230352303,369
1720937,TO,Norte,0,0.4915254237288136,59
1720978,TO,Norte,0,0.391304347826087,92
1721000,TO,Norte,1,0.4446843642829925,7873
1721109,TO,Norte,0,0.41935483870967744,124
1721208,TO,Norte,0,0.32793522267206476,494
1721257,TO,Norte,1,0.5263157894736842,38
1721307,TO,Norte,0,0.4186046511627907,43
1722081,TO,Norte,0,0.3258426966292135,267
1722107,TO,Norte,0,0.2825278810408922,269
2100055,MA,Nordeste,0,0.4697841726618705,2780
2100105,MA,Nordeste,0,0.7938931297709924,131
2100154,MA,Nordeste,0,0.6,315
2100204,MA,Nordeste,0,0.6595744680851063,282
2100303,MA,Nordeste,0,0.49665551839464883,598
2100402,MA,Nordeste,0,0.7214285714285714,140
2100436,MA,Nordeste,0,0.5522041763341067,431
2100477,MA,Nordeste,0,0.4308300395256917,759
2100501,MA,Nordeste,0,0.49387755102040815,245
2100550,MA,Nordeste,0,0.35353535353535354,198
2100600,MA,Nordeste,0,0.4016973125884017,707
2100709,MA,Nordeste,0,0.5408450704225352,355
2100808,MA,Nordeste,0,0.5681818181818182,352
2100832,MA,Nordeste,0,0.2967581047381546,401
2100873,MA,Nordeste,0,0.8306188925081434,307
2100907,MA,Nordeste,0,0.450920245398773,652
2100956,MA,Nordeste,0,0.7383177570093458,321
2101004,MA,Nordeste,0,0.6624472573839663,711
2101103,MA,Nordeste,0,0.7210884353741497,294
2101202,MA,Nordeste,0,0.4432355723746452,2114
2101251,MA,Nordeste,0,0.4748201438848921,417
2101301,MA,Nordeste,0,0.5773480662983426,362
2101350,MA,Nordeste,0,0.8771929824561403,57
2101400,MA,Nordeste,1,0.3623348017621145,2724
2101509,MA,Nordeste,0,0.38064516129032255,310
2101608,MA,Nordeste,0,0.5907314349525404,1791
2101707,MA,Nordeste,0,0.6216730038022814,1578
2101731,MA,Nordeste,0,0.6141732283464567,254
2101772,MA,Nordeste,0,0.6400911161731208,439
2101806,MA,Nordeste,0,0.46408839779005523,181
2101905,MA,Nordeste,0,0.4,215
2101939,MA,Nordeste,0,0.532258064516129,62
2101970,MA,Nordeste,0,0.6609442060085837,233
2102002,MA,Nordeste,0,0.7931818181818182,880
2102036,MA,Nordeste,0,0.5860091743119266,872
2102077,MA,Nordeste,0,0.9516129032258065,186
2102101,MA,Nordeste,0,0.5100334448160535,598
2102150,MA,Nordeste,0,0.38388625592417064,211
2102200,MA,Nordeste,0,0.3293515358361775,586
2102309,MA,Nordeste,0,0.41965973534971646,529
2102325,MA,Nordeste,0,0.38332255979314805,1547
2102358,MA,Nordeste,0,0.5414201183431953,338
2102374,MA,Nordeste,0,0.4444444444444444,198
2102408,MA,Nordeste,0,0.5804195804195804,143
2102507,MA,Nordeste,0,0.35046728971962615,214
2102556,MA,Nordeste,0,0.5760598503740648,401
2102606,MA,Nordeste,0,0.52834008097166,494
2102705,MA,Nordeste,0,0.583710407239819,442
2102754,MA,Nordeste,0,0.6173469387755102,196
2102804,MA,Nordeste,0,0.4254545454545455,550
2102903,MA,Nordeste,0,0.5033200531208499,753
2103000,MA,Nordeste,0,0.412461234846349,3547
2103109,MA,Nordeste,0,0.6432748538011696,171
2103125,MA,Nordeste,0,0.8764705882352941,170
2103158,MA,Nordeste,0,0.8436482084690554,307
2103174,MA,Nordeste,0,0.35991820040899797,489
2103208,MA,Nordeste,0,0.42857142857142855,1575
2103257,MA,Nordeste,0,0.7414965986394558,294
2103307,MA,Nordeste,0,0.4385260853703028,2741
2103406,MA,Nordeste,0,0.6215686274509804,1020
2103505,MA,Nordeste,0,0.4883720930232558,860
2103554,MA,Nordeste,0,0.4675324675324675,385
2103604,MA,Nordeste,0,0.4327440430438125,1301
2103703,MA,Nordeste,0,0.6175040518638574,617
2103752,MA,Nordeste,0,0.6590330788804071,393
2103802,MA,Nordeste,0,0.39849624060150374,399
2103901,MA,Nordeste,0,0.7292307692307692,325
2104008,MA,Nordeste,0,0.6975476839237057,367
2104057,MA,Nordeste,0,0.5123287671232877,1095
2104073,MA,Nordeste,0,0.7248062015503876,258
2104081,MA,Nordeste,0,0.5234899328859061,149
2104099,MA,Nordeste,0,0.8285714285714286,420
2104107,MA,Nordeste,0,0.5936675461741425,379
2104206,MA,Nordeste,0,0.5828877005347594,561
2104305,MA,Nordeste,0,0.8154761904761905,336
2104404,MA,Nordeste,0,0.48660714285714285,224
2104503,MA,Nordeste,0,0.7802197802197802,182
2104552,MA,Nordeste,0,0.6806966618287373,689
2104602,MA,Nordeste,0,0.4509090909090909,275
2104628,MA,Nordeste,0,0.9507389162561576,203
2104651,MA,Nordeste,0,0.6666666666666666,183
2104677,MA,Nordeste,0,0.6105702364394993,719
2104701,MA,Nordeste,0,0.6788321167883211,137
2104800,MA,Nordeste,0,0.4067333939945405,2198
2104909,MA,Nordeste,0,0.85,280
2105005,MA,Nordeste,0,0.559593023255814,688
2105104,MA,Nordeste,0,0.6459227467811158,466
2105153,MA,Nordeste,0,0.6542857142857142,350
2105203,MA,Nordeste,0,0.8898678414096917,227
2105302,MA,Nordeste,1,0.43680151109711945,6353
2105351,MA,Nordeste,0,0.7777777777777778,342
2105401,MA,Nordeste,0,0.541588492808005,1599
2105427,MA,Nordeste,0,0.6541737649063032,587
2105450,MA,Nordeste,0,0.6715686274509803,204
2105476,MA,Nordeste,0,0.5321100917431193,218
2105500,MA,Nordeste,0,0.39700996677740863,602
2105609,MA,Nordeste,0,0.6050955414012739,314
2105658,MA,Nordeste,0,0.75,176
2105708,MA,Nordeste,0,0.7907465825446898,951
2105807,MA,Nordeste,0,0.9523809523809523,126
2105906,MA,Nordeste,0,0.6072607260726073,303
2105922,MA,Nordeste,0,0.7783505154639175,194
2105948,MA,Nordeste,0,0.8618421052631579,152
2105963,MA,Nordeste,0,0.8647540983606558,244
2105989,MA,Nordeste,0,0.6024096385542169,166
2106003,MA,Nordeste,0,0.8755186721991701,241
2106102,MA,Nordeste,0,0.48375451263537905,277
2106201,MA,Nordeste,0,0.7627118644067796,236
2106300,MA,Nordeste,0,0.5508021390374331,374
2106326,MA,Nordeste,0,0.4316353887399464,746
2106359,MA,Nordeste,0,0.5542168674698795,83
2106375,MA,Nordeste,0,0.8205128205128205,273
2106409,MA,Nordeste,0,0.6778242677824268,478
2106508,MA,Nordeste,0,0.5392156862745098,408
2106607,MA,Nordeste,0,0.48863636363636365,616
2106631,MA,Nordeste,0,0.547945205479452,146
2106672,MA,Nordeste,0,0.963963963963964,111
2106706,MA,Nordeste,0,0.4200426439232409,469
2106755,MA,Nordeste,0,0.5103448275862069,580
2106805,MA,Nordeste,0,0.7462121212121212,264
2106904,MA,Nordeste,0,0.4158249158249158,594
2107001,MA,Nordeste,0,0.5976095617529881,251
2107100,MA,Nordeste,0,0.7226890756302521,476
2107209,MA,Nordeste,0,0.4618181818181818,275
2107258,MA,Nordeste,0,0.7974683544303798,158
2107308,MA,Nordeste,0,0.5867768595041323,121
2107357,MA,Nordeste,0,0.5539358600583091,343
2107407,MA,Nordeste,0,0.5122699386503068,326
2107456,MA,Nordeste,0,0.535,200
2107506,MA,Nordeste,0,0.4485881726158764,3754
2107605,MA,Nordeste,0,0.5113636363636364,264
2107704,MA,Nordeste,0,0.6818980667838312,569
2107803,MA,Nordeste,0,0.6873278236914601,726
2107902,MA,Nordeste,0,0.6559139784946236,465
2108009,MA,Nordeste,0,0.6659528907922913,467
2108058,MA,Nordeste,0,0.6633333333333333,300
2108108,MA,Nordeste,0,0.8050314465408805,477
2108207,MA,Nordeste,0,0.6142625607779578,617
2108256,MA,Nordeste,0,0.5605381165919282,446
2108306,MA,Nordeste,0,0.5395232120451694,797
2108405,MA,Nordeste,0,0.46540880503144655,159
2108454,MA,Nordeste,0,0.5983263598326359,478
2108504,MA,Nordeste,0,0.40898617511520735,868
2108603,MA,Nordeste,0,0.3993055555555556,1440
2108702,MA,Nordeste,0,0.37858508604206503,523
2108801,MA,Nordeste,0,0.523972602739726,292
2108900,MA,Nordeste,0,0.7538461538461538,195
2109007,MA,Nordeste,0,0.6141479099678456,622
2109056,MA,Nordeste,0,0.5661764705882353,136
2109106,MA,Nordeste,0,0.4566410537870472,911
2109205,MA,Nordeste,0,0.46308724832214765,149
2109239,MA,Nordeste,0,0.7286821705426356,129
2109270,MA,Nordeste,0,0.4592198581560284,564
2109304,MA,Nordeste,0,0.4230769230769231,234
2109403,MA,Nordeste,0,0.6194690265486725,226
2109452,MA,Nordeste,0,0.5159235668789809,942
2109502,MA,Nordeste,0,0.36681222707423583,687
2109551,MA,Nordeste,0,0.4567901234567901,162
2109601,MA,Nordeste,0,0.5220667384284177,929
2109700,MA,Nordeste,0,0.7482014388489209,139
2109759,MA,Nordeste,0,0.36893203883495146,103
2109809,MA,Nordeste,0,0.5279383429672447,519
2109908,MA,Nordeste,0,0.42835820895522386,2010
2110005,MA,Nordeste,0,0.524390243902439,1558
2110039,MA,Nordeste,0,0.8516377649325626,519
2110104,MA,Nordeste,0,0.7603686635944701,434
2110203,MA,Nordeste,0,0.5172413793103449,899
2110237,MA,Nordeste,0,0.6666666666666666,129
2110278,MA,Nordeste,0,0.30604982206405695,281
2110302,MA,Nordeste,0,0.5903614457831325,249
2110401,MA,Nordeste,0,0.35645933014354064,418
2110500,MA,Nordeste,0,0.7240356083086054,674
2110609,MA,Nordeste,0,0.6722560975609756,656
2110658,MA,Nordeste,0,0.2815126050420168,238
2110708,MA,Nordeste,0,0.42105263157894735,760
2110807,MA,Nordeste,0,0.38202247191011235,89
2110856,MA,Nordeste,0,0.5016501650165016,303
2110906,MA,Nordeste,0,0.610223642172524,313
2111003,MA,Nordeste,0,0.39705882352941174,204
2111029,MA,Nordeste,0,0.6063218390804598,348
2111052,MA,Nordeste,0,0.33858267716535434,254
2111078,MA,Nordeste,0,0.37719298245614036,342
2111102,MA,Nordeste,0,0.5090311986863711,609
2111201,MA,Nordeste,0,0.5038281582305402,4702
2111250,MA,Nordeste,0,0.35766423357664234,137
2111300,MA,Nordeste,1,0.44935344827586204,14848
2111409,MA,Nordeste,0,0.6582278481012658,316
2111508,MA,Nordeste,0,0.6028955532574974,967
2111532,MA,Nordeste,0,0.3962765957446808,376
2111573,MA,Nordeste,0,0.44692737430167595,179
2111607,MA,Nordeste,0,0.7208029197080292,548
2111631,MA,Nordeste,0,0.5252525252525253,99
2111672,MA,Nordeste,0,0.38271604938271603,81
2111706,MA,Nordeste,0,0.6378600823045267,243
2111722,MA,Nordeste,0,0.7795275590551181,127
2111748,MA,Nordeste,0,0.9260869565217391,230
2111763,MA,Nordeste,0,0.40963855421686746,332
2111789,MA,Nordeste,0,0.5392670157068062,191
2111805,MA,Nordeste,0,0.4564393939393939,528
2111904,MA,Nordeste,0,0.5371900826446281,242
2111953,MA,Nordeste,0,0.75,72
2112001,MA,Nordeste,0,0.47368421052631576,266
2112100,MA,Nordeste,0,0.38543247344461307,659
2112209,MA,Nordeste,0,0.6701379848997657,3841
2112233,MA,Nordeste,0,0.707635009310987,537
2112274,MA,Nordeste,0,0.3235294117647059,170
2112308,MA,Nordeste,0,0.49074074074074076,648
2112407,MA,Nordeste,0,0.5174537987679672,487
2112456,MA,Nordeste,0,0.4578313253012048,581
2112506,MA,Nordeste,0,0.44357976653696496,1285
2112605,MA,Nordeste,0,0.5425361155698234,623
2112704,MA,Nordeste,0,0.9462102689486552,1227
2112803,MA,Nordeste,0,0.5034965034965035,1144
2112852,MA,Nordeste,0,0.7580645161290323,372
2112902,MA,Nordeste,0,0.5057692307692307,520
2113009,MA,Nordeste,0,0.5328671328671328,715
2114007,MA,Nordeste,0,0.7089397089397089,962
2200053,PI,Nordeste,0,0.792,125
2200103,PI,Nordeste,0,0.4473684210526316,152
2200202,PI,Nordeste,1,0.9048780487804878,410
2200251,PI,Nordeste,0,0.6060606060606061,99
2200277,PI,Nordeste,0,0.5454545454545454,99
2200301,PI,Nordeste,0,0.8253968253968254,189
2200400,PI,Nordeste,0,0.5744507729861676,1229
2200459,PI,Nordeste,0,0.5259259259259259,135
2200509,PI,Nordeste,0,0.27184466019417475,412
2200608,PI,Nordeste,0,0.7978142076502732,183
2200707,PI,Nordeste,0,0.51440329218107,243
2200806,PI,Nordeste,0,0.8350515463917526,97
2200905,PI,Nordeste,0,0.46153846153846156,91
2200954,PI,Nordeste,0,0.6428571428571429,56
2201002,PI,Nordeste,0,0.9090909090909091,99
2201051,PI,Nordeste,0,0.7676767676767676,198
2201101,PI,Nordeste,0,0.4256198347107438,242
2201150,PI,Nordeste,0,0.6133056133056133,481
2201176,PI,Nordeste,0,0.7155963302752294,109
2201200,PI,Nordeste,0,0.5596707818930041,1215
2201309,PI,Nordeste,0,0.4375,64
2201408,PI,Nordeste,0,0.36283185840707965,113
2201507,PI,Nordeste,0,0.4166666666666667,444
2201556,PI,Nordeste,0,0.7261904761904762,84
2201572,PI,Nordeste,0,0.9841269841269841,63
2201606,PI,Nordeste,0,0.6824817518248175,274
2201705,PI,Nordeste,0,0.5,120
2201739,PI,Nordeste,0,0.5714285714285714,224
2201770,PI,Nordeste,0,0.46464646464646464,99
2201804,PI,Nordeste,0,0.6739130434782609,46
2201903,PI,Nordeste,1,0.974609375,512
2201919,PI,Nordeste,0,0.7777777777777778,90
2201929,PI,Nordeste,0,0.4260355029585799,169
2201945,PI,Nordeste,0,0.868421052631579,152
2201960,PI,Nordeste,0,0.36,225
2201988,PI,Nordeste,0,0.7029702970297029,101
2202000,PI,Nordeste,0,0.5025295109612141,593
2202026,PI,Nordeste,0,0.8958333333333334,144
2202059,PI,Nordeste,0,0.3387096774193548,186
2202075,PI,Nordeste,0,0.825,40
2202083,PI,Nordeste,0,0.550185873605948,269
2202091,PI,Nordeste,0,1.0,60
2202109,PI,Nordeste,0,0.921875,64
2202117,PI,Nordeste,0,0.4444444444444444,72
2202133,PI,Nordeste,0,0.8662790697674418,172
2202174,PI,Nordeste,0,0.348993288590604,149
2202208,PI,Nordeste,0,0.5021052631578947,950
2202251,PI,Nordeste,0,0.6626506024096386,83
2202307,PI,Nordeste,0,0.21686746987951808,498
2202406,PI,Nordeste,0,0.5308641975308642,243
2202455,PI,Nordeste,0,0.7333333333333333,90
2202505,PI,Nordeste,0,0.4763779527559055,254
2202539,PI,Nordeste,0,0.49700598802395207,167
2202554,PI,Nordeste,0,0.592,125
2202604,PI,Nordeste,0,0.7620320855614974,374
2202653,PI,Nordeste,0,0.3047619047619048,105
2202703,PI,Nordeste,0,0.780448717948718,624
2202711,PI,Nordeste,0,0.6201550387596899,129
2202729,PI,Nordeste,0,0.8220858895705522,163
2202737,PI,Nordeste,0,0.8376623376623377,154
2202752,PI,Nordeste,0,0.6992481203007519,133
2202778,PI,Nordeste,0,0.5205479452054794,146
2202802,PI,Nordeste,0,0.5887096774193549,124
2202851,PI,Nordeste,0,0.6129032258064516,93
2202901,PI,Nordeste,0,0.4058721934369603,579
2203008,PI,Nordeste,0,0.7731958762886598,194
2203107,PI,Nordeste,0,0.5853658536585366,82
2203206,PI,Nordeste,0,0.6956521739130435,299
2203230,PI,Nordeste,0,0.9029126213592233,103
2203255,PI,Nordeste,0,0.2882882882882883,111
2203271,PI,Nordeste,0,0.31333333333333335,150
2203305,PI,Nordeste,0,0.689795918367347,245
2203354,PI,Nordeste,0,0.25,148
2203404,PI,Nordeste,0,0.7361111111111112,144
2203420,PI,Nordeste,0,0.8709677419354839,93
2203453,PI,Nordeste,0,0.9183673469387755,98
2203503,PI,Nordeste,0,0.49714285714285716,175
2203602,PI,Nordeste,0,0.7380952380952381,84
2203701,PI,Nordeste,0,0.6392479435957696,851
2203750,PI,Nordeste,0,0.4166666666666667,60
2203800,PI,Nordeste,0,0.4642857142857143,112
2203859,PI,Nordeste,0,0.7674418604651163,43
2203909,PI,Nordeste,1,0.4594594594594595,1184
2204006,PI,Nordeste,0,0.79,100
2204105,PI,Nordeste,0,0.392,125
2204154,PI,Nordeste,0,0.7358490566037735,53
2204204,PI,Nordeste,0,0.42424242424242425,132
2204303,PI,Nordeste,0,0.9565217391304348,207
2204352,PI,Nordeste,0,0.3153153153153153,111
2204402,PI,Nordeste,0,0.34210526315789475,266
2204501,PI,Nordeste,1,0.539622641509434,265
2204550,PI,Nordeste,0,0.6025641025641025,78
2204600,PI,Nordeste,0,0.7904761904761904,105
2204659,PI,Nordeste,0,0.34824281150159747,313
2204709,PI,Nordeste,0,0.5816993464052288,306
2204808,PI,Nordeste,0,0.8835978835978836,189
2204907,PI,Nordeste,0,0.30660377358490565,212
2205003,PI,Nordeste,0,0.7281553398058253,206
2205102,PI,Nordeste,0,0.518796992481203,133
2205151,PI,Nordeste,0,0.8623188405797102,138
2205201,PI,Nordeste,0,0.6677966101694915,295
2205250,PI,Nordeste,0,0.6779661016949152,59
2205276,PI,Nordeste,0,0.8117647058823529,85
2205300,PI,Nordeste,0,0.5520833333333334,96
2205359,PI,Nordeste,0,0.6710526315789473,76
2205409,PI,Nordeste,0,0.6929824561403509,342
2205458,PI,Nordeste,0,0.35714285714285715,98
2205508,PI,Nordeste,0,0.4535752401280683,937
2205516,PI,Nordeste,0,0.6818181818181818,88
2205524,PI,Nordeste,0,0.48936170212765956,94
2205532,PI,Nordeste,0,0.9661016949152542,118
2205540,PI,Nordeste,0,0.7283950617283951,81
2205557,PI,Nordeste,0,0.3894230769230769,208
2205565,PI,Nordeste,0,0.5588235294117647,170
2205573,PI,Nordeste,0,0.5868263473053892,167
2205581,PI,Nordeste,0,0.23770491803278687,122
2205599,PI,Nordeste,0,0.3442622950819672,61
2205607,PI,Nordeste,0,0.9473684210526315,114
2205706,PI,Nordeste,0,0.526246719160105,762
2205805,PI,Nordeste,0,0.48905109489051096,411
2205854,PI,Nordeste,0,0.5377358490566038,212
2205904,PI,Nordeste,0,0.8802816901408451,142
2205953,PI,Nordeste,0,0.9146341463414634,328
2206001,PI,Nordeste,0,0.48905109489051096,137
2206050,PI,Nordeste,0,0.52,100
2206100,PI,Nordeste,0,0.3416370106761566,281
2206209,PI,Nordeste,0,0.45751633986928103,765
2206308,PI,Nordeste,0,0.5813953488372093,43
2206357,PI,Nordeste,0,0.3125,32
2206407,PI,Nordeste,0,0.4829059829059829,234
2206506,PI,Nordeste,0,0.973404255319149,188
2206605,PI,Nordeste,0,0.6,230
2206654,PI,Nordeste,0,0.1864406779661017,118
2206670,PI,Nordeste,0,0.3259668508287293,181
2206696,PI,Nordeste,0,0.6094674556213018,169
2206704,PI,Nordeste,0,0.41304347826086957,138
2206720,PI,Nordeste,0,0.630718954248366,306
2206753,PI,Nordeste,0,0.5555555555555556,45
2206803,PI,Nordeste,0,0.5048231511254019,311
2206902,PI,Nordeste,0,0.7352941176470589,136
2206951,PI,Nordeste,0,0.66,100
2207009,PI,Nordeste,0,0.6770098730606487,709
2207108,PI,Nordeste,0,0.7333333333333333,45
2207207,PI,Nordeste,0,0.9555555555555556,135
2207306,PI,Nordeste,0,0.4745762711864407,118
2207355,PI,Nordeste,0,0.65,60
2207405,PI,Nordeste,0,0.7166666666666667,60
2207504,PI,Nordeste,0,0.4662379421221865,311
2207553,PI,Nordeste,0,0.6610169491525424,59
2207603,PI,Nordeste,0,0.556,250
2207702,PI,Nordeste,1,0.29570976101353297,3473
2207751,PI,Nordeste,0,0.725,80
2207777,PI,Nordeste,0,0.723404255319149,94
2207793,PI,Nordeste,0,0.7413793103448276,58
2207801,PI,Nordeste,0,0.4595744680851064,470
2207850,PI,Nordeste,0,0.7837837837837838,74
2207900,PI,Nordeste,0,0.30997624703087884,842
2207934,PI,Nordeste,0,0.3508771929824561,57
2207959,PI,Nordeste,0,0.48760330578512395,121
2208007,PI,Nordeste,1,0.4863070539419087,1205
2208106,PI,Nordeste,0,0.5915492957746479,142
2208205,PI,Nordeste,0,0.45146726862302483,443
2208304,PI,Nordeste,0,0.7788944723618091,796
2208403,PI,Nordeste,0,0.431924882629108,1491
2208502,PI,Nordeste,0,0.3687707641196013,301
2208551,PI,Nordeste,0,0.6756756756756757,74
2208601,PI,Nordeste,0,0.30097087378640774,103
2208650,PI,Nordeste,0,0.6153846153846154,208
2208700,PI,Nordeste,0,0.9,170
2208809,PI,Nordeste,0,0.36585365853658536,369
2208858,PI,Nordeste,0,0.9538461538461539,130
2208874,PI,Nordeste,0,0.5540540540540541,74
2208908,PI,Nordeste,0,0.8409090909090909,176
2209005,PI,Nordeste,0,0.4527027027027027,148
2209104,PI,Nordeste,0,0.9603960396039604,101
2209153,PI,Nordeste,0,0.5604395604395604,91
2209203,PI,Nordeste,0,0.44651162790697674,215
2209302,PI,Nordeste,0,0.7236842105263158,76
2209351,PI,Nordeste,0,0.48148148148148145,81
2209377,PI,Nordeste,0,0.5673076923076923,104
2209401,PI,Nordeste,0,0.5714285714285714,98
2209450,PI,Nordeste,0,0.86,50
2209500,PI,Nordeste,0,0.7906976744186046,86
2209559,PI,Nordeste,0,0.777027027027027,148
2209609,PI,Nordeste,0,0.46551724137931033,58
2209658,PI,Nordeste,0,0.3516483516483517,91
2209708,PI,Nordeste,0,0.5967741935483871,124
2209757,PI,Nordeste,0,0.6935483870967742,62
2209807,PI,Nordeste,0,0.75,108
2209856,PI,Nordeste,0,0.8227848101265823,79
2209872,PI,Nordeste,0,0.3028169014084507,142
2209906,PI,Nordeste,0,0.6666666666666666,120
2209955,PI,Nordeste,0,0.6351351351351351,74
2209971,PI,Nordeste,0,0.5725490196078431,255
2210003,PI,Nordeste,0,0.5189003436426117,582
2210052,PI,Nordeste,0,0.9657534246575342,146
2210102,PI,Nordeste,0,0.7424242424242424,66
2210201,PI,Nordeste,0,0.9405940594059405,101
2210300,PI,Nordeste,0,0.9137931034482759,116
2210359,PI,Nordeste,0,0.8035714285714286,56
2210375,PI,Nordeste,0,0.5576923076923077,52
2210383,PI,Nordeste,0,0.41304347826086957,46
2210391,PI,Nordeste,0,0.5769230769230769,52
2210409,PI,Nordeste,0,0.357429718875502,249
2210508,PI,Nordeste,0,0.5664160401002506,399
2210607,PI,Nordeste,0,0.6931540342298288,818
2210623,PI,Nordeste,0,0.3644067796610169,118
2210631,PI,Nordeste,0,0.8305084745762712,118
2210656,PI,Nordeste,0,0.5619834710743802,121
2210706,PI,Nordeste,0,0.7421052631578947,380
2210805,PI,Nordeste,0,0.775,280
2210904,PI,Nordeste,0,0.4925373134328358,67
2210938,PI,Nordeste,0,0.38636363636363635,132
2210953,PI,Nordeste,0,0.6493506493506493,77
2210979,PI,Nordeste,0,0.5333333333333333,45
2211001,PI,Nordeste,1,0.48623911930363545,15624
2211100,PI,Nordeste,0,0.2851985559566787,1108
2211209,PI,Nordeste,0,0.2829581993569132,622
2211308,PI,Nordeste,0,0.43823529411764706,340
2211357,PI,Nordeste,0,0.28125,96
2211407,PI,Nordeste,0,0.8214285714285714,84
2211506,PI,Nordeste,0,0.7058823529411765,68
2211605,PI,Nordeste,0,1.0,45
2211704,PI,Nordeste,0,0.45588235294117646,68
2300101,CE,Nordeste,0,0.9024390243902439,205
2300150,CE,Nordeste,0,0.7754569190600522,383
2300200,CE,Nordeste,0,0.9080021774632553,1837
2300309,CE,Nordeste,0,0.6093567251461989,855
2300408,CE,Nordeste,0,0.7266881028938906,311
2300507,CE,Nordeste,0,0.9746835443037974,237
2300606,CE,Nordeste,0,0.9241071428571429,224
2300705,CE,Nordeste,0,0.9424657534246575,365
2300754,CE,Nordeste,0,0.7987106017191977,1396
2300804,CE,Nordeste,0,0.9526627218934911,169
2300903,CE,Nordeste,0,0.7601351351351351,296
2301000,CE,Nordeste,0,0.8156354515050167,2392
2301109,CE,Nordeste,0,0.8814814814814815,1755
2301208,CE,Nordeste,0,0.8605697151424287,667
2301257,CE,Nordeste,0,0.976897689768977,303
2301307,CE,Nordeste,0,0.7453703703703703,648
2301406,CE,Nordeste,0,0.7967032967032966,364
2301505,CE,Nordeste,0,0.7205882352941176,136
2301604,CE,Nordeste,0,0.9367088607594937,553
2301703,CE,Nordeste,0,0.7163865546218487,476
2301802,CE,Nordeste,0,0.9166666666666666,84
2301851,CE,Nordeste,0,0.762278978388998,509
2301901,CE,Nordeste,1,0.8357908847184986,1492
2301950,CE,Nordeste,0,0.8813559322033898,649
2302008,CE,Nordeste,0,0.648936170212766,376
2302057,CE,Nordeste,0,0.9487666034155597,527
2302107,CE,Nordeste,0,0.8076379066478077,707
2302206,CE,Nordeste,0,0.7697010869565217,1472
2302305,CE,Nordeste,0,0.9446870451237264,687
2302404,CE,Nordeste,0,0.8104212860310421,902
2302503,CE,Nordeste,0,0.9083191850594228,1178
2302602,CE,Nordeste,0,0.9163473818646233,1566
2302701,CE,Nordeste,0,0.8174273858921162,482
2302800,CE,Nordeste,0,0.9452595936794582,1772
2302909,CE,Nordeste,0,0.796875,384
2303006,CE,Nordeste,0,0.9728997289972899,369
2303105,CE,Nordeste,0,0.9847715736040609,394
2303204,CE,Nordeste,0,0.8371104815864022,706
2303303,CE,Nordeste,0,0.9351351351351351,370
2303402,CE,Nordeste,0,0.8461538461538461,494
2303501,CE,Nordeste,0,0.8146817248459959,1948
2303600,CE,Nordeste,0,0.7515923566878981,157
2303659,CE,Nordeste,0,0.949748743718593,199
2303709,CE,Nordeste,1,0.6458583433373349,8330
2303808,CE,Nordeste,0,0.9648648648648649,370
2303907,CE,Nordeste,0,0.8189910979228486,337
2303931,CE,Nordeste,0,0.9411764705882353,340
2303956,CE,Nordeste,0,0.9551971326164874,558
2304004,CE,Nordeste,0,1.0,510
2304103,CE,Nordeste,0,0.9356466876971609,1585
2304202,CE,Nordeste,1,0.9315230224321134,2541
2304236,CE,Nordeste,0,0.984,500
2304251,CE,Nordeste,0,0.9494163424124513,1028
2304269,CE,Nordeste,0,0.9874213836477987,159
2304277,CE,Nordeste,0,0.9407407407407408,135
2304285,CE,Nordeste,1,0.9044256120527306,2124
2304301,CE,Nordeste,0,0.9478458049886621,441
2304350,CE,Nordeste,0,0.9872340425531915,470
2304400,CE,Nordeste,1,0.7142334431028174,38262
2304459,CE,Nordeste,0,0.8815261044176707,498
2304509,CE,Nordeste,0,0.9811320754716981,477
2304608,CE,Nordeste,0,0.9447852760736196,163
2304657,CE,Nordeste,0,0.9523809523809523,357
2304707,CE,Nordeste,0,0.9459459459459459,1443
2304806,CE,Nordeste,0,0.927536231884058,138
2304905,CE,Nordeste,0,0.8764940239043825,251
2304954,CE,Nordeste,0,0.7604790419161677,501
2305001,CE,Nordeste,0,0.9699675324675324,1232
2305100,CE,Nordeste,0,0.7534246575342466,146
2305209,CE,Nordeste,0,0.9604221635883905,379
2305233,CE,Nordeste,1,0.868421052631579,2052
2305266,CE,Nordeste,0,0.6498316498316499,297
2305308,CE,Nordeste,0,0.9526813880126183,634
2305332,CE,Nordeste,0,0.9312977099236641,262
2305357,CE,Nordeste,0,0.7694859038142621,603
2305407,CE,Nordeste,0,0.7661016949152543,1180
2305506,CE,Nordeste,1,0.5763975155279503,1610
2305605,CE,Nordeste,0,0.9775641025641025,312
2305654,CE,Nordeste,0,0.9623287671232876,292
2305704,CE,Nordeste,0,0.8778625954198473,262
2305803,CE,Nordeste,0,0.8992497320471597,933
2305902,CE,Nordeste,0,0.9830124575311439,883
2306009,CE,Nordeste,0,0.8912386706948641,331
2306108,CE,Nordeste,0,0.9496296296296296,675
2306207,CE,Nordeste,0,0.9343434343434344,198
2306256,CE,Nordeste,0,0.8294044665012407,1612
2306306,CE,Nordeste,0,0.8519195612431444,1094
2306405,CE,Nordeste,0,0.8192090395480226,3186
2306504,CE,Nordeste,0,0.9347258485639687,383
2306553,CE,Nordeste,0,0.8583732057416268,1045
2306603,CE,Nordeste,0,0.9875776397515528,483
2306702,CE,Nordeste,0,0.9181585677749361,391
2306801,CE,Nordeste,0,0.8991228070175439,228
2306900,CE,Nordeste,0,0.8513513513513513,740
2307007,CE,Nordeste,0,0.8129395218002813,711
2307106,CE,Nordeste,0,0.7334235453315291,739
2307205,CE,Nordeste,0,0.7323943661971831,213
2307254,CE,Nordeste,0,0.9634015069967707,929
2307304,CE,Nordeste,1,0.5793335977786592,5042
2307403,CE,Nordeste,0,0.8607142857142858,560
2307502,CE,Nordeste,0,0.7368421052631579,532
2307601,CE,Nordeste,1,0.8120423108218063,1229
2307635,CE,Nordeste,0,0.9325842696629213,445
2307650,CE,Nordeste,1,0.8051487590565747,6487
2307700,CE,Nordeste,0,0.7767819035424669,2343
2307809,CE,Nordeste,0,0.920997920997921,962
2307908,CE,Nordeste,0,0.9772727272727273,264
2308005,CE,Nordeste,0,0.962486602357985,933
2308104,CE,Nordeste,0,0.831511839708561,1098
2308203,CE,Nordeste,0,0.9764453961456103,467
2308302,CE,Nordeste,0,0.7393715341959335,541
2308351,CE,Nordeste,0,0.9900990099009901,303
2308377,CE,Nordeste,0,0.8205128205128205,351
2308401,CE,Nordeste,0,0.7544696066746126,839
2308500,CE,Nordeste,0,0.9335585585585585,888
2308609,CE,Nordeste,0,0.9543269230769231,416
2308708,CE,Nordeste,0,0.7163299663299664,1188
2308807,CE,Nordeste,0,0.9555555555555556,180
2308906,CE,Nordeste,0,0.9590747330960854,562
2309003,CE,Nordeste,0,0.9640883977900553,362
2309102,CE,Nordeste,0,0.8425531914893617,235
2309201,CE,Nordeste,0,0.9976744186046511,430
2309300,CE,Nordeste,0,0.9658536585365853,615
2309409,CE,Nordeste,0,0.9855072463768116,759
2309458,CE,Nordeste,0,0.864,625
2309508,CE,Nordeste,0,0.8640167364016736,478
2309607,CE,Nordeste,0,0.8097087378640777,1545
2309706,CE,Nordeste,1,0.746195652173913,1840
2309805,CE,Nordeste,0,0.8872180451127819,266
2309904,CE,Nordeste,0,0.9877300613496932,163
2310001,CE,Nordeste,0,0.7117903930131004,229
2310100,CE,Nordeste,0,0.9418604651162791,258
2310209,CE,Nordeste,0,0.9406631762652705,1146
2310258,CE,Nordeste,0,0.9418729817007535,929
2310308,CE,Nordeste,0,0.8250883392226148,566
2310407,CE,Nordeste,0,0.9294871794871795,156
2310506,CE,Nordeste,0,0.9913544668587896,694
2310605,CE,Nordeste,0,0.664,250
2310704,CE,Nordeste,0,0.899746192893401,788
2310803,CE,Nordeste,0,0.9333333333333333,495
2310852,CE,Nordeste,0,0.8322475570032574,614
2310902,CE,Nordeste,0,0.9969788519637462,331
2310951,CE,Nordeste,0,0.9239130434782609,184
2311009,CE,Nordeste,0,0.9290322580645162,310
2311108,CE,Nordeste,0,0.9133064516129032,496
2311207,CE,Nordeste,0,0.8695652173913043,184
2311231,CE,Nordeste,0,0.967741935483871,124
2311264,CE,Nordeste,0,0.9651162790697675,430
2311306,CE,Nordeste,0,0.8711549622751016,1723
2311355,CE,Nordeste,0,0.7943661971830986,355
2311405,CE,Nordeste,0,0.953838174273859,1928
2311504,CE,Nordeste,0,0.8618266978922716,427
2311603,CE,Nordeste,0,0.8698060941828255,722
2311702,CE,Nordeste,0,0.9706601466992665,409
2311801,CE,Nordeste,1,0.8512261580381472,1835
2311900,CE,Nordeste,0,0.7647058823529411,323
2311959,CE,Nordeste,0,0.9673704414587332,521
2312007,CE,Nordeste,0,0.9844236760124611,642
2312106,CE,Nordeste,0,0.9178403755868545,426
2312205,CE,Nordeste,0,0.9564102564102565,780
2312304,CE,Nordeste,0,0.9507221750212405,1177
2312403,CE,Nordeste,0,0.8186679630529898,2057
2312502,CE,Nordeste,1,0.8679245283018868,106
2312601,CE,Nordeste,0,0.6761133603238867,247
2312700,CE,Nordeste,0,0.9803439803439803,407
2312809,CE,Nordeste,0,0.9772727272727273,220
2312908,CE,Nordeste,1,0.9572528363047001,4936
2313005,CE,Nordeste,0,0.9781553398058253,412
2313104,CE,Nordeste,0,0.8260135135135135,592
2313203,CE,Nordeste,0,0.9754098360655737,488
2313252,CE,Nordeste,0,0.8789473684210526,190
2313302,CE,Nordeste,0,0.8631578947368421,1140
2313351,CE,Nordeste,0,0.8212058212058212,481
2313401,CE,Nordeste,0,0.8291814946619217,2248
2313500,CE,Nordeste,0,0.8725824800910125,1758
2313559,CE,Nordeste,0,0.8894230769230769,416
2313609,CE,Nordeste,0,0.9422459893048128,935
2313708,CE,Nordeste,0,0.8617886178861789,123
2313757,CE,Nordeste,0,0.7272727272727273,484
2313807,CE,Nordeste,0,0.8035363457760314,509
2313906,CE,Nordeste,0,0.9596199524940617,421
2313955,CE,Nordeste,0,0.9316239316239316,468
2314003,CE,Nordeste,0,0.9063545150501672,897
2314102,CE,Nordeste,0,0.8792497069167644,1706
2400109,RN,Nordeste,1,0.3521739130434783,230
2400208,RN,Nordeste,0,0.3124312431243124,909
2400307,RN,Nordeste,0,0.3191489361702128,188
2400406,RN,Nordeste,0,0.33783783783783783,74
2400505,RN,Nordeste,0,0.35251798561151076,278
2400604,RN,Nordeste,0,0.30851063829787234,94
2400703,RN,Nordeste,1,0.45507246376811594,345
2400802,RN,Nordeste,0,0.34763948497854075,233
2400901,RN,Nordeste,0,0.3904761904761905,105
2401008,RN,Nordeste,0,0.3474747474747475,495
2401107,RN,Nordeste,1,0.3411513859275053,469
2401206,RN,Nordeste,0,0.22349570200573066,349
2401305,RN,Nordeste,0,0.3224043715846995,183
2401404,RN,Nordeste,0,0.25949367088607594,158
2401453,RN,Nordeste,0,0.3148558758314856,451
2401503,RN,Nordeste,0,0.5283018867924528,53
2401602,RN,Nordeste,0,0.18110236220472442,127
2401651,RN,Nordeste,0,0.59375,32
2401701,RN,Nordeste,0,0.3004115226337449,243
2401800,RN,Nordeste,0,0.30952380952380953,294
2401859,RN,Nordeste,0,0.2413793103448276,174
2401909,RN,Nordeste,0,0.4262295081967213,122
2402006,RN,Nordeste,1,0.34869240348692404,803
2402105,RN,Nordeste,0,0.2695035460992908,141
2402204,RN,Nordeste,0,0.2897800776196636,773
2402303,RN,Nordeste,0,0.2754491017964072,334
2402402,RN,Nordeste,1,0.4444444444444444,162
2402501,RN,Nordeste,0,0.3177570093457944,214
2402600,RN,Nordeste,0,0.2111344537815126,1904
2402709,RN,Nordeste,0,0.42543859649122806,228
2402808,RN,Nordeste,0,0.3391304347826087,115
2402907,RN,Nordeste,0,0.3218390804597701,87
2403004,RN,Nordeste,1,0.5523255813953488,172
2403103,RN,Nordeste,1,0.3536776212832551,639
2403202,RN,Nordeste,0,0.4827586206896552,116
2403251,RN,Nordeste,1,0.3007518796992481,3857
2403301,RN,Nordeste,0,0.5528455284552846,123
2403400,RN,Nordeste,0,0.302158273381295,139
2403509,RN,Nordeste,0,0.2347417840375587,213
2403608,RN,Nordeste,0,0.32341269841269843,1512
2403707,RN,Nordeste,0,0.5,96
2403756,RN,Nordeste,0,0.3924050632911392,79
2403806,RN,Nordeste,0,0.29838709677419356,124
2403905,RN,Nordeste,0,0.5454545454545454,44
2404002,RN,Nordeste,0,0.38823529411764707,85
2404101,RN,Nordeste,0,0.40789473684210525,76
2404200,RN,Nordeste,0,0.23377960865087538,971
2404309,RN,Nordeste,0,0.4619289340101523,197
2404408,RN,Nordeste,0,0.55,200
2404507,RN,Nordeste,0,0.34491315136476425,403
2404606,RN,Nordeste,0,0.303125,320
2404705,RN,Nordeste,0,0.2398753894080997,321
2404804,RN,Nordeste,1,0.3333333333333333,36
2404853,RN,Nordeste,0,0.3850574712643678,174
2404903,RN,Nordeste,0,0.4732142857142857,112
2405009,RN,Nordeste,0,0.4251207729468599,207
2405108,RN,Nordeste,0,0.26704545454545453,176
2405207,RN,Nordeste,0,0.2803738317757009,107
2405306,RN,Nordeste,0,0.2537313432835821,134
2405405,RN,Nordeste,0,0.16883116883116883,154
2405504,RN,Nordeste,0,0.2,80
2405603,RN,Nordeste,0,0.3486590038314176,261
2405702,RN,Nordeste,1,0.4260355029585799,169
2405801,RN,Nordeste,0,0.23493975903614459,664
2405900,RN,Nordeste,0,0.3333333333333333,39
2406007,RN,Nordeste,0,0.3333333333333333,87
2406106,RN,Nordeste,0,0.325,280
2406155,RN,Nordeste,0,0.3055555555555556,36
2406205,RN,Nordeste,0,0.2125984251968504,127
2406304,RN,Nordeste,0,0.304,125
2406403,RN,Nordeste,0,0.3,60
2406502,RN,Nordeste,0,0.31873479318734793,411
2406601,RN,Nordeste,0,0.32142857142857145,168
2406700,RN,Nordeste,0,0.24358974358974358,234
2406809,RN,Nordeste,0,0.2736842105263158,95
2406908,RN,Nordeste,0,0.2222222222222222,72
2407005,RN,Nordeste,0,0.33507853403141363,191
2407104,RN,Nordeste,0,0.21236559139784947,1488
2407203,RN,Nordeste,1,0.2531914893617021,470
2407252,RN,Nordeste,1,0.3963963963963964,111
2407302,RN,Nordeste,0,0.22115384615384615,104
2407401,RN,Nordeste,0,0.43147208121827413,197
2407500,RN,Nordeste,0,0.2834008097165992,247
2407609,RN,Nordeste,0,0.17204301075268819,93
2407708,RN,Nordeste,0,0.43686006825938567,293
2407807,RN,Nordeste,0,0.4623217922606925,491
2407906,RN,Nordeste,0,0.275,80
2408003,RN,Nordeste,1,0.32312764955252005,4246
2408102,RN,Nordeste,1,0.26473499505084136,11113
2408201,RN,Nordeste,0,0.3218390804597701,783
2408300,RN,Nordeste,0,0.28205128205128205,468
2408409,RN,Nordeste,0,0.22,50
2408508,RN,Nordeste,1,0.5495495495495496,111
2408607,RN,Nordeste,0,0.28421052631578947,95
2408706,RN,Nordeste,0,0.09302325581395349,43
2408805,RN,Nordeste,0,0.32432432432432434,148
2408904,RN,Nordeste,1,0.5580448065173116,491
2408953,RN,Nordeste,0,0.16412213740458015,262
2409100,RN,Nordeste,0,0.23684210526315788,266
2409209,RN,Nordeste,0,0.38333333333333336,60
2409308,RN,Nordeste,0,0.25742574257425743,202
2409332,RN,Nordeste,0,0.3229166666666667,96
2409407,RN,Nordeste,1,0.3290441176470588,544
2409506,RN,Nordeste,0,0.3364485981308411,107
2409605,RN,Nordeste,0,0.3684210526315789,38
2409704,RN,Nordeste,0,0.2403846153846154,104
2409803,RN,Nordeste,0,0.18666666666666668,225
2409902,RN,Nordeste,0,0.33116883116883117,308
2410009,RN,Nordeste,0,0.5357142857142857,56
2410108,RN,Nordeste,0,0.12077294685990338,207
2410207,RN,Nordeste,0,0.5170454545454546,176
2410256,RN,Nordeste,0,0.4316546762589928,139
2410306,RN,Nordeste,0,0.25333333333333335,225
2410405,RN,Nordeste,0,0.27734375,256
2410504,RN,Nordeste,0,0.32926829268292684,82
2410603,RN,Nordeste,0,0.44680851063829785,47
2410702,RN,Nordeste,0,0.22807017543859648,57
2410801,RN,Nordeste,0,0.4050632911392405,79
2410900,RN,Nordeste,0,0.27932960893854747,179
2411007,RN,Nordeste,0,0.2926829268292683,123
2411056,RN,Nordeste,0,0.2631578947368421,114
2411106,RN,Nordeste,0,0.4262295081967213,61
2411205,RN,Nordeste,0,0.23110151187904968,926
2411403,RN,Nordeste,0,0.38461538461538464,182
2411429,RN,Nordeste,0,0.43103448275862066,58
2411502,RN,Nordeste,0,0.4166666666666667,336
2411601,RN,Nordeste,0,0.35384615384615387,130
2411700,RN,Nordeste,0,0.3157894736842105,95
2411809,RN,Nordeste,0,0.4057971014492754,69
2411908,RN,Nordeste,0,0.6057692307692307,104
2412005,RN,Nordeste,1,0.3265,2000
2412104,RN,Nordeste,1,0.5454545454545454,132
2412203,RN,Nordeste,0,0.26239067055393583,1372
2412302,RN,Nordeste,0,0.3,260
2412401,RN,Nordeste,1,0.4222222222222222,90
2412500,RN,Nordeste,0,0.3771760154738878,517
2412559,RN,Nordeste,0,0.23275862068965517,232
2412609,RN,Nordeste,0,0.3271604938271605,324
2412708,RN,Nordeste,0,0.25,96
2412807,RN,Nordeste,0,0.20689655172413793,87
2412906,RN,Nordeste,0,0.2926829268292683,164
2413003,RN,Nordeste,0,0.4778761061946903,113
2413102,RN,Nordeste,0,0.2832369942196532,173
2413201,RN,Nordeste,0,0.20610687022900764,131
2413300,RN,Nordeste,0,0.2711864406779661,118
2413359,RN,Nordeste,0,0.22413793103448276,232
2413409,RN,Nordeste,0,0.2604166666666667,96
2413508,RN,Nordeste,0,0.4621212121212121,132
2413557,RN,Nordeste,0,0.5242718446601942,103
2413607,RN,Nordeste,0,0.48214285714285715,112
2413706,RN,Nordeste,0,0.3142857142857143,105
2413805,RN,Nordeste,1,0.5384615384615384,52
2413904,RN,Nordeste,0,0.29493087557603687,217
2414001,RN,Nordeste,0,0.34591194968553457,318
2414100,RN,Nordeste,0,0.41379310344827586,232
2414159,RN,Nordeste,0,0.36764705882352944,136
2414209,RN,Nordeste,0,0.17228464419475656,534
2414308,RN,Nordeste,1,0.2682926829268293,41
2414407,RN,Nordeste,0,0.2630173564753004,749
2414456,RN,Nordeste,0,0.14130434782608695,92
2414506,RN,Nordeste,0,0.30612244897959184,98
2414605,RN,Nordeste,0,0.25263157894736843,190
2414704,RN,Nordeste,0,0.25609756097560976,82
2414753,RN,Nordeste,0,0.45161290322580644,31
2414803,RN,Nordeste,0,0.42201834862385323,327
2414902,RN,Nordeste,1,0.5614035087719298,57
2415008,RN,Nordeste,0,0.2543859649122807,114
2500106,PB,Nordeste,0,0.48258706467661694,201
2500205,PB,Nordeste,0,0.6371681415929203,113
2500304,PB,Nordeste,0,0.2476319350473613,739
2500403,PB,Nordeste,0,0.6081370449678801,467
2500502,PB,Nordeste,0,0.4878048780487805,287
2500536,PB,Nordeste,0,0.3930635838150289,173
2500577,PB,Nordeste,0,0.41414141414141414,99
2500601,PB,Nordeste,0,0.39183673469387753,490
2500700,PB,Nordeste,0,0.5310077519379846,258
2500734,PB,Nordeste,0,0.6363636363636364,77
2500775,PB,Nordeste,0,0.4628099173553719,121
2500809,PB,Nordeste,0,0.47985347985347987,273
2500908,PB,Nordeste,0,0.38848920863309355,139
2501005,PB,Nordeste,0,0.34513274336283184,339
2501104,PB,Nordeste,0,0.8116883116883117,462
2501153,PB,Nordeste,0,0.2894736842105263,38
2501203,PB,Nordeste,0,0.7876106194690266,226
2501302,PB,Nordeste,0,0.5425531914893617,470
2501351,PB,Nordeste,0,0.6956521739130435,138
2501401,PB,Nordeste,0,0.33211678832116787,274
2501500,PB,Nordeste,0,0.4927536231884058,276
2501534,PB,Nordeste,0,0.6475409836065574,122
2501575,PB,Nordeste,0,0.3793103448275862,116
2501609,PB,Nordeste,0,0.43410852713178294,129
2501708,PB,Nordeste,0,0.64,125
2501807,PB,Nordeste,1,0.27872670807453415,1288
2501906,PB,Nordeste,0,0.41198501872659177,267
2502003,PB,Nordeste,0,0.47058823529411764,119
2502052,PB,Nordeste,0,0.6741573033707865,89
2502102,PB,Nordeste,0,0.38372093023255816,86
2502151,PB,Nordeste,0,0.5698324022346368,179
2502201,PB,Nordeste,0,0.4,55
2502300,PB,Nordeste,0,0.5217391304347826,92
2502409,PB,Nordeste,0,0.4444444444444444,180
2502508,PB,Nordeste,0,0.3,280
2502607,PB,Nordeste,0,0.44029850746268656,134
2502706,PB,Nordeste,0,0.6829268292682927,82
2502805,PB,Nordeste,0,0.4689922480620155,258
2502904,PB,Nordeste,0,0.4752475247524752,101
2503001,PB,Nordeste,0,0.2991869918699187,615
2503100,PB,Nordeste,0,0.6033057851239669,121
2503209,PB,Nordeste,1,0.46462264150943394,1272
2503308,PB,Nordeste,0,0.43037974683544306,158
2503407,PB,Nordeste,0,0.5789473684210527,76
2503506,PB,Nordeste,0,0.6688102893890675,311
2503555,PB,Nordeste,0,0.39111111111111113,225
2503605,PB,Nordeste,0,0.5241935483870968,124
2503704,PB,Nordeste,1,0.49867608120035306,1133
2503753,PB,Nordeste,0,0.8148148148148148,27
2503803,PB,Nordeste,0,0.37142857142857144,140
2503902,PB,Nordeste,0,0.4774193548387097,155
2504009,PB,Nordeste,1,0.3939619274241523,6724
2504033,PB,Nordeste,0,0.5578947368421052,190
2504074,PB,Nordeste,0,0.5979381443298969,97
2504108,PB,Nordeste,0,0.7843137254901961,51
2504157,PB,Nordeste,0,0.4943181818181818,176
2504207,PB,Nordeste,0,0.5925925925925926,108
2504306,PB,Nordeste,0,0.43023255813953487,516
2504355,PB,Nordeste,0,0.5602836879432624,141
2504405,PB,Nordeste,0,0.8,350
2504504,PB,Nordeste,0,0.4594594594594595,111
2504603,PB,Nordeste,0,0.6188888888888889,900
2504702,PB,Nordeste,0,0.40298507462686567,67
2504801,PB,Nordeste,0,0.48828125,256
2504850,PB,Nordeste,0,0.8125,32
2504900,PB,Nordeste,0,0.425,360
2505006,PB,Nordeste,0,0.8206521739130435,184
2505105,PB,Nordeste,0,0.4973544973544973,378
2505204,PB,Nordeste,0,0.2441860465116279,172
2505238,PB,Nordeste,0,0.15,120
2505279,PB,Nordeste,0,0.5609756097560976,41
2505303,PB,Nordeste,0,0.46153846153846156,39
2505352,PB,Nordeste,0,0.4166666666666667,108
2505402,PB,Nordeste,0,0.4662576687116564,163
2505501,PB,Nordeste,0,0.45454545454545453,77
2505600,PB,Nordeste,0,0.4,80
2505709,PB,Nordeste,0,0.635,200
2505808,PB,Nordeste,0,0.32051282051282054,78
2505907,PB,Nordeste,0,0.47540983606557374,61
2506004,PB,Nordeste,0,0.5640138408304498,578
2506103,PB,Nordeste,0,0.463768115942029,138
2506202,PB,Nordeste,0,0.4634146341463415,41
2506251,PB,Nordeste,0,0.7526881720430108,93
2506301,PB,Nordeste,1,0.4152284263959391,985
2506400,PB,Nordeste,0,0.3080357142857143,224
2506509,PB,Nordeste,0,0.8,75
2506608,PB,Nordeste,0,0.3026315789473684,76
2506707,PB,Nordeste,0,0.4975369458128079,203
2506806,PB,Nordeste,0,0.4613003095975232,323
2506905,PB,Nordeste,0,0.3841642228739003,341
2507002,PB,Nordeste,0,0.31024930747922436,361
2507101,PB,Nordeste,0,0.698005698005698,351
2507200,PB,Nordeste,0,0.27956989247311825,186
2507309,PB,Nordeste,0,0.35517241379310344,290
2507408,PB,Nordeste,0,0.3020833333333333,96
2507507,PB,Nordeste,1,0.4364805881001608,13059
2507606,PB,Nordeste,0,0.29508196721311475,122
2507705,PB,Nordeste,0,0.4449760765550239,418
2507804,PB,Nordeste,0,0.6258503401360545,147
2507903,PB,Nordeste,0,0.38489208633093525,278
2508000,PB,Nordeste,0,0.5365853658536586,205
2508109,PB,Nordeste,0,0.3372093023255814,86
2508208,PB,Nordeste,0,0.4304635761589404,151
2508307,PB,Nordeste,0,0.49902912621359224,515
2508406,PB,Nordeste,0,0.49206349206349204,63
2508505,PB,Nordeste,0,0.4603174603174603,126
2508554,PB,Nordeste,0,0.719626168224299,107
2508604,PB,Nordeste,0,0.39090909090909093,440
2508703,PB,Nordeste,0,0.6363636363636364,22
2508802,PB,Nordeste,0,0.547945205479452,146
2508901,PB,Nordeste,0,0.5337301587301587,1008
2509008,PB,Nordeste,0,0.630901287553648,233
2509057,PB,Nordeste,0,0.34539473684210525,304
2509107,PB,Nordeste,0,0.46846846846846846,444
2509156,PB,Nordeste,0,0.937007874015748,127
2509206,PB,Nordeste,0,0.3888888888888889,234
2509305,PB,Nordeste,0,0.625,376
2509339,PB,Nordeste,0,0.6813186813186813,91
2509370,PB,Nordeste,0,0.25,32
2509396,PB,Nordeste,0,0.521978021978022,182
2509404,PB,Nordeste,0,0.6506024096385542,249
2509503,PB,Nordeste,0,0.732824427480916,131
2509602,PB,Nordeste,0,0.8613861386138614,101
2509701,PB,Nordeste,0,0.5526695526695526,693
2509800,PB,Nordeste,0,0.4853801169590643,171
2509909,PB,Nordeste,0,0.5,162
2510006,PB,Nordeste,0,0.4423076923076923,104
2510105,PB,Nordeste,0,0.6065573770491803,244
2510204,PB,Nordeste,0,0.3505747126436782,174
2510303,PB,Nordeste,0,0.6262626262626263,99
2510402,PB,Nordeste,0,0.746031746031746,126
2510501,PB,Nordeste,0,0.43564356435643564,101
2510600,PB,Nordeste,0,0.9166666666666666,60
2510659,PB,Nordeste,0,0.5384615384615384,13
2510709,PB,Nordeste,0,0.6851851851851852,54
2510808,PB,Nordeste,1,0.5085043988269795,1705
2510907,PB,Nordeste,0,0.4803921568627451,204
2511004,PB,Nordeste,0,0.7560975609756098,82
2511103,PB,Nordeste,0,0.7851851851851852,135
2511202,PB,Nordeste,0,0.4016990291262136,824
2511301,PB,Nordeste,0,0.3904109589041096,146
2511400,PB,Nordeste,0,0.43187066974595845,433
2511509,PB,Nordeste,0,0.4889867841409692,227
2511608,PB,Nordeste,0,0.47641509433962265,212
2511707,PB,Nordeste,0,0.7288135593220338,118
2511806,PB,Nordeste,0,0.29559748427672955,159
2511905,PB,Nordeste,0,0.5480984340044742,447
2512002,PB,Nordeste,0,0.4495798319327731,476
2512036,PB,Nordeste,0,0.44660194174757284,103
2512077,PB,Nordeste,0,0.5421686746987951,83
2512101,PB,Nordeste,0,0.5595238095238095,588
2512200,PB,Nordeste,0,0.5102040816326531,98
2512309,PB,Nordeste,0,0.900523560209424,382
2512408,PB,Nordeste,0,0.6758793969849246,398
2512507,PB,Nordeste,0,0.8457234212629896,1251
2512606,PB,Nordeste,0,0.5135135135135135,37
2512705,PB,Nordeste,0,0.5059523809523809,336
2512721,PB,Nordeste,0,0.3111111111111111,90
2512747,PB,Nordeste,0,0.5454545454545454,66
2512754,PB,Nordeste,0,0.42857142857142855,84
2512762,PB,Nordeste,0,0.6046511627906976,86
2512788,PB,Nordeste,0,0.64,50
2512804,PB,Nordeste,0,0.5259259259259259,135
2512903,PB,Nordeste,0,0.5009746588693957,513
2513000,PB,Nordeste,0,0.7843137254901961,51
2513109,PB,Nordeste,0,0.6464646464646465,99
2513158,PB,Nordeste,0,0.2465753424657534,146
2513208,PB,Nordeste,0,0.6549295774647887,142
2513307,PB,Nordeste,0,0.7345132743362832,113
2513356,PB,Nordeste,0,0.39344262295081966,61
2513406,PB,Nordeste,1,0.5342857142857143,350
2513505,PB,Nordeste,0,0.8255813953488372,86
2513604,PB,Nordeste,0,0.4065934065934066,91
2513653,PB,Nordeste,0,0.6333333333333333,60
2513703,PB,Nordeste,0,0.3049784398275186,2551
2513802,PB,Nordeste,0,0.3717948717948718,78
2513851,PB,Nordeste,0,0.375,56
2513901,PB,Nordeste,0,0.3953900709219858,564
2513927,PB,Nordeste,0,0.5979381443298969,97
2513943,PB,Nordeste,1,0.9534883720930233,86
2513968,PB,Nordeste,0,0.6136363636363636,44
2513984,PB,Nordeste,0,0.7032967032967034,91
2514008,PB,Nordeste,0,0.4065934065934066,91
2514107,PB,Nordeste,0,0.40963855421686746,83
2514206,PB,Nordeste,0,0.6865671641791045,201
2514305,PB,Nordeste,0,0.49586776859504134,121
2514404,PB,Nordeste,0,0.4574468085106383,94
2514453,PB,Nordeste,0,0.3790322580645161,124
2514503,PB,Nordeste,0,0.416403785488959,317
2514552,PB,Nordeste,0,0.7666666666666667,30
2514602,PB,Nordeste,0,0.1875,64
2514651,PB,Nordeste,0,0.30434782608695654,46
2514701,PB,Nordeste,0,0.4647887323943662,71
2514800,PB,Nordeste,0,0.8,60
2514909,PB,Nordeste,0,0.3630952380952381,168
2515005,PB,Nordeste,0,0.35064935064935066,77
2515104,PB,Nordeste,0,0.5664739884393064,173
2515203,PB,Nordeste,0,0.775,80
2515302,PB,Nordeste,0,0.3120728929384966,878
2515401,PB,Nordeste,0,0.5454545454545454,198
2515500,PB,Nordeste,0,0.4900398406374502,251
2515609,PB,Nordeste,0,0.32727272727272727,55
2515708,PB,Nordeste,0,0.515625,64
2515807,PB,Nordeste,0,0.2753623188405797,69
2515906,PB,Nordeste,0,0.7450980392156863,102
2515930,PB,Nordeste,0,0.562962962962963,135
2515971,PB,Nordeste,0,0.5,92
2516003,PB,Nordeste,0,0.5599128540305011,459
2516102,PB,Nordeste,0,0.32247557003257327,307
2516151,PB,Nordeste,0,0.44,100
2516201,PB,Nordeste,1,0.4909090909090909,1210
2516300,PB,Nordeste,0,0.4564459930313589,287
2516409,PB,Nordeste,0,0.6041666666666666,96
2516508,PB,Nordeste,0,0.7794561933534743,331
2516607,PB,Nordeste,0,0.6770833333333334,192
2516706,PB,Nordeste,0,0.7353951890034365,291
2516755,PB,Nordeste,0,0.4605263157894737,76
2516805,PB,Nordeste,0,0.5615384615384615,130
2516904,PB,Nordeste,0,0.6447876447876448,259
2517001,PB,Nordeste,0,0.5574468085106383,235
2517100,PB,Nordeste,1,0.5454545454545454,55
2517209,PB,Nordeste,0,0.3942307692307692,104
2517407,PB,Nordeste,1,0.7230769230769231,65
2600054,PE,Nordeste,1,0.4152046783625731,1710
2600104,PE,Nordeste,0,0.6567342073897497,839
2600203,PE,Nordeste,0,0.5644329896907216,388
2600302,PE,Nordeste,0,0.6511111111111111,450
2600401,PE,Nordeste,0,0.5544303797468354,395
2600500,PE,Nordeste,0,0.5540950455005056,989
2600609,PE,Nordeste,0,0.4626865671641791,335
2600708,PE,Nordeste,0,0.44776119402985076,603
2600807,PE,Nordeste,0,0.5862068965517241,232
2600906,PE,Nordeste,0,0.592375366568915,341
2601003,PE,Nordeste,0,0.5916230366492147,191
2601052,PE,Nordeste,0,0.4676113360323887,494
2601102,PE,Nordeste,0,0.512832477834811,2143
2601201,PE,Nordeste,1,0.6098864395457582,1497
2601300,PE,Nordeste,0,0.80078125,256
2601409,PE,Nordeste,0,0.5476718403547672,902
2601508,PE,Nordeste,0,0.7533039647577092,227
2601607,PE,Nordeste,0,0.5207253886010362,386
2601706,PE,Nordeste,0,0.41716968477531857,1491
2601805,PE,Nordeste,0,0.6963350785340314,191
2601904,PE,Nordeste,0,0.5058949624866024,933
2602001,PE,Nordeste,0,0.4332833583208396,667
2602100,PE,Nordeste,0,0.5853391684901532,914
2602209,PE,Nordeste,0,0.6272189349112426,676
2602308,PE,Nordeste,0,0.6469833119383825,779
2602407,PE,Nordeste,0,0.6954314720812182,197
2602506,PE,Nordeste,0,0.7272727272727273,220
2602605,PE,Nordeste,0,0.47150837988826816,895
2602704,PE,Nordeste,0,0.7226027397260274,292
2602803,PE,Nordeste,0,0.5216589861751152,1085
2602902,PE,Nordeste,1,0.48023331173039535,4629
2603009,PE,Nordeste,0,0.6118721461187214,657
2603108,PE,Nordeste,0,0.5717761557177615,411
2603207,PE,Nordeste,0,0.49159120310478654,773
2603306,PE,Nordeste,0,0.48360655737704916,122
2603405,PE,Nordeste,0,0.7961783439490446,157
2603454,PE,Nordeste,1,0.5309568480300187,2665
2603504,PE,Nordeste,0,0.6034985422740525,343
2603603,PE,Nordeste,0,0.5772357723577236,123
2603702,PE,Nordeste,0,0.5364485981308411,535
2603801,PE,Nordeste,0,0.596244131455399,426
2603900,PE,Nordeste,0,0.9009174311926605,545
2603926,PE,Nordeste,0,0.9067796610169492,118
2604007,PE,Nordeste,1,0.5732184808144087,1277
2604106,PE,Nordeste,1,0.5178724621103803,6994
2604155,PE,Nordeste,0,0.7904191616766467,167
2604205,PE,Nordeste,0,0.29838709677419356,620
2604304,PE,Nordeste,0,0.5046728971962616,214
2604403,PE,Nordeste,0,0.6052631578947368,304
2604502,PE,Nordeste,0,0.5405405405405406,555
2604601,PE,Nordeste,0,0.4279749478079332,479
2604700,PE,Nordeste,0,0.5784313725490197,306
2604809,PE,Nordeste,0,0.6078431372549019,204
2604908,PE,Nordeste,0,0.8414634146341463,164
2605004,PE,Nordeste,0,0.8087774294670846,638
2605103,PE,Nordeste,0,0.7994616419919246,743
2605152,PE,Nordeste,0,0.7130177514792899,338
2605202,PE,Nordeste,0,0.40765027322404374,915
2605301,PE,Nordeste,0,0.5348837209302325,688
2605400,PE,Nordeste,0,0.8088888888888889,450
2605459,PE,Nordeste,1,0.69,100
2605509,PE,Nordeste,0,0.483695652173913,184
2605608,PE,Nordeste,0,0.7028753993610224,313
2605707,PE,Nordeste,0,0.3761814744801512,529
2605806,PE,Nordeste,0,0.6061946902654868,226
2605905,PE,Nordeste,0,0.6373626373626373,364
2606002,PE,Nordeste,1,0.5511067708333334,3072
2606101,PE,Nordeste,0,0.672645739910314,446
2606200,PE,Nordeste,0,0.4387254901960784,1632
2606309,PE,Nordeste,0,0.575,240
2606408,PE,Nordeste,0,0.40021119324181625,947
2606507,PE,Nordeste,0,0.6564102564102564,390
2606606,PE,Nordeste,0,0.5547703180212014,566
2606705,PE,Nordeste,0,0.48,125
2606804,PE,Nordeste,0,0.609419407226959,2463
2606903,PE,Nordeste,0,0.7348066298342542,181
2607000,PE,Nordeste,0,0.6534296028880866,554
2607109,PE,Nordeste,0,0.822429906542056,107
2607208,PE,Nordeste,0,0.6299862448418156,2908
2607307,PE,Nordeste,0,0.7042079207920792,808
2607406,PE,Nordeste,0,0.5365853658536586,82
2607505,PE,Nordeste,0,0.5680345572354212,463
2607604,PE,Nordeste,0,0.4582441113490364,467
2607653,PE,Nordeste,0,0.40723270440251574,636
2607703,PE,Nordeste,0,0.7436974789915967,238
2607752,PE,Nordeste,0,0.7734375,640
2607802,PE,Nordeste,0,0.4791666666666667,240
2607901,PE,Nordeste,1,0.5114453272796065,10572
2607950,PE,Nordeste,0,0.65,160
2608008,PE,Nordeste,0,0.42901234567901236,324
2608057,PE,Nordeste,0,0.6490384615384616,208
2608107,PE,Nordeste,0,0.6358695652173914,368
2608206,PE,Nordeste,0,0.45539906103286387,213
2608255,PE,Nordeste,0,0.5457063711911357,361
2608305,PE,Nordeste,0,0.6351648351648351,455
2608404,PE,Nordeste,0,0.5391849529780565,319
2608453,PE,Nordeste,0,0.5255474452554745,274
2608503,PE,Nordeste,0,0.7391304347826086,299
2608602,PE,Nordeste,0,0.725,200
2608701,PE,Nordeste,0,0.7738693467336684,199
2608750,PE,Nordeste,0,0.5928057553956835,695
2608800,PE,Nordeste,0,0.48586387434554973,955
2608909,PE,Nordeste,0,0.6650366748166259,818
2609006,PE,Nordeste,0,0.7478448275862069,464
2609105,PE,Nordeste,0,0.8884615384615384,260
2609154,PE,Nordeste,0,0.5182291666666666,384
2609204,PE,Nordeste,0,0.5927601809954751,221
2609303,PE,Nordeste,0,0.43669250645994834,387
2609402,PE,Nordeste,0,0.46794150731158607,889
2609501,PE,Nordeste,0,0.5336134453781513,476
2609600,PE,Nordeste,1,0.5839860748476936,5745
2609709,PE,Nordeste,0,0.6891025641025641,312
2609808,PE,Nordeste,0,0.4716981132075472,265
2609907,PE,Nordeste,0,0.311128526645768,1276
2610004,PE,Nordeste,0,0.4868965517241379,725
2610103,PE,Nordeste,0,0.5769230769230769,130
2610202,PE,Nordeste,0,0.84,525
2610301,PE,Nordeste,0,0.6770833333333334,288
2610400,PE,Nordeste,0,0.5104712041884817,382
2610509,PE,Nordeste,0,0.7054794520547946,438
2610608,PE,Nordeste,0,0.6090289608177172,1174
2610707,PE,Nordeste,1,0.4812152133580705,4312
2610806,PE,Nordeste,0,0.48424068767908307,349
2610905,PE,Nordeste,0,0.5772432932469935,1081
2611002,PE,Nordeste,0,0.5540386803185438,879
2611101,PE,Nordeste,1,0.6310207258927703,10277
2611200,PE,Nordeste,0,0.6,200
2611309,PE,Nordeste,0,0.4056603773584906,318
2611408,PE,Nordeste,0,0.5914634146341463,164
2611507,PE,Nordeste,0,0.5145413870246085,447
2611533,PE,Nordeste,0,0.8036363636363636,275
2611606,PE,Nordeste,1,0.5373229494011021,21957
2611705,PE,Nordeste,0,0.6512345679012346,324
2611804,PE,Nordeste,0,0.6041666666666666,480
2611903,PE,Nordeste,0,0.8925438596491229,456
2612000,PE,Nordeste,0,0.732484076433121,157
2612109,PE,Nordeste,0,0.9038461538461539,104
2612208,PE,Nordeste,0,0.7296416938110749,1535
2612307,PE,Nordeste,0,0.6761006289308176,318
2612406,PE,Nordeste,0,0.5093833780160858,373
2612455,PE,Nordeste,0,0.6699346405228758,306
2612471,PE,Nordeste,0,0.801762114537445,227
2612505,PE,Nordeste,1,0.4922077922077922,2310
2612554,PE,Nordeste,0,0.541501976284585,253
2612604,PE,Nordeste,0,0.5232432432432432,925
2612703,PE,Nordeste,0,0.6846473029045643,241
2612802,PE,Nordeste,0,0.7169117647058824,272
2612901,PE,Nordeste,0,0.4644808743169399,183
2613008,PE,Nordeste,0,0.5734597156398105,1266
2613107,PE,Nordeste,0,0.4676753782668501,727
2613206,PE,Nordeste,0,0.5555555555555556,432
2613305,PE,Nordeste,0,0.6955645161290323,496
2613404,PE,Nordeste,0,0.375886524822695,564
2613503,PE,Nordeste,0,0.5069222577209798,939
2613602,PE,Nordeste,0,0.680921052631579,608
2613701,PE,Nordeste,0,0.44388270980788674,1978
2613800,PE,Nordeste,0,0.43729903536977494,311
2613909,PE,Nordeste,0,0.7196361690743713,1869
2614006,PE,Nordeste,0,0.5427974947807933,479
2614105,PE,Nordeste,0,0.5493421052631579,608
2614204,PE,Nordeste,0,0.6425061425061425,814
2614303,PE,Nordeste,0,0.4666666666666667,225
2614402,PE,Nordeste,0,0.7987804878048781,164
2614501,PE,Nordeste,0,0.4970501474926254,678
2614600,PE,Nordeste,0,0.694136291600634,631
2614709,PE,Nordeste,0,0.42731277533039647,227
2614808,PE,Nordeste,0,0.6073446327683616,354
2614857,PE,Nordeste,0,0.4742063492063492,504
2615003,PE,Nordeste,0,0.5547445255474452,548
2615102,PE,Nordeste,0,0.6901408450704225,142
2615201,PE,Nordeste,0,0.6327272727272727,275
2615300,PE,Nordeste,0,0.717208182912154,831
2615409,PE,Nordeste,1,0.5414507772020726,1158
2615508,PE,Nordeste,0,0.6305970149253731,268
2615607,PE,Nordeste,0,0.6146572104018913,846
2615706,PE,Nordeste,0,0.7482758620689656,290
2615805,PE,Nordeste,0,0.6553398058252428,412
2615904,PE,Nordeste,0,0.756198347107438,242
2616001,PE,Nordeste,0,0.5261194029850746,268
2616100,PE,Nordeste,0,0.559748427672956,159
2616183,PE,Nordeste,0,0.8012048192771084,166
2616209,PE,Nordeste,0,0.5230024213075061,413
2616308,PE,Nordeste,0,0.6028880866425993,554
2616407,PE,Nordeste,0,0.45387111729253593,2157
2616506,PE,Nordeste,0,0.6715116279069767,344
2700102,AL,Nordeste,0,0.4661016949152542,354
2700201,AL,Nordeste,0,0.46710526315789475,304
2700300,AL,Nordeste,1,0.386497250142234,5273
2700409,AL,Nordeste,0,0.37333333333333335,900
2700508,AL,Nordeste,0,0.2967032967032967,455
2700607,AL,Nordeste,0,0.32388663967611336,247
2700706,AL,Nordeste,0,0.3786407766990291,309
2700805,AL,Nordeste,0,0.5514018691588785,107
2700904,AL,Nordeste,0,0.9004739336492891,211
2701001,AL,Nordeste,0,0.7926356589147286,516
2701100,AL,Nordeste,0,0.7317073170731707,246
2701209,AL,Nordeste,0,0.411214953271028,321
2701308,AL,Nordeste,0,0.2774451097804391,501
2701357,AL,Nordeste,0,0.5027624309392266,181
2701407,AL,Nordeste,0,0.6394849785407726,932
2701506,AL,Nordeste,0,0.41904761904761906,105
2701605,AL,Nordeste,0,0.5225,400
2701704,AL,Nordeste,0,0.40350877192982454,399
2701803,AL,Nordeste,0,0.40294117647058825,340
2701902,AL,Nordeste,0,0.4421768707482993,147
2702009,AL,Nordeste,0,0.7263157894736842,190
2702108,AL,Nordeste,0,0.7616580310880829,386
2702207,AL,Nordeste,0,0.4125,160
2702306,AL,Nordeste,0,0.9035194174757282,1648
2702355,AL,Nordeste,0,0.516728624535316,538
2702405,AL,Nordeste,0,0.2745398773006135,1304
2702504,AL,Nordeste,0,0.5493827160493827,162
2702553,AL,Nordeste,0,0.3273381294964029,278
2702603,AL,Nordeste,0,0.3814229249011858,506
2702702,AL,Nordeste,0,0.4083333333333333,120
2702801,AL,Nordeste,0,0.40445859872611467,314
2702900,AL,Nordeste,0,0.3570595099183197,857
2703007,AL,Nordeste,0,0.76,175
2703106,AL,Nordeste,0,0.24640287769784172,556
2703205,AL,Nordeste,0,0.45518453427065025,569
2703304,AL,Nordeste,0,0.6918103448275862,464
2703403,AL,Nordeste,0,0.44375,160
2703502,AL,Nordeste,0,0.6190476190476191,168
2703601,AL,Nordeste,0,0.21138211382113822,246
2703700,AL,Nordeste,0,0.38848920863309355,139
2703759,AL,Nordeste,0,0.6923076923076923,247
2703809,AL,Nordeste,0,0.2765957446808511,517
2703908,AL,Nordeste,0,0.3786407766990291,103
2704005,AL,Nordeste,0,0.5033222591362126,602
2704104,AL,Nordeste,0,0.43973941368078173,307
2704203,AL,Nordeste,0,0.42127659574468085,705
2704302,AL,Nordeste,1,0.352800219088046,14606
2704401,AL,Nordeste,0,0.3905882352941176,425
2704500,AL,Nordeste,0,0.36613272311212813,874
2704609,AL,Nordeste,0,0.6964285714285714,224
2704708,AL,Nordeste,1,0.40772999455634185,1837
2704807,AL,Nordeste,0,0.42727272727272725,220
2704906,AL,Nordeste,0,0.5526315789473685,76
2705002,AL,Nordeste,0,0.4053030303030303,264
2705101,AL,Nordeste,0,0.4119718309859155,568
2705200,AL,Nordeste,0,0.34291581108829566,487
2705309,AL,Nordeste,0,0.2857142857142857,140
2705408,AL,Nordeste,0,0.3333333333333333,207
2705507,AL,Nordeste,0,0.640625,640
2705606,AL,Nordeste,0,0.332089552238806,268
2705705,AL,Nordeste,0,0.41544117647058826,544
2705804,AL,Nordeste,0,0.34172661870503596,278
2705903,AL,Nordeste,0,0.8363636363636363,55
2706000,AL,Nordeste,0,0.6394736842105263,380
2706109,AL,Nordeste,0,0.3568281938325991,227
2706208,AL,Nordeste,0,0.40268456375838924,149
2706307,AL,Nordeste,0,0.3360234776228907,1363
2706406,AL,Nordeste,0,0.5008291873963516,603
2706422,AL,Nordeste,0,0.42083333333333334,240
2706448,AL,Nordeste,0,0.43287037037037035,432
2706505,AL,Nordeste,0,0.3687002652519894,377
2706604,AL,Nordeste,0,0.3902439024390244,164
2706703,AL,Nordeste,0,0.37648705388383485,1429
2706802,AL,Nordeste,0,0.3503184713375796,471
2706901,AL,Nordeste,0,0.4017777777777778,1125
2707008,AL,Nordeste,0,0.3728813559322034,59
2707107,AL,Nordeste,0,0.2243839169909209,771
2707206,AL,Nordeste,0,0.3786848072562358,441
2707305,AL,Nordeste,0,0.392,625
2707404,AL,Nordeste,0,0.25752508361204013,299
2707503,AL,Nordeste,0,0.653179190751445,346
2707602,AL,Nordeste,0,0.5915119363395226,377
2707701,AL,Nordeste,0,0.348627042057699,2877
2707800,AL,Nordeste,0,0.5420560747663551,214
2707909,AL,Nordeste,0,0.3247422680412371,194
2708006,AL,Nordeste,0,0.38056312443233425,1101
2708105,AL,Nordeste,0,0.983957219251337,187
2708204,AL,Nordeste,0,0.6772151898734177,158
2708303,AL,Nordeste,0,0.8494623655913979,372
2708402,AL,Nordeste,0,0.46906636670416196,889
2708501,AL,Nordeste,0,0.4386792452830189,848
2708600,AL,Nordeste,1,0.5041118421052632,1216
2708709,AL,Nordeste,0,0.40683229813664595,322
2708808,AL,Nordeste,0,0.3657142857142857,700
2708907,AL,Nordeste,1,0.46206896551724136,580
2708956,AL,Nordeste,0,0.5327380952380952,336
2709004,AL,Nordeste,0,0.46938775510204084,147
2709103,AL,Nordeste,0,0.39543726235741444,526
2709152,AL,Nordeste,0,0.49616648411829134,913
2709202,AL,Nordeste,0,0.3655913978494624,372
2709301,AL,Nordeste,0,0.9124293785310734,1416
2709400,AL,Nordeste,0,0.4198895027624309,543
2800100,SE,Nordeste,0,0.42857142857142855,28
2800209,SE,Nordeste,0,0.19900497512437812,201
2800308,SE,Nordeste,1,0.3590587044534413,7904
2800407,SE,Nordeste,0,0.29385964912280704,228
2800506,SE,Nordeste,0,0.33062330623306235,369
2800605,SE,Nordeste,1,0.24483306836248012,629
2800670,SE,Nordeste,0,0.2801047120418848,382
2800704,SE,Nordeste,0,0.3150684931506849,219
2801009,SE,Nordeste,0,0.3590733590733591,259
2801108,SE,Nordeste,0,0.56,50
2801207,SE,Nordeste,0,0.24368825466520308,911
2801306,SE,Nordeste,0,0.33099579242636745,713
2801405,SE,Nordeste,0,0.3355048859934853,307
2801504,SE,Nordeste,1,0.19637462235649547,331
2801603,SE,Nordeste,0,0.3194444444444444,72
2801702,SE,Nordeste,0,0.2909090909090909,385
2801900,SE,Nordeste,0,0.4647887323943662,71
2802007,SE,Nordeste,0,0.2956521739130435,115
2802106,SE,Nordeste,0,0.31222123104371097,1121
2802205,SE,Nordeste,0,0.26875,160
2802304,SE,Nordeste,0,0.29333333333333333,225
2802403,SE,Nordeste,0,0.270935960591133,203
2802502,SE,Nordeste,0,0.2037037037037037,54
2802601,SE,Nordeste,0,0.1935483870967742,62
2802700,SE,Nordeste,0,0.20253164556962025,237
2802809,SE,Nordeste,0,0.35629453681710216,421
2802908,SE,Nordeste,0,0.3228346456692913,1524
2803005,SE,Nordeste,0,0.5754527162977867,994
2803104,SE,Nordeste,0,0.23636363636363636,55
2803203,SE,Nordeste,0,0.30193905817174516,722
2803302,SE,Nordeste,0,0.5,328
2803401,SE,Nordeste,0,0.3201320132013201,303
2803500,SE,Nordeste,0,0.37570093457943926,1605
2803609,SE,Nordeste,0,0.22818791946308725,447
2803708,SE,Nordeste,0,0.33783783783783783,74
2803807,SE,Nordeste,0,0.3798449612403101,129
2803906,SE,Nordeste,0,0.3320754716981132,265
2804003,SE,Nordeste,0,0.24429967426710097,307
2804102,SE,Nordeste,0,0.49732620320855614,187
2804201,SE,Nordeste,0,0.31952662721893493,338
2804300,SE,Nordeste,0,0.15584415584415584,77
2804409,SE,Nordeste,0,0.26744186046511625,430
2804458,SE,Nordeste,0,0.4725274725274725,91
2804508,SE,Nordeste,0,0.3384615384615385,910
2804607,SE,Nordeste,0,0.3044397463002114,473
2804706,SE,Nordeste,0,0.4074074074074074,108
2804805,SE,Nordeste,1,0.24012314007183172,3898
2804904,SE,Nordeste,0,0.2328042328042328,189
2805000,SE,Nordeste,0,0.45652173913043476,46
2805109,SE,Nordeste,0,0.12605042016806722,119
2805208,SE,Nordeste,0,0.26506024096385544,83
2805307,SE,Nordeste,0,0.3125,176
2805406,SE,Nordeste,0,0.19921363040629095,763
2805505,SE,Nordeste,0,0.3446153846153846,325
2805604,SE,Nordeste,0,0.21245421245421245,546
2805703,SE,Nordeste,1,0.2903225806451613,403
2805802,SE,Nordeste,0,0.35555555555555557,270
2805901,SE,Nordeste,0,0.20603015075376885,199
2806008,SE,Nordeste,0,0.37551020408163266,245
2806107,SE,Nordeste,0,0.37606837606837606,234
2806206,SE,Nordeste,0,0.38235294117647056,340
2806305,SE,Nordeste,0,0.23247232472324722,271
2806404,SE,Nordeste,0,0.24731182795698925,186
2806503,SE,Nordeste,0,0.25,84
2806602,SE,Nordeste,0,0.3521739130434783,230
2806701,SE,Nordeste,1,0.5664379288833438,1603
2806800,SE,Nordeste,0,0.296551724137931,145
2806909,SE,Nordeste,0,0.525,40
2807006,SE,Nordeste,0,0.4027777777777778,72
2807105,SE,Nordeste,0,0.3473541383989145,737
2807204,SE,Nordeste,0,0.46987951807228917,166
2807303,SE,Nordeste,0,0.3225806451612903,62
2807402,SE,Nordeste,0,0.4356540084388186,948
2807501,SE,Nordeste,0,0.4087301587301587,252
2807600,SE,Nordeste,0,0.29850746268656714,402
2900108,BA,Nordeste,0,0.3300970873786408,103
2900207,BA,Nordeste,0,0.22404371584699453,366
2900306,BA,Nordeste,0,0.32661290322580644,248
2900355,BA,Nordeste,0,0.4204946996466431,283
2900405,BA,Nordeste,0,0.23030303030303031,165
2900504,BA,Nordeste,0,0.4948453608247423,97
2900603,BA,Nordeste,0,0.2578125,128
2900702,BA,Nordeste,1,0.30831903945111494,2332
2900801,BA,Nordeste,0,0.3227953410981697,601
2900900,BA,Nordeste,0,0.25,120
2901007,BA,Nordeste,0,0.45936395759717313,566
2901106,BA,Nordeste,0,0.4033333333333333,300
2901155,BA,Nordeste,0,0.34675615212527966,447
2901205,BA,Nordeste,0,0.31475409836065577,305
2901304,BA,Nordeste,0,0.4166666666666667,300
2901353,BA,Nordeste,0,0.2669491525423729,236
2901403,BA,Nordeste,0,0.2961672473867596,287
2901502,BA,Nordeste,0,0.44680851063829785,188
2901601,BA,Nordeste,0,0.3027027027027027,185
2901700,BA,Nordeste,0,0.2702702702702703,148
2901809,BA,Nordeste,0,0.2654320987654321,162
2901908,BA,Nordeste,0,0.16633266533066132,499
2901957,BA,Nordeste,0,0.35542168674698793,166
2902005,BA,Nordeste,0,0.3605769230769231,208
2902054,BA,Nordeste,0,0.35964912280701755,228
2902104,BA,Nordeste,0,0.19718309859154928,781
2902203,BA,Nordeste,0,0.18137254901960784,204
2902252,BA,Nordeste,0,0.12209302325581395,172
2902302,BA,Nordeste,0,0.41935483870967744,217
2902401,BA,Nordeste,0,0.3284132841328413,271
2902500,BA,Nordeste,0,0.3353658536585366,328
2902609,BA,Nordeste,0,0.30434782608695654,276
2902658,BA,Nordeste,0,0.2744479495268139,317
2902708,BA,Nordeste,0,0.23151909017059302,1231
2902807,BA,Nordeste,0,0.4470802919708029,548
2902906,BA,Nordeste,0,0.309,1000
2903003,BA,Nordeste,0,0.34309623430962344,239
2903102,BA,Nordeste,0,0.33613445378151263,119
2903201,BA,Nordeste,1,0.31424007302601553,4382
2903235,BA,Nordeste,0,0.2627450980392157,255
2903276,BA,Nordeste,0,0.3724696356275304,247
2903300,BA,Nordeste,0,0.29120879120879123,182
2903409,BA,Nordeste,0,0.28878281622911695,419
2903508,BA,Nordeste,0,0.37012987012987014,308
2903607,BA,Nordeste,0,0.24050632911392406,158
2903706,BA,Nordeste,0,0.4265232974910394,279
2903805,BA,Nordeste,0,0.2996742671009772,307
2903904,BA,Nordeste,0,0.3130718954248366,1530
2903953,BA,Nordeste,0,0.3010204081632653,196
2904001,BA,Nordeste,0,0.4473684210526316,228
2904050,BA,Nordeste,0,0.3467048710601719,349
2904100,BA,Nordeste,0,0.33559322033898303,295
2904209,BA,Nordeste,0,0.4727272727272727,165
2904308,BA,Nordeste,0,0.45209580838323354,334
2904407,BA,Nordeste,0,0.36082474226804123,194
2904506,BA,Nordeste,0,0.43125,160
2904605,BA,Nordeste,1,0.4314868804664723,1372
2904704,BA,Nordeste,0,0.22992700729927007,274
2904753,BA,Nordeste,0,0.12618296529968454,317
2904803,BA,Nordeste,0,0.4745762711864407,118
2904852,BA,Nordeste,0,0.2367601246105919,321
2904902,BA,Nordeste,0,0.25668449197860965,561
2905008,BA,Nordeste,1,0.4491017964071856,501
2905107,BA,Nordeste,0,0.34328358208955223,134
2905156,BA,Nordeste,0,0.2727272727272727,99
2905206,BA,Nordeste,0,0.3967280163599182,978
2905305,BA,Nordeste,0,0.2071611253196931,391
2905404,BA,Nordeste,0,0.29464285714285715,672
2905503,BA,Nordeste,0,0.22336769759450173,291
2905602,BA,Nordeste,0,0.25862068965517243,522
2905701,BA,Nordeste,1,0.30919029723266145,5854
2905800,BA,Nordeste,0,0.23655913978494625,558
2905909,BA,Nordeste,0,0.2662473794549266,477
2906006,BA,Nordeste,0,0.35060975609756095,1312
2906105,BA,Nordeste,0,0.2947976878612717,173
2906204,BA,Nordeste,0,0.2979397781299525,631
2906303,BA,Nordeste,0,0.2562111801242236,644
2906402,BA,Nordeste,0,0.2905982905982906,117
2906501,BA,Nordeste,1,0.283661119515885,1322
2906600,BA,Nordeste,0,0.4,270
2906709,BA,Nordeste,0,0.2844638949671772,457
2906808,BA,Nordeste,0,0.22710163111668757,797
2906824,BA,Nordeste,0,0.22636103151862463,349
2906857,BA,Nordeste,0,0.3609467455621302,169
2906873,BA,Nordeste,0,0.2429078014184397,564
2906899,BA,Nordeste,0,0.39069767441860465,215
2906907,BA,Nordeste,0,0.4043824701195219,502
2907004,BA,Nordeste,0,0.2782258064516129,248
2907103,BA,Nordeste,0,0.2656934306569343,685
2907202,BA,Nordeste,0,0.14342629482071714,1255
2907301,BA,Nordeste,0,0.33539094650205764,486
2907400,BA,Nordeste,0,0.17142857142857143,70
2907509,BA,Nordeste,1,0.35618729096989965,598
2907558,BA,Nordeste,0,0.4576271186440678,118
2907608,BA,Nordeste,0,0.25824175824175827,182
2907707,BA,Nordeste,0,0.34782608695652173,230
2907806,BA,Nordeste,0,0.29085872576177285,361
2907905,BA,Nordeste,0,0.25952380952380955,420
2908002,BA,Nordeste,0,0.3289036544850498,301
2908101,BA,Nordeste,0,0.4735576923076923,416
2908200,BA,Nordeste,0,0.2536945812807882,406
2908309,BA,Nordeste,0,0.3916083916083916,143
2908408,BA,Nordeste,0,0.2657407407407407,1080
2908507,BA,Nordeste,1,0.3027375201288245,621
2908606,BA,Nordeste,0,0.2850467289719626,428
2908705,BA,Nordeste,0,0.6923076923076923,169
2908804,BA,Nordeste,0,0.3424657534246575,73
2908903,BA,Nordeste,0,0.2185792349726776,366
2909000,BA,Nordeste,0,0.5590551181102362,127
2909109,BA,Nordeste,0,0.3853820598006645,301
2909208,BA,Nordeste,0,0.28888888888888886,270
2909307,BA,Nordeste,0,0.26436781609195403,696
2909406,BA,Nordeste,0,0.3745019920318725,251
2909505,BA,Nordeste,0,0.38636363636363635,88
2909604,BA,Nordeste,0,0.4205298013245033,302
2909703,BA,Nordeste,0,0.41324921135646686,317
2909802,BA,Nordeste,1,0.28169014084507044,1065
2909901,BA,Nordeste,0,0.24103139013452915,892
2910008,BA,Nordeste,0,0.3541666666666667,240
2910057,BA,Nordeste,1,0.2710344827586207,1450
2910107,BA,Nordeste,0,0.4245614035087719,285
2910206,BA,Nordeste,0,0.5869565217391305,92
2910305,BA,Nordeste,0,0.3037974683544304,79
2910404,BA,Nordeste,0,0.34594594594594597,370
2910503,BA,Nordeste,0,0.19940029985007496,667
2910602,BA,Nordeste,0,0.20107962213225372,741
2910701,BA,Nordeste,0,0.2719382835101254,1037
2910727,BA,Nordeste,1,0.2990693739424704,2364
2910750,BA,Nordeste,0,0.4349593495934959,246
2910776,BA,Nordeste,0,0.4788732394366197,142
2910800,BA,Nordeste,1,0.25031107424305266,9644
2910859,BA,Nordeste,0,0.23668639053254437,338
2910909,BA,Nordeste,0,0.23529411764705882,136
2911006,BA,Nordeste,0,0.27450980392156865,153
2911105,BA,Nordeste,0,0.21518987341772153,553
2911204,BA,Nordeste,0,0.33826247689463956,541
2911253,BA,Nordeste,0,0.5263157894736842,76
2911303,BA,Nordeste,0,0.4817073170731707,164
2911402,BA,Nordeste,0,0.26373626373626374,182
2911501,BA,Nordeste,0,0.35185185185185186,162
2911600,BA,Nordeste,0,0.28753993610223644,313
2911659,BA,Nordeste,0,0.2958579881656805,169
2911709,BA,Nordeste,1,0.4380630630630631,1776
2911808,BA,Nordeste,0,0.18904109589041096,365
2911857,BA,Nordeste,0,0.2608695652173913,207
2911907,BA,Nordeste,0,0.24333333333333335,600
2912004,BA,Nordeste,0,0.6122448979591837,147
2912103,BA,Nordeste,0,0.29745042492917845,353
2912202,BA,Nordeste,0,0.26897689768976896,606
2912301,BA,Nordeste,0,0.5283842794759825,229
2912400,BA,Nordeste,0,0.29461756373937675,353
2912509,BA,Nordeste,0,0.4156378600823045,243
2912608,BA,Nordeste,0,0.15730337078651685,89
2912707,BA,Nordeste,0,0.24411134903640258,467
2912806,BA,Nordeste,0,0.46441947565543074,267
2912905,BA,Nordeste,0,0.3115124153498871,443
2913002,BA,Nordeste,0,0.45806451612903226,155
2913101,BA,Nordeste,0,0.25116279069767444,215
2913200,BA,Nordeste,0,0.3463143254520167,719
2913309,BA,Nordeste,0,0.2222222222222222,117
2913408,BA,Nordeste,0,0.47104247104247104,259
2913457,BA,Nordeste,0,0.3333333333333333,141
2913507,BA,Nordeste,0,0.3872053872053872,297
2913606,BA,Nordeste,1,0.24412094064949608,3572
2913705,BA,Nordeste,0,0.2532258064516129,620
2913804,BA,Nordeste,0,0.37777777777777777,180
2913903,BA,Nordeste,0,0.23855755894590847,721
2914000,BA,Nordeste,0,0.28237585199610515,1027
2914109,BA,Nordeste,0,0.6022727272727273,176
2914208,BA,Nordeste,0,0.4631578947368421,95
2914307,BA,Nordeste,0,0.17703349282296652,209
2914406,BA,Nordeste,0,0.3824091778202677,523
2914505,BA,Nordeste,0,0.22799097065462753,443
2914604,BA,Nordeste,1,0.40186246418338106,1396
2914653,BA,Nordeste,0,0.24862637362637363,728
2914703,BA,Nordeste,0,0.36824605153782214,1203
2914802,BA,Nordeste,1,0.25132275132275134,2646
2914901,BA,Nordeste,0,0.26260869565217393,575
2915007,BA,Nordeste,0,0.39094650205761317,243
2915106,BA,Nordeste,0,0.28110599078341014,217
2915205,BA,Nordeste,0,0.35655737704918034,488
2915304,BA,Nordeste,1,0.27053140096618356,207
2915353,BA,Nordeste,0,0.2591093117408907,247
2915403,BA,Nordeste,0,0.14035087719298245,171
2915502,BA,Nordeste,0,0.2946058091286307,241
2915601,BA,Nordeste,0,0.3681556195965418,1388
2915700,BA,Nordeste,0,0.3816793893129771,131
2915809,BA,Nordeste,0,0.22495606326889278,569
2915908,BA,Nordeste,0,0.19021739130434784,184
2916005,BA,Nordeste,0,0.47844827586206895,232
2916104,BA,Nordeste,0,0.2993762993762994,481
2916203,BA,Nordeste,0,0.28735632183908044,174
2916302,BA,Nordeste,0,0.1534090909090909,176
2916401,BA,Nordeste,1,0.32277526395173456,1326
2916500,BA,Nordeste,0,0.3707533234859675,677
2916609,BA,Nordeste,0,0.2857142857142857,154
2916708,BA,Nordeste,0,0.33557046979865773,149
2916807,BA,Nordeste,0,0.36942675159235666,314
2916856,BA,Nordeste,0,0.5165394402035624,393
2916906,BA,Nordeste,0,0.27586206896551724,145
2917003,BA,Nordeste,0,0.23333333333333334,570
2917102,BA,Nordeste,0,0.3434343434343434,297
2917201,BA,Nordeste,0,0.4772727272727273,440
2917300,BA,Nordeste,0,0.34055727554179566,323
2917334,BA,Nordeste,0,0.3492822966507177,209
2917359,BA,Nordeste,0,0.39555555555555555,225
2917409,BA,Nordeste,0,0.5122950819672131,244
2917508,BA,Nordeste,1,0.25259515570934254,1445
2917607,BA,Nordeste,0,0.47799827437446074,1159
2917706,BA,Nordeste,0,0.3087719298245614,570
2917805,BA,Nordeste,0,0.31268436578171094,339
2917904,BA,Nordeste,0,0.395,200
2918001,BA,Nordeste,1,0.31241830065359477,2295
2918100,BA,Nordeste,0,0.2405857740585774,478
2918209,BA,Nordeste,0,0.35668789808917195,157
2918308,BA,Nordeste,0,0.27312775330396477,227
2918357,BA,Nordeste,0,0.39824561403508774,570
2918407,BA,Nordeste,1,0.27083671811535337,6155
2918456,BA,Nordeste,0,0.44086021505376344,93
2918506,BA,Nordeste,0,0.2948717948717949,312
2918555,BA,Nordeste,0,0.2925170068027211,147
2918605,BA,Nordeste,0,0.29906542056074764,107
2918704,BA,Nordeste,0,0.5714285714285714,56
2918753,BA,Nordeste,0,0.1836734693877551,98
2918803,BA,Nordeste,0,0.4245614035087719,285
2918902,BA,Nordeste,0,0.4375,80
2919009,BA,Nordeste,0,0.31343283582089554,67
2919058,BA,Nordeste,0,0.47413793103448276,116
2919108,BA,Nordeste,0,0.2,120
2919157,BA,Nordeste,0,0.2309941520467836,684
2919207,BA,Nordeste,1,0.24100614214682656,3419
2919306,BA,Nordeste,0,0.3291139240506329,237
2919405,BA,Nordeste,0,0.6635071090047393,211
2919504,BA,Nordeste,0,0.3465909090909091,880
2919553,BA,Nordeste,1,0.2833333333333333,3300
2919603,BA,Nordeste,0,0.22772277227722773,303
2919702,BA,Nordeste,0,0.43874643874643876,351
2919801,BA,Nordeste,0,0.35500878734622143,569
2919900,BA,Nordeste,0,0.07865168539325842,89
2919926,BA,Nordeste,1,0.26628895184135976,353
2919959,BA,Nordeste,0,0.5431034482758621,116
2920007,BA,Nordeste,0,0.2777777777777778,234
2920106,BA,Nordeste,0,0.3082706766917293,266
2920205,BA,Nordeste,0,0.28368794326241137,423
2920304,BA,Nordeste,0,0.6404494382022472,178
2920403,BA,Nordeste,0,0.38405797101449274,276
2920452,BA,Nordeste,0,0.2864321608040201,199
2920502,BA,Nordeste,0,0.41714285714285715,525
2920601,BA,Nordeste,0,0.39751552795031053,483
2920700,BA,Nordeste,0,0.20476190476190476,210
2920809,BA,Nordeste,0,0.17006802721088435,147
2920908,BA,Nordeste,0,0.20205479452054795,292
2921005,BA,Nordeste,1,0.48520302821748107,1453
2921054,BA,Nordeste,0,0.40476190476190477,252
2921104,BA,Nordeste,0,0.44155844155844154,539
2921203,BA,Nordeste,0,0.3855421686746988,415
2921302,BA,Nordeste,0,0.3487179487179487,195
2921401,BA,Nordeste,0,0.2413793103448276,319
2921450,BA,Nordeste,0,0.4451219512195122,164
2921500,BA,Nordeste,0,0.24874791318864775,599
2921609,BA,Nordeste,0,0.2956989247311828,186
2921708,BA,Nordeste,0,0.29300567107750475,529
2921807,BA,Nordeste,0,0.5949367088607594,237
2921906,BA,Nordeste,0,0.3699421965317919,173
2922003,BA,Nordeste,1,0.4124168514412417,902
2922052,BA,Nordeste,0,0.23728813559322035,236
2922102,BA,Nordeste,0,0.28,300
2922201,BA,Nordeste,0,0.4318181818181818,132
2922250,BA,Nordeste,0,0.24390243902439024,246
2922300,BA,Nordeste,0,0.32929782082324455,413
2922409,BA,Nordeste,0,0.48109965635738833,291
2922508,BA,Nordeste,0,0.18181818181818182,187
2922607,BA,Nordeste,0,0.4083769633507853,191
2922656,BA,Nordeste,0,0.2441860465116279,344
2922706,BA,Nordeste,0,0.26382978723404255,235
2922730,BA,Nordeste,0,0.38095238095238093,126
2922755,BA,Nordeste,0,0.4368932038834951,103
2922805,BA,Nordeste,0,0.3238095238095238,210
2922854,BA,Nordeste,0,0.25984251968503935,127
2922904,BA,Nordeste,0,0.25,532
2923001,BA,Nordeste,0,0.4192966636609558,1109
2923035,BA,Nordeste,0,0.602510460251046,239
2923050,BA,Nordeste,0,0.2578947368421053,190
2923100,BA,Nordeste,0,0.2462686567164179,402
2923209,BA,Nordeste,0,0.35578947368421054,475
2923308,BA,Nordeste,0,0.4022346368715084,179
2923357,BA,Nordeste,0,0.22303921568627452,408
2923407,BA,Nordeste,0,0.39104477611940297,335
2923506,BA,Nordeste,0,0.39603960396039606,202
2923605,BA,Nordeste,0,0.4395973154362416,298
2923704,BA,Nordeste,0,0.19572953736654805,562
2923803,BA,Nordeste,0,0.42997542997543,407
2923902,BA,Nordeste,0,0.3247588424437299,311
2924009,BA,Nordeste,0,0.22326148840992274,2459
2924058,BA,Nordeste,0,0.30845771144278605,201
2924108,BA,Nordeste,0,0.1643835616438356,73
2924207,BA,Nordeste,0,0.22580645161290322,248
2924306,BA,Nordeste,0,0.3780487804878049,492
2924405,BA,Nordeste,0,0.19361483007209063,971
2924504,BA,Nordeste,0,0.5409252669039146,281
2924603,BA,Nordeste,0,0.3537117903930131,458
2924652,BA,Nordeste,0,0.5118110236220472,127
2924678,BA,Nordeste,0,0.3958333333333333,144
2924702,BA,Nordeste,0,0.5555555555555556,153
2924801,BA,Nordeste,0,0.39935064935064934,308
2924900,BA,Nordeste,0,0.45185185185185184,135
2925006,BA,Nordeste,0,0.2845953002610966,383
2925105,BA,Nordeste,0,0.3778705636743215,958
2925204,BA,Nordeste,1,0.5120845921450151,662
2925253,BA,Nordeste,0,0.26851851851851855,432
2925303,BA,Nordeste,1,0.4149085794655415,4977
2925402,BA,Nordeste,0,0.2543103448275862,232
2925501,BA,Nordeste,0,0.2937062937062937,1001
2925600,BA,Nordeste,0,0.1902654867256637,226
2925709,BA,Nordeste,0,0.28270042194092826,237
2925758,BA,Nordeste,0,0.19642857142857142,280
2925808,BA,Nordeste,0,0.2676864244741874,523
2925907,BA,Nordeste,0,0.34385964912280703,285
2925931,BA,Nordeste,0,0.44047619047619047,168
2925956,BA,Nordeste,0,0.3674418604651163,430
2926004,BA,Nordeste,0,0.2633587786259542,786
2926103,BA,Nordeste,0,0.2,255
2926202,BA,Nordeste,0,0.3484848484848485,198
2926301,BA,Nordeste,0,0.3269230769230769,416
2926400,BA,Nordeste,0,0.4196242171189979,479
2926509,BA,Nordeste,0,0.2909604519774011,354
2926608,BA,Nordeste,0,0.33568904593639576,1132
2926657,BA,Nordeste,0,0.44375,160
2926707,BA,Nordeste,0,0.49063670411985016,267
2926806,BA,Nordeste,0,0.47029702970297027,202
2926905,BA,Nordeste,0,0.25510204081632654,98
2927002,BA,Nordeste,0,0.33699059561128525,638
2927101,BA,Nordeste,0,0.22580645161290322,341
2927200,BA,Nordeste,0,0.3081395348837209,516
2927309,BA,Nordeste,0,0.42857142857142855,448
2927408,BA,Nordeste,1,0.33011492716824803,29932
2927507,BA,Nordeste,0,0.23387096774193547,248
2927606,BA,Nordeste,0,0.2454308093994778,383
2927705,BA,Nordeste,0,0.3426724137931034,928
2927804,BA,Nordeste,0,0.3384615384615385,130
2927903,BA,Nordeste,0,0.4585365853658537,205
2928000,BA,Nordeste,0,0.25,496
2928059,BA,Nordeste,0,0.2413793103448276,261
2928109,BA,Nordeste,0,0.2510948905109489,685
2928208,BA,Nordeste,0,0.3128834355828221,489
2928307,BA,Nordeste,0,0.1796875,128
2928406,BA,Nordeste,0,0.3677966101694915,590
2928505,BA,Nordeste,0,0.25,172
2928604,BA,Nordeste,0,0.3386411889596603,942
2928703,BA,Nordeste,1,0.2948717948717949,1326
2928802,BA,Nordeste,0,0.2874306839186691,1082
2928901,BA,Nordeste,0,0.45041816009557945,837
2928950,BA,Nordeste,0,0.37254901960784315,102
2929008,BA,Nordeste,0,0.2789473684210526,190
2929057,BA,Nordeste,0,0.42857142857142855,364
2929107,BA,Nordeste,0,0.3959537572254335,346
2929206,BA,Nordeste,1,0.24941451990632318,854
2929255,BA,Nordeste,0,0.2972972972972973,370
2929305,BA,Nordeste,0,0.26151315789473684,608
2929354,BA,Nordeste,0,0.25748502994011974,167
2929370,BA,Nordeste,0,0.22872340425531915,188
2929404,BA,Nordeste,0,0.29285714285714287,140
2929503,BA,Nordeste,0,0.3968503937007874,635
2929602,BA,Nordeste,0,0.5725806451612904,248
2929701,BA,Nordeste,0,0.2107843137254902,204
2929750,BA,Nordeste,0,0.4107142857142857,168
2929800,BA,Nordeste,0,0.15425531914893617,188
2929909,BA,Nordeste,0,0.3527054108216433,998
2930006,BA,Nordeste,0,0.48717948717948717,156
2930105,BA,Nordeste,0,0.20682926829268292,1025
2930154,BA,Nordeste,0,0.2513721185510428,911
2930204,BA,Nordeste,0,0.2201453790238837,963
2930303,BA,Nordeste,0,0.27439024390243905,328
2930402,BA,Nordeste,0,0.32663316582914576,199
2930501,BA,Nordeste,0,0.1988155668358714,1182
2930600,BA,Nordeste,0,0.25435540069686413,287
2930709,BA,Nordeste,1,0.3735408560311284,2570
2930758,BA,Nordeste,0,0.3227848101265823,158
2930766,BA,Nordeste,0,0.4011299435028249,177
2930774,BA,Nordeste,0,0.2813918305597579,661
2930808,BA,Nordeste,0,0.2747603833865815,313
2930907,BA,Nordeste,0,0.3686274509803922,255
2931004,BA,Nordeste,0,0.48771929824561405,285
2931053,BA,Nordeste,0,0.5969773299748111,397
2931103,BA,Nordeste,0,0.23529411764705882,153
2931202,BA,Nordeste,0,0.41729323308270677,266
2931301,BA,Nordeste,0,0.3345323741007194,278
2931350,BA,Nordeste,1,0.3831565413050466,3111
2931400,BA,Nordeste,0,0.3013698630136986,146
2931509,BA,Nordeste,0,0.26174496644295303,447
2931608,BA,Nordeste,0,0.4308176100628931,318
2931707,BA,Nordeste,0,0.2311111111111111,225
2931806,BA,Nordeste,0,0.43478260869565216,184
2931905,BA,Nordeste,0,0.2492354740061162,654
2932002,BA,Nordeste,0,0.4105960264900662,453
2932101,BA,Nordeste,0,0.40304182509505704,263
2932200,BA,Nordeste,0,0.259946949602122,377
2932309,BA,Nordeste,0,0.2892857142857143,280
2932408,BA,Nordeste,0,0.26804123711340205,194
2932457,BA,Nordeste,0,0.20257234726688103,311
2932507,BA,Nordeste,0,0.4233576642335766,411
2932606,BA,Nordeste,0,0.47297297297297297,296
2932705,BA,Nordeste,0,0.2301255230125523,478
2932804,BA,Nordeste,0,0.3088235294117647,272
2932903,BA,Nordeste,0,0.2602510460251046,1195
2933000,BA,Nordeste,0,0.3232758620689655,232
2933059,BA,Nordeste,0,0.24509803921568626,204
2933109,BA,Nordeste,0,0.3983050847457627,118
2933158,BA,Nordeste,0,0.23765432098765432,324
2933174,BA,Nordeste,0,0.3869047619047619,168
2933208,BA,Nordeste,0,0.34318901795142553,947
2933257,BA,Nordeste,0,0.48031496062992124,127
2933307,BA,Nordeste,1,0.41458494957331266,6445
2933406,BA,Nordeste,0,0.45263157894736844,190
2933455,BA,Nordeste,0,0.5166666666666667,300
2933505,BA,Nordeste,0,0.3024390243902439,410
2933604,BA,Nordeste,0,0.28232189973614774,1137
3100104,MG,Sudeste,1,0.7130434782608696,115
3100203,MG,Sudeste,1,0.6207729468599034,414
3100302,MG,Sudeste,1,0.7610619469026548,226
3100401,MG,Sudeste,1,0.7419354838709677,62
3100500,MG,Sudeste,0,0.45714285714285713,70
3100609,MG,Sudeste,0,0.6585365853658537,246
3100708,MG,Sudeste,1,0.723404255319149,47
3100807,MG,Sudeste,1,0.8484848484848485,99
3100906,MG,Sudeste,0,0.5439429928741093,421
3101003,MG,Sudeste,0,0.5675675675675675,259
3101102,MG,Sudeste,1,0.5,494
3101201,MG,Sudeste,1,0.6868686868686869,99
3101300,MG,Sudeste,1,0.7777777777777778,54
3101409,MG,Sudeste,1,0.7619047619047619,84
3101508,MG,Sudeste,1,0.5689102564102564,624
3101607,MG,Sudeste,1,0.5942238267148015,1385
3101631,MG,Sudeste,1,0.7134146341463414,164
3101706,MG,Sudeste,0,0.41818181818181815,935
3101805,MG,Sudeste,1,0.5151515151515151,132
3101904,MG,Sudeste,1,0.5664739884393064,346
3102001,MG,Sudeste,1,0.7012987012987013,308
3102050,MG,Sudeste,1,0.8526315789473684,190
3102100,MG,Sudeste,1,0.6733668341708543,199
3102209,MG,Sudeste,0,0.7209302325581395,86
3102308,MG,Sudeste,1,0.6591928251121076,223
3102407,MG,Sudeste,0,0.5121951219512195,123
3102506,MG,Sudeste,0,0.4888888888888889,90
3102605,MG,Sudeste,1,0.6015831134564644,758
3102704,MG,Sudeste,0,0.6352201257861635,159
3102803,MG,Sudeste,1,0.47863247863247865,234
3102852,MG,Sudeste,0,0.7061855670103093,194
3102902,MG,Sudeste,1,0.6739130434782609,184
3103009,MG,Sudeste,0,0.7919463087248322,149
3103108,MG,Sudeste,1,0.7741935483870968,31
3103207,MG,Sudeste,1,0.7446808510638298,47
3103306,MG,Sudeste,1,0.8421052631578947,38
3103405,MG,Sudeste,0,0.5777080062794349,637
3103504,MG,Sudeste,1,0.5245545415036941,2301
3103603,MG,Sudeste,1,0.5384615384615384,52
3103702,MG,Sudeste,0,0.7619047619047619,126
3103751,MG,Sudeste,1,0.6299212598425197,254
3103801,MG,Sudeste,1,0.8695652173913043,46
3103900,MG,Sudeste,1,0.7810945273631841,201
3104007,MG,Sudeste,1,0.6534613845538215,2499
3104106,MG,Sudeste,1,0.8120805369127517,149
3104205,MG,Sudeste,1,0.7718204488778054,802
3104304,MG,Sudeste,1,0.7477477477477478,333
3104403,MG,Sudeste,1,0.6212121212121212,66
3104452,MG,Sudeste,0,0.768,125
3104502,MG,Sudeste,1,0.4045226130653266,398
3104601,MG,Sudeste,1,0.7727272727272727,264
3104700,MG,Sudeste,0,0.5038167938931297,262
3104809,MG,Sudeste,1,0.45544554455445546,101
3104908,MG,Sudeste,1,0.7066666666666667,225
3105004,MG,Sudeste,1,0.7387387387387387,111
3105103,MG,Sudeste,1,0.6694677871148459,357
3105202,MG,Sudeste,0,0.7213114754098361,61
3105301,MG,Sudeste,1,0.7797619047619048,168
3105400,MG,Sudeste,1,0.5646900269541779,742
3105509,MG,Sudeste,1,0.7088607594936709,79
3105608,MG,Sudeste,1,0.6774358974358974,1950
3105707,MG,Sudeste,0,0.8507462686567164,67
3105905,MG,Sudeste,1,0.7321937321937322,351
3106002,MG,Sudeste,1,0.6358974358974359,195
3106101,MG,Sudeste,1,0.3300970873786408,103
3106200,MG,Sudeste,1,0.5580308030803081,39996
3106309,MG,Sudeste,1,0.5687919463087249,596
3106408,MG,Sudeste,1,0.9294871794871795,156
3106507,MG,Sudeste,0,0.8173913043478261,115
3106606,MG,Sudeste,0,0.36585365853658536,164
3106655,MG,Sudeste,0,0.7047619047619048,105
3106705,MG,Sudeste,1,0.5345664978815748,9677
3106804,MG,Sudeste,0,0.8181818181818182,33
3106903,MG,Sudeste,1,0.5,240
3107000,MG,Sudeste,1,0.6610169491525424,59
3107109,MG,Sudeste,1,0.6437869822485207,845
3107208,MG,Sudeste,1,0.6304347826086957,92
3107307,MG,Sudeste,1,0.6885844748858447,1095
3107406,MG,Sudeste,1,0.5566218809980806,1042
3107505,MG,Sudeste,1,0.4913294797687861,173
3107604,MG,Sudeste,1,0.6285714285714286,105
3107703,MG,Sudeste,1,0.7647058823529411,85
3107802,MG,Sudeste,1,0.7680722891566265,332
3107901,MG,Sudeste,1,0.580441640378549,317
3108008,MG,Sudeste,1,0.7168458781362007,279
3108107,MG,Sudeste,1,0.6953125,128
3108206,MG,Sudeste,1,0.6747967479674797,123
3108255,MG,Sudeste,0,0.4382716049382716,162
3108305,MG,Sudeste,1,0.7090909090909091,330
3108404,MG,Sudeste,1,0.7465277777777778,288
3108503,MG,Sudeste,0,0.7289719626168224,107
3108552,MG,Sudeste,1,0.7237687366167024,467
3108602,MG,Sudeste,0,0.718266253869969,646
3108701,MG,Sudeste,0,0.6623376623376623,77
3108800,MG,Sudeste,0,0.5405405405405406,74
3108909,MG,Sudeste,1,0.6,320
3109006,MG,Sudeste,1,0.686084142394822,927
3109105,MG,Sudeste,1,0.6731707317073171,205
3109204,MG,Sudeste,1,0.7445652173913043,184
3109253,MG,Sudeste,0,0.9411764705882353,68
3109303,MG,Sudeste,1,0.5171898355754858,669
3109402,MG,Sudeste,0,0.4674657534246575,584
3109451,MG,Sudeste,1,0.44680851063829785,188
3109501,MG,Sudeste,1,0.706140350877193,228
3109600,MG,Sudeste,1,0.6031746031746031,63
3109709,MG,Sudeste,1,0.6554054054054054,296
3109808,MG,Sudeste,1,0.74,50
3109907,MG,Sudeste,1,0.5720164609053497,243
3110004,MG,Sudeste,1,0.6311274509803921,816
3110103,MG,Sudeste,0,0.6527777777777778,72
3110202,MG,Sudeste,1,0.6666666666666666,72
3110301,MG,Sudeste,1,0.5513698630136986,292
3110400,MG,Sudeste,1,0.8703703703703703,54
3110509,MG,Sudeste,1,0.46070878274268107,649
3110608,MG,Sudeste,1,0.6688851913477537,601
3110707,MG,Sudeste,1,0.7114624505928854,253
3110806,MG,Sudeste,0,0.4838709677419355,62
3110905,MG,Sudeste,1,0.5232198142414861,323
3111002,MG,Sudeste,1,0.6801007556675063,397
3111101,MG,Sudeste,1,0.6928571428571428,280
3111150,MG,Sudeste,0,0.7323943661971831,71
3111200,MG,Sudeste,1,0.7315668202764977,868
3111309,MG,Sudeste,1,0.6203703703703703,216
3111408,MG,Sudeste,1,0.564748201438849,278
3111507,MG,Sudeste,1,0.5506329113924051,316
3111606,MG,Sudeste,1,0.6203522504892368,511
3111705,MG,Sudeste,0,0.7572815533980582,103
3111804,MG,Sudeste,1,0.572139303482587,201
3111903,MG,Sudeste,1,0.6730769230769231,104
3112000,MG,Sudeste,1,0.84,200
3112059,MG,Sudeste,0,0.5903614457831325,83
3112109,MG,Sudeste,1,0.5652173913043478,138
3112208,MG,Sudeste,0,0.7323943661971831,71
3112307,MG,Sudeste,1,0.7323943661971831,994
3112406,MG,Sudeste,1,0.5436893203883495,206
3112505,MG,Sudeste,1,0.6991869918699187,123
3112604,MG,Sudeste,1,0.584045584045584,351
3112653,MG,Sudeste,1,0.5454545454545454,88
3112703,MG,Sudeste,0,0.5398230088495575,339
3112802,MG,Sudeste,1,0.7339055793991416,233
3112901,MG,Sudeste,0,0.6494845360824743,194
3113008,MG,Sudeste,0,0.5478260869565217,345
3113107,MG,Sudeste,0,0.6538461538461539,26
3113206,MG,Sudeste,1,0.6881720430107527,465
3113305,MG,Sudeste,1,0.48376068376068376,585
3113404,MG,Sudeste,1,0.534034034034034,1998
3113503,MG,Sudeste,0,0.5794871794871795,195
3113602,MG,Sudeste,1,0.832258064516129,155
3113701,MG,Sudeste,1,0.5245901639344263,366
3113800,MG,Sudeste,1,0.4716981132075472,53
3113909,MG,Sudeste,1,0.7224199288256228,281
3114006,MG,Sudeste,1,0.732484076433121,157
3114105,MG,Sudeste,1,0.6622073578595318,299
3114204,MG,Sudeste,1,0.6492374727668845,459
3114303,MG,Sudeste,1,0.7456556082148499,633
3114402,MG,Sudeste,1,0.5932203389830508,354
3114501,MG,Sudeste,1,0.7518427518427518,407
3114550,MG,Sudeste,1,0.5353982300884956,226
3114600,MG,Sudeste,1,0.7528089887640449,89
3114709,MG,Sudeste,1,0.8484848484848485,66
3114808,MG,Sudeste,0,0.7368421052631579,76
3114907,MG,Sudeste,1,0.7941176470588235,34
3115003,MG,Sudeste,1,0.6417910447761194,67
3115102,MG,Sudeste,1,0.7002881844380403,347
3115201,MG,Sudeste,1,0.6507936507936508,63
3115300,MG,Sudeste,1,0.44789579158316634,998
3115359,MG,Sudeste,1,0.6442307692307693,104
3115409,MG,Sudeste,0,0.6470588235294118,51
3115458,MG,Sudeste,0,0.5063829787234042,235
3115474,MG,Sudeste,0,0.6460176991150443,113
3115508,MG,Sudeste,1,0.6675603217158177,373
3115607,MG,Sudeste,1,0.7647058823529411,17
3115706,MG,Sudeste,1,0.5877862595419847,131
3115805,MG,Sudeste,1,0.8240740740740741,216
3115904,MG,Sudeste,1,0.3263157894736842,95
3116001,MG,Sudeste,0,0.6302521008403361,119
3116100,MG,Sudeste,0,0.5290322580645161,155
3116159,MG,Sudeste,0,0.5439429928741093,421
3116209,MG,Sudeste,1,0.6792452830188679,106
3116308,MG,Sudeste,0,0.6984126984126984,126
3116407,MG,Sudeste,1,0.7428571428571429,140
3116506,MG,Sudeste,1,0.673469387755102,147
3116605,MG,Sudeste,1,0.6748911465892597,689
3116704,MG,Sudeste,1,0.7888198757763976,161
3116803,MG,Sudeste,0,0.7564102564102564,156
3116902,MG,Sudeste,1,0.5119047619047619,84
3117009,MG,Sudeste,0,0.6162790697674418,86
3117108,MG,Sudeste,1,0.6585365853658537,246
3117207,MG,Sudeste,1,0.6507936507936508,63
3117306,MG,Sudeste,1,0.5129310344827587,696
3117405,MG,Sudeste,1,0.7297297297297297,37
3117504,MG,Sudeste,0,0.5888888888888889,540
3117603,MG,Sudeste,1,0.6608695652173913,115
3117702,MG,Sudeste,1,0.825938566552901,293
3117801,MG,Sudeste,1,0.6147186147186147,231
3117836,MG,Sudeste,0,0.5339805825242718,103
3117876,MG,Sudeste,1,0.4838709677419355,186
3117900,MG,Sudeste,1,0.7255639097744361,266
3118007,MG,Sudeste,1,0.5746153846153846,1300
3118106,MG,Sudeste,0,0.7,80
3118205,MG,Sudeste,1,0.5454545454545454,165
3118304,MG,Sudeste,1,0.701655512504403,2839
3118403,MG,Sudeste,1,0.5995717344753747,467
3118502,MG,Sudeste,1,0.4722222222222222,36
3118601,MG,Sudeste,1,0.5228100607111882,11530
3118700,MG,Sudeste,1,0.6949152542372882,177
3118809,MG,Sudeste,0,0.6880530973451328,452
3118908,MG,Sudeste,1,0.6640625,128
3119005,MG,Sudeste,1,0.5802469135802469,81
3119104,MG,Sudeste,1,0.5979166666666667,480
3119203,MG,Sudeste,0,0.6115702479338843,121
3119302,MG,Sudeste,1,0.7001569858712716,637
3119401,MG,Sudeste,1,0.4655270655270655,1755
3119500,MG,Sudeste,0,0.6907894736842105,152
3119609,MG,Sudeste,1,0.6610169491525424,59
3119708,MG,Sudeste,1,0.797979797979798,99
3119807,MG,Sudeste,1,0.765625,64
3119906,MG,Sudeste,1,0.8279569892473119,93
3119955,MG,Sudeste,1,0.7578125,128
3120003,MG,Sudeste,0,0.4931506849315068,73
3120102,MG,Sudeste,1,0.6526315789473685,95
3120151,MG,Sudeste,0,0.45112781954887216,133
3120201,MG,Sudeste,1,0.75,244
3120300,MG,Sudeste,0,0.3893805309734513,113
3120409,MG,Sudeste,1,0.7663551401869159,107
3120508,MG,Sudeste,1,0.7101449275362319,207
3120607,MG,Sudeste,1,0.8214285714285714,112
3120706,MG,Sudeste,1,0.695364238410596,151
3120805,MG,Sudeste,1,0.7833333333333333,300
3120839,MG,Sudeste,0,0.7117117117117117,111
3120870,MG,Sudeste,0,0.7772727272727272,220
3120904,MG,Sudeste,1,0.6168903803131991,1788
3121001,MG,Sudeste,1,0.8303030303030303,165
3121100,MG,Sudeste,1,0.7304347826086957,115
3121209,MG,Sudeste,1,0.628140703517588,199
3121258,MG,Sudeste,1,0.42366412213740456,262
3121308,MG,Sudeste,1,0.5434782608695652,92
3121407,MG,Sudeste,1,0.7286821705426356,129
3121506,MG,Sudeste,1,0.7413793103448276,58
3121605,MG,Sudeste,1,0.6334256694367497,1083
3121704,MG,Sudeste,0,0.7258064516129032,62
3121803,MG,Sudeste,1,0.7758620689655172,116
3121902,MG,Sudeste,1,0.5631067961165048,103
3122009,MG,Sudeste,0,0.5584725536992841,419
3122108,MG,Sudeste,1,0.625,88
3122207,MG,Sudeste,1,0.7834394904458599,157
3122306,MG,Sudeste,1,0.6822888283378746,3670
3122355,MG,Sudeste,0,0.5679611650485437,206
3122405,MG,Sudeste,1,0.6149068322981367,161
3122454,MG,Sudeste,0,0.5434782608695652,184
3122470,MG,Sudeste,1,0.5783132530120482,83
3122504,MG,Sudeste,1,0.6666666666666666,108
3122603,MG,Sudeste,0,0.7142857142857143,77
3122702,MG,Sudeste,1,0.7171717171717171,99
3122801,MG,Sudeste,1,0.8305084745762712,59
3122900,MG,Sudeste,1,0.7092198581560284,141
3123007,MG,Sudeste,1,0.6735751295336787,193
3123106,MG,Sudeste,1,0.5377358490566038,106
3123205,MG,Sudeste,1,0.7086956521739131,230
3123304,MG,Sudeste,1,0.7570093457943925,107
3123403,MG,Sudeste,1,0.5428571428571428,35
3123502,MG,Sudeste,1,0.6944444444444444,36
3123528,MG,Sudeste,0,0.6233766233766234,154
3123601,MG,Sudeste,1,0.5586592178770949,537
3123700,MG,Sudeste,1,0.5594059405940595,202
3123809,MG,Sudeste,1,0.6266666666666667,150
3123858,MG,Sudeste,1,0.75,148
3123908,MG,Sudeste,1,0.8220640569395018,281
3124005,MG,Sudeste,1,0.6023054755043228,347
3124104,MG,Sudeste,1,0.5193936691930451,2243
3124203,MG,Sudeste,1,0.5869980879541109,523
3124302,MG,Sudeste,0,0.726984126984127,630
3124401,MG,Sudeste,1,0.6130653266331658,199
3124500,MG,Sudeste,1,0.6759259259259259,216
3124609,MG,Sudeste,1,0.7608695652173914,46
3124708,MG,Sudeste,1,0.8536585365853658,41
3124807,MG,Sudeste,1,0.6312056737588653,141
3124906,MG,Sudeste,1,0.5159574468085106,188
3125002,MG,Sudeste,1,0.49137931034482757,116
3125101,MG,Sudeste,1,0.55203895313451,1643
3125200,MG,Sudeste,1,0.7058823529411765,51
3125309,MG,Sudeste,1,0.2653061224489796,49
3125408,MG,Sudeste,1,0.7703703703703704,135
3125507,MG,Sudeste,1,0.7647058823529411,68
3125606,MG,Sudeste,0,0.5794871794871795,195
3125705,MG,Sudeste,1,0.6033057851239669,242
3125804,MG,Sudeste,1,0.5263157894736842,57
3125903,MG,Sudeste,0,0.8444444444444444,135
3125952,MG,Sudeste,0,0.5882352941176471,272
3126000,MG,Sudeste,1,0.6807228915662651,166
3126109,MG,Sudeste,1,0.687557603686636,1085
3126208,MG,Sudeste,0,0.6425531914893617,235
3126307,MG,Sudeste,1,0.4533333333333333,75
3126406,MG,Sudeste,1,0.6379310344827587,58
3126505,MG,Sudeste,0,0.8372093023255814,43
3126604,MG,Sudeste,0,0.32857142857142857,70
3126703,MG,Sudeste,0,0.3979591836734694,392
3126752,MG,Sudeste,0,0.7448979591836735,98
3126802,MG,Sudeste,0,0.5878378378378378,148
3126901,MG,Sudeste,1,0.5098039215686274,204
3126950,MG,Sudeste,0,0.725,40
3127008,MG,Sudeste,1,0.5875370919881305,337
3127057,MG,Sudeste,0,0.4421052631578947,95
3127073,MG,Sudeste,0,0.4576271186440678,118
3127107,MG,Sudeste,1,0.5579937304075235,1276
3127206,MG,Sudeste,1,0.5555555555555556,126
3127305,MG,Sudeste,1,0.5096774193548387,155
3127339,MG,Sudeste,0,0.5670103092783505,97
3127354,MG,Sudeste,0,0.6,30
3127370,MG,Sudeste,1,0.7931034482758621,58
3127388,MG,Sudeste,1,0.7101449275362319,69
3127404,MG,Sudeste,1,0.6634615384615384,104
3127503,MG,Sudeste,0,0.6886792452830188,106
3127602,MG,Sudeste,1,0.8007662835249042,261
3127701,MG,Sudeste,1,0.560093804963846,5117
3127800,MG,Sudeste,0,0.7110266159695817,263
3127909,MG,Sudeste,1,0.75,32
3128006,MG,Sudeste,1,0.5863570391872278,689
3128105,MG,Sudeste,1,0.6355140186915887,321
3128204,MG,Sudeste,0,0.6753246753246753,154
3128253,MG,Sudeste,1,0.515625,128
3128303,MG,Sudeste,1,0.631578947368421,418
3128402,MG,Sudeste,1,0.7548387096774194,155
3128501,MG,Sudeste,1,0.7323943661971831,71
3128600,MG,Sudeste,1,0.5897435897435898,156
3128709,MG,Sudeste,1,0.5581395348837209,989
3128808,MG,Sudeste,1,0.564625850340136,147
3128907,MG,Sudeste,1,0.6796116504854369,206
3129004,MG,Sudeste,1,0.5754716981132075,106
3129103,MG,Sudeste,1,0.7623762376237624,101
3129202,MG,Sudeste,1,0.5314685314685315,143
3129301,MG,Sudeste,1,0.4858490566037736,212
3129400,MG,Sudeste,1,0.8214285714285714,112
3129509,MG,Sudeste,1,0.5605095541401274,471
3129608,MG,Sudeste,0,0.6231884057971014,138
3129657,MG,Sudeste,0,0.6044776119402985,134
3129707,MG,Sudeste,1,0.5681159420289855,345
3129806,MG,Sudeste,1,0.5019880715705766,4024
3129905,MG,Sudeste,1,0.4936708860759494,79
3130002,MG,Sudeste,1,0.6041666666666666,48
3130051,MG,Sudeste,0,0.634703196347032,219
3130101,MG,Sudeste,1,0.5537948290241869,1199
3130200,MG,Sudeste,1,0.6588235294117647,255
3130309,MG,Sudeste,1,0.8671328671328671,143
3130408,MG,Sudeste,1,0.6884057971014492,138
3130507,MG,Sudeste,1,0.5376712328767124,292
3130556,MG,Sudeste,0,0.6974789915966386,119
3130606,MG,Sudeste,1,0.7894736842105263,114
3130655,MG,Sudeste,0,0.7102803738317757,107
3130705,MG,Sudeste,1,0.42207792207792205,154
3130804,MG,Sudeste,1,0.6666666666666666,48
3130903,MG,Sudeste,0,0.7294520547945206,292
3131000,MG,Sudeste,1,0.5797101449275363,138
3131109,MG,Sudeste,1,0.5763888888888888,144
3131158,MG,Sudeste,1,0.7110552763819096,398
3131208,MG,Sudeste,1,0.7322654462242563,437
3131307,MG,Sudeste,1,0.641897746967071,4616
3131406,MG,Sudeste,1,0.7108433734939759,83
3131505,MG,Sudeste,1,0.5394736842105263,152
3131604,MG,Sudeste,1,0.6283185840707964,113
3131703,MG,Sudeste,1,0.5600169061707523,2366
3131802,MG,Sudeste,0,0.6952380952380952,210
3131901,MG,Sudeste,1,0.6427046263345195,1405
3132008,MG,Sudeste,0,0.8,50
3132107,MG,Sudeste,0,0.5316804407713499,363
3132206,MG,Sudeste,1,0.6978193146417445,321
3132305,MG,Sudeste,0,0.5320754716981132,265
3132404,MG,Sudeste,1,0.6169405815423514,1582
3132503,MG,Sudeste,0,0.7160161507402423,743
3132602,MG,Sudeste,1,0.5857142857142857,70
3132701,MG,Sudeste,0,0.5042735042735043,468
3132800,MG,Sudeste,1,0.6666666666666666,36
3132909,MG,Sudeste,1,0.6575875486381323,257
3133006,MG,Sudeste,1,0.6695278969957081,233
3133105,MG,Sudeste,1,0.731404958677686,242
3133204,MG,Sudeste,1,0.6167400881057269,227
3133303,MG,Sudeste,0,0.4885844748858447,438
3133402,MG,Sudeste,1,0.6680851063829787,235
3133501,MG,Sudeste,1,0.7461300309597523,323
3133600,MG,Sudeste,1,0.5303430079155673,379
3133709,MG,Sudeste,1,0.6621621621621622,370
3133758,MG,Sudeste,1,0.8,255
3133808,MG,Sudeste,1,0.7067276290006531,1531
3133907,MG,Sudeste,0,0.8433734939759037,83
3134004,MG,Sudeste,0,0.45104895104895104,286
3134103,MG,Sudeste,1,0.6232876712328768,146
3134202,MG,Sudeste,1,0.581596339603457,1967
3134301,MG,Sudeste,1,0.672,125
3134400,MG,Sudeste,1,0.561963190184049,815
3134509,MG,Sudeste,1,0.5714285714285714,77
3134608,MG,Sudeste,1,0.6529284164859002,461
3134707,MG,Sudeste,0,0.4528985507246377,276
3134806,MG,Sudeste,1,0.6963350785340314,191
3134905,MG,Sudeste,1,0.6472795497185742,533
3135001,MG,Sudeste,1,0.7037037037037037,54
3135050,MG,Sudeste,1,0.4880952380952381,1176
3135076,MG,Sudeste,0,0.40789473684210525,76
3135100,MG,Sudeste,1,0.5813953488372093,1591
3135209,MG,Sudeste,0,0.4399744572158365,1566
3135308,MG,Sudeste,1,0.7142857142857143,112
3135357,MG,Sudeste,0,0.6307692307692307,195
3135407,MG,Sudeste,1,0.75,136
3135456,MG,Sudeste,0,0.58,100
3135506,MG,Sudeste,0,0.6762589928057554,278
3135605,MG,Sudeste,0,0.5222929936305732,157
3135704,MG,Sudeste,1,0.5284552845528455,123
3135803,MG,Sudeste,0,0.5316455696202531,395
3135902,MG,Sudeste,1,0.7304964539007093,141
3136009,MG,Sudeste,0,0.5087108013937283,287
3136108,MG,Sudeste,0,0.8163265306122449,49
3136207,MG,Sudeste,1,0.7034482758620689,1450
3136306,MG,Sudeste,1,0.6678352322524101,1141
3136405,MG,Sudeste,1,0.5483870967741935,93
3136504,MG,Sudeste,0,0.5297029702970297,202
3136520,MG,Sudeste,0,0.4536082474226804,97
3136553,MG,Sudeste,0,0.75,92
3136579,MG,Sudeste,0,0.8888888888888888,63
3136603,MG,Sudeste,1,0.6204819277108434,166
3136652,MG,Sudeste,1,0.5265151515151515,792
3136702,MG,Sudeste,1,0.432726837443141,8354
3136801,MG,Sudeste,0,0.5892857142857143,56
3136900,MG,Sudeste,1,0.7448979591836735,294
3136959,MG,Sudeste,0,0.3125,128
3137007,MG,Sudeste,0,0.3380952380952381,210
3137106,MG,Sudeste,1,0.6451612903225806,93
3137205,MG,Sudeste,1,0.7010027347310848,1097
3137304,MG,Sudeste,1,0.5,78
3137403,MG,Sudeste,1,0.7222222222222222,252
3137502,MG,Sudeste,1,0.6892523364485982,428
3137536,MG,Sudeste,1,0.7654867256637168,226
3137601,MG,Sudeste,1,0.5607814761215629,1382
3137700,MG,Sudeste,0,0.6325167037861915,449
3137809,MG,Sudeste,1,0.6365853658536585,410
3137908,MG,Sudeste,0,0.9642857142857143,56
3138005,MG,Sudeste,1,0.5545454545454546,110
3138104,MG,Sudeste,0,0.6324786324786325,117
3138203,MG,Sudeste,1,0.5623313545601727,1853
3138302,MG,Sudeste,1,0.7258064516129032,62
3138351,MG,Sudeste,1,0.7142857142857143,98
3138401,MG,Sudeste,1,0.5653179190751445,865
3138500,MG,Sudeste,1,0.5894736842105263,95
3138609,MG,Sudeste,1,0.5230263157894737,304
3138625,MG,Sudeste,1,0.5806451612903226,248
3138658,MG,Sudeste,1,0.6587677725118484,211
3138674,MG,Sudeste,0,0.7986577181208053,149
3138682,MG,Sudeste,0,0.6821705426356589,129
3138708,MG,Sudeste,1,0.7706422018348624,109
3138807,MG,Sudeste,1,0.7120253164556962,316
3138906,MG,Sudeste,1,0.6103896103896104,154
3139003,MG,Sudeste,1,0.7330246913580247,648
3139102,MG,Sudeste,1,0.6371681415929203,113
3139201,MG,Sudeste,0,0.6982543640897756,401
3139250,MG,Sudeste,0,0.5234375,128
3139300,MG,Sudeste,0,0.36754176610978523,419
3139409,MG,Sudeste,1,0.6073500967117988,2068
3139508,MG,Sudeste,1,0.6158798283261803,466
3139607,MG,Sudeste,1,0.5595238095238095,504
3139706,MG,Sudeste,1,0.6621621621621622,148
3139805,MG,Sudeste,1,0.61198738170347,317
3139904,MG,Sudeste,1,0.6796875,256
3140001,MG,Sudeste,1,0.55024595924104,1423
3140100,MG,Sudeste,1,0.5833333333333334,108
3140159,MG,Sudeste,1,0.6233062330623306,369
3140209,MG,Sudeste,1,0.6136363636363636,88
3140308,MG,Sudeste,1,0.6231884057971014,69
3140407,MG,Sudeste,0,0.7704918032786885,61
3140506,MG,Sudeste,1,0.6731391585760518,309
3140530,MG,Sudeste,1,0.735,200
3140555,MG,Sudeste,1,0.6161616161616161,198
3140605,MG,Sudeste,0,0.3020833333333333,96
3140704,MG,Sudeste,1,0.5862068965517241,957
3140803,MG,Sudeste,1,0.6,260
3140852,MG,Sudeste,0,0.30337078651685395,267
3140902,MG,Sudeste,1,0.7311411992263056,517
3141009,MG,Sudeste,1,0.7192982456140351,285
3141108,MG,Sudeste,1,0.5028506271379704,877
3141207,MG,Sudeste,1,0.8088235294117647,68
3141306,MG,Sudeste,1,0.7777777777777778,81
3141405,MG,Sudeste,0,0.6111111111111112,414
3141504,MG,Sudeste,0,0.64,100
3141603,MG,Sudeste,1,0.8666666666666667,150
3141702,MG,Sudeste,1,0.5283018867924528,106
3141801,MG,Sudeste,0,0.7130124777183601,561
3141900,MG,Sudeste,1,0.6075949367088608,79
3142007,MG,Sudeste,1,0.5339366515837104,221
3142106,MG,Sudeste,1,0.5303030303030303,132
3142205,MG,Sudeste,1,0.7684210526315789,190
3142254,MG,Sudeste,0,0.3855421686746988,83
3142304,MG,Sudeste,1,0.7762237762237763,143
3142403,MG,Sudeste,1,0.7486910994764397,191
3142502,MG,Sudeste,1,0.8484848484848485,33
3142601,MG,Sudeste,1,0.6548223350253807,197
3142700,MG,Sudeste,0,0.5611285266457681,319
3142809,MG,Sudeste,1,0.5826972010178118,393
3142908,MG,Sudeste,0,0.7543859649122807,342
3143005,MG,Sudeste,1,0.6978021978021978,182
3143104,MG,Sudeste,1,0.7115177610333692,929
3143153,MG,Sudeste,0,0.6,65
3143203,MG,Sudeste,1,0.4789473684210526,380
3143302,MG,Sudeste,1,0.6108338405356056,8215
3143401,MG,Sudeste,1,0.5831381733021077,427
3143450,MG,Sudeste,0,0.6442953020134228,149
3143500,MG,Sudeste,1,0.743455497382199,191
3143609,MG,Sudeste,1,0.8166666666666667,60
3143708,MG,Sudeste,0,0.7083333333333334,72
3143807,MG,Sudeste,1,0.743455497382199,191
3143906,MG,Sudeste,1,0.5929515418502203,2270
3144003,MG,Sudeste,0,0.6810344827586207,580
3144102,MG,Sudeste,1,0.5561497326203209,374
3144201,MG,Sudeste,0,0.5740740740740741,54
3144300,MG,Sudeste,1,0.5607476635514018,749
3144359,MG,Sudeste,1,0.6470588235294118,170
3144375,MG,Sudeste,1,0.53125,96
3144409,MG,Sudeste,1,0.7176470588235294,85
3144508,MG,Sudeste,1,0.8157894736842105,152
3144607,MG,Sudeste,1,0.604494382022472,445
3144656,MG,Sudeste,0,0.6049382716049383,162
3144672,MG,Sudeste,0,0.48,50
3144706,MG,Sudeste,1,0.6203966005665722,353
3144805,MG,Sudeste,1,0.6242774566473989,1903
3144904,MG,Sudeste,0,0.7966101694915254,59
3145000,MG,Sudeste,1,0.7061611374407583,422
3145059,MG,Sudeste,1,0.41228070175438597,114
3145109,MG,Sudeste,1,0.7153652392947103,397
3145208,MG,Sudeste,1,0.6031115524660708,3021
3145307,MG,Sudeste,0,0.7111517367458866,547
3145356,MG,Sudeste,0,0.5679611650485437,206
3145372,MG,Sudeste,0,0.7567567567567568,74
3145406,MG,Sudeste,1,0.6521739130434783,23
3145455,MG,Sudeste,0,0.7377049180327869,122
3145505,MG,Sudeste,1,0.7142857142857143,63
3145604,MG,Sudeste,1,0.7291381668946648,731
3145703,MG,Sudeste,1,0.7142857142857143,35
3145802,MG,Sudeste,1,0.5428571428571428,35
3145851,MG,Sudeste,1,0.6206896551724138,116
3145877,MG,Sudeste,0,0.6144578313253012,249
3145901,MG,Sudeste,1,0.6871165644171779,815
3146008,MG,Sudeste,1,0.6986027944111777,501
3146107,MG,Sudeste,1,0.6299924642049737,1327
3146206,MG,Sudeste,0,0.6408839779005525,181
3146255,MG,Sudeste,0,0.5774647887323944,142
3146305,MG,Sudeste,0,0.5012468827930174,401
3146404,MG,Sudeste,1,0.7528089887640449,89
3146503,MG,Sudeste,1,0.7261146496815286,157
3146552,MG,Sudeste,0,0.6694214876033058,121
3146602,MG,Sudeste,1,0.84,25
3146701,MG,Sudeste,1,0.5476190476190477,84
3146750,MG,Sudeste,0,0.5182481751824818,137
3146909,MG,Sudeste,1,0.5848484848484848,330
3147006,MG,Sudeste,1,0.6225716928769658,2162
3147105,MG,Sudeste,1,0.6214543579164518,1939
3147204,MG,Sudeste,1,0.6188118811881188,404
3147303,MG,Sudeste,1,0.6781002638522428,379
3147402,MG,Sudeste,1,0.5549019607843138,510
3147501,MG,Sudeste,1,0.37209302325581395,43
3147600,MG,Sudeste,1,0.7959183673469388,294
3147709,MG,Sudeste,1,0.7643312101910829,157
3147808,MG,Sudeste,1,0.7,40
3147907,MG,Sudeste,1,0.6918656056587091,2262
3147956,MG,Sudeste,0,0.8411214953271028,107
3148004,MG,Sudeste,1,0.6896673743807502,2826
3148103,MG,Sudeste,1,0.632183908045977,2175
3148202,MG,Sudeste,1,0.6890756302521008,119
3148301,MG,Sudeste,1,0.7357142857142858,140
3148400,MG,Sudeste,0,0.6936936936936937,111
3148509,MG,Sudeste,0,0.7751479289940828,169
3148608,MG,Sudeste,0,0.7290076335877863,262
3148707,MG,Sudeste,0,0.5361216730038023,526
3148756,MG,Sudeste,0,0.6439393939393939,132
3148806,MG,Sudeste,1,0.796875,64
3148905,MG,Sudeste,1,0.7794117647058824,68
3149002,MG,Sudeste,1,0.6617647058823529,68
3149101,MG,Sudeste,1,0.7025316455696202,158
3149150,MG,Sudeste,0,0.3626373626373626,182
3149200,MG,Sudeste,1,0.6395348837209303,86
3149309,MG,Sudeste,1,0.6151026392961877,1364
3149408,MG,Sudeste,1,0.6944444444444444,36
3149507,MG,Sudeste,1,0.4942528735632184,87
3149606,MG,Sudeste,1,0.6864406779661016,118
3149705,MG,Sudeste,1,0.7463556851311953,343
3149804,MG,Sudeste,1,0.6848249027237354,514
3149903,MG,Sudeste,1,0.710594315245478,387
3149952,MG,Sudeste,1,0.36923076923076925,195
3150000,MG,Sudeste,1,0.7777777777777778,108
3150109,MG,Sudeste,1,0.484375,64
3150158,MG,Sudeste,1,0.5985130111524164,269
3150208,MG,Sudeste,1,0.5053763440860215,93
3150307,MG,Sudeste,1,0.5116279069767442,86
3150406,MG,Sudeste,0,0.7549019607843137,102
3150505,MG,Sudeste,1,0.8142857142857143,140
3150539,MG,Sudeste,1,0.5112781954887218,133
3150570,MG,Sudeste,0,0.5280373831775701,214
3150604,MG,Sudeste,1,0.6974789915966386,119
3150703,MG,Sudeste,1,0.6470588235294118,187
3150802,MG,Sudeste,0,0.6401673640167364,239
3150901,MG,Sudeste,1,0.6326530612244898,98
3151008,MG,Sudeste,1,0.7235023041474654,217
3151107,MG,Sudeste,1,0.6,200
3151206,MG,Sudeste,1,0.5554711246200608,1316
3151305,MG,Sudeste,1,0.7761194029850746,268
3151404,MG,Sudeste,1,0.7258382642998028,507
3151503,MG,Sudeste,1,0.5820668693009119,658
3151602,MG,Sudeste,1,0.5045045045045045,333
3151701,MG,Sudeste,1,0.6795774647887324,284
3151800,MG,Sudeste,1,0.592930029154519,2744
3151909,MG,Sudeste,1,0.8482758620689655,145
3152006,MG,Sudeste,1,0.6185983827493261,742
3152105,MG,Sudeste,1,0.5776892430278885,1004
3152131,MG,Sudeste,0,0.6578947368421053,114
3152170,MG,Sudeste,0,0.6600985221674877,203
3152204,MG,Sudeste,0,0.6735537190082644,726
3152303,MG,Sudeste,0,0.8837209302325582,129
3152402,MG,Sudeste,0,0.5,282
3152501,MG,Sudeste,1,0.5582800284292821,2814
3152600,MG,Sudeste,1,0.72,125
3152709,MG,Sudeste,1,0.7876712328767124,146
3152808,MG,Sudeste,1,0.4714285714285714,770
3152907,MG,Sudeste,1,0.6857142857142857,175
3153004,MG,Sudeste,1,0.6576576576576577,111
3153103,MG,Sudeste,0,0.6666666666666666,72
3153202,MG,Sudeste,0,0.6590909090909091,44
3153301,MG,Sudeste,1,0.7469879518072289,83
3153400,MG,Sudeste,1,0.6988304093567251,342
3153509,MG,Sudeste,0,0.5865921787709497,179
3153608,MG,Sudeste,1,0.5518672199170125,241
3153707,MG,Sudeste,1,0.4406779661016949,59
3153806,MG,Sudeste,1,0.75,36
3153905,MG,Sudeste,1,0.5761589403973509,302
3154002,MG,Sudeste,1,0.6957605985037406,401
3154101,MG,Sudeste,1,0.5555555555555556,162
3154150,MG,Sudeste,0,0.6153846153846154,169
3154200,MG,Sudeste,1,0.6403940886699507,203
3154309,MG,Sudeste,1,0.5661016949152542,295
3154408,MG,Sudeste,1,0.6262626262626263,99
3154457,MG,Sudeste,0,0.6627218934911243,169
3154507,MG,Sudeste,0,0.6540880503144654,159
3154606,MG,Sudeste,1,0.49407164480322907,7928
3154705,MG,Sudeste,1,0.5925925925925926,81
3154804,MG,Sudeste,1,0.497907949790795,239
3154903,MG,Sudeste,1,0.5625,256
3155009,MG,Sudeste,1,0.8571428571428571,56
3155108,MG,Sudeste,0,0.6216216216216216,111
3155207,MG,Sudeste,0,0.7164179104477612,67
3155306,MG,Sudeste,1,0.78125,96
3155405,MG,Sudeste,1,0.4898989898989899,198
3155504,MG,Sudeste,1,0.6071428571428571,392
3155603,MG,Sudeste,0,0.739413680781759,614
3155702,MG,Sudeste,1,0.6826923076923077,312
3155801,MG,Sudeste,1,0.629080118694362,337
3155900,MG,Sudeste,1,0.578125,64
3156007,MG,Sudeste,0,0.5577889447236181,199
3156106,MG,Sudeste,1,0.6710526315789473,76
3156205,MG,Sudeste,1,0.46875,64
3156304,MG,Sudeste,1,0.6271186440677966,236
3156403,MG,Sudeste,1,0.6176470588235294,68
3156452,MG,Sudeste,1,0.5465116279069767,86
3156502,MG,Sudeste,0,0.8152173913043478,92
3156601,MG,Sudeste,1,0.7272727272727273,154
3156700,MG,Sudeste,1,0.565118912797282,2649
3156809,MG,Sudeste,0,0.5962264150943396,265
3156908,MG,Sudeste,1,0.6181318681318682,728
3157005,MG,Sudeste,1,0.7182044887780549,802
3157104,MG,Sudeste,0,0.4873417721518987,158
3157203,MG,Sudeste,1,0.6243016759776536,716
3157252,MG,Sudeste,0,0.5493827160493827,162
3157278,MG,Sudeste,1,0.4931506849315068,73
3157302,MG,Sudeste,1,0.6494845360824743,97
3157336,MG,Sudeste,1,0.4840764331210191,157
3157377,MG,Sudeste,0,0.796875,64
3157401,MG,Sudeste,1,0.5789473684210527,57
3157500,MG,Sudeste,0,0.58,100
3157609,MG,Sudeste,0,0.5,80
3157658,MG,Sudeste,0,0.5144508670520231,173
3157708,MG,Sudeste,1,0.5761589403973509,453
3157807,MG,Sudeste,1,0.5421091175393629,5462
3157906,MG,Sudeste,0,0.5982905982905983,351
3158003,MG,Sudeste,1,0.5854700854700855,234
3158102,MG,Sudeste,0,0.4778761061946903,113
3158201,MG,Sudeste,0,0.7405857740585774,239
3158300,MG,Sudeste,1,0.7272727272727273,143
3158409,MG,Sudeste,1,0.75,48
3158508,MG,Sudeste,0,0.5384615384615384,104
3158607,MG,Sudeste,1,0.5612244897959183,98
3158706,MG,Sudeste,1,0.5645161290322581,62
3158805,MG,Sudeste,1,0.7888888888888889,90
3158904,MG,Sudeste,0,0.776595744680851,188
3158953,MG,Sudeste,1,0.6430517711171662,734
3159001,MG,Sudeste,1,0.6323529411764706,136
3159100,MG,Sudeste,1,0.7209302325581395,43
3159209,MG,Sudeste,1,0.8257575757575758,132
3159308,MG,Sudeste,1,0.58,100
3159357,MG,Sudeste,1,0.592,125
3159407,MG,Sudeste,0,0.7090909090909091,55
3159506,MG,Sudeste,0,0.6666666666666666,126
3159605,MG,Sudeste,1,0.6306413301662708,842
3159704,MG,Sudeste,1,0.6868686868686869,99
3159803,MG,Sudeste,1,0.6153846153846154,507
3159902,MG,Sudeste,1,0.7754010695187166,374
3160009,MG,Sudeste,1,0.5357142857142857,56
3160108,MG,Sudeste,1,0.8557692307692307,104
3160207,MG,Sudeste,0,0.4027777777777778,72
3160306,MG,Sudeste,0,0.5277777777777778,216
3160405,MG,Sudeste,1,0.7917414721723519,557
3160454,MG,Sudeste,0,0.6827586206896552,145
3160504,MG,Sudeste,1,0.7407407407407407,27
3160603,MG,Sudeste,0,0.7272727272727273,33
3160702,MG,Sudeste,1,0.5917496443812233,703
3160801,MG,Sudeste,1,0.6592592592592592,135
3160900,MG,Sudeste,1,0.680672268907563,119
3160959,MG,Sudeste,1,0.9122807017543859,171
3161007,MG,Sudeste,1,0.7198581560283688,282
3161056,MG,Sudeste,1,0.5747126436781609,87
3161106,MG,Sudeste,0,0.48777078965758214,1431
3161205,MG,Sudeste,1,0.7591240875912408,137
3161304,MG,Sudeste,1,0.6549295774647887,142
3161403,MG,Sudeste,1,0.6039603960396039,101
3161502,MG,Sudeste,1,0.8125,192
3161601,MG,Sudeste,0,0.6607142857142857,56
3161650,MG,Sudeste,1,0.6710526315789473,76
3161700,MG,Sudeste,1,0.8048780487804879,123
3161809,MG,Sudeste,1,0.6710526315789473,228
3161908,MG,Sudeste,1,0.817629179331307,329
3162005,MG,Sudeste,1,0.7120921305182342,521
3162104,MG,Sudeste,1,0.5788546255506608,1135
3162203,MG,Sudeste,1,0.7653631284916201,179
3162252,MG,Sudeste,0,0.6111111111111112,108
3162302,MG,Sudeste,1,0.7377049180327869,61
3162401,MG,Sudeste,0,0.6144278606965174,402
3162450,MG,Sudeste,0,0.12249443207126949,449
3162500,MG,Sudeste,1,0.6403681788297173,1521
3162559,MG,Sudeste,1,0.7075471698113207,318
3162575,MG,Sudeste,1,0.708029197080292,137
3162609,MG,Sudeste,1,0.7228915662650602,166
3162658,MG,Sudeste,0,0.7,60
3162708,MG,Sudeste,0,0.6932515337423313,489
3162807,MG,Sudeste,1,0.7222222222222222,306
3162906,MG,Sudeste,1,0.6113445378151261,476
3162922,MG,Sudeste,1,0.593681917211329,918
3162948,MG,Sudeste,1,0.6666666666666666,225
3162955,MG,Sudeste,1,0.6580937972768532,661
3163003,MG,Sudeste,0,0.5,84
3163102,MG,Sudeste,1,0.6226415094339622,106
3163201,MG,Sudeste,1,0.7475728155339806,103
3163300,MG,Sudeste,0,0.5862068965517241,87
3163409,MG,Sudeste,1,0.86,50
3163508,MG,Sudeste,0,0.6535433070866141,127
3163607,MG,Sudeste,0,0.65,60
3163706,MG,Sudeste,1,0.6795895096921323,877
3163805,MG,Sudeste,1,0.7295081967213115,122
3163904,MG,Sudeste,1,0.8558558558558559,111
3164001,MG,Sudeste,1,0.689922480620155,129
3164100,MG,Sudeste,0,0.7252747252747253,91
3164209,MG,Sudeste,0,0.6062176165803109,193
3164308,MG,Sudeste,1,0.6181818181818182,110
3164407,MG,Sudeste,1,0.6971428571428572,175
3164431,MG,Sudeste,1,0.6909090909090909,55
3164472,MG,Sudeste,1,0.6506024096385542,166
3164506,MG,Sudeste,0,0.7052631578947368,95
3164605,MG,Sudeste,1,0.6774193548387096,279
3164704,MG,Sudeste,1,0.654510556621881,1563
3164803,MG,Sudeste,1,0.7391304347826086,23
3164902,MG,Sudeste,1,0.7906976744186046,43
3165008,MG,Sudeste,1,0.8614718614718615,231
3165107,MG,Sudeste,1,0.7333333333333333,150
3165206,MG,Sudeste,1,0.8098591549295775,142
3165305,MG,Sudeste,1,0.6466666666666666,150
3165404,MG,Sudeste,1,0.5855263157894737,152
3165503,MG,Sudeste,1,0.6486486486486487,111
3165537,MG,Sudeste,1,0.7391713747645952,1062
3165552,MG,Sudeste,0,0.5204918032786885,244
3165560,MG,Sudeste,1,0.8,30
3165578,MG,Sudeste,1,0.5169811320754717,265
3165602,MG,Sudeste,1,0.5531914893617021,47
3165701,MG,Sudeste,1,0.7619047619047619,189
3165800,MG,Sudeste,1,0.4,30
3165909,MG,Sudeste,0,0.7619047619047619,63
3166006,MG,Sudeste,1,0.7964601769911505,113
3166105,MG,Sudeste,0,0.5,62
3166204,MG,Sudeste,0,0.8364779874213837,159
3166303,MG,Sudeste,0,0.7664233576642335,137
3166402,MG,Sudeste,1,0.6326530612244898,49
3166501,MG,Sudeste,0,0.5737704918032787,61
3166600,MG,Sudeste,1,0.8181818181818182,11
3166709,MG,Sudeste,0,0.5080213903743316,187
3166808,MG,Sudeste,1,0.5642317380352645,397
3166907,MG,Sudeste,1,0.6804733727810651,169
3166956,MG,Sudeste,0,0.9142857142857143,70
3167004,MG,Sudeste,1,0.6046511627906976,43
3167103,MG,Sudeste,0,0.6547619047619048,336
3167202,MG,Sudeste,1,0.5792522380200106,3798
3167301,MG,Sudeste,1,0.8913043478260869,46
3167400,MG,Sudeste,1,0.6444444444444445,135
3167509,MG,Sudeste,1,0.29411764705882354,51
3167608,MG,Sudeste,0,0.6081370449678801,467
3167707,MG,Sudeste,0,0.6404494382022472,89
3167806,MG,Sudeste,1,0.7559055118110236,127
3167905,MG,Sudeste,1,0.74,100
3168002,MG,Sudeste,1,0.7361282367447596,811
3168051,MG,Sudeste,0,0.5932203389830508,59
3168101,MG,Sudeste,1,0.6170212765957447,141
3168200,MG,Sudeste,1,0.7272727272727273,33
3168309,MG,Sudeste,1,0.7058823529411765,119
3168408,MG,Sudeste,1,0.5961538461538461,208
3168507,MG,Sudeste,1,0.6578947368421053,190
3168606,MG,Sudeste,1,0.5326285089318264,2743
3168705,MG,Sudeste,1,0.6842475386779184,1422
3168804,MG,Sudeste,1,0.5547945205479452,146
3168903,MG,Sudeste,1,0.6301369863013698,146
3169000,MG,Sudeste,1,0.5797101449275363,345
3169059,MG,Sudeste,1,0.8,55
3169109,MG,Sudeste,1,0.7012987012987013,231
3169208,MG,Sudeste,1,0.6666666666666666,153
3169307,MG,Sudeste,1,0.5459501557632399,1284
3169356,MG,Sudeste,1,0.696875,640
3169406,MG,Sudeste,1,0.6829493087557603,1085
3169505,MG,Sudeste,1,0.46308724832214765,149
3169604,MG,Sudeste,1,0.44271844660194176,515
3169703,MG,Sudeste,1,0.6658595641646489,413
3169802,MG,Sudeste,1,0.631578947368421,133
3169901,MG,Sudeste,1,0.6479832372970141,1909
3170008,MG,Sudeste,0,0.616822429906542,214
3170057,MG,Sudeste,1,0.6046511627906976,344
3170107,MG,Sudeste,1,0.4821479577263639,7002
3170206,MG,Sudeste,1,0.500641588437901,14807
3170305,MG,Sudeste,1,0.5394736842105263,76
3170404,MG,Sudeste,1,0.5734304932735426,1784
3170438,MG,Sudeste,1,0.5957446808510638,94
3170479,MG,Sudeste,1,0.6129032258064516,93
3170503,MG,Sudeste,1,0.5853658536585366,205
3170529,MG,Sudeste,0,0.6132075471698113,212
3170578,MG,Sudeste,1,0.7686567164179104,134
3170602,MG,Sudeste,1,0.5757575757575758,33
3170651,MG,Sudeste,0,0.7166666666666667,120
3170701,MG,Sudeste,1,0.5426425099425541,2263
3170750,MG,Sudeste,1,0.6816326530612244,245
3170800,MG,Sudeste,1,0.6111929307805597,679
3170909,MG,Sudeste,0,0.5678670360110804,361
3171006,MG,Sudeste,1,0.506265664160401,399
3171030,MG,Sudeste,0,0.37142857142857144,175
3171071,MG,Sudeste,1,0.6693548387096774,124
3171105,MG,Sudeste,1,0.6710526315789473,76
3171154,MG,Sudeste,1,0.7692307692307693,104
3171204,MG,Sudeste,1,0.5732407127755965,3311
3171303,MG,Sudeste,1,0.6429780033840947,1182
3171402,MG,Sudeste,1,0.5679012345679012,81
3171501,MG,Sudeste,1,0.4945054945054945,91
3171600,MG,Sudeste,0,0.595,200
3171709,MG,Sudeste,1,0.5818181818181818,165
3171808,MG,Sudeste,1,0.5163636363636364,275
3171907,MG,Sudeste,1,0.7922077922077922,77
3172004,MG,Sudeste,1,0.6501950585175552,769
3172103,MG,Sudeste,1,0.5783132530120482,83
3172202,MG,Sudeste,1,0.5344827586206896,58
3200102,ES,Sudeste,1,0.8571428571428571,651
3200136,ES,Sudeste,1,0.8737864077669902,309
3200169,ES,Sudeste,0,0.7258566978193146,321
3200201,ES,Sudeste,1,0.7421602787456446,574
3200300,ES,Sudeste,1,0.7649572649572649,234
3200359,ES,Sudeste,0,0.7091836734693877,196
3200409,ES,Sudeste,1,0.7820069204152249,867
3200508,ES,Sudeste,1,0.581081081081081,148
3200607,ES,Sudeste,1,0.6277010272759476,2823
3200706,ES,Sudeste,1,0.700374531835206,267
3200805,ES,Sudeste,1,0.6231231231231231,666
3200904,ES,Sudeste,1,0.7659980897803247,1047
3201001,ES,Sudeste,1,0.7740492170022372,447
3201100,ES,Sudeste,1,0.5862068965517241,232
3201159,ES,Sudeste,1,0.7405660377358491,424
3201209,ES,Sudeste,1,0.6110328638497653,4260
3201308,ES,Sudeste,1,0.5319351763584366,10490
3201407,ES,Sudeste,1,0.7045143638850889,731
3201506,ES,Sudeste,1,0.6800929512006196,2582
3201605,ES,Sudeste,1,0.6712962962962963,864
3201704,ES,Sudeste,1,0.7886435331230284,317
3201803,ES,Sudeste,1,0.5923076923076923,130
3201902,ES,Sudeste,1,0.7607934655775963,857
3202009,ES,Sudeste,1,0.7843137254901961,204
3202108,ES,Sudeste,1,0.7276595744680852,470
3202207,ES,Sudeste,1,0.5466101694915254,472
3202256,ES,Sudeste,1,0.6693548387096774,248
3202306,ES,Sudeste,1,0.7114093959731543,745
3202405,ES,Sudeste,1,0.6592529227259766,3507
3202454,ES,Sudeste,1,0.7554054054054054,740
3202504,ES,Sudeste,1,0.6597938144329897,291
3202553,ES,Sudeste,1,0.7560240963855421,332
3202603,ES,Sudeste,1,0.6713286713286714,286
3202652,ES,Sudeste,0,0.6685714285714286,350
3202702,ES,Sudeste,1,0.7428571428571429,280
3202801,ES,Sudeste,1,0.6308610400682012,1173
3202900,ES,Sudeste,1,0.7846153846153846,195
3203007,ES,Sudeste,1,0.6646489104116223,826
3203056,ES,Sudeste,1,0.6969376979936642,947
3203106,ES,Sudeste,1,0.7005988023952096,334
3203130,ES,Sudeste,1,0.645367412140575,313
3203163,ES,Sudeste,1,0.8601398601398601,143
3203205,ES,Sudeste,1,0.5787815126050421,4760
3203304,ES,Sudeste,1,0.8835820895522388,335
3203320,ES,Sudeste,1,0.6310240963855421,1328
3203346,ES,Sudeste,1,0.7494736842105263,475
3203353,ES,Sudeste,1,0.6877076411960132,301
3203403,ES,Sudeste,1,0.6232741617357002,507
3203502,ES,Sudeste,1,0.6153846153846154,507
3203601,ES,Sudeste,1,0.7973856209150327,153
3203700,ES,Sudeste,1,0.8076923076923077,468
3203809,ES,Sudeste,1,0.6773049645390071,282
3203908,ES,Sudeste,1,0.7731239092495636,1146
3204005,ES,Sudeste,0,0.7780898876404494,356
3204054,ES,Sudeste,1,0.6940509915014165,706
3204104,ES,Sudeste,1,0.7484177215189873,632
3204203,ES,Sudeste,1,0.6138211382113821,738
3204252,ES,Sudeste,1,0.7202072538860104,193
3204302,ES,Sudeste,1,0.6199524940617577,421
3204351,ES,Sudeste,1,0.7118959107806692,538
3204401,ES,Sudeste,1,0.71484375,256
3204500,ES,Sudeste,0,0.7466666666666667,225
3204559,ES,Sudeste,1,0.8107843137254902,1020
3204609,ES,Sudeste,1,0.7537154989384289,471
3204658,ES,Sudeste,0,0.7631578947368421,228
3204708,ES,Sudeste,1,0.7064935064935065,770
3204807,ES,Sudeste,1,0.6212121212121212,264
3204906,ES,Sudeste,1,0.6219475429605065,3317
3204955,ES,Sudeste,1,0.7421875,256
3205002,ES,Sudeste,1,0.5182778762223534,15237
3205010,ES,Sudeste,1,0.6286019210245464,937
3205036,ES,Sudeste,1,0.6484375,512
3205069,ES,Sudeste,1,0.7874149659863946,588
3205101,ES,Sudeste,1,0.6313853698406212,2447
3205150,ES,Sudeste,0,0.618421052631579,152
3205176,ES,Sudeste,1,0.7555066079295154,454
3205200,ES,Sudeste,1,0.5982650005163689,9683
3205309,ES,Sudeste,1,0.6353891820580475,6064
3300100,RJ,Sudeste,1,0.5033175355450237,4220
3300159,RJ,Sudeste,1,0.6,205
3300209,RJ,Sudeste,1,0.4220566318926975,3355
3300225,RJ,Sudeste,1,0.5044776119402985,335
3300233,RJ,Sudeste,1,0.5645780051150895,1564
3300258,RJ,Sudeste,1,0.42950108459869846,922
3300308,RJ,Sudeste,1,0.37441006816990036,1907
3300407,RJ,Sudeste,1,0.525897586815774,3398
3300456,RJ,Sudeste,1,0.279299602535181,9309
3300506,RJ,Sudeste,1,0.518324607329843,573
3300605,RJ,Sudeste,1,0.5232383808095952,667
3300704,RJ,Sudeste,1,0.4253847484004842,5783
3300803,RJ,Sudeste,1,0.3972602739726027,1314
3300902,RJ,Sudeste,1,0.6097560975609756,246
3300936,RJ,Sudeste,1,0.45027624309392267,362
3300951,RJ,Sudeste,1,0.5217391304347826,230
3301009,RJ,Sudeste,1,0.3221586263286999,9784
3301108,RJ,Sudeste,1,0.4740566037735849,424
3301157,RJ,Sudeste,1,0.2898172323759791,383
3301207,RJ,Sudeste,1,0.48328267477203646,329
3301306,RJ,Sudeste,1,0.4723336006415397,1247
3301405,RJ,Sudeste,1,0.45353982300884954,452
3301504,RJ,Sudeste,1,0.5511221945137157,401
3301603,RJ,Sudeste,1,0.5625,320
3301702,RJ,Sudeste,1,0.3760251990966362,16826
3301801,RJ,Sudeste,1,0.5238095238095238,231
3301850,RJ,Sudeste,1,0.40860973888496827,1417
3301876,RJ,Sudeste,1,0.5499351491569391,771
3301900,RJ,Sudeste,1,0.4279324055666004,6036
3302007,RJ,Sudeste,1,0.35272521886472746,3541
3302056,RJ,Sudeste,1,0.5190839694656488,262
3302106,RJ,Sudeste,1,0.5720720720720721,444
3302205,RJ,Sudeste,1,0.5962772785622593,1558
3302254,RJ,Sudeste,1,0.5203761755485894,957
3302270,RJ,Sudeste,1,0.30806213017751477,2704
3302304,RJ,Sudeste,1,0.4046242774566474,173
3302403,RJ,Sudeste,1,0.4799500485638962,7207
3302452,RJ,Sudeste,1,0.6547085201793722,223
3302502,RJ,Sudeste,1,0.3977635782747604,6886
3302601,RJ,Sudeste,1,0.3572621035058431,1198
3302700,RJ,Sudeste,1,0.4866990515845478,4323
3302809,RJ,Sudeste,1,0.49184782608695654,368
3302858,RJ,Sudeste,1,0.29677633765370554,3009
3302908,RJ,Sudeste,1,0.5429616087751371,547
3303005,RJ,Sudeste,1,0.5899814471243042,539
3303104,RJ,Sudeste,1,0.5035211267605634,284
3303203,RJ,Sudeste,1,0.37572254335260113,2076
3303302,RJ,Sudeste,1,0.3965681601525262,6294
3303401,RJ,Sudeste,1,0.5637860082304527,3888
3303500,RJ,Sudeste,1,0.27035748180955393,15805
3303609,RJ,Sudeste,1,0.5661434977578476,892
3303708,RJ,Sudeste,1,0.39532293986636974,898
3303807,RJ,Sudeste,1,0.370304114490161,1118
3303856,RJ,Sudeste,1,0.5650349650349651,715
3303906,RJ,Sudeste,1,0.5306267806267806,5616
3303955,RJ,Sudeste,1,0.5083459787556904,659
3304003,RJ,Sudeste,1,0.5126475548060708,593
3304102,RJ,Sudeste,1,0.3763440860215054,279
3304110,RJ,Sudeste,1,0.546112115732369,553
3304128,RJ,Sudeste,1,0.4797047970479705,271
3304144,RJ,Sudeste,1,0.3105964467005076,3152
3304151,RJ,Sudeste,1,0.5493150684931507,730
3304201,RJ,Sudeste,1,0.5860805860805861,2457
3304300,RJ,Sudeste,1,0.46402349486049926,1362
3304409,RJ,Sudeste,1,0.5842391304347826,368
3304508,RJ,Sudeste,1,0.5555555555555556,216
3304524,RJ,Sudeste,1,0.5573400250941029,3985
3304557,RJ,Sudeste,1,0.5142064213598737,104495
3304607,RJ,Sudeste,1,0.5681818181818182,176
3304706,RJ,Sudeste,1,0.6356164383561644,730
3304755,RJ,Sudeste,0,0.36547811993517015,1234
3304805,RJ,Sudeste,1,0.32871536523929473,794
3304904,RJ,Sudeste,1,0.35396239992803813,11117
3305000,RJ,Sudeste,1,0.4506531204644412,1378
3305109,RJ,Sudeste,1,0.2928863946610041,6593
3305133,RJ,Sudeste,1,0.7054263565891473,129
3305158,RJ,Sudeste,1,0.6506238859180036,561
3305208,RJ,Sudeste,1,0.45145985401459854,2740
3305307,RJ,Sudeste,1,0.4695121951219512,164
3305406,RJ,Sudeste,1,0.5724137931034483,435
3305505,RJ,Sudeste,1,0.5282159130739572,2853
3305554,RJ,Sudeste,1,0.3969559851912793,2431
3305604,RJ,Sudeste,1,0.46904024767801855,646
3305703,RJ,Sudeste,0,0.471563981042654,422
3305752,RJ,Sudeste,1,0.48376259798432253,893
3305802,RJ,Sudeste,1,0.5129476584022039,3630
3305901,RJ,Sudeste,0,0.6956521739130435,138
3306008,RJ,Sudeste,1,0.45012626262626265,1584
3306107,RJ,Sudeste,1,0.4852686308492201,1731
3306156,RJ,Sudeste,1,0.6363636363636364,165
3306206,RJ,Sudeste,1,0.5431654676258992,834
3306305,RJ,Sudeste,1,0.5212524334847501,6164
3500105,SP,Sudeste,1,0.6139534883720931,215
3500204,SP,Sudeste,1,0.8260869565217391,46
3500303,SP,Sudeste,1,0.538083538083538,407
3500402,SP,Sudeste,1,0.5818181818181818,55
3500501,SP,Sudeste,1,0.3932038834951456,206
3500550,SP,Sudeste,1,0.4636363636363636,110
3500600,SP,Sudeste,1,0.7391304347826086,46
3500709,SP,Sudeste,1,0.5922865013774105,363
3500758,SP,Sudeste,1,0.5492957746478874,71
3500808,SP,Sudeste,1,0.7297297297297297,37
3500907,SP,Sudeste,1,0.5151515151515151,33
3501004,SP,Sudeste,1,0.6306818181818182,176
3501103,SP,Sudeste,1,0.6829268292682927,41
3501152,SP,Sudeste,1,0.49514563106796117,206
3501202,SP,Sudeste,1,0.6956521739130435,23
3501301,SP,Sudeste,1,0.667910447761194,268
3501400,SP,Sudeste,1,0.5454545454545454,33
3501509,SP,Sudeste,1,0.8979591836734694,49
3501608,SP,Sudeste,1,0.6013431013431013,1638
3501707,SP,Sudeste,1,0.6414141414141414,396
3501806,SP,Sudeste,1,0.7073170731707317,41
3501905,SP,Sudeste,1,0.5594795539033457,538
3502002,SP,Sudeste,1,0.6376811594202898,69
3502101,SP,Sudeste,1,0.6162790697674418,516
3502200,SP,Sudeste,1,0.5361216730038023,263
3502309,SP,Sudeste,1,0.4025974025974026,77
3502408,SP,Sudeste,1,0.5348837209302325,43
3502507,SP,Sudeste,1,0.5,346
3502606,SP,Sudeste,1,0.7857142857142857,42
3502705,SP,Sudeste,1,0.7153284671532847,274
3502754,SP,Sudeste,1,0.4900398406374502,251
3502804,SP,Sudeste,1,0.6396501457725947,1715
3502903,SP,Sudeste,1,0.5,422
3503000,SP,Sudeste,1,0.6842105263157895,57
3503109,SP,Sudeste,1,0.5111111111111111,90
3503158,SP,Sudeste,1,0.34615384615384615,26
3503208,SP,Sudeste,1,0.6010768477728831,2043
3503307,SP,Sudeste,1,0.6074933095450491,1121
3503356,SP,Sudeste,1,0.7727272727272727,22
3503406,SP,Sudeste,1,0.7157894736842105,95
3503505,SP,Sudeste,1,0.4594594594594595,37
3503604,SP,Sudeste,1,0.7205882352941176,136
3503703,SP,Sudeste,1,0.7910447761194029,67
3503802,SP,Sudeste,1,0.5083179297597042,541
3503901,SP,Sudeste,1,0.5641492265696088,1099
3503950,SP,Sudeste,1,0.9545454545454546,22
3504008,SP,Sudeste,1,0.4994786235662148,959
3504107,SP,Sudeste,1,0.6023900054318305,1841
3504206,SP,Sudeste,1,0.7027027027027027,111
3504305,SP,Sudeste,1,0.49122807017543857,57
3504404,SP,Sudeste,1,0.7109375,128
3504503,SP,Sudeste,1,0.4698133918770582,911
3504602,SP,Sudeste,1,0.5567375886524822,282
3504701,SP,Sudeste,1,1.0,10
3504800,SP,Sudeste,1,0.7142857142857143,84
3504909,SP,Sudeste,1,0.5121951219512195,82
3505005,SP,Sudeste,1,0.5652173913043478,46
3505104,SP,Sudeste,1,0.5517241379310345,87
3505203,SP,Sudeste,1,0.6823104693140795,277
3505302,SP,Sudeste,1,0.7456140350877193,228
3505351,SP,Sudeste,0,0.5714285714285714,56
3505401,SP,Sudeste,0,0.3220338983050847,59
3505500,SP,Sudeste,1,0.5165094339622641,1272
3505609,SP,Sudeste,1,0.4575,400
3505708,SP,Sudeste,1,0.5877755511022044,4990
3505807,SP,Sudeste,1,0.4406779661016949,236
3505906,SP,Sudeste,1,0.5544554455445545,505
3506003,SP,Sudeste,1,0.5239887111947319,3189
3506102,SP,Sudeste,1,0.4952681388012618,634
3506201,SP,Sudeste,1,0.7714285714285715,35
3506300,SP,Sudeste,1,0.43137254901960786,102
3506359,SP,Sudeste,1,0.6409523809523809,1050
3506409,SP,Sudeste,1,0.7083333333333334,72
3506508,SP,Sudeste,1,0.7460901563937442,1087
3506607,SP,Sudeste,1,0.43526170798898073,363
3506706,SP,Sudeste,1,0.52,150
3506805,SP,Sudeste,1,0.425,80
3506904,SP,Sudeste,1,0.6220472440944882,127
3507001,SP,Sudeste,1,0.6295264623955432,718
3507100,SP,Sudeste,1,0.490625,320
3507159,SP,Sudeste,1,0.5357142857142857,56
3507209,SP,Sudeste,1,0.5833333333333334,12
3507308,SP,Sudeste,1,0.6285714285714286,70
3507407,SP,Sudeste,1,0.8211382113821138,123
3507456,SP,Sudeste,1,0.509090909090909,55
3507506,SP,Sudeste,1,0.5180817610062893,1272
3507605,SP,Sudeste,1,0.4620522161505768,1647
3507704,SP,Sudeste,1,0.6060606060606061,66
3507753,SP,Sudeste,1,0.96,25
3507803,SP,Sudeste,1,0.47601476014760147,271
3507902,SP,Sudeste,1,0.55,220
3508009,SP,Sudeste,1,0.5986394557823129,294
3508108,SP,Sudeste,1,0.615819209039548,177
3508207,SP,Sudeste,1,0.5,56
3508306,SP,Sudeste,1,0.7307692307692307,52
3508405,SP,Sudeste,1,0.5848032564450475,737
3508504,SP,Sudeste,1,0.38063063063063063,888
3508603,SP,Sudeste,1,0.38461538461538464,247
3508702,SP,Sudeste,1,0.655367231638418,177
3508801,SP,Sudeste,1,0.5602094240837696,191
3508900,SP,Sudeste,1,0.5714285714285714,28
3509007,SP,Sudeste,1,0.4926739926739927,1092
3509106,SP,Sudeste,1,0.8148148148148148,27
3509205,SP,Sudeste,1,0.46174617461746176,1111
3509254,SP,Sudeste,1,0.5456790123456791,405
3509304,SP,Sudeste,1,0.5686274509803921,102
3509403,SP,Sudeste,1,0.48582995951417,247
3509452,SP,Sudeste,1,0.4057971014492754,69
3509502,SP,Sudeste,1,0.5983556638246041,9852
3509601,SP,Sudeste,1,0.42346938775510207,980
3509700,SP,Sudeste,1,0.509090909090909,495
3509809,SP,Sudeste,1,0.8153846153846154,65
3509908,SP,Sudeste,1,0.5581395348837209,129
3509957,SP,Sudeste,1,0.40625,64
3510005,SP,Sudeste,1,0.6453900709219859,282
3510104,SP,Sudeste,1,0.9230769230769231,26
3510153,SP,Sudeste,1,0.7340425531914894,94
3510203,SP,Sudeste,1,0.6911764705882353,544
3510302,SP,Sudeste,1,0.4383116883116883,308
3510401,SP,Sudeste,1,0.63,600
3510500,SP,Sudeste,1,0.5183431952662721,1690
3510609,SP,Sudeste,1,0.5159991049451779,4469
3510708,SP,Sudeste,1,0.5742574257425742,101
3510807,SP,Sudeste,1,0.5532786885245902,244
3510906,SP,Sudeste,1,0.6666666666666666,36
3511003,SP,Sudeste,1,0.4304932735426009,223
3511102,SP,Sudeste,1,0.6425061425061425,814
3511201,SP,Sudeste,1,0.8115942028985508,69
3511300,SP,Sudeste,1,0.48148148148148145,162
3511409,SP,Sudeste,1,0.3784860557768924,251
3511508,SP,Sudeste,1,0.6327944572748267,433
3511607,SP,Sudeste,1,0.46875,288
3511706,SP,Sudeste,1,0.5757575757575758,198
3511904,SP,Sudeste,1,0.4864864864864865,74
3512001,SP,Sudeste,1,0.545,200
3512100,SP,Sudeste,1,0.6554621848739496,119
3512209,SP,Sudeste,1,0.49866666666666665,375
3512308,SP,Sudeste,1,0.5882352941176471,170
3512407,SP,Sudeste,1,0.6627565982404692,341
3512506,SP,Sudeste,1,0.6268656716417911,67
3512605,SP,Sudeste,1,0.3541666666666667,48
3512704,SP,Sudeste,1,0.7708333333333334,48
3512803,SP,Sudeste,1,0.5645161290322581,558
3512902,SP,Sudeste,1,0.4935064935064935,77
3513009,SP,Sudeste,1,0.4279319606087735,3351
3513108,SP,Sudeste,1,0.5038363171355499,391
3513207,SP,Sudeste,1,0.45918367346938777,98
3513306,SP,Sudeste,1,0.42105263157894735,19
3513405,SP,Sudeste,1,0.522633744855967,486
3513504,SP,Sudeste,1,0.3903404592240697,1263
3513603,SP,Sudeste,0,0.5379310344827586,145
3513702,SP,Sudeste,1,0.749003984063745,251
3513801,SP,Sudeste,1,0.543944136768601,4153
3513850,SP,Sudeste,1,0.7857142857142857,14
3513900,SP,Sudeste,1,0.5795454545454546,88
3514007,SP,Sudeste,1,0.8865979381443299,97
3514106,SP,Sudeste,1,0.5355805243445693,267
3514205,SP,Sudeste,1,0.6538461538461539,26
3514304,SP,Sudeste,1,0.6627906976744186,86
3514403,SP,Sudeste,1,0.5924855491329479,346
3514502,SP,Sudeste,1,0.68,125
3514601,SP,Sudeste,1,0.5833333333333334,96
3514700,SP,Sudeste,1,0.8977272727272727,88
3514809,SP,Sudeste,0,0.6597938144329897,97
3514908,SP,Sudeste,1,0.5294117647058824,221
3514924,SP,Sudeste,1,0.7777777777777778,36
3514957,SP,Sudeste,1,0.6785714285714286,28
3515004,SP,Sudeste,1,0.426615064007145,3359
3515103,SP,Sudeste,1,0.5228365384615384,832
3515129,SP,Sudeste,1,0.8518518518518519,27
3515152,SP,Sudeste,1,0.40654205607476634,214
3515186,SP,Sudeste,1,0.7161290322580646,310
3515194,SP,Sudeste,1,0.5192307692307693,52
3515202,SP,Sudeste,1,0.5280898876404494,89
3515301,SP,Sudeste,1,0.8333333333333334,30
3515350,SP,Sudeste,1,0.6027397260273972,73
3515400,SP,Sudeste,1,0.7705882352941177,170
3515509,SP,Sudeste,1,0.5481611208406305,571
3515608,SP,Sudeste,1,0.8333333333333334,66
3515657,SP,Sudeste,1,0.4074074074074074,27
3515707,SP,Sudeste,1,0.6175760502172863,2071
3515806,SP,Sudeste,1,0.2727272727272727,11
3515905,SP,Sudeste,1,0.8666666666666667,30
3516002,SP,Sudeste,1,0.5287356321839081,87
3516101,SP,Sudeste,1,0.8108108108108109,37
3516200,SP,Sudeste,1,0.6614742698191933,3595
3516309,SP,Sudeste,1,0.44075260208166533,2498
3516408,SP,Sudeste,1,0.4343687374749499,1996
3516507,SP,Sudeste,1,0.7741935483870968,31
3516606,SP,Sudeste,1,0.6301369863013698,73
3516705,SP,Sudeste,1,0.5335365853658537,328
3516804,SP,Sudeste,1,0.5,32
3516853,SP,Sudeste,1,0.703125,64
3516903,SP,Sudeste,1,0.6470588235294118,102
3517000,SP,Sudeste,1,0.5333333333333333,60
3517109,SP,Sudeste,1,0.825,40
3517208,SP,Sudeste,1,0.5547445255474452,137
3517307,SP,Sudeste,1,0.7592592592592593,54
3517406,SP,Sudeste,1,0.5093167701863354,322
3517505,SP,Sudeste,1,0.5683760683760684,234
3517604,SP,Sudeste,0,0.5686274509803921,153
3517703,SP,Sudeste,1,0.7106598984771574,197
3517802,SP,Sudeste,1,0.5365853658536586,41
3517901,SP,Sudeste,1,0.7047619047619048,105
3518008,SP,Sudeste,1,0.5333333333333333,15
3518107,SP,Sudeste,1,0.4126984126984127,63
3518206,SP,Sudeste,1,0.6877470355731226,253
3518305,SP,Sudeste,1,0.7064439140811456,419
3518404,SP,Sudeste,1,0.5173824130879345,978
3518503,SP,Sudeste,1,0.6280487804878049,164
3518602,SP,Sudeste,1,0.7257281553398058,412
3518701,SP,Sudeste,1,0.4250790911705493,3477
3518800,SP,Sudeste,1,0.42695459867308444,15374
3518859,SP,Sudeste,1,0.29411764705882354,68
3518909,SP,Sudeste,1,0.7727272727272727,44
3519006,SP,Sudeste,1,0.7692307692307693,91
3519055,SP,Sudeste,1,0.567741935483871,155
3519071,SP,Sudeste,1,0.4922623434045689,2714
3519105,SP,Sudeste,1,0.7747747747747747,111
3519204,SP,Sudeste,1,0.6727272727272727,55
3519253,SP,Sudeste,1,0.3770491803278688,61
3519303,SP,Sudeste,1,0.6334106728538283,431
3519402,SP,Sudeste,1,0.584,125
3519501,SP,Sudeste,1,0.6301369863013698,73
3519600,SP,Sudeste,1,0.443859649122807,570
3519709,SP,Sudeste,1,0.4918347742555235,1041
3519808,SP,Sudeste,1,0.7192982456140351,57
3519907,SP,Sudeste,1,0.5176470588235295,85
3520004,SP,Sudeste,1,0.7431192660550459,218
3520103,SP,Sudeste,1,0.4957627118644068,236
3520202,SP,Sudeste,1,0.4583333333333333,144
3520301,SP,Sudeste,1,0.5787781350482315,311
3520400,SP,Sudeste,1,0.3739495798319328,476
3520426,SP,Sudeste,1,0.6208791208791209,182
3520442,SP,Sudeste,1,0.7,240
3520509,SP,Sudeste,1,0.5546989720998532,2724
3520608,SP,Sudeste,1,0.7058823529411765,34
3520707,SP,Sudeste,1,0.7317073170731707,41
3520806,SP,Sudeste,1,0.925,40
3520905,SP,Sudeste,1,0.5167785234899329,149
3521002,SP,Sudeste,1,0.3853211009174312,436
3521101,SP,Sudeste,1,0.6078431372549019,102
3521150,SP,Sudeste,1,0.38666666666666666,75
3521200,SP,Sudeste,0,0.65625,32
3521309,SP,Sudeste,1,0.6216216216216216,148
3521408,SP,Sudeste,1,0.58203125,256
3521507,SP,Sudeste,1,0.7160493827160493,81
3521606,SP,Sudeste,1,0.9,50
3521705,SP,Sudeste,1,0.8136645962732919,161
3521804,SP,Sudeste,1,0.434640522875817,306
3521903,SP,Sudeste,1,0.7973856209150327,153
3522000,SP,Sudeste,1,0.425,40
3522109,SP,Sudeste,1,0.4050550874918989,1543
3522158,SP,Sudeste,0,0.5185185185185185,27
3522208,SP,Sudeste,1,0.5016883743367101,2073
3522307,SP,Sudeste,1,0.4954954954954955,1665
3522406,SP,Sudeste,1,0.49551971326164873,1116
3522505,SP,Sudeste,1,0.5070067264573991,3568
3522604,SP,Sudeste,1,0.5774647887323944,568
3522653,SP,Sudeste,0,0.27419354838709675,62
3522703,SP,Sudeste,1,0.7243401759530792,341
3522802,SP,Sudeste,1,0.6417910447761194,134
3522901,SP,Sudeste,1,0.47560975609756095,164
3523008,SP,Sudeste,1,0.7254901960784313,51
3523107,SP,Sudeste,1,0.5330708661417323,5080
3523206,SP,Sudeste,1,0.5,518
3523305,SP,Sudeste,1,0.5863636363636363,220
3523404,SP,Sudeste,1,0.6648648648648648,1110
3523503,SP,Sudeste,1,0.5089285714285714,224
3523602,SP,Sudeste,1,0.6627218934911243,169
3523701,SP,Sudeste,1,0.639344262295082,61
3523800,SP,Sudeste,1,0.676056338028169,71
3523909,SP,Sudeste,1,0.5479528883903534,1783
3524006,SP,Sudeste,1,0.3994878361075544,781
3524105,SP,Sudeste,1,0.4583333333333333,312
3524204,SP,Sudeste,1,0.625,72
3524303,SP,Sudeste,1,0.5379876796714579,487
3524402,SP,Sudeste,1,0.44588926174496646,2384
3524501,SP,Sudeste,1,0.6074766355140186,107
3524600,SP,Sudeste,1,0.4965034965034965,143
3524709,SP,Sudeste,1,0.5916795069337443,649
3524808,SP,Sudeste,1,0.6683046683046683,407
3524907,SP,Sudeste,1,0.5294117647058824,68
3525003,SP,Sudeste,1,0.4517374517374517,1036
3525102,SP,Sudeste,1,0.3890063424947146,473
3525201,SP,Sudeste,1,0.42344045368620037,529
3525300,SP,Sudeste,1,0.5090252707581228,1108
3525409,SP,Sudeste,1,0.43478260869565216,46
3525508,SP,Sudeste,1,0.5098039215686274,153
3525607,SP,Sudeste,1,0.5735294117647058,68
3525706,SP,Sudeste,1,0.56047197640118,339
3525805,SP,Sudeste,1,0.5,54
3525854,SP,Sudeste,1,0.45652173913043476,46
3525904,SP,Sudeste,1,0.6406128278369255,3851
3526001,SP,Sudeste,1,0.7738693467336684,199
3526100,SP,Sudeste,1,0.5194174757281553,206
3526209,SP,Sudeste,1,0.5857519788918206,379
3526308,SP,Sudeste,1,0.640625,64
3526407,SP,Sudeste,1,0.5510204081632653,294
3526506,SP,Sudeste,1,0.5121951219512195,41
3526605,SP,Sudeste,1,0.4318181818181818,88
3526704,SP,Sudeste,1,0.5769230769230769,1066
3526803,SP,Sudeste,1,0.5993788819875776,644
3526902,SP,Sudeste,1,0.5698884758364312,2690
3527009,SP,Sudeste,1,0.5595238095238095,84
3527108,SP,Sudeste,1,0.7603550295857988,676
3527207,SP,Sudeste,1,0.43091655266757867,731
3527256,SP,Sudeste,1,0.6842105263157895,19
3527306,SP,Sudeste,1,0.5034770514603616,719
3527405,SP,Sudeste,1,0.6666666666666666,156
3527504,SP,Sudeste,1,0.75,28
3527603,SP,Sudeste,1,0.40458015267175573,131
3527702,SP,Sudeste,1,0.5098039215686274,51
3527801,SP,Sudeste,1,0.5641025641025641,39
3527900,SP,Sudeste,1,0.68,25
3528007,SP,Sudeste,1,0.5786802030456852,197
3528106,SP,Sudeste,1,0.9122807017543859,57
3528205,SP,Sudeste,1,0.725,40
3528304,SP,Sudeste,1,0.8857142857142857,35
3528403,SP,Sudeste,1,0.40998217468805703,561
3528502,SP,Sudeste,1,0.5852156057494866,974
3528601,SP,Sudeste,1,0.6083333333333333,120
3528700,SP,Sudeste,1,0.45161290322580644,31
3528809,SP,Sudeste,1,0.847457627118644,118
3528858,SP,Sudeste,1,0.925,40
3528908,SP,Sudeste,1,0.45454545454545453,33
3529005,SP,Sudeste,1,0.5774499473129611,1898
3529104,SP,Sudeste,1,1.0,13
3529203,SP,Sudeste,1,0.5980392156862745,204
3529302,SP,Sudeste,1,0.6685082872928176,724
3529401,SP,Sudeste,1,0.693791738807816,4043
3529500,SP,Sudeste,1,0.75,68
3529609,SP,Sudeste,1,0.6326530612244898,49
3529658,SP,Sudeste,1,0.5294117647058824,17
3529708,SP,Sudeste,1,0.24615384615384617,195
3529807,SP,Sudeste,1,0.5238095238095238,126
3529906,SP,Sudeste,1,0.5889328063241107,253
3530003,SP,Sudeste,1,0.9,30
3530102,SP,Sudeste,1,0.4702702702702703,185
3530201,SP,Sudeste,1,0.796875,128
3530300,SP,Sudeste,1,0.5769230769230769,520
3530409,SP,Sudeste,1,0.54,50
3530508,SP,Sudeste,1,0.6611418047882136,543
3530607,SP,Sudeste,1,0.43183724832214765,4768
3530706,SP,Sudeste,1,0.5866302864938608,1466
3530805,SP,Sudeste,1,0.512751677852349,745
3530904,SP,Sudeste,1,0.65625,64
3531001,SP,Sudeste,1,0.7777777777777778,27
3531100,SP,Sudeste,1,0.3507795100222717,898
3531209,SP,Sudeste,1,0.53125,64
3531308,SP,Sudeste,1,0.5440729483282675,329
3531407,SP,Sudeste,1,0.5706521739130435,184
3531506,SP,Sudeste,1,0.42857142857142855,161
3531605,SP,Sudeste,1,0.8571428571428571,35
3531704,SP,Sudeste,1,0.4482758620689655,58
3531803,SP,Sudeste,1,0.39293598233995586,906
3531902,SP,Sudeste,1,0.39184952978056425,319
3532009,SP,Sudeste,1,0.4225352112676056,142
3532058,SP,Sudeste,1,0.7272727272727273,44
3532108,SP,Sudeste,1,0.9696969696969697,33
3532157,SP,Sudeste,1,0.3409090909090909,44
3532207,SP,Sudeste,1,0.5714285714285714,91
3532306,SP,Sudeste,0,0.5068493150684932,73
3532405,SP,Sudeste,1,0.5497835497835498,231
3532504,SP,Sudeste,1,0.7073170731707317,82
3532603,SP,Sudeste,1,0.6447368421052632,76
3532702,SP,Sudeste,1,0.6571428571428571,70
3532801,SP,Sudeste,1,0.6521739130434783,69
3532827,SP,Sudeste,1,0.5929203539823009,113
3532843,SP,Sudeste,1,0.7222222222222222,18
3532868,SP,Sudeste,1,0.21428571428571427,14
3532900,SP,Sudeste,1,0.6082474226804123,97
3533007,SP,Sudeste,1,0.5684210526315789,190
3533106,SP,Sudeste,1,0.7894736842105263,19
3533205,SP,Sudeste,1,0.851063829787234,47
3533254,SP,Sudeste,1,0.625,80
3533304,SP,Sudeste,1,0.7142857142857143,42
3533403,SP,Sudeste,1,0.5406427221172023,529
3533502,SP,Sudeste,1,0.7154255319148937,376
3533601,SP,Sudeste,1,0.6024096385542169,83
3533700,SP,Sudeste,1,0.7833333333333333,60
3533809,SP,Sudeste,1,0.7,20
3533908,SP,Sudeste,1,0.6852791878172588,591
3534005,SP,Sudeste,1,0.6666666666666666,48
3534104,SP,Sudeste,1,0.3953488372093023,43
3534203,SP,Sudeste,1,0.45121951219512196,82
3534302,SP,Sudeste,1,0.5138461538461538,325
3534401,SP,Sudeste,1,0.4203102961918195,7799
3534500,SP,Sudeste,1,0.8461538461538461,26
3534609,SP,Sudeste,1,0.5665236051502146,233
3534708,SP,Sudeste,1,0.49798792756539234,994
3534757,SP,Sudeste,1,0.8372093023255814,129
3534807,SP,Sudeste,1,0.7444444444444445,90
3534906,SP,Sudeste,1,0.5,86
3535002,SP,Sudeste,1,0.706766917293233,133
3535101,SP,Sudeste,1,0.76,100
3535200,SP,Sudeste,1,0.8,80
3535309,SP,Sudeste,1,0.5597826086956522,184
3535408,SP,Sudeste,1,0.9028571428571428,175
3535507,SP,Sudeste,1,0.5110132158590308,454
3535606,SP,Sudeste,1,0.5323383084577115,201
3535705,SP,Sudeste,1,0.7692307692307693,52
3535804,SP,Sudeste,1,0.3817427385892116,241
3535903,SP,Sudeste,1,0.8,60
3536000,SP,Sudeste,1,0.6923076923076923,104
3536109,SP,Sudeste,1,0.5046728971962616,107
3536208,SP,Sudeste,1,0.5463917525773195,194
3536257,SP,Sudeste,1,0.8787878787878788,33
3536307,SP,Sudeste,1,0.6287128712871287,202
3536406,SP,Sudeste,1,0.7264957264957265,117
3536505,SP,Sudeste,1,0.5614646904969486,1147
3536570,SP,Sudeste,1,0.7,20
3536604,SP,Sudeste,1,0.7164179104477612,67
3536703,SP,Sudeste,1,0.42758620689655175,435
3536802,SP,Sudeste,1,0.40816326530612246,49
3536901,SP,Sudeste,1,0.6666666666666666,24
3537008,SP,Sudeste,1,0.4971751412429379,177
3537107,SP,Sudeste,1,0.9192399049881235,421
3537156,SP,Sudeste,1,0.65625,32
3537206,SP,Sudeste,1,0.4117647058823529,119
3537305,SP,Sudeste,1,0.598939929328622,566
3537404,SP,Sudeste,1,0.7747747747747747,222
3537503,SP,Sudeste,1,0.6111111111111112,108
3537602,SP,Sudeste,1,0.42462311557788945,796
3537701,SP,Sudeste,1,0.7230769230769231,65
3537800,SP,Sudeste,1,0.5978755690440061,659
3537909,SP,Sudeste,1,0.5970149253731343,335
3538006,SP,Sudeste,1,0.5532435740514076,1634
3538105,SP,Sudeste,1,0.568,125
3538204,SP,Sudeste,1,0.7315436241610739,149
3538303,SP,Sudeste,1,0.43243243243243246,37
3538501,SP,Sudeste,1,0.6354166666666666,96
3538600,SP,Sudeste,1,0.5196078431372549,306
3538709,SP,Sudeste,1,0.5428857214303576,3999
3538808,SP,Sudeste,1,0.674496644295302,298
3538907,SP,Sudeste,1,0.422360248447205,161
3539004,SP,Sudeste,1,0.6964285714285714,112
3539103,SP,Sudeste,1,0.3715277777777778,288
3539202,SP,Sudeste,1,0.6060606060606061,264
3539301,SP,Sudeste,1,0.5137795275590551,508
3539400,SP,Sudeste,1,0.41284403669724773,109
3539509,SP,Sudeste,1,0.6404494382022472,356
3539608,SP,Sudeste,1,0.7636363636363637,55
3539707,SP,Sudeste,1,0.7674418604651163,43
3539806,SP,Sudeste,1,0.44761904761904764,1365
3539905,SP,Sudeste,1,0.5416666666666666,48
3540002,SP,Sudeste,1,0.544973544973545,189
3540101,SP,Sudeste,1,0.7692307692307693,39
3540200,SP,Sudeste,1,0.6,405
3540259,SP,Sudeste,1,0.47619047619047616,42
3540309,SP,Sudeste,1,0.6296296296296297,27
3540408,SP,Sudeste,1,0.6666666666666666,48
3540507,SP,Sudeste,1,0.5434782608695652,92
3540606,SP,Sudeste,1,0.6442477876106195,565
3540705,SP,Sudeste,1,0.4603174603174603,504
3540754,SP,Sudeste,1,0.3974358974358974,234
3540804,SP,Sudeste,1,0.547085201793722,223
3540853,SP,Sudeste,1,0.8,10
3540903,SP,Sudeste,1,0.594059405940594,202
3541000,SP,Sudeste,1,0.4245689655172414,4640
3541059,SP,Sudeste,1,0.5164835164835165,91
3541109,SP,Sudeste,1,0.5185185185185185,27
3541208,SP,Sudeste,1,0.7083333333333334,72
3541307,SP,Sudeste,1,0.6853146853146853,429
3541406,SP,Sudeste,1,0.5471204188481675,1910
3541505,SP,Sudeste,1,0.7348484848484849,264
3541604,SP,Sudeste,1,0.6779661016949152,295
3541653,SP,Sudeste,1,0.5735294117647058,68
3541703,SP,Sudeste,1,0.6302521008403361,119
3541901,SP,Sudeste,1,0.6095238095238096,105
3542008,SP,Sudeste,1,0.6285714285714286,70
3542107,SP,Sudeste,1,0.6896551724137931,116
3542206,SP,Sudeste,1,0.550531914893617,376
3542305,SP,Sudeste,1,0.7962962962962963,54
3542404,SP,Sudeste,1,0.5597826086956522,184
3542503,SP,Sudeste,1,0.821917808219178,73
3542602,SP,Sudeste,1,0.5868794326241135,564
3542701,SP,Sudeste,1,0.5420560747663551,107
3542800,SP,Sudeste,1,0.5,26
3542909,SP,Sudeste,1,0.4954954954954955,111
3543006,SP,Sudeste,0,0.6260504201680672,238
3543105,SP,Sudeste,1,0.7096774193548387,62
3543204,SP,Sudeste,1,0.5625,48
3543238,SP,Sudeste,1,0.9166666666666666,12
3543253,SP,Sudeste,1,0.5747126436781609,87
3543303,SP,Sudeste,1,0.6222222222222222,1080
3543402,SP,Sudeste,1,0.5019455252918288,5397
3543501,SP,Sudeste,1,0.6091954022988506,87
3543709,SP,Sudeste,1,0.6868686868686869,99
3543808,SP,Sudeste,1,0.5934065934065934,91
3543907,SP,Sudeste,1,0.49286498353457736,1822
3544004,SP,Sudeste,1,0.5292307692307693,325
3544103,SP,Sudeste,1,0.574468085106383,423
3544202,SP,Sudeste,1,0.8089887640449438,89
3544251,SP,Sudeste,1,0.7660818713450293,171
3544301,SP,Sudeste,1,0.6083916083916084,143
3544400,SP,Sudeste,1,0.7666666666666667,30
3544509,SP,Sudeste,1,0.6857142857142857,35
3544608,SP,Sudeste,1,0.43478260869565216,46
3544707,SP,Sudeste,1,0.88,25
3544806,SP,Sudeste,1,0.6351351351351351,74
3544905,SP,Sudeste,1,0.42727272727272725,110
3545001,SP,Sudeste,1,0.589041095890411,219
3545100,SP,Sudeste,1,0.5862068965517241,58
3545159,SP,Sudeste,1,0.5909090909090909,110
3545209,SP,Sudeste,1,0.6269503546099291,1410
3545308,SP,Sudeste,1,0.43366336633663366,505
3545407,SP,Sudeste,1,0.4019607843137255,102
3545506,SP,Sudeste,1,0.8490566037735849,53
3545605,SP,Sudeste,1,0.5460992907801419,141
3545704,SP,Sudeste,1,0.5671641791044776,67
3545803,SP,Sudeste,1,0.6088709677419355,1736
3546009,SP,Sudeste,1,0.40625,128
3546108,SP,Sudeste,1,0.9285714285714286,28
3546207,SP,Sudeste,1,0.6875,32
3546256,SP,Sudeste,1,0.4090909090909091,22
3546306,SP,Sudeste,1,0.5235109717868338,319
3546405,SP,Sudeste,1,0.6618357487922706,414
3546504,SP,Sudeste,1,0.7962962962962963,54
3546603,SP,Sudeste,1,0.5154929577464789,355
3546702,SP,Sudeste,1,0.5705521472392638,326
3546801,SP,Sudeste,1,0.5958188153310104,574
3546900,SP,Sudeste,1,0.673469387755102,98
3547007,SP,Sudeste,1,0.8266666666666667,75
3547106,SP,Sudeste,1,0.7837837837837838,37
3547304,SP,Sudeste,1,0.5379382522239665,1911
3547403,SP,Sudeste,1,0.47368421052631576,19
3547502,SP,Sudeste,1,0.6242774566473989,173
3547601,SP,Sudeste,1,0.7109004739336493,211
3547650,SP,Sudeste,1,0.9545454545454546,22
3547700,SP,Sudeste,1,0.7582417582417582,91
3547809,SP,Sudeste,1,0.5308212560386474,5175
3547908,SP,Sudeste,1,0.6142857142857143,70
3548005,SP,Sudeste,1,0.5550847457627118,236
3548054,SP,Sudeste,1,0.5851063829787234,94
3548104,SP,Sudeste,1,0.6944444444444444,72
3548203,SP,Sudeste,1,0.726027397260274,73
3548302,SP,Sudeste,1,0.875,32
3548401,SP,Sudeste,1,0.75,64
3548500,SP,Sudeste,1,0.46843335931410757,2566
3548609,SP,Sudeste,1,0.5641025641025641,78
3548708,SP,Sudeste,1,0.4620541360991652,7906
3548807,SP,Sudeste,1,0.585956416464891,1239
3548906,SP,Sudeste,1,0.5670650730411687,2259
3549003,SP,Sudeste,1,0.8333333333333334,18
3549102,SP,Sudeste,1,0.5560344827586207,696
3549201,SP,Sudeste,1,0.5714285714285714,14
3549250,SP,Sudeste,1,0.4444444444444444,18
3549300,SP,Sudeste,1,1.0,14
3549409,SP,Sudeste,1,0.6396396396396397,444
3549508,SP,Sudeste,1,0.4606741573033708,89
3549607,SP,Sudeste,1,0.5,36
3549706,SP,Sudeste,1,0.6308724832214765,447
3549805,SP,Sudeste,1,0.48315762406788376,3889
3549904,SP,Sudeste,1,0.5985481440898507,7301
3549953,SP,Sudeste,1,0.4968944099378882,161
3550001,SP,Sudeste,1,0.5591397849462365,93
3550100,SP,Sudeste,1,0.5665914221218962,443
3550209,SP,Sudeste,1,0.7039274924471299,331
3550308,SP,Sudeste,1,0.4957625152001782,107729
3550407,SP,Sudeste,1,0.5161290322580645,372
3550506,SP,Sudeste,1,0.6818181818181818,88
3550605,SP,Sudeste,1,0.46925972396486826,797
3550704,SP,Sudeste,1,0.4027906976744186,1075
3550803,SP,Sudeste,1,0.6261682242990654,107
3550902,SP,Sudeste,1,0.6588235294117647,85
3551009,SP,Sudeste,1,0.43315820198482197,3426
3551108,SP,Sudeste,1,0.49137931034482757,116
3551207,SP,Sudeste,1,0.7346938775510204,49
3551306,SP,Sudeste,1,0.7027027027027027,37
3551405,SP,Sudeste,1,0.375,112
3551504,SP,Sudeste,1,0.39568345323741005,556
3551603,SP,Sudeste,1,0.6503496503496503,286
3551702,SP,Sudeste,1,0.4944262295081967,1525
3551801,SP,Sudeste,1,0.45454545454545453,165
3551900,SP,Sudeste,1,0.5444444444444444,180
3552007,SP,Sudeste,1,0.44,75
3552106,SP,Sudeste,1,0.5412186379928315,279
3552205,SP,Sudeste,1,0.48900098080425947,7137
3552304,SP,Sudeste,1,0.5,74
3552403,SP,Sudeste,1,0.5162775402828017,3041
3552502,SP,Sudeste,1,0.45933365997060266,4082
3552551,SP,Sudeste,1,0.7435897435897436,39
3552601,SP,Sudeste,1,0.9438202247191011,89
3552700,SP,Sudeste,1,0.5668449197860963,187
3552809,SP,Sudeste,1,0.42696629213483145,2848
3552908,SP,Sudeste,1,0.6375,80
3553005,SP,Sudeste,1,0.6643835616438356,146
3553104,SP,Sudeste,1,0.34615384615384615,52
3553203,SP,Sudeste,1,0.546875,64
3553302,SP,Sudeste,1,0.5671641791044776,201
3553401,SP,Sudeste,1,0.6811023622047244,254
3553500,SP,Sudeste,1,0.5619047619047619,105
3553609,SP,Sudeste,1,0.7542372881355932,118
3553658,SP,Sudeste,1,0.23076923076923078,13
3553708,SP,Sudeste,1,0.65,460
3553807,SP,Sudeste,1,0.5097276264591439,257
3553856,SP,Sudeste,1,0.4148936170212766,94
3553906,SP,Sudeste,1,0.6625,80
3553955,SP,Sudeste,1,0.8543689320388349,206
3554003,SP,Sudeste,1,0.5107197549770292,1306
3554102,SP,Sudeste,1,0.4581532416502947,2545
3554201,SP,Sudeste,1,0.59375,64
3554300,SP,Sudeste,1,0.6571428571428571,245
3554409,SP,Sudeste,1,0.7012987012987013,77
3554508,SP,Sudeste,1,0.59375,320
3554607,SP,Sudeste,1,0.5483870967741935,31
3554656,SP,Sudeste,1,0.3076923076923077,26
3554706,SP,Sudeste,1,0.6344086021505376,93
3554755,SP,Sudeste,1,0.45,20
3554805,SP,Sudeste,1,0.4772727272727273,352
3554904,SP,Sudeste,1,0.6708860759493671,79
3554953,SP,Sudeste,1,0.5217391304347826,69
3555000,SP,Sudeste,1,0.5183887915936952,571
3555109,SP,Sudeste,1,0.8837209302325582,129
3555208,SP,Sudeste,1,0.8235294117647058,17
3555307,SP,Sudeste,1,0.6666666666666666,18
3555356,SP,Sudeste,1,0.7083333333333334,72
3555406,SP,Sudeste,1,0.3107638888888889,1152
3555505,SP,Sudeste,1,0.5285714285714286,70
3555604,SP,Sudeste,1,0.7678571428571429,112
3555703,SP,Sudeste,1,0.75,16
3555802,SP,Sudeste,1,0.7466666666666667,75
3555901,SP,Sudeste,1,1.0,16
3556008,SP,Sudeste,1,0.5952380952380952,126
3556107,SP,Sudeste,1,0.7876712328767124,146
3556206,SP,Sudeste,1,0.4432194046306505,907
3556305,SP,Sudeste,1,0.6713780918727915,283
3556354,SP,Sudeste,1,0.5643564356435643,101
3556404,SP,Sudeste,1,0.5682382133995038,403
3556453,SP,Sudeste,1,0.5969387755102041,588
3556503,SP,Sudeste,1,0.4828113063407181,1309
3556602,SP,Sudeste,1,0.48,100
3556701,SP,Sudeste,1,0.5226628895184136,706
3556800,SP,Sudeste,1,0.5783132530120482,166
3556909,SP,Sudeste,1,0.5168539325842697,89
3556958,SP,Sudeste,1,1.0,14
3557006,SP,Sudeste,1,0.4959016393442623,1220
3557105,SP,Sudeste,1,0.5822784810126582,790
3557154,SP,Sudeste,1,0.8,25
3557204,SP,Sudeste,1,0.4351145038167939,131
3557303,SP,Sudeste,1,0.4036697247706422,109
4100103,PR,Sul,1,0.4972677595628415,183
4100202,PR,Sul,0,0.5789473684210527,152
4100301,PR,Sul,1,0.7345679012345679,324
4100400,PR,Sul,1,0.40822898032200355,2795
4100459,PR,Sul,1,0.7102803738317757,107
4100509,PR,Sul,1,0.6541850220264317,454
4100608,PR,Sul,1,0.5942408376963351,382
4100707,PR,Sul,1,0.6390041493775933,241
4100806,PR,Sul,1,0.606694560669456,239
4100905,PR,Sul,1,0.6690140845070423,142
4101002,PR,Sul,1,0.6294820717131474,502
4101051,PR,Sul,1,0.5454545454545454,77
4101101,PR,Sul,1,0.6102449888641426,449
4101150,PR,Sul,1,0.782608695652174,115
4101200,PR,Sul,1,0.5645833333333333,480
4101309,PR,Sul,1,0.8040201005025126,199
4101408,PR,Sul,1,0.7149946827366183,2821
4101507,PR,Sul,1,0.6481682988755894,2757
4101606,PR,Sul,1,0.6561679790026247,762
4101655,PR,Sul,1,0.6063829787234043,94
4101705,PR,Sul,1,0.6909547738693468,398
4101804,PR,Sul,1,0.5814212519492091,4489
4101853,PR,Sul,1,0.631578947368421,57
4101903,PR,Sul,1,0.7270341207349081,381
4102000,PR,Sul,1,0.7355371900826446,847
4102109,PR,Sul,1,0.6899488926746167,587
4102208,PR,Sul,1,0.7722772277227723,101
4102307,PR,Sul,1,0.6909090909090909,495
4102406,PR,Sul,1,0.6637168141592921,678
4102505,PR,Sul,1,0.7487179487179487,195
4102604,PR,Sul,1,0.6394557823129252,294
4102703,PR,Sul,1,0.6307692307692307,65
4102752,PR,Sul,1,0.7872340425531915,94
4102802,PR,Sul,1,0.5013192612137203,379
4102901,PR,Sul,1,0.6432865731462926,499
4103008,PR,Sul,1,0.8636363636363636,110
4103024,PR,Sul,1,0.8153846153846154,65
4103040,PR,Sul,0,0.5878378378378378,148
4103057,PR,Sul,1,0.5874439461883408,223
4103107,PR,Sul,1,0.4768611670020121,497
4103156,PR,Sul,1,0.8067226890756303,119
4103206,PR,Sul,1,0.5648148148148148,216
4103222,PR,Sul,1,0.7169811320754716,106
4103305,PR,Sul,1,0.7309941520467836,171
4103354,PR,Sul,1,0.7083333333333334,120
4103370,PR,Sul,1,0.7272727272727273,88
4103404,PR,Sul,1,0.684931506849315,73
4103453,PR,Sul,1,0.7397034596375618,607
4103479,PR,Sul,1,0.53125,96
4103503,PR,Sul,1,0.6979166666666666,288
4103602,PR,Sul,1,0.5591182364729459,499
4103701,PR,Sul,1,0.6779928881864875,2531
4103800,PR,Sul,1,0.7698412698412699,252
4103909,PR,Sul,1,0.7396694214876033,484
4103958,PR,Sul,0,0.781021897810219,137
4104006,PR,Sul,1,0.6030150753768844,1592
4104055,PR,Sul,1,0.6396396396396397,111
4104105,PR,Sul,1,0.7051282051282052,234
4104204,PR,Sul,1,0.6244283023944041,3717
4104253,PR,Sul,1,0.5131233595800525,762
4104303,PR,Sul,1,0.6812579685507862,2353
4104402,PR,Sul,0,0.75,324
4104428,PR,Sul,1,0.6114519427402862,489
4104451,PR,Sul,1,0.6368038740920097,413
4104501,PR,Sul,1,0.7134146341463414,492
4104600,PR,Sul,1,0.6666666666666666,462
4104659,PR,Sul,1,0.6427457098283932,641
4104709,PR,Sul,1,0.6147757255936676,379
4104808,PR,Sul,1,0.6543323676586779,7594
4104907,PR,Sul,1,0.6758555133079848,2104
4105003,PR,Sul,1,0.5381679389312977,262
4105102,PR,Sul,1,0.5267489711934157,243
4105201,PR,Sul,0,0.45885286783042395,401
4105300,PR,Sul,1,0.7389830508474576,295
4105409,PR,Sul,1,0.690677966101695,472
4105508,PR,Sul,1,0.7158979391560353,2038
4105607,PR,Sul,1,0.5964391691394659,337
4105706,PR,Sul,1,0.6528384279475983,458
4105805,PR,Sul,1,0.5145301466594242,7364
4105904,PR,Sul,1,0.7350597609561753,502
4106001,PR,Sul,1,0.43891402714932126,221
4106100,PR,Sul,1,0.5982142857142857,112
4106209,PR,Sul,1,0.7116666666666667,600
4106308,PR,Sul,1,0.7021696252465484,507
4106407,PR,Sul,1,0.6670366259711432,901
4106456,PR,Sul,0,0.5707317073170731,205
4106506,PR,Sul,1,0.7088607594936709,632
4106555,PR,Sul,1,0.8285714285714286,105
4106571,PR,Sul,1,0.7310924369747899,119
4106605,PR,Sul,1,0.6924528301886792,530
4106704,PR,Sul,1,0.64,100
4106803,PR,Sul,1,0.78,400
4106852,PR,Sul,1,0.8705882352941177,85
4106902,PR,Sul,1,0.5502837969205682,31889
4107009,PR,Sul,1,0.6649214659685864,382
4107108,PR,Sul,1,0.6793893129770993,131
4107124,PR,Sul,0,0.6623376623376623,77
4107157,PR,Sul,1,0.6418918918918919,148
4107207,PR,Sul,1,0.7235772357723578,1230
4107256,PR,Sul,1,0.5745614035087719,228
4107306,PR,Sul,1,0.6619718309859155,142
4107405,PR,Sul,1,0.7529411764705882,170
4107504,PR,Sul,1,0.7756653992395437,263
4107520,PR,Sul,1,0.5769230769230769,52
4107538,PR,Sul,1,0.8461538461538461,143
4107546,PR,Sul,0,0.7299270072992701,137
4107553,PR,Sul,1,0.8064516129032258,93
4107603,PR,Sul,1,0.7054631828978623,421
4107652,PR,Sul,1,0.5592592592592592,4590
4107702,PR,Sul,1,0.5247524752475248,101
4107736,PR,Sul,1,0.7377049180327869,183
4107751,PR,Sul,1,0.7227722772277227,202
4107801,PR,Sul,1,0.711864406779661,118
4107850,PR,Sul,1,0.8041958041958042,143
4107900,PR,Sul,1,0.6781609195402298,348
4108007,PR,Sul,1,0.5466101694915254,236
4108106,PR,Sul,1,0.6721311475409836,61
4108205,PR,Sul,1,0.8137931034482758,145
4108304,PR,Sul,1,0.6063955783655745,7599
4108320,PR,Sul,1,0.6206896551724138,232
4108403,PR,Sul,1,0.6994489190334887,2359
4108452,PR,Sul,1,0.7654320987654321,162
4108502,PR,Sul,0,0.5884146341463414,328
4108551,PR,Sul,1,0.7959183673469388,49
4108601,PR,Sul,1,0.5928677563150074,673
4108650,PR,Sul,0,0.8354430379746836,158
4108700,PR,Sul,1,0.5549738219895288,191
4108809,PR,Sul,1,0.5792410714285714,896
4108908,PR,Sul,1,0.6733668341708543,199
4108957,PR,Sul,1,0.6933962264150944,212
4109005,PR,Sul,1,0.7440476190476191,168
4109104,PR,Sul,1,0.7090909090909091,55
4109203,PR,Sul,1,0.6810344827586207,116
4109302,PR,Sul,1,0.6504629629629629,432
4109401,PR,Sul,1,0.625854108956602,5415
4109500,PR,Sul,0,0.4407894736842105,152
4109609,PR,Sul,1,0.5732273028495692,1509
4109658,PR,Sul,1,0.5892857142857143,168
4109708,PR,Sul,1,0.6570188133140377,691
4109757,PR,Sul,1,0.5828877005347594,187
4109807,PR,Sul,1,0.604989604989605,1443
4109906,PR,Sul,1,0.5829383886255924,211
4110003,PR,Sul,1,0.4294117647058823,170
4110052,PR,Sul,1,0.4375,48
4110078,PR,Sul,1,0.6277372262773723,411
4110102,PR,Sul,1,0.7040082219938335,973
4110201,PR,Sul,0,0.6286644951140065,307
4110300,PR,Sul,1,0.6417910447761194,67
4110409,PR,Sul,1,0.7142857142857143,140
4110508,PR,Sul,1,0.8068783068783069,378
4110607,PR,Sul,1,0.5927272727272728,275
4110656,PR,Sul,1,0.8695652173913043,46
4110706,PR,Sul,1,0.7791612057667103,1526
4110805,PR,Sul,1,0.75,304
4110904,PR,Sul,1,0.6111111111111112,126
4110953,PR,Sul,1,0.7362924281984334,383
4111001,PR,Sul,1,0.6341463414634146,123
4111100,PR,Sul,1,0.784,125
4111209,PR,Sul,1,0.7058823529411765,391
4111258,PR,Sul,1,0.49556650246305417,1015
4111308,PR,Sul,1,0.5,86
4111407,PR,Sul,1,0.7811634349030471,361
4111506,PR,Sul,1,0.5704697986577181,596
4111555,PR,Sul,1,0.746031746031746,189
4111605,PR,Sul,1,0.7833333333333333,60
4111704,PR,Sul,1,0.722972972972973,148
4111803,PR,Sul,1,0.43237250554323725,902
4111902,PR,Sul,1,0.5849056603773585,477
4112009,PR,Sul,1,0.7098703888334995,1003
4112108,PR,Sul,1,0.6641975308641975,405
4112207,PR,Sul,1,0.7107438016528925,121
4112306,PR,Sul,1,0.6260869565217392,115
4112405,PR,Sul,1,0.7286432160804021,199
4112504,PR,Sul,1,0.603448275862069,232
4112603,PR,Sul,1,0.65625,32
4112702,PR,Sul,1,0.541033434650456,329
4112751,PR,Sul,1,0.7894736842105263,133
4112801,PR,Sul,1,0.7532467532467533,385
4112900,PR,Sul,1,0.5154639175257731,97
4112959,PR,Sul,1,0.54421768707483,147
4113007,PR,Sul,1,0.6467391304347826,184
4113106,PR,Sul,1,0.8067226890756303,119
4113205,PR,Sul,1,0.7133333333333334,1200
4113254,PR,Sul,0,0.35909090909090907,220
4113304,PR,Sul,1,0.6128722382324687,1041
4113403,PR,Sul,1,0.788235294117647,85
4113429,PR,Sul,1,0.7530864197530864,81
4113452,PR,Sul,0,0.7605633802816901,142
4113502,PR,Sul,1,0.6816546762589928,556
4113601,PR,Sul,1,0.5043478260869565,115
4113700,PR,Sul,1,0.6289106508362943,11539
4113734,PR,Sul,1,0.7637362637362637,182
4113759,PR,Sul,1,0.5982905982905983,117
4113809,PR,Sul,1,0.7741935483870968,62
4113908,PR,Sul,1,0.8272727272727273,330
4114005,PR,Sul,1,0.6807017543859649,285
4114104,PR,Sul,1,0.5246113989637305,772
4114203,PR,Sul,1,0.7616974972796517,919
4114302,PR,Sul,1,0.6269633507853403,764
4114351,PR,Sul,1,0.6885245901639344,61
4114401,PR,Sul,1,0.5949895615866388,479
4114500,PR,Sul,1,0.6571428571428571,280
4114609,PR,Sul,1,0.6758389261744966,1490
4114708,PR,Sul,1,0.5074626865671642,134
4114807,PR,Sul,1,0.6482820976491862,1106
4114906,PR,Sul,1,0.70995670995671,231
4115002,PR,Sul,1,0.7414634146341463,205
4115101,PR,Sul,1,0.52,300
4115200,PR,Sul,1,0.6805400718444197,8073
4115309,PR,Sul,1,0.639344262295082,183
4115358,PR,Sul,1,0.6877637130801688,237
4115408,PR,Sul,1,0.7342995169082126,414
4115457,PR,Sul,0,0.7401574803149606,127
4115507,PR,Sul,1,0.5625,112
4115606,PR,Sul,1,0.6145454545454545,550
4115705,PR,Sul,1,0.5313504823151125,1244
4115739,PR,Sul,1,0.6071428571428571,84
4115754,PR,Sul,1,0.7433628318584071,339
4115804,PR,Sul,1,0.6894770819883796,1549
4115853,PR,Sul,1,0.8848167539267016,191
4115903,PR,Sul,1,0.532258064516129,62
4116000,PR,Sul,1,0.6197183098591549,71
4116059,PR,Sul,1,0.7878787878787878,297
4116109,PR,Sul,1,0.704,250
4116208,PR,Sul,1,0.5398406374501992,502
4116307,PR,Sul,1,0.6517857142857143,112
4116406,PR,Sul,1,0.7475728155339806,103
4116505,PR,Sul,1,0.38461538461538464,39
4116604,PR,Sul,1,0.620253164556962,79
4116703,PR,Sul,1,0.7018181818181818,275
4116802,PR,Sul,1,0.7405660377358491,212
4116901,PR,Sul,1,0.6524163568773235,538
4116950,PR,Sul,1,0.8160919540229885,174
4117008,PR,Sul,1,0.703030303030303,165
4117057,PR,Sul,0,0.6586826347305389,167
4117107,PR,Sul,1,0.6675977653631285,358
4117206,PR,Sul,1,0.7872340425531915,141
4117214,PR,Sul,1,0.6782608695652174,115
4117222,PR,Sul,1,0.659016393442623,305
4117255,PR,Sul,1,0.7142857142857143,287
4117271,PR,Sul,0,0.8235294117647058,102
4117297,PR,Sul,1,0.8666666666666667,75
4117305,PR,Sul,0,0.5221518987341772,632
4117404,PR,Sul,1,0.6421052631578947,95
4117453,PR,Sul,1,0.7802197802197802,182
4117503,PR,Sul,1,0.5764488286066585,1622
4117602,PR,Sul,1,0.4596426370918053,1623
4117701,PR,Sul,1,0.6304347826086957,874
4117800,PR,Sul,1,0.6064516129032258,310
4117909,PR,Sul,1,0.631578947368421,893
4118006,PR,Sul,1,0.6417910447761194,335
4118105,PR,Sul,1,0.75177304964539,282
4118204,PR,Sul,1,0.4973902364138778,3257
4118303,PR,Sul,1,0.5875,80
4118402,PR,Sul,1,0.6836210919272049,2143
4118451,PR,Sul,1,0.807909604519774,177
4118501,PR,Sul,1,0.6454504706409682,2231
4118600,PR,Sul,1,0.7046979865771812,149
4118709,PR,Sul,1,0.8258426966292135,178
4118808,PR,Sul,1,0.6456043956043956,364
4118857,PR,Sul,1,0.5858585858585859,198
4118907,PR,Sul,1,0.6589403973509934,302
4119004,PR,Sul,1,0.8524590163934426,122
4119103,PR,Sul,1,0.7832512315270936,406
4119152,PR,Sul,1,0.519349593495935,3075
4119202,PR,Sul,1,0.6612021857923497,183
4119251,PR,Sul,1,0.9,70
4119301,PR,Sul,1,0.5530839231547017,989
4119400,PR,Sul,1,0.6468699839486356,623
4119509,PR,Sul,1,0.46420006851661527,2919
4119608,PR,Sul,1,0.672289156626506,830
4119657,PR,Sul,1,0.821917808219178,73
4119707,PR,Sul,1,0.734375,128
4119806,PR,Sul,1,0.7534722222222222,288
4119905,PR,Sul,1,0.6510294117647059,6800
4119954,PR,Sul,1,0.5391032325338895,959
4120002,PR,Sul,1,0.7790055248618785,181
4120101,PR,Sul,1,0.6854838709677419,124
4120150,PR,Sul,0,0.859375,64
4120200,PR,Sul,1,0.5655737704918032,122
4120309,PR,Sul,1,0.7849462365591398,93
4120333,PR,Sul,1,0.6808510638297872,141
4120358,PR,Sul,1,0.7785714285714286,140
4120408,PR,Sul,1,0.5961538461538461,104
4120507,PR,Sul,1,0.42727272727272725,220
4120606,PR,Sul,1,0.7502198768689534,1137
4120655,PR,Sul,1,0.6565656565656566,99
4120705,PR,Sul,1,0.8366336633663366,202
4120804,PR,Sul,1,0.6005830903790087,686
4120853,PR,Sul,1,0.7959183673469388,147
4120903,PR,Sul,1,0.5858585858585859,990
4121000,PR,Sul,1,0.43823529411764706,340
4121109,PR,Sul,1,0.6666666666666666,123
4121208,PR,Sul,1,0.6888454011741683,511
4121257,PR,Sul,1,0.7615384615384615,130
4121307,PR,Sul,1,0.6938775510204082,98
4121356,PR,Sul,1,0.6086956521739131,69
4121406,PR,Sul,1,0.7641921397379913,458
4121505,PR,Sul,1,0.76,450
4121604,PR,Sul,1,0.6483516483516484,182
4121703,PR,Sul,0,0.6464924346629987,727
4121752,PR,Sul,1,0.6947791164658634,249
4121802,PR,Sul,1,0.752411575562701,311
4121901,PR,Sul,1,0.7669616519174042,339
4122008,PR,Sul,1,0.848314606741573,356
4122107,PR,Sul,1,0.7246376811594203,69
4122156,PR,Sul,1,0.6443594646271511,523
4122172,PR,Sul,0,0.6355140186915887,107
4122206,PR,Sul,1,0.5292425695110259,1043
4122305,PR,Sul,1,0.8007033997655334,853
4122404,PR,Sul,1,0.6444667000500751,1997
4122503,PR,Sul,1,0.7178571428571429,280
4122602,PR,Sul,1,0.5069767441860465,215
4122651,PR,Sul,0,0.7096774193548387,124
4122701,PR,Sul,1,0.7254237288135593,295
4122800,PR,Sul,1,0.8203125,128
4122909,PR,Sul,1,0.6015625,128
4123006,PR,Sul,1,0.7383419689119171,386
4123105,PR,Sul,1,0.9066666666666666,75
4123204,PR,Sul,1,0.7922077922077922,77
4123303,PR,Sul,1,0.6577777777777778,225
4123402,PR,Sul,1,0.548951048951049,286
4123501,PR,Sul,1,0.7088607594936709,790
4123600,PR,Sul,1,0.8837209302325582,43
4123709,PR,Sul,1,0.675,240
4123808,PR,Sul,1,0.7547169811320755,265
4123824,PR,Sul,1,0.6739130434782609,92
4123857,PR,Sul,0,0.6563706563706564,259
4123907,PR,Sul,1,0.6832579185520362,221
4123956,PR,Sul,1,0.7184466019417476,103
4124004,PR,Sul,1,0.5957446808510638,141
4124020,PR,Sul,1,0.6358024691358025,486
4124053,PR,Sul,1,0.6935779816513762,545
4124103,PR,Sul,1,0.5156608097784569,1309
4124202,PR,Sul,1,0.8082191780821918,73
4124301,PR,Sul,1,0.782608695652174,46
4124400,PR,Sul,1,0.7323420074349443,538
4124509,PR,Sul,1,0.8,185
4124608,PR,Sul,1,0.7243243243243244,185
4124707,PR,Sul,0,0.67,200
4124806,PR,Sul,1,0.7882736156351792,307
4124905,PR,Sul,1,0.9013157894736842,152
4125001,PR,Sul,1,0.5845410628019324,207
4125100,PR,Sul,1,0.7094972067039106,358
4125209,PR,Sul,1,0.7426160337552743,237
4125308,PR,Sul,1,0.7064220183486238,109
4125357,PR,Sul,1,0.7727272727272727,154
4125407,PR,Sul,1,0.6933333333333334,150
4125456,PR,Sul,1,0.7083333333333334,120
4125506,PR,Sul,1,0.5362474620804968,8373
4125555,PR,Sul,1,0.803921568627451,51
4125605,PR,Sul,1,0.6860687022900763,1048
4125704,PR,Sul,1,0.7006802721088435,735
4125753,PR,Sul,1,0.66875,160
4125803,PR,Sul,1,0.7696629213483146,178
4125902,PR,Sul,1,0.6935483870967742,62
4126009,PR,Sul,1,0.7911392405063291,158
4126108,PR,Sul,1,0.7407407407407407,162
4126207,PR,Sul,0,0.7010869565217391,184
4126256,PR,Sul,1,0.4825531914893617,3525
4126272,PR,Sul,1,0.8,220
4126306,PR,Sul,1,0.7588357588357588,481
4126355,PR,Sul,1,0.8145161290322581,124
4126405,PR,Sul,1,0.8048780487804879,123
4126504,PR,Sul,1,0.5428571428571428,315
4126603,PR,Sul,1,0.7887788778877888,606
4126652,PR,Sul,1,0.6486486486486487,74
4126678,PR,Sul,0,0.6140350877192983,285
4126702,PR,Sul,1,0.42592592592592593,108
4126801,PR,Sul,1,0.578005115089514,391
4126900,PR,Sul,1,0.7340425531914894,94
4127007,PR,Sul,1,0.7951388888888888,288
4127106,PR,Sul,1,0.5495710200190658,2098
4127205,PR,Sul,1,0.7701863354037267,483
4127304,PR,Sul,1,0.6923076923076923,377
4127403,PR,Sul,1,0.6636771300448431,446
4127502,PR,Sul,1,0.6872037914691943,633
4127601,PR,Sul,1,0.6750448833034112,557
4127700,PR,Sul,1,0.7054926856196522,3623
4127809,PR,Sul,1,0.7655172413793103,145
4127858,PR,Sul,1,0.6931034482758621,290
4127882,PR,Sul,0,0.6370967741935484,248
4127908,PR,Sul,1,0.6578947368421053,228
4127957,PR,Sul,1,0.6951871657754011,187
4127965,PR,Sul,1,0.7599206349206349,504
4128005,PR,Sul,1,0.7491103202846975,562
4128104,PR,Sul,1,0.563733552631579,2432
4128203,PR,Sul,1,0.6385542168674698,1328
4128302,PR,Sul,1,0.5957446808510638,47
4128401,PR,Sul,1,0.6458333333333334,192
4128500,PR,Sul,1,0.6946107784431138,501
4128534,PR,Sul,1,0.6608996539792388,289
4128559,PR,Sul,1,0.5596330275229358,218
4128609,PR,Sul,1,0.6787564766839378,193
4128625,PR,Sul,1,0.3522727272727273,88
4128633,PR,Sul,0,0.6356589147286822,129
4128658,PR,Sul,1,0.75,140
4128708,PR,Sul,1,0.6059479553903345,269
4128807,PR,Sul,1,0.6094674556213018,169
4200051,SC,Sul,1,0.6575342465753424,73
4200101,SC,Sul,1,0.49248747913188645,599
4200200,SC,Sul,1,0.6742857142857143,350
4200309,SC,Sul,1,0.5298013245033113,151
4200408,SC,Sul,1,0.5450236966824644,211
4200507,SC,Sul,1,0.5612244897959183,196
4200556,SC,Sul,1,0.5352112676056338,71
4200606,SC,Sul,1,0.6761904761904762,210
4200705,SC,Sul,1,0.4166666666666667,312
4200754,SC,Sul,1,0.8043478260869565,46
4200804,SC,Sul,1,0.708029197080292,137
4200903,SC,Sul,1,0.5816326530612245,98
4201000,SC,Sul,0,0.5306122448979592,196
4201109,SC,Sul,1,0.3815789473684211,76
4201208,SC,Sul,1,0.6472081218274112,394
4201257,SC,Sul,1,0.55859375,256
4201273,SC,Sul,1,0.8151260504201681,119
4201307,SC,Sul,1,0.3430504945340968,1921
4201406,SC,Sul,1,0.4157181571815718,1845
4201505,SC,Sul,1,0.6505190311418685,289
4201604,SC,Sul,1,0.6923076923076923,91
4201653,SC,Sul,1,0.6428571428571429,70
4201703,SC,Sul,1,0.5635593220338984,236
4201802,SC,Sul,1,0.6341463414634146,82
4201901,SC,Sul,1,0.5641025641025641,195
4201950,SC,Sul,1,0.3114754098360656,427
4202008,SC,Sul,1,0.23635003739715782,2674
4202057,SC,Sul,1,0.40865384615384615,416
4202073,SC,Sul,1,0.35685483870967744,496
4202081,SC,Sul,1,0.5151515151515151,99
4202099,SC,Sul,1,0.5,34
4202107,SC,Sul,1,0.2843197071384991,1639
4202131,SC,Sul,1,0.7551020408163265,147
4202156,SC,Sul,1,0.7323943661971831,71
4202206,SC,Sul,1,0.562962962962963,270
4202305,SC,Sul,1,0.3110024449877751,2045
4202404,SC,Sul,1,0.4784456587735276,8235
4202438,SC,Sul,1,0.2786885245901639,122
4202453,SC,Sul,1,0.44364508393285373,834
4202503,SC,Sul,1,0.3008130081300813,123
4202537,SC,Sul,1,0.5619047619047619,105
4202578,SC,Sul,1,0.7796610169491526,59
4202602,SC,Sul,1,0.3373015873015873,252
4202701,SC,Sul,1,0.5786802030456852,197
4202800,SC,Sul,1,0.4446529080675422,1066
4202859,SC,Sul,1,0.5203252032520326,123
4202875,SC,Sul,1,0.5254237288135594,59
4202909,SC,Sul,1,0.5014909189482244,3689
4203006,SC,Sul,1,0.5044580009385266,2131
4203105,SC,Sul,1,0.5375,160
4203154,SC,Sul,0,0.5168539325842697,178
4203204,SC,Sul,1,0.19333533473431402,3331
4203253,SC,Sul,1,0.7142857142857143,35
4203303,SC,Sul,1,0.5401662049861495,361
4203402,SC,Sul,1,0.3356643356643357,143
4203501,SC,Sul,1,0.47315436241610737,298
4203600,SC,Sul,1,0.48953140578265203,1003
4203709,SC,Sul,1,0.4232209737827715,267
4203808,SC,Sul,1,0.6312664907651715,1516
4203907,SC,Sul,1,0.5843373493975904,664
4203956,SC,Sul,1,0.3851540616246499,714
4204004,SC,Sul,1,0.5905044510385756,337
4204103,SC,Sul,1,0.5819672131147541,122
4204152,SC,Sul,1,0.6923076923076923,91
4204178,SC,Sul,0,0.3103448275862069,87
4204194,SC,Sul,1,0.5480769230769231,104
4204202,SC,Sul,1,0.4728332119446468,6865
4204251,SC,Sul,1,0.4506329113924051,395
4204301,SC,Sul,1,0.6084418500224518,2227
4204350,SC,Sul,1,0.4972375690607735,181
4204400,SC,Sul,1,0.6720647773279352,247
4204459,SC,Sul,1,0.7777777777777778,54
4204509,SC,Sul,1,0.5966029723991507,471
4204558,SC,Sul,1,0.5035971223021583,417
4204608,SC,Sul,1,0.4983098031417777,5029
4204707,SC,Sul,1,0.629746835443038,316
4204756,SC,Sul,1,0.7441860465116279,43
4204806,SC,Sul,1,0.44377682403433477,1165
4204905,SC,Sul,1,0.6363636363636364,165
4205001,SC,Sul,1,0.5572916666666666,384
4205100,SC,Sul,1,0.7538461538461538,130
4205159,SC,Sul,1,0.5232558139534884,86
4205175,SC,Sul,0,0.41025641025641024,117
4205191,SC,Sul,1,0.49137931034482757,116
4205209,SC,Sul,1,0.45689655172413796,116
4205308,SC,Sul,1,0.5141955835962145,317
4205357,SC,Sul,1,0.6470588235294118,51
4205407,SC,Sul,1,0.313871723844023,9386
4205431,SC,Sul,1,0.6268656716417911,67
4205456,SC,Sul,1,0.48496605237633367,1031
4205506,SC,Sul,1,0.6153144940747494,1097
4205555,SC,Sul,1,0.6142857142857143,70
4205605,SC,Sul,1,0.6774193548387096,93
4205704,SC,Sul,1,0.5610859728506787,884
4205803,SC,Sul,1,0.4700996677740864,602
4205902,SC,Sul,1,0.48092369477911645,1992
4206009,SC,Sul,1,0.3357142857142857,560
4206108,SC,Sul,1,0.5613207547169812,212
4206207,SC,Sul,1,0.4370860927152318,302
4206306,SC,Sul,1,0.5696022727272727,704
4206405,SC,Sul,1,0.7522123893805309,226
4206504,SC,Sul,1,0.5336505778382054,1471
4206603,SC,Sul,1,0.69375,160
4206652,SC,Sul,1,0.3980891719745223,314
4206702,SC,Sul,1,0.4888475836431227,538
4206751,SC,Sul,1,0.7377049180327869,61
4206801,SC,Sul,1,0.5268817204301075,93
4206900,SC,Sul,1,0.5889328063241107,506
4207007,SC,Sul,1,0.5218111540585312,1811
4207106,SC,Sul,1,0.3652037617554859,638
4207205,SC,Sul,1,0.2932330827067669,266
4207304,SC,Sul,1,0.34139784946236557,1488
4207403,SC,Sul,1,0.6467661691542289,201
4207502,SC,Sul,1,0.5202257761053621,2126
4207577,SC,Sul,1,0.7011494252873564,87
4207601,SC,Sul,1,0.7387387387387387,111
4207650,SC,Sul,1,0.8020304568527918,197
4207684,SC,Sul,0,0.25,320
4207700,SC,Sul,1,0.5170731707317073,205
4207759,SC,Sul,1,0.6621621621621622,74
4207809,SC,Sul,1,0.5833333333333334,276
4207858,SC,Sul,1,0.7954545454545454,44
4207908,SC,Sul,1,0.6746575342465754,292
4208005,SC,Sul,1,0.5638766519823789,227
4208104,SC,Sul,1,0.5084485407066052,651
4208203,SC,Sul,1,0.4066320078684839,7117
4208302,SC,Sul,1,0.4560550830295666,2469
4208401,SC,Sul,1,0.6976284584980237,506
4208450,SC,Sul,1,0.30439223697650664,979
4208500,SC,Sul,1,0.5948717948717949,780
4208609,SC,Sul,1,0.6052631578947368,114
4208708,SC,Sul,1,0.4826254826254826,259
4208807,SC,Sul,1,0.41233373639661425,827
4208906,SC,Sul,1,0.5731208270514754,4643
4208955,SC,Sul,1,0.725,40
4209003,SC,Sul,1,0.5118243243243243,592
4209102,SC,Sul,1,0.5077591161632288,15659
4209151,SC,Sul,1,0.23106060606060605,264
4209177,SC,Sul,1,0.5254237288135594,59
4209201,SC,Sul,1,0.703125,64
4209300,SC,Sul,1,0.3807820696232713,4194
4209409,SC,Sul,1,0.3914510686164229,889
4209458,SC,Sul,1,0.6326530612244898,49
4209508,SC,Sul,1,0.45739910313901344,223
4209607,SC,Sul,1,0.5417661097852029,419
4209706,SC,Sul,1,0.3795454545454545,440
4209805,SC,Sul,1,0.5882352941176471,51
4209854,SC,Sul,1,0.7480916030534351,131
4209904,SC,Sul,1,0.4817351598173516,438
4210001,SC,Sul,1,0.5714285714285714,476
4210035,SC,Sul,1,0.6460674157303371,178
4210050,SC,Sul,1,0.525,40
4210100,SC,Sul,1,0.610989010989011,1365
4210209,SC,Sul,1,0.5,70
4210308,SC,Sul,1,0.6135265700483091,207
4210407,SC,Sul,1,0.476,250
4210506,SC,Sul,1,0.6790697674418604,860
4210555,SC,Sul,1,0.4827586206896552,58
4210605,SC,Sul,1,0.6491228070175439,513
4210704,SC,Sul,1,0.3564356435643564,101
4210803,SC,Sul,1,0.4467005076142132,197
4210852,SC,Sul,1,0.45588235294117646,68
4210902,SC,Sul,1,0.7422680412371134,97
4211009,SC,Sul,1,0.5769230769230769,260
4211058,SC,Sul,1,0.43573667711598746,319
4211108,SC,Sul,1,0.4621212121212121,264
4211207,SC,Sul,1,0.6071428571428571,588
4211256,SC,Sul,1,0.6075949367088608,79
4211306,SC,Sul,1,0.3401812688821752,3310
4211405,SC,Sul,1,0.6129032258064516,155
4211454,SC,Sul,1,0.5932203389830508,118
4211504,SC,Sul,1,0.46153846153846156,364
4211603,SC,Sul,1,0.606951871657754,374
4211652,SC,Sul,1,0.7368421052631579,57
4211702,SC,Sul,1,0.5404040404040404,594
4211751,SC,Sul,1,0.5114638447971781,567
4211801,SC,Sul,1,0.6305732484076433,157
4211850,SC,Sul,1,0.5348837209302325,43
4211876,SC,Sul,1,0.5573770491803278,61
4211892,SC,Sul,1,0.5,76
4211900,SC,Sul,1,0.32696015424164526,6224
4212007,SC,Sul,1,0.6877828054298643,221
4212056,SC,Sul,1,0.5616438356164384,73
4212106,SC,Sul,1,0.5514511873350924,379
4212205,SC,Sul,1,0.5720430107526882,465
4212239,SC,Sul,1,0.7362637362637363,91
4212254,SC,Sul,1,0.4036281179138322,441
4212270,SC,Sul,1,0.5683453237410072,139
4212304,SC,Sul,1,0.4349315068493151,292
4212403,SC,Sul,1,0.6842105263157895,95
4212502,SC,Sul,1,0.4079515989628349,1157
4212601,SC,Sul,1,0.6909090909090909,55
4212650,SC,Sul,1,0.396,250
4212700,SC,Sul,1,0.536144578313253,166
4212809,SC,Sul,1,0.41858141858141856,1001
4212908,SC,Sul,1,0.6385135135135135,592
4213005,SC,Sul,1,0.5634920634920635,126
4213104,SC,Sul,1,0.668918918918919,148
4213153,SC,Sul,1,0.7368421052631579,76
4213203,SC,Sul,1,0.5898089171974522,785
4213302,SC,Sul,1,0.35507246376811596,138
4213351,SC,Sul,1,0.5234375,128
4213401,SC,Sul,1,0.4564102564102564,390
4213500,SC,Sul,1,0.4402035623409669,786
4213609,SC,Sul,1,0.5588235294117647,646
4213708,SC,Sul,1,0.5040128410914928,623
4213807,SC,Sul,1,0.5652173913043478,253
4213906,SC,Sul,1,0.5121951219512195,41
4214003,SC,Sul,1,0.4646302250803859,622
4214102,SC,Sul,1,0.5161290322580645,62
4214151,SC,Sul,1,0.6888888888888889,90
4214201,SC,Sul,1,0.5932835820895522,268
4214300,SC,Sul,1,0.6666666666666666,81
4214409,SC,Sul,1,0.3101851851851852,216
4214508,SC,Sul,1,0.6407185628742516,167
4214607,SC,Sul,1,0.5622119815668203,217
4214706,SC,Sul,1,0.5313653136531366,271
4214805,SC,Sul,1,0.3731138545953361,1458
4214904,SC,Sul,1,0.6551724137931034,145
4215000,SC,Sul,1,0.5481874447391689,1131
4215059,SC,Sul,1,0.5352112676056338,71
4215075,SC,Sul,1,0.626984126984127,126
4215109,SC,Sul,1,0.49698795180722893,332
4215208,SC,Sul,1,0.55,100
4215307,SC,Sul,1,0.6147540983606558,244
4215356,SC,Sul,1,0.82,100
4215406,SC,Sul,1,0.7111111111111111,135
4215455,SC,Sul,1,0.3855421686746988,415
4215505,SC,Sul,1,0.5471698113207547,530
4215554,SC,Sul,1,0.6724137931034483,58
4215604,SC,Sul,1,0.8260869565217391,69
4215653,SC,Sul,1,0.5098039215686274,306
4215679,SC,Sul,1,0.7031963470319634,219
4215687,SC,Sul,1,0.6779661016949152,59
4215695,SC,Sul,1,0.7441860465116279,43
4215703,SC,Sul,1,0.48717948717948717,780
4215752,SC,Sul,1,0.6526315789473685,95
4215802,SC,Sul,1,0.6105947955390335,2152
4215901,SC,Sul,1,0.7560975609756098,41
4216008,SC,Sul,1,0.6148648648648649,296
4216057,SC,Sul,1,0.38421052631578945,190
4216107,SC,Sul,1,0.591743119266055,218
4216206,SC,Sul,1,0.326171875,1536
4216255,SC,Sul,1,0.896551724137931,145
4216305,SC,Sul,1,0.4927685950413223,968
4216354,SC,Sul,1,0.5217391304347826,161
4216404,SC,Sul,1,0.572992700729927,274
4216503,SC,Sul,1,0.3630952380952381,672
4216602,SC,Sul,1,0.43953934740882916,5731
4216701,SC,Sul,1,0.7134831460674157,356
4216800,SC,Sul,0,0.5128205128205128,156
4216909,SC,Sul,1,0.5742444152431012,761
4217006,SC,Sul,1,0.5778781038374717,443
4217105,SC,Sul,1,0.5510204081632653,98
4217154,SC,Sul,1,0.7894736842105263,38
4217204,SC,Sul,1,0.5822179732313576,1046
4217253,SC,Sul,1,0.5761589403973509,151
4217303,SC,Sul,1,0.75,292
4217402,SC,Sul,1,0.5797101449275363,621
4217501,SC,Sul,1,0.5719424460431655,556
4217550,SC,Sul,1,0.8735632183908046,87
4217600,SC,Sul,1,0.5120274914089347,291
4217709,SC,Sul,1,0.46265328874024525,897
4217758,SC,Sul,1,0.6623376623376623,77
4217808,SC,Sul,1,0.4504310344827586,464
4217907,SC,Sul,1,0.6271186440677966,236
4217956,SC,Sul,1,0.7411764705882353,85
4218004,SC,Sul,1,0.20380434782608695,1472
4218103,SC,Sul,1,0.6163522012578616,159
4218202,SC,Sul,1,0.5921532846715328,1096
4218251,SC,Sul,1,0.37184115523465705,277
4218301,SC,Sul,1,0.3762962962962963,675
4218350,SC,Sul,1,0.5157894736842106,95
4218400,SC,Sul,1,0.5727272727272728,220
4218509,SC,Sul,1,0.6283987915407855,331
4218608,SC,Sul,1,0.589622641509434,212
4218707,SC,Sul,1,0.47887913007109995,2391
4218756,SC,Sul,1,0.625,120
4218806,SC,Sul,1,0.5641025641025641,312
4218855,SC,Sul,1,0.525,80
4218905,SC,Sul,1,0.47770700636942676,314
4218954,SC,Sul,1,0.46534653465346537,101
4219002,SC,Sul,1,0.6056644880174292,459
4219101,SC,Sul,1,0.5858585858585859,99
4219150,SC,Sul,1,0.6060606060606061,66
4219176,SC,Sul,1,0.6335403726708074,161
4219200,SC,Sul,1,0.6381578947368421,152
4219309,SC,Sul,1,0.512753433616743,1529
4219358,SC,Sul,1,0.4918032786885246,122
4219408,SC,Sul,1,0.6964285714285714,112
4219507,SC,Sul,1,0.5395458104933438,1277
4219606,SC,Sul,1,0.6233766233766234,77
4219705,SC,Sul,1,0.5326633165829145,995
4219853,SC,Sul,1,0.48314606741573035,178
4220000,SC,Sul,1,0.3953900709219858,564
4300034,RS,Sul,1,0.5092592592592593,108
4300059,RS,Sul,1,0.5432098765432098,81
4300109,RS,Sul,1,0.523121387283237,346
4300208,RS,Sul,1,0.6767676767676768,99
4300307,RS,Sul,1,0.48695652173913045,115
4300406,RS,Sul,1,0.4564917127071823,1448
4300455,RS,Sul,1,0.676923076923077,65
4300471,RS,Sul,1,0.36363636363636365,11
4300505,RS,Sul,1,0.664,125
4300554,RS,Sul,1,0.6,25
4300570,RS,Sul,1,0.5362318840579711,69
4300604,RS,Sul,1,0.31422505307855625,5652
4300638,RS,Sul,1,0.5052631578947369,95
4300646,RS,Sul,1,0.5681818181818182,176
4300661,RS,Sul,1,0.45714285714285713,35
4300703,RS,Sul,1,0.7397260273972602,73
4300802,RS,Sul,1,0.5929203539823009,226
4300851,RS,Sul,1,0.4155844155844156,77
4300877,RS,Sul,1,0.45229681978798586,283
4300901,RS,Sul,1,0.5590551181102362,127
4301008,RS,Sul,1,0.6433915211970075,401
4301057,RS,Sul,1,0.4678362573099415,342
4301073,RS,Sul,1,0.46,50
4301107,RS,Sul,1,0.3042168674698795,332
4301206,RS,Sul,1,0.7230046948356808,213
4301305,RS,Sul,1,0.37393767705382436,353
4301404,RS,Sul,1,0.7,180
4301503,RS,Sul,1,0.6629213483146067,89
4301552,RS,Sul,1,0.639344262295082,61
4301602,RS,Sul,1,0.42498880429914915,2233
4301636,RS,Sul,1,0.4018475750577367,433
4301651,RS,Sul,1,0.6419753086419753,81
4301701,RS,Sul,1,0.7792207792207793,154
4301750,RS,Sul,0,0.352112676056338,71
4301800,RS,Sul,1,0.5963302752293578,109
4301859,RS,Sul,1,0.4533333333333333,75
4301875,RS,Sul,1,0.35172413793103446,145
4301909,RS,Sul,1,0.36,200
4301958,RS,Sul,1,0.6666666666666666,57
4302006,RS,Sul,1,0.5108695652173914,184
4302055,RS,Sul,0,0.8666666666666667,15
4302105,RS,Sul,1,0.5318892900120337,2493
4302154,RS,Sul,1,0.5416666666666666,24
4302204,RS,Sul,1,0.7171052631578947,152
4302220,RS,Sul,1,0.6153846153846154,52
4302238,RS,Sul,1,0.4489795918367347,49
4302253,RS,Sul,1,0.6590909090909091,44
4302303,RS,Sul,1,0.4921135646687697,317
4302352,RS,Sul,1,0.5653333333333334,375
4302378,RS,Sul,1,0.5428571428571428,35
4302402,RS,Sul,1,0.6508474576271186,295
4302451,RS,Sul,1,0.5285714285714286,70
4302501,RS,Sul,1,0.41284403669724773,109
4302584,RS,Sul,1,0.5428571428571428,35
4302600,RS,Sul,1,0.417910447761194,67
4302659,RS,Sul,1,0.5545454545454546,110
4302709,RS,Sul,1,0.4589178356713427,499
4302808,RS,Sul,1,0.4603825136612022,732
4302907,RS,Sul,1,0.4238095238095238,210
4303004,RS,Sul,1,0.42939481268011526,1388
4303103,RS,Sul,1,0.38947034570250555,3153
4303202,RS,Sul,1,0.6785714285714286,56
4303301,RS,Sul,1,0.6956521739130435,46
4303400,RS,Sul,1,0.6029411764705882,68
4303509,RS,Sul,1,0.5380852550663872,1431
4303558,RS,Sul,1,0.6206896551724138,58
4303608,RS,Sul,1,0.49523809523809526,105
4303673,RS,Sul,1,0.7608695652173914,46
4303707,RS,Sul,1,0.7181818181818181,110
4303806,RS,Sul,1,0.7207207207207207,111
4303905,RS,Sul,1,0.5603217158176944,1492
4304002,RS,Sul,1,0.504,125
4304101,RS,Sul,1,0.34579439252336447,107
4304200,RS,Sul,1,0.584942084942085,518
4304309,RS,Sul,1,0.5948275862068966,116
4304358,RS,Sul,1,0.36363636363636365,286
4304408,RS,Sul,1,0.5,1162
4304507,RS,Sul,1,0.6312247644683715,743
4304606,RS,Sul,1,0.3761267413275061,7322
4304614,RS,Sul,1,0.9333333333333333,15
4304622,RS,Sul,1,0.47058823529411764,34
4304630,RS,Sul,1,0.31013016411997735,1767
4304655,RS,Sul,1,0.734375,64
4304663,RS,Sul,1,0.29055007052186177,709
4304671,RS,Sul,1,0.39285714285714285,112
4304689,RS,Sul,1,0.512,250
4304697,RS,Sul,1,0.6375,80
4304705,RS,Sul,1,0.4916864608076009,1263
4304713,RS,Sul,1,0.7107438016528925,121
4304804,RS,Sul,1,0.5996810207336523,627
4304853,RS,Sul,1,0.5,24
4304903,RS,Sul,1,0.7204301075268817,186
4304952,RS,Sul,1,0.5540540540540541,74
4305009,RS,Sul,1,0.7078651685393258,178
4305108,RS,Sul,1,0.46575195626540894,9329
4305116,RS,Sul,1,0.725,40
4305124,RS,Sul,1,0.4444444444444444,90
4305132,RS,Sul,1,0.5806451612903226,62
4305157,RS,Sul,1,0.5384615384615384,39
4305173,RS,Sul,1,0.41578947368421054,190
4305207,RS,Sul,1,0.5672268907563025,238
4305306,RS,Sul,1,0.5649717514124294,177
4305355,RS,Sul,1,0.5353675450762829,721
4305371,RS,Sul,0,0.2972972972972973,37
4305405,RS,Sul,1,0.7790697674418605,86
4305439,RS,Sul,1,0.40789473684210525,76
4305447,RS,Sul,1,0.6517857142857143,112
4305454,RS,Sul,1,0.2950108459869848,461
4305504,RS,Sul,1,0.7222222222222222,54
4305587,RS,Sul,1,0.6,60
4305603,RS,Sul,1,0.7547169811320755,53
4305702,RS,Sul,1,0.6685714285714286,175
4305801,RS,Sul,1,0.5776892430278885,251
4305850,RS,Sul,1,0.6410256410256411,39
4305871,RS,Sul,1,0.6811594202898551,69
4305900,RS,Sul,1,0.581081081081081,148
4305934,RS,Sul,1,0.9333333333333333,15
4305959,RS,Sul,1,0.5205479452054794,73
4305975,RS,Sul,1,0.5047619047619047,105
4306007,RS,Sul,1,0.6055776892430279,251
4306056,RS,Sul,1,0.4883720930232558,215
4306072,RS,Sul,1,0.96,25
4306106,RS,Sul,1,0.5003728560775541,1341
4306130,RS,Sul,1,0.696969696969697,33
4306205,RS,Sul,1,0.4972677595628415,183
4306304,RS,Sul,1,0.7469879518072289,83
4306320,RS,Sul,1,0.5714285714285714,49
4306353,RS,Sul,1,0.5384615384615384,13
4306379,RS,Sul,1,0.546875,64
4306403,RS,Sul,1,0.6432360742705571,754
4306429,RS,Sul,1,0.7333333333333333,15
4306452,RS,Sul,1,0.6282051282051282,78
4306502,RS,Sul,1,0.47079037800687284,291
4306551,RS,Sul,1,0.7441860465116279,43
4306601,RS,Sul,1,0.45241809672386896,641
4306700,RS,Sul,1,0.5,46
4306734,RS,Sul,1,0.6739130434782609,92
4306759,RS,Sul,1,0.8,15
4306767,RS,Sul,1,0.19648093841642228,1023
4306809,RS,Sul,1,0.6112412177985949,427
4306908,RS,Sul,1,0.5289719626168224,535
4306924,RS,Sul,1,0.5483870967741935,31
4306932,RS,Sul,1,0.389937106918239,159
4306957,RS,Sul,1,0.704225352112676,71
4306973,RS,Sul,1,0.5373134328358209,67
4307005,RS,Sul,1,0.5138173302107728,2135
4307054,RS,Sul,1,0.5862068965517241,58
4307104,RS,Sul,1,0.4336283185840708,113
4307203,RS,Sul,1,0.6071428571428571,112
4307302,RS,Sul,1,0.5955056179775281,89
4307401,RS,Sul,1,0.5357142857142857,84
4307450,RS,Sul,1,0.8533333333333334,75
4307500,RS,Sul,1,0.5460526315789473,304
4307559,RS,Sul,1,0.5517241379310345,145
4307609,RS,Sul,1,0.490418118466899,1148
4307708,RS,Sul,1,0.42833146696528557,1786
4307807,RS,Sul,1,0.5014492753623189,690
4307815,RS,Sul,1,0.75,60
4307831,RS,Sul,1,0.7096774193548387,31
4307864,RS,Sul,1,0.7,50
4307906,RS,Sul,1,0.6245443499392467,1646
4308003,RS,Sul,1,0.7863247863247863,117
4308052,RS,Sul,1,0.5365853658536586,41
4308078,RS,Sul,1,0.5905511811023622,127
4308102,RS,Sul,1,0.5323741007194245,278
4308201,RS,Sul,1,0.644542772861357,678
4308250,RS,Sul,1,0.7083333333333334,24
4308300,RS,Sul,0,0.5636363636363636,165
4308409,RS,Sul,1,0.5981308411214953,107
4308433,RS,Sul,1,0.5185185185185185,54
4308458,RS,Sul,1,0.7974683544303798,79
4308508,RS,Sul,1,0.6651851851851852,675
4308607,RS,Sul,1,0.5960665658093798,661
4308656,RS,Sul,1,0.4,25
4308706,RS,Sul,1,0.7471264367816092,87
4308805,RS,Sul,1,0.46846846846846846,111
4308854,RS,Sul,1,0.8285714285714286,35
4308904,RS,Sul,1,0.6581196581196581,351
4309001,RS,Sul,1,0.6084142394822006,309
4309050,RS,Sul,1,0.4869109947643979,191
4309100,RS,Sul,1,0.578743961352657,1035
4309126,RS,Sul,1,0.6296296296296297,27
4309159,RS,Sul,0,0.5416666666666666,24
4309209,RS,Sul,1,0.4073552425665102,6390
4309258,RS,Sul,1,0.6666666666666666,15
4309308,RS,Sul,1,0.33844877644131066,2411
4309407,RS,Sul,1,0.3365570599613153,517
4309506,RS,Sul,1,0.6854838709677419,124
4309555,RS,Sul,1,0.7449664429530202,149
4309571,RS,Sul,1,0.4473684210526316,38
4309605,RS,Sul,1,0.6173708920187794,426
4309654,RS,Sul,1,0.4144736842105263,152
4309704,RS,Sul,1,0.6862745098039216,102
4309753,RS,Sul,1,0.5121951219512195,82
4309803,RS,Sul,1,0.6842105263157895,95
4309902,RS,Sul,1,0.6115107913669064,139
4309951,RS,Sul,1,0.4742268041237113,97
4310009,RS,Sul,1,0.6216867469879518,415
4310108,RS,Sul,1,0.5725806451612904,868
4310207,RS,Sul,1,0.5798270893371757,1735
4310306,RS,Sul,1,0.654320987654321,81
4310330,RS,Sul,1,0.3941176470588235,850
4310363,RS,Sul,1,0.62,50
4310405,RS,Sul,1,0.5583333333333333,120
4310413,RS,Sul,1,0.42857142857142855,49
4310439,RS,Sul,1,0.6466165413533834,133
4310462,RS,Sul,1,0.6111111111111112,36
4310504,RS,Sul,1,0.6145833333333334,96
4310538,RS,Sul,1,0.38405797101449274,138
4310553,RS,Sul,1,0.49122807017543857,57
4310579,RS,Sul,1,0.717948717948718,39
4310603,RS,Sul,1,0.4428251121076233,892
4310652,RS,Sul,1,0.5362318840579711,69
4310702,RS,Sul,1,0.5606060606060606,66
4310751,RS,Sul,1,0.5625,16
4310801,RS,Sul,1,0.6287425149700598,501
4310850,RS,Sul,1,0.654320987654321,81
4310876,RS,Sul,1,0.4583333333333333,24
4310900,RS,Sul,1,0.7884615384615384,52
4311007,RS,Sul,1,0.4519056261343013,551
4311106,RS,Sul,1,0.5294117647058824,170
4311122,RS,Sul,1,0.4789915966386555,119
4311130,RS,Sul,1,0.3469387755102041,49
4311155,RS,Sul,1,0.5568181818181818,88
4311205,RS,Sul,1,0.3472906403940887,406
4311239,RS,Sul,1,0.6666666666666666,39
4311254,RS,Sul,1,0.6285714285714286,70
4311270,RS,Sul,1,0.44,50
4311304,RS,Sul,1,0.5065359477124183,612
4311403,RS,Sul,1,0.5261723009814613,1834
4311429,RS,Sul,0,0.5227272727272727,44
4311502,RS,Sul,1,0.42452830188679247,106
4311601,RS,Sul,1,0.691358024691358,81
4311627,RS,Sul,1,0.47904191616766467,167
4311643,RS,Sul,1,0.6428571428571429,28
4311700,RS,Sul,1,0.6397058823529411,136
4311718,RS,Sul,1,0.4375,128
4311734,RS,Sul,1,0.5238095238095238,84
4311759,RS,Sul,1,0.49230769230769234,130
4311775,RS,Sul,1,0.34146341463414637,123
4311791,RS,Sul,1,0.6181818181818182,55
4311809,RS,Sul,1,0.5092213114754098,976
4311908,RS,Sul,1,0.6904761904761905,84
4311981,RS,Sul,1,0.3375,80
4312005,RS,Sul,1,0.696969696969697,33
4312054,RS,Sul,1,0.5555555555555556,63
4312104,RS,Sul,1,0.5625,64
4312138,RS,Sul,1,0.5217391304347826,69
4312153,RS,Sul,1,0.717948717948718,117
4312179,RS,Sul,1,0.7096774193548387,31
4312203,RS,Sul,1,0.6538461538461539,78
4312252,RS,Sul,1,0.529126213592233,206
4312302,RS,Sul,1,0.5655737704918032,122
4312351,RS,Sul,1,0.8928571428571429,28
4312377,RS,Sul,1,0.43010752688172044,93
4312385,RS,Sul,1,0.7560975609756098,41
4312401,RS,Sul,1,0.4782308223911541,1447
4312427,RS,Sul,1,0.6595744680851063,47
4312443,RS,Sul,1,0.6533333333333333,75
4312450,RS,Sul,1,0.4918032786885246,122
4312476,RS,Sul,1,0.5894736842105263,95
4312500,RS,Sul,1,0.3793103448275862,319
4312609,RS,Sul,1,0.3523809523809524,105
4312617,RS,Sul,1,0.5675675675675675,74
4312625,RS,Sul,1,0.68,25
4312658,RS,Sul,1,0.5846153846153846,390
4312674,RS,Sul,1,0.625,24
4312708,RS,Sul,1,0.4664310954063604,283
4312757,RS,Sul,1,0.704225352112676,71
4312807,RS,Sul,1,0.5859872611464968,157
4312906,RS,Sul,1,0.6173469387755102,196
4312955,RS,Sul,1,0.74,50
4313003,RS,Sul,1,0.7636363636363637,55
4313011,RS,Sul,1,0.7391304347826086,69
4313037,RS,Sul,1,0.6782608695652174,115
4313060,RS,Sul,1,0.5121495327102804,535
4313086,RS,Sul,1,0.6470588235294118,34
4313102,RS,Sul,1,0.6410256410256411,78
4313201,RS,Sul,1,0.656140350877193,570
4313300,RS,Sul,1,0.6297520661157024,605
4313334,RS,Sul,1,0.52,50
4313359,RS,Sul,1,0.7833333333333333,60
4313375,RS,Sul,1,0.5169082125603864,828
4313391,RS,Sul,1,0.7746478873239436,71
4313409,RS,Sul,1,0.4247342995169082,5175
4313425,RS,Sul,1,0.6818181818181818,22
4313441,RS,Sul,1,0.6382978723404256,47
4313466,RS,Sul,1,0.9130434782608695,23
4313490,RS,Sul,1,0.43617021276595747,94
4313508,RS,Sul,1,0.4334160463192721,1209
4313607,RS,Sul,1,0.5846153846153846,65
4313656,RS,Sul,1,0.42276422764227645,369
4313706,RS,Sul,1,0.4689119170984456,772
4313805,RS,Sul,1,0.6818181818181818,198
4313904,RS,Sul,1,0.6118881118881119,1144
4313953,RS,Sul,1,0.4392156862745098,255
4314001,RS,Sul,1,0.6666666666666666,186
4314027,RS,Sul,1,0.6666666666666666,114
4314035,RS,Sul,1,0.5929203539823009,113
4314050,RS,Sul,1,0.4206896551724138,1450
4314068,RS,Sul,1,0.7358490566037735,53
4314076,RS,Sul,1,0.6638655462184874,119
4314100,RS,Sul,1,0.40633245382585753,4548
4314134,RS,Sul,1,0.5263157894736842,38
4314159,RS,Sul,1,0.5483870967741935,155
4314175,RS,Sul,0,0.5238095238095238,42
4314209,RS,Sul,1,0.42735042735042733,117
4314308,RS,Sul,1,0.6470588235294118,85
4314407,RS,Sul,1,0.32835068861269734,5954
4314423,RS,Sul,1,0.6864406779661016,118
4314456,RS,Sul,1,0.45454545454545453,66
4314464,RS,Sul,1,0.4888888888888889,45
4314472,RS,Sul,1,0.43103448275862066,58
4314498,RS,Sul,1,0.6702127659574468,94
4314506,RS,Sul,1,0.47368421052631576,190
4314548,RS,Sul,1,0.7333333333333333,30
4314555,RS,Sul,1,0.8260869565217391,23
4314605,RS,Sul,1,0.5784313725490197,306
4314704,RS,Sul,1,0.5904255319148937,188
4314753,RS,Sul,1,0.6862745098039216,51
4314779,RS,Sul,1,0.49230769230769234,65
4314787,RS,Sul,1,0.5555555555555556,36
4314803,RS,Sul,1,0.4089264173703257,829
4314902,RS,Sul,1,0.2739851974440307,21753
4315008,RS,Sul,1,0.75,72
4315057,RS,Sul,1,0.5964912280701754,57
4315073,RS,Sul,1,0.7105263157894737,38
4315107,RS,Sul,1,0.6610169491525424,177
4315131,RS,Sul,1,0.9032258064516129,31
4315149,RS,Sul,1,0.6483516483516484,91
4315156,RS,Sul,1,0.6610169491525424,59
4315172,RS,Sul,1,0.6730769230769231,52
4315206,RS,Sul,1,0.7704918032786885,61
4315305,RS,Sul,1,0.47697974217311234,543
4315313,RS,Sul,1,0.35714285714285715,42
4315321,RS,Sul,1,0.5,28
4315354,RS,Sul,1,0.788235294117647,85
4315404,RS,Sul,0,0.6527777777777778,144
4315453,RS,Sul,1,0.6842105263157895,19
4315503,RS,Sul,1,0.4539877300613497,326
4315552,RS,Sul,0,0.7714285714285715,35
4315602,RS,Sul,1,0.3813436442725955,4138
4315701,RS,Sul,1,0.546079779917469,727
4315750,RS,Sul,1,0.6538461538461539,78
4315800,RS,Sul,1,0.4803921568627451,204
4315909,RS,Sul,1,0.6692307692307692,130
4316006,RS,Sul,1,0.7416020671834626,387
4316105,RS,Sul,1,0.5853658536585366,164
4316204,RS,Sul,1,0.8095238095238095,84
4316303,RS,Sul,1,0.6282051282051282,78
4316402,RS,Sul,1,0.38589211618257263,723
4316428,RS,Sul,1,0.6415094339622641,53
4316436,RS,Sul,1,0.6153846153846154,52
4316451,RS,Sul,1,0.6614583333333334,192
4316477,RS,Sul,1,0.75,72
4316501,RS,Sul,1,0.7446808510638298,141
4316600,RS,Sul,1,0.5800604229607251,331
4316709,RS,Sul,1,0.5202020202020202,198
4316733,RS,Sul,1,0.525,40
4316758,RS,Sul,1,0.6503067484662577,163
4316808,RS,Sul,1,0.5243328100470958,2548
4316907,RS,Sul,1,0.4194924290893581,4689
4316956,RS,Sul,1,0.6172839506172839,81
4316972,RS,Sul,1,0.29850746268656714,67
4317004,RS,Sul,0,0.4,100
4317103,RS,Sul,1,0.4230557087699945,1813
4317202,RS,Sul,1,0.5596967782691092,1583
4317251,RS,Sul,1,0.9090909090909091,11
4317301,RS,Sul,1,0.4133522727272727,704
4317400,RS,Sul,1,0.5748031496062992,889
4317509,RS,Sul,1,0.48368382886149386,1379
4317558,RS,Sul,1,0.4782608695652174,46
4317608,RS,Sul,1,0.5922580645161291,775
4317707,RS,Sul,1,0.5404040404040404,198
4317756,RS,Sul,1,0.7407407407407407,54
4317806,RS,Sul,1,0.6447761194029851,335
4317905,RS,Sul,1,0.6428571428571429,294
4317954,RS,Sul,1,0.8,35
4318002,RS,Sul,1,0.45454545454545453,1364
4318051,RS,Sul,1,0.5178571428571429,56
4318101,RS,Sul,1,0.5165165165165165,333
4318200,RS,Sul,1,0.45,520
4318309,RS,Sul,1,0.4306049822064057,1405
4318408,RS,Sul,1,0.5932642487046632,386
4318424,RS,Sul,1,0.7227722772277227,101
4318432,RS,Sul,1,0.8,15
4318440,RS,Sul,1,0.660377358490566,53
4318457,RS,Sul,1,0.5370370370370371,54
4318465,RS,Sul,1,0.5714285714285714,28
4318481,RS,Sul,1,0.6056338028169014,71
4318499,RS,Sul,1,0.6545454545454545,55
4318507,RS,Sul,1,0.43344155844155846,616
4318606,RS,Sul,1,0.4961832061068702,131
4318614,RS,Sul,1,0.5609756097560976,41
4318622,RS,Sul,1,0.34615384615384615,130
4318705,RS,Sul,1,0.3619678334910123,5285
4318804,RS,Sul,1,0.5271411338962606,829
4318903,RS,Sul,1,0.5779467680608364,789
4319000,RS,Sul,1,0.5886699507389163,406
4319109,RS,Sul,1,0.6583333333333333,120
4319125,RS,Sul,1,0.4166666666666667,72
4319158,RS,Sul,1,0.577922077922078,154
4319208,RS,Sul,1,0.45794392523364486,107
4319307,RS,Sul,1,0.6632653061224489,98
4319356,RS,Sul,1,0.6470588235294118,102
4319364,RS,Sul,1,0.8181818181818182,22
4319372,RS,Sul,1,0.7222222222222222,54
4319406,RS,Sul,1,0.6608391608391608,286
4319505,RS,Sul,1,0.5290909090909091,550
4319604,RS,Sul,1,0.5552407932011332,353
4319703,RS,Sul,1,0.6779661016949152,59
4319711,RS,Sul,1,0.7941176470588235,34
4319737,RS,Sul,0,0.5517241379310345,29
4319752,RS,Sul,1,0.676923076923077,65
4319802,RS,Sul,1,0.5533980582524272,206
4319901,RS,Sul,1,0.4763563962170234,2009
4320008,RS,Sul,1,0.4531155474894132,3306
4320107,RS,Sul,1,0.5370741482965932,499
4320206,RS,Sul,1,0.6815068493150684,292
4320230,RS,Sul,1,0.6545454545454545,55
4320263,RS,Sul,1,0.7047619047619048,105
4320305,RS,Sul,1,0.6754385964912281,114
4320321,RS,Sul,1,0.6346153846153846,52
4320354,RS,Sul,1,0.43956043956043955,91
4320404,RS,Sul,1,0.578005115089514,391
4320453,RS,Sul,1,0.43243243243243246,37
4320503,RS,Sul,1,0.5584415584415584,77
4320552,RS,Sul,1,0.6666666666666666,63
4320578,RS,Sul,1,0.6785714285714286,28
4320602,RS,Sul,1,0.5151515151515151,66
4320651,RS,Sul,1,0.3953488372093023,43
4320677,RS,Sul,1,0.48322147651006714,149
4320701,RS,Sul,1,0.6898954703832753,287
4320800,RS,Sul,1,0.5384615384615384,624
4320859,RS,Sul,1,0.34965034965034963,143
4320909,RS,Sul,1,0.5471428571428572,700
4321006,RS,Sul,1,0.7162790697674418,215
4321105,RS,Sul,1,0.4766081871345029,342
4321204,RS,Sul,1,0.49675023212627667,1077
4321303,RS,Sul,1,0.3639344262295082,610
4321329,RS,Sul,1,0.7931034482758621,87
4321352,RS,Sul,1,0.43859649122807015,114
4321402,RS,Sul,1,0.6381578947368421,304
4321436,RS,Sul,1,0.5517241379310345,290
4321451,RS,Sul,1,0.6780487804878049,615
4321469,RS,Sul,1,0.7285714285714285,70
4321477,RS,Sul,1,0.75,60
4321493,RS,Sul,1,0.6129032258064516,31
4321501,RS,Sul,1,0.45262189512419504,1087
4321600,RS,Sul,1,0.415929203539823,1695
4321626,RS,Sul,1,0.6666666666666666,51
4321634,RS,Sul,1,0.6666666666666666,27
4321667,RS,Sul,1,0.6370370370370371,270
4321709,RS,Sul,1,0.41818181818181815,605
4321808,RS,Sul,1,0.5848214285714286,448
4321832,RS,Sul,1,0.5094339622641509,53
4321857,RS,Sul,1,0.6312056737588653,141
4321907,RS,Sul,1,0.6371527777777778,576
4321956,RS,Sul,1,0.5597826086956522,184
4322004,RS,Sul,1,0.6149253731343284,670
4322103,RS,Sul,1,0.5566037735849056,106
4322152,RS,Sul,1,0.5967741935483871,62
4322186,RS,Sul,1,0.75,12
4322202,RS,Sul,1,0.5265486725663717,452
4322251,RS,Sul,1,0.6180555555555556,144
4322301,RS,Sul,1,0.5900621118012422,161
4322327,RS,Sul,1,0.6704545454545454,88
4322343,RS,Sul,1,0.782608695652174,23
4322376,RS,Sul,1,0.49122807017543857,57
4322400,RS,Sul,1,0.4252834077636551,2911
4322509,RS,Sul,1,0.49315849486887114,1754
4322525,RS,Sul,1,0.6304347826086957,92
4322533,RS,Sul,1,0.626984126984127,126
4322541,RS,Sul,1,0.5071428571428571,140
4322558,RS,Sul,1,0.6904761904761905,42
4322608,RS,Sul,1,0.6322049405306496,1093
4322707,RS,Sul,1,0.5442764578833693,463
4322806,RS,Sul,1,0.5876068376068376,468
4322855,RS,Sul,1,0.6060606060606061,33
4322905,RS,Sul,1,0.7761194029850746,67
4323002,RS,Sul,1,0.39626589409303076,6213
4323101,RS,Sul,1,0.6410256410256411,78
4323200,RS,Sul,1,0.6739130434782609,46
4323309,RS,Sul,1,0.7432432432432432,74
4323358,RS,Sul,1,0.6086956521739131,46
4323408,RS,Sul,1,0.6891891891891891,74
4323457,RS,Sul,1,0.43010752688172044,93
4323507,RS,Sul,1,0.7291666666666666,48
4323606,RS,Sul,1,0.8571428571428571,35
4323705,RS,Sul,1,0.6222222222222222,45
4323754,RS,Sul,1,0.6363636363636364,33
4323770,RS,Sul,1,0.6296296296296297,54
4323804,RS,Sul,1,0.4007707129094412,519
5000203,MS,Centro-Oeste,1,0.6645161290322581,775
5000252,MS,Centro-Oeste,1,0.6795580110497238,181
5000609,MS,Centro-Oeste,1,0.48959276018099546,1105
5000708,MS,Centro-Oeste,1,0.31891891891891894,925
5000807,MS,Centro-Oeste,1,0.7078189300411523,243
5000856,MS,Centro-Oeste,1,0.8554216867469879,415
5000906,MS,Centro-Oeste,1,0.5149501661129569,301
5001003,MS,Centro-Oeste,1,0.49392265193370166,905
5001102,MS,Centro-Oeste,1,0.5663338088445078,1402
5001243,MS,Centro-Oeste,0,0.7,340
5001508,MS,Centro-Oeste,1,0.3564356435643564,303
5001904,MS,Centro-Oeste,1,0.4260355029585799,676
5002001,MS,Centro-Oeste,1,0.5370843989769821,391
5002100,MS,Centro-Oeste,1,0.3991825613079019,734
5002159,MS,Centro-Oeste,1,0.36555891238670696,331
5002209,MS,Centro-Oeste,1,0.513986013986014,858
5002308,MS,Centro-Oeste,1,0.5088607594936709,395
5002407,MS,Centro-Oeste,1,0.5179324894514767,948
5002605,MS,Centro-Oeste,1,0.4073226544622426,437
5002704,MS,Centro-Oeste,1,0.4066095798769066,22422
5002803,MS,Centro-Oeste,1,0.4827586206896552,203
5002902,MS,Centro-Oeste,1,0.40657439446366783,578
5002951,MS,Centro-Oeste,1,0.49741468459152016,967
5003108,MS,Centro-Oeste,1,0.49696969696969695,165
5003157,MS,Centro-Oeste,0,0.6652173913043479,690
5003207,MS,Centro-Oeste,1,0.3380984042553192,3008
5003256,MS,Centro-Oeste,1,0.4438614900314795,953
5003306,MS,Centro-Oeste,1,0.3567251461988304,1026
5003454,MS,Centro-Oeste,1,0.7518427518427518,407
5003488,MS,Centro-Oeste,1,0.3684210526315789,437
5003504,MS,Centro-Oeste,1,0.38571428571428573,140
5003702,MS,Centro-Oeste,1,0.3939075630252101,7616
5003751,MS,Centro-Oeste,1,0.5710144927536231,345
5003801,MS,Centro-Oeste,1,0.5625,592
5003900,MS,Centro-Oeste,1,0.6528925619834711,121
5004007,MS,Centro-Oeste,1,0.6743295019157088,261
5004106,MS,Centro-Oeste,1,0.4823848238482385,369
5004304,MS,Centro-Oeste,1,0.4677754677754678,481
5004403,MS,Centro-Oeste,1,0.4032258064516129,248
5004502,MS,Centro-Oeste,1,0.557347670250896,558
5004601,MS,Centro-Oeste,1,0.7425068119891008,734
5004700,MS,Centro-Oeste,1,0.6123595505617978,890
5004809,MS,Centro-Oeste,0,0.2668621700879765,341
5004908,MS,Centro-Oeste,1,0.39303482587064675,201
5005004,MS,Centro-Oeste,1,0.3798076923076923,832
5005103,MS,Centro-Oeste,1,0.4827586206896552,145
5005152,MS,Centro-Oeste,1,0.32238805970149254,335
5005202,MS,Centro-Oeste,1,0.2594670406732118,713
5005251,MS,Centro-Oeste,1,0.758957654723127,307
5005400,MS,Centro-Oeste,1,0.3802535023348899,1499
5005608,MS,Centro-Oeste,1,0.2801724137931034,928
5005681,MS,Centro-Oeste,1,0.6116504854368932,515
5005707,MS,Centro-Oeste,1,0.5500848896434635,1767
5005806,MS,Centro-Oeste,0,0.5203426124197003,467
5006002,MS,Centro-Oeste,1,0.4244604316546763,834
5006200,MS,Centro-Oeste,1,0.6038135593220338,1416
5006259,MS,Centro-Oeste,1,0.6045197740112994,177
5006275,MS,Centro-Oeste,1,0.7490774907749077,271
5006309,MS,Centro-Oeste,1,0.399402390438247,1004
5006358,MS,Centro-Oeste,0,0.5212121212121212,330
5006408,MS,Centro-Oeste,1,0.3855421686746988,249
5006606,MS,Centro-Oeste,1,0.5761448349307774,3756
5006903,MS,Centro-Oeste,1,0.4547413793103448,464
5007109,MS,Centro-Oeste,1,0.34174553101997895,951
5007208,MS,Centro-Oeste,1,0.43148450244698205,1226
5007307,MS,Centro-Oeste,1,0.5029239766081871,171
5007406,MS,Centro-Oeste,1,0.4342688330871492,677
5007505,MS,Centro-Oeste,1,0.38028169014084506,213
5007554,MS,Centro-Oeste,1,0.47368421052631576,266
5007695,MS,Centro-Oeste,1,0.5337186897880539,1038
5007703,MS,Centro-Oeste,1,0.5264797507788161,321
5007802,MS,Centro-Oeste,1,0.376,250
5007901,MS,Centro-Oeste,1,0.29732678668848883,1833
5007935,MS,Centro-Oeste,1,0.6232558139534884,430
5007950,MS,Centro-Oeste,0,0.463302752293578,436
5007976,MS,Centro-Oeste,1,0.822429906542056,107
5008008,MS,Centro-Oeste,1,0.49248747913188645,599
5008305,MS,Centro-Oeste,1,0.7473435655253837,3388
5008404,MS,Centro-Oeste,1,0.5544041450777202,193
5100102,MT,Centro-Oeste,0,0.3870967741935484,124
5100201,MT,Centro-Oeste,1,0.5944976076555024,836
5100250,MT,Centro-Oeste,1,0.5460902733630006,1573
5100300,MT,Centro-Oeste,1,0.6570680628272252,382
5100359,MT,Centro-Oeste,1,0.6519607843137255,204
5100409,MT,Centro-Oeste,1,0.4312169312169312,378
5100508,MT,Centro-Oeste,0,0.525,200
5100607,MT,Centro-Oeste,1,0.6576819407008087,371
5100805,MT,Centro-Oeste,1,0.6202090592334495,287
5101001,MT,Centro-Oeste,1,0.8936170212765957,94
5101209,MT,Centro-Oeste,1,0.4375,32
5101258,MT,Centro-Oeste,1,0.5536159600997507,401
5101308,MT,Centro-Oeste,1,0.5406360424028268,283
5101407,MT,Centro-Oeste,1,0.5305676855895196,916
5101605,MT,Centro-Oeste,0,0.5510204081632653,196
5101704,MT,Centro-Oeste,1,0.565600882028666,907
5101803,MT,Centro-Oeste,1,0.5746223564954682,1655
5101852,MT,Centro-Oeste,1,0.5266903914590747,281
5101902,MT,Centro-Oeste,1,0.5085324232081911,586
5102504,MT,Centro-Oeste,1,0.4439901880621423,2446
5102603,MT,Centro-Oeste,0,0.34844192634560905,353
5102637,MT,Centro-Oeste,1,0.5644714997232982,1807
5102678,MT,Centro-Oeste,1,0.5382436260623229,1412
5102686,MT,Centro-Oeste,1,0.4934725848563969,383
5102694,MT,Centro-Oeste,1,0.49404761904761907,168
5102702,MT,Centro-Oeste,1,0.32166890982503366,743
5102793,MT,Centro-Oeste,1,0.6545454545454545,275
5102850,MT,Centro-Oeste,1,0.5340909090909091,176
5103007,MT,Centro-Oeste,1,0.5114235500878734,569
5103056,MT,Centro-Oeste,1,0.5377643504531722,331
5103106,MT,Centro-Oeste,0,0.5606936416184971,173
5103205,MT,Centro-Oeste,1,0.5133037694013304,902
5103254,MT,Centro-Oeste,0,0.4904051172707889,938
5103304,MT,Centro-Oeste,1,0.4805194805194805,539
5103353,MT,Centro-Oeste,1,0.40634674922600617,1292
5103361,MT,Centro-Oeste,1,0.5041322314049587,121
5103379,MT,Centro-Oeste,0,0.5242165242165242,351
5103403,MT,Centro-Oeste,1,0.4233036326250857,14590
5103437,MT,Centro-Oeste,1,0.5741935483870968,155
5103452,MT,Centro-Oeste,1,0.6728110599078341,217
5103502,MT,Centro-Oeste,1,0.4759887005649718,708
5103601,MT,Centro-Oeste,1,0.7802197802197802,182
5103700,MT,Centro-Oeste,1,0.5335195530726257,358
5103809,MT,Centro-Oeste,1,0.6235294117647059,85
5103858,MT,Centro-Oeste,0,0.4435146443514644,239
5103908,MT,Centro-Oeste,0,0.4426229508196721,183
5103957,MT,Centro-Oeste,1,0.8372093023255814,86
5104104,MT,Centro-Oeste,1,0.5189504373177842,1029
5104203,MT,Centro-Oeste,1,0.8277310924369747,238
5104500,MT,Centro-Oeste,1,0.4657534246575342,73
5104526,MT,Centro-Oeste,1,0.5449275362318841,345
5104542,MT,Centro-Oeste,1,0.7436823104693141,277
5104559,MT,Centro-Oeste,1,0.5671641791044776,201
5104609,MT,Centro-Oeste,1,0.44223107569721115,502
5104807,MT,Centro-Oeste,1,0.4898989898989899,792
5104906,MT,Centro-Oeste,0,0.49411764705882355,255
5105002,MT,Centro-Oeste,1,0.5634920634920635,252
5105101,MT,Centro-Oeste,1,0.4700944386149003,953
5105150,MT,Centro-Oeste,1,0.43986543313709,1189
5105176,MT,Centro-Oeste,1,0.5968253968253968,315
5105200,MT,Centro-Oeste,1,0.5285285285285285,333
5105234,MT,Centro-Oeste,1,0.4142857142857143,140
5105259,MT,Centro-Oeste,1,0.6065057712486883,2859
5105309,MT,Centro-Oeste,1,0.3870967741935484,62
5105507,MT,Centro-Oeste,0,0.4063745019920319,502
5105580,MT,Centro-Oeste,1,0.5886889460154242,389
5105606,MT,Centro-Oeste,1,0.512372634643377,687
5105622,MT,Centro-Oeste,1,0.48914616497829233,691
5105903,MT,Centro-Oeste,1,0.5384615384615384,533
5106000,MT,Centro-Oeste,1,0.5324675324675324,154
5106109,MT,Centro-Oeste,0,0.7037037037037037,270
5106158,MT,Centro-Oeste,1,0.705607476635514,428
5106174,MT,Centro-Oeste,0,0.56,75
5106182,MT,Centro-Oeste,0,0.5933609958506224,241
5106190,MT,Centro-Oeste,1,0.6964285714285714,168
5106208,MT,Centro-Oeste,1,0.6194690265486725,113
5106216,MT,Centro-Oeste,1,0.59375,384
5106224,MT,Centro-Oeste,1,0.6227364185110664,1988
5106232,MT,Centro-Oeste,1,0.512720156555773,511
5106240,MT,Centro-Oeste,1,0.5714285714285714,455
5106257,MT,Centro-Oeste,1,0.5067567567567568,592
5106265,MT,Centro-Oeste,1,0.5230769230769231,260
5106273,MT,Centro-Oeste,1,0.6146788990825688,109
5106281,MT,Centro-Oeste,1,0.6939655172413793,232
5106299,MT,Centro-Oeste,1,0.6428571428571429,364
5106307,MT,Centro-Oeste,1,0.442257217847769,762
5106315,MT,Centro-Oeste,1,0.6153846153846154,78
5106372,MT,Centro-Oeste,1,0.5606060606060606,594
5106422,MT,Centro-Oeste,0,0.3333333333333333,1068
5106455,MT,Centro-Oeste,1,0.7165354330708661,127
5106505,MT,Centro-Oeste,1,0.3127962085308057,844
5106653,MT,Centro-Oeste,1,0.5253164556962026,158
5106703,MT,Centro-Oeste,1,0.8333333333333334,54
5106752,MT,Centro-Oeste,1,0.5947503201024328,1562
5106778,MT,Centro-Oeste,1,0.35917312661498707,387
5106802,MT,Centro-Oeste,1,0.6,190
5106828,MT,Centro-Oeste,1,0.4012345679012346,324
5106851,MT,Centro-Oeste,0,0.8133333333333334,75
5107008,MT,Centro-Oeste,1,0.4064625850340136,588
5107040,MT,Centro-Oeste,1,0.4743083003952569,2530
5107065,MT,Centro-Oeste,1,0.608352144469526,886
5107107,MT,Centro-Oeste,1,0.7488789237668162,446
5107156,MT,Centro-Oeste,1,0.6833333333333333,60
5107180,MT,Centro-Oeste,0,0.5827338129496403,278
5107198,MT,Centro-Oeste,1,0.46236559139784944,93
5107206,MT,Centro-Oeste,1,0.5602836879432624,141
5107248,MT,Centro-Oeste,1,0.7714285714285715,210
5107263,MT,Centro-Oeste,1,0.5853658536585366,82
5107297,MT,Centro-Oeste,1,0.6986301369863014,73
5107305,MT,Centro-Oeste,1,0.5833333333333334,528
5107354,MT,Centro-Oeste,1,0.38202247191011235,267
5107404,MT,Centro-Oeste,1,0.7086092715231788,151
5107578,MT,Centro-Oeste,0,0.5,116
5107602,MT,Centro-Oeste,1,0.49832288172670264,6857
5107701,MT,Centro-Oeste,0,0.47305389221556887,334
5107743,MT,Centro-Oeste,1,0.5504587155963303,109
5107750,MT,Centro-Oeste,1,0.8469387755102041,98
5107768,MT,Centro-Oeste,1,0.5751295336787565,193
5107776,MT,Centro-Oeste,0,0.34536082474226804,194
5107792,MT,Centro-Oeste,1,0.6180555555555556,144
5107800,MT,Centro-Oeste,0,0.3758241758241758,455
5107859,MT,Centro-Oeste,1,0.2905982905982906,351
5107875,MT,Centro-Oeste,1,0.6278836509528586,997
5107883,MT,Centro-Oeste,1,0.6949152542372882,59
5107909,MT,Centro-Oeste,1,0.47924528301886793,6095
5107925,MT,Centro-Oeste,1,0.7204356846473029,3856
5107941,MT,Centro-Oeste,1,0.48931116389548696,421
5107958,MT,Centro-Oeste,1,0.4757531227038942,2722
5108006,MT,Centro-Oeste,1,0.5729847494553377,459
5108055,MT,Centro-Oeste,1,0.5390835579514824,371
5108105,MT,Centro-Oeste,0,0.5454545454545454,66
5108204,MT,Centro-Oeste,1,0.8275862068965517,87
5108303,MT,Centro-Oeste,1,0.5923566878980892,157
5108352,MT,Centro-Oeste,1,0.32967032967032966,91
5108402,MT,Centro-Oeste,1,0.48750444154921235,8443
5108501,MT,Centro-Oeste,1,0.3917525773195876,388
5108600,MT,Centro-Oeste,1,0.46078431372549017,612
5108808,MT,Centro-Oeste,1,0.6298701298701299,154
5108857,MT,Centro-Oeste,1,0.5952380952380952,126
5108907,MT,Centro-Oeste,1,0.5350877192982456,228
5108956,MT,Centro-Oeste,1,0.7821782178217822,303
5200050,GO,Centro-Oeste,1,0.5538461538461539,715
5200100,GO,Centro-Oeste,1,0.6659142212189616,443
5200134,GO,Centro-Oeste,1,0.6376306620209059,574
5200159,GO,Centro-Oeste,1,0.7213114754098361,61
5200175,GO,Centro-Oeste,1,0.6444444444444445,180
5200209,GO,Centro-Oeste,1,0.68,50
5200258,GO,Centro-Oeste,1,0.45274143760105834,6803
5200308,GO,Centro-Oeste,1,0.67125,800
5200506,GO,Centro-Oeste,1,0.9,60
5200555,GO,Centro-Oeste,1,0.642570281124498,249
5200605,GO,Centro-Oeste,1,0.7118055555555556,288
5200803,GO,Centro-Oeste,0,0.6287128712871287,202
5200829,GO,Centro-Oeste,0,0.7682926829268293,82
5200852,GO,Centro-Oeste,1,0.7154471544715447,123
5200902,GO,Centro-Oeste,1,0.7222222222222222,72
5201108,GO,Centro-Oeste,1,0.6405469678953627,8410
5201207,GO,Centro-Oeste,1,0.7837837837837838,37
5201306,GO,Centro-Oeste,1,0.9191616766467066,334
5201405,GO,Centro-Oeste,1,0.5611055353972053,12953
5201454,GO,Centro-Oeste,1,0.6413043478260869,92
5201504,GO,Centro-Oeste,1,0.576,125
5201603,GO,Centro-Oeste,1,0.7857142857142857,98
5201702,GO,Centro-Oeste,1,0.6178861788617886,492
5201801,GO,Centro-Oeste,1,0.5112219451371571,401
5202155,GO,Centro-Oeste,1,0.5632911392405063,158
5202353,GO,Centro-Oeste,1,0.7878787878787878,66
5202502,GO,Centro-Oeste,1,0.6814159292035398,226
5202601,GO,Centro-Oeste,1,0.7971014492753623,69
5202809,GO,Centro-Oeste,1,0.7536231884057971,69
5203104,GO,Centro-Oeste,0,0.7222222222222222,72
5203203,GO,Centro-Oeste,1,0.7469879518072289,332
5203302,GO,Centro-Oeste,1,0.5718232044198895,724
5203401,GO,Centro-Oeste,1,0.7175141242937854,177
5203500,GO,Centro-Oeste,1,0.732463295269168,613
5203559,GO,Centro-Oeste,1,0.6523297491039427,279
5203575,GO,Centro-Oeste,0,0.5157894736842106,95
5203609,GO,Centro-Oeste,1,0.6320754716981132,106
5203807,GO,Centro-Oeste,1,0.8111111111111111,180
5203906,GO,Centro-Oeste,1,0.6157205240174672,229
5203939,GO,Centro-Oeste,1,0.8860759493670886,79
5203962,GO,Centro-Oeste,1,0.6043956043956044,91
5204003,GO,Centro-Oeste,1,0.7817258883248731,197
5204102,GO,Centro-Oeste,1,0.6927899686520376,319
5204201,GO,Centro-Oeste,1,0.5641025641025641,39
5204250,GO,Centro-Oeste,1,0.719626168224299,214
5204300,GO,Centro-Oeste,1,0.7381818181818182,275
5204409,GO,Centro-Oeste,1,0.680379746835443,316
5204508,GO,Centro-Oeste,1,0.5709120128565689,2489
5204557,GO,Centro-Oeste,1,0.6637168141592921,113
5204607,GO,Centro-Oeste,1,0.8365384615384616,104
5204656,GO,Centro-Oeste,0,0.7204301075268817,93
5204706,GO,Centro-Oeste,1,0.7162534435261708,363
5204805,GO,Centro-Oeste,1,0.7045454545454546,220
5204854,GO,Centro-Oeste,1,0.8458333333333333,240
5204904,GO,Centro-Oeste,1,0.6517311608961304,491
5204953,GO,Centro-Oeste,1,0.6545454545454545,110
5205000,GO,Centro-Oeste,1,0.7542857142857143,175
5205059,GO,Centro-Oeste,1,0.8333333333333334,96
5205109,GO,Centro-Oeste,1,0.6042876284055382,2239
5205208,GO,Centro-Oeste,1,0.6601307189542484,153
5205307,GO,Centro-Oeste,0,0.6608695652173913,230
5205406,GO,Centro-Oeste,1,0.8515151515151516,330
5205455,GO,Centro-Oeste,1,0.5152838427947598,229
5205471,GO,Centro-Oeste,1,0.8004694835680751,426
5205497,GO,Centro-Oeste,1,0.5152517456817347,2721
5205513,GO,Centro-Oeste,1,0.7802197802197802,637
5205521,GO,Centro-Oeste,1,0.5603448275862069,116
5205703,GO,Centro-Oeste,1,0.8378378378378378,37
5205802,GO,Centro-Oeste,1,0.7373737373737373,198
5205901,GO,Centro-Oeste,1,0.6774193548387096,217
5206206,GO,Centro-Oeste,1,0.6370731707317073,2050
5206305,GO,Centro-Oeste,1,0.7741935483870968,93
5206404,GO,Centro-Oeste,1,0.6290322580645161,310
5206503,GO,Centro-Oeste,1,0.5656565656565656,99
5206602,GO,Centro-Oeste,1,0.6779661016949152,59
5206701,GO,Centro-Oeste,0,0.7304347826086957,115
5206800,GO,Centro-Oeste,1,0.8472222222222222,72
5206909,GO,Centro-Oeste,1,0.7301587301587301,63
5207105,GO,Centro-Oeste,1,0.8679245283018868,53
5207253,GO,Centro-Oeste,1,0.7590361445783133,166
5207352,GO,Centro-Oeste,1,0.7916666666666666,96
5207402,GO,Centro-Oeste,1,0.7171052631578947,304
5207501,GO,Centro-Oeste,1,0.8260869565217391,92
5207535,GO,Centro-Oeste,0,0.6090909090909091,110
5207600,GO,Centro-Oeste,1,0.9479166666666666,96
5207808,GO,Centro-Oeste,1,0.6910112359550562,178
5207907,GO,Centro-Oeste,0,0.6,290
5208004,GO,Centro-Oeste,1,0.5807692307692308,2600
5208103,GO,Centro-Oeste,1,0.7659574468085106,94
5208152,GO,Centro-Oeste,1,0.8440366972477065,109
5208301,GO,Centro-Oeste,0,0.7394366197183099,142
5208400,GO,Centro-Oeste,1,0.5949367088607594,395
5208509,GO,Centro-Oeste,1,0.5588235294117647,136
5208608,GO,Centro-Oeste,1,0.7633905356214249,1923
5208707,GO,Centro-Oeste,1,0.571685861889189,21099
5208806,GO,Centro-Oeste,1,0.6650963597430407,2335
5208905,GO,Centro-Oeste,1,0.6790830945558739,349
5209101,GO,Centro-Oeste,1,0.6871508379888268,895
5209150,GO,Centro-Oeste,1,0.5467625899280576,139
5209200,GO,Centro-Oeste,1,0.5591985428051002,549
5209291,GO,Centro-Oeste,1,0.6909090909090909,55
5209408,GO,Centro-Oeste,0,0.4823529411764706,85
5209457,GO,Centro-Oeste,0,0.717391304347826,46
5209606,GO,Centro-Oeste,1,0.6027397260273972,73
5209705,GO,Centro-Oeste,1,0.6359102244389028,802
5209804,GO,Centro-Oeste,1,0.6914893617021277,94
5209903,GO,Centro-Oeste,0,0.5775577557755776,303
5209937,GO,Centro-Oeste,1,0.7687074829931972,147
5209952,GO,Centro-Oeste,1,0.7126436781609196,435
5210000,GO,Centro-Oeste,1,0.783609576427256,1086
5210109,GO,Centro-Oeste,1,0.6349480968858131,578
5210158,GO,Centro-Oeste,1,0.9310344827586207,58
5210208,GO,Centro-Oeste,1,0.7386804657179818,773
5210307,GO,Centro-Oeste,1,0.8214285714285714,56
5210406,GO,Centro-Oeste,1,0.7415929203539823,1130
5210562,GO,Centro-Oeste,1,0.7482014388489209,139
5210604,GO,Centro-Oeste,1,0.8058252427184466,103
5210802,GO,Centro-Oeste,1,0.7474747474747475,99
5210901,GO,Centro-Oeste,1,0.7644787644787645,518
5211008,GO,Centro-Oeste,1,0.5,204
5211206,GO,Centro-Oeste,1,0.7485380116959064,513
5211305,GO,Centro-Oeste,1,0.7239263803680982,163
5211404,GO,Centro-Oeste,1,0.8895705521472392,163
5211503,GO,Centro-Oeste,1,0.6581774771189813,2513
5211602,GO,Centro-Oeste,1,0.7692307692307693,52
5211701,GO,Centro-Oeste,1,0.7619047619047619,126
5211800,GO,Centro-Oeste,1,0.7987987987987988,999
5211909,GO,Centro-Oeste,1,0.6073985680190931,2514
5212006,GO,Centro-Oeste,1,0.9038461538461539,52
5212055,GO,Centro-Oeste,1,0.9411764705882353,68
5212105,GO,Centro-Oeste,1,0.5679012345679012,162
5212204,GO,Centro-Oeste,1,0.648989898989899,396
5212253,GO,Centro-Oeste,1,0.75,44
5212303,GO,Centro-Oeste,1,0.6612021857923497,183
5212501,GO,Centro-Oeste,1,0.609617209743752,6322
5212600,GO,Centro-Oeste,1,0.8125,64
5212709,GO,Centro-Oeste,1,0.5795918367346938,245
5212808,GO,Centro-Oeste,1,0.7386363636363636,264
5212907,GO,Centro-Oeste,1,0.8295454545454546,88
5212956,GO,Centro-Oeste,1,0.5163934426229508,122
5213004,GO,Centro-Oeste,1,0.7630662020905923,287
5213053,GO,Centro-Oeste,0,0.7307692307692307,52
5213087,GO,Centro-Oeste,1,0.7230769230769231,650
5213103,GO,Centro-Oeste,1,0.765371372356124,2033
5213400,GO,Centro-Oeste,1,0.4883720930232558,43
5213509,GO,Centro-Oeste,0,0.7241379310344828,174
5213707,GO,Centro-Oeste,1,0.6597938144329897,194
5213756,GO,Centro-Oeste,1,0.6950819672131148,305
5213772,GO,Centro-Oeste,0,0.5802469135802469,81
5213806,GO,Centro-Oeste,1,0.5680076628352491,1044
5213855,GO,Centro-Oeste,1,0.9464285714285714,56
5213905,GO,Centro-Oeste,1,0.7777777777777778,99
5214002,GO,Centro-Oeste,1,0.5389344262295082,488
5214051,GO,Centro-Oeste,0,0.9037433155080213,187
5214101,GO,Centro-Oeste,1,0.9142857142857143,105
5214408,GO,Centro-Oeste,1,0.7761904761904762,210
5214507,GO,Centro-Oeste,1,0.6331719128329297,826
5214606,GO,Centro-Oeste,1,0.6995768688293371,709
5214705,GO,Centro-Oeste,1,0.8421052631578947,57
5214804,GO,Centro-Oeste,1,0.4634146341463415,41
5214838,GO,Centro-Oeste,1,0.6097560975609756,328
5214861,GO,Centro-Oeste,1,0.7692307692307693,143
5214879,GO,Centro-Oeste,1,0.8804347826086957,92
5214903,GO,Centro-Oeste,0,0.5789473684210527,57
5215009,GO,Centro-Oeste,1,0.7605042016806722,238
5215207,GO,Centro-Oeste,1,0.6585365853658537,82
5215231,GO,Centro-Oeste,1,0.47689699025010596,2359
5215256,GO,Centro-Oeste,0,0.8620689655172413,116
5215306,GO,Centro-Oeste,1,0.7320872274143302,321
5215405,GO,Centro-Oeste,1,0.911504424778761,113
5215504,GO,Centro-Oeste,1,0.6557377049180327,183
5215603,GO,Centro-Oeste,0,0.5676959619952494,842
5215652,GO,Centro-Oeste,1,0.7362637362637363,91
5215702,GO,Centro-Oeste,1,0.6679438058748404,783
5215801,GO,Centro-Oeste,1,0.4166666666666667,36
5215900,GO,Centro-Oeste,1,0.8160919540229885,87
5216007,GO,Centro-Oeste,1,0.7407407407407407,81
5216304,GO,Centro-Oeste,1,0.8672985781990521,211
5216403,GO,Centro-Oeste,1,0.5741324921135647,317
5216452,GO,Centro-Oeste,1,0.7628865979381443,97
5216809,GO,Centro-Oeste,1,0.6640625,128
5216908,GO,Centro-Oeste,1,0.7916666666666666,48
5217104,GO,Centro-Oeste,1,0.6039603960396039,505
5217203,GO,Centro-Oeste,1,0.6967213114754098,244
5217302,GO,Centro-Oeste,1,0.6287769784172662,695
5217401,GO,Centro-Oeste,1,0.6417910447761194,603
5217609,GO,Centro-Oeste,1,0.6400817995910021,3423
5217708,GO,Centro-Oeste,1,0.7340720221606648,361
5218003,GO,Centro-Oeste,1,0.45413363533408835,883
5218052,GO,Centro-Oeste,1,0.7267080745341615,161
5218102,GO,Centro-Oeste,1,0.6397058823529411,136
5218300,GO,Centro-Oeste,0,0.7455410225921522,841
5218391,GO,Centro-Oeste,1,0.7142857142857143,84
5218508,GO,Centro-Oeste,1,0.6854304635761589,1208
5218607,GO,Centro-Oeste,1,0.7969924812030075,266
5218706,GO,Centro-Oeste,1,0.8514851485148515,101
5218789,GO,Centro-Oeste,1,0.8174603174603174,126
5218805,GO,Centro-Oeste,1,0.8077405482888371,5581
5218904,GO,Centro-Oeste,1,0.7642105263157895,475
5219001,GO,Centro-Oeste,1,0.7512953367875648,193
5219100,GO,Centro-Oeste,1,0.8285714285714286,175
5219209,GO,Centro-Oeste,1,0.7307692307692307,78
5219258,GO,Centro-Oeste,1,0.7707006369426752,157
5219308,GO,Centro-Oeste,1,0.0,410
5219357,GO,Centro-Oeste,1,0.7375,80
5219407,GO,Centro-Oeste,1,0.7755102040816326,147
5219456,GO,Centro-Oeste,0,0.847457627118644,59
5219506,GO,Centro-Oeste,1,0.8536585365853658,82
5219605,GO,Centro-Oeste,1,0.8805970149253731,67
5219704,GO,Centro-Oeste,1,0.7567567567567568,185
5219712,GO,Centro-Oeste,1,0.8157894736842105,114
5219738,GO,Centro-Oeste,1,0.7627118644067796,236
5219753,GO,Centro-Oeste,1,0.42978510744627685,2001
5219803,GO,Centro-Oeste,0,0.5045871559633027,218
5219902,GO,Centro-Oeste,1,0.654639175257732,194
5220009,GO,Centro-Oeste,0,0.7633587786259542,393
5220058,GO,Centro-Oeste,1,0.84,50
5220108,GO,Centro-Oeste,1,0.6563421828908554,678
5220157,GO,Centro-Oeste,1,0.7532467532467533,154
5220207,GO,Centro-Oeste,1,0.8196457326892109,621
5220264,GO,Centro-Oeste,1,0.6777777777777778,90
5220280,GO,Centro-Oeste,1,0.8775510204081632,49
5220405,GO,Centro-Oeste,1,0.6876190476190476,525
5220454,GO,Centro-Oeste,1,0.4812485441416259,4293
5220504,GO,Centro-Oeste,1,0.5685279187817259,197
5220603,GO,Centro-Oeste,1,0.8380462724935732,389
5220686,GO,Centro-Oeste,1,0.7608695652173914,138
5220702,GO,Centro-Oeste,0,0.6571428571428571,70
5221007,GO,Centro-Oeste,1,0.6785714285714286,112
5221080,GO,Centro-Oeste,0,0.5957446808510638,94
5221197,GO,Centro-Oeste,1,0.584070796460177,226
5221304,GO,Centro-Oeste,1,0.647887323943662,71
5221403,GO,Centro-Oeste,1,0.6564190150868204,3513
5221452,GO,Centro-Oeste,1,0.8421052631578947,76
5221502,GO,Centro-Oeste,1,0.7232142857142857,112
5221551,GO,Centro-Oeste,1,0.7297297297297297,148
5221577,GO,Centro-Oeste,1,0.4444444444444444,54
5221601,GO,Centro-Oeste,1,0.6851415094339622,848
5221700,GO,Centro-Oeste,1,0.8007380073800738,271
5221809,GO,Centro-Oeste,1,0.6470588235294118,68
5221858,GO,Centro-Oeste,1,0.5348054679284964,4755
5221908,GO,Centro-Oeste,1,0.801980198019802,101
5222005,GO,Centro-Oeste,1,0.7913279132791328,369
5222054,GO,Centro-Oeste,1,0.7725321888412017,233
5222203,GO,Centro-Oeste,0,0.781021897810219,137
5222302,GO,Centro-Oeste,1,0.6896551724137931,145
5300108,DF,Centro-Oeste,1,0.47440248393385803,27698
