id_municipio,taxa_2023,taxa_2024,meta_2030,nome_municipio,sigla_uf,n_alunos_2024,presenca_2024,cluster,vel_municipio,vel_uf,vel_encolhida,proj_2030_mantem_2024,gap_mantem_2024,nao_atinge_mantem_2024,proj_2030_tendencia_uf,gap_tendencia_uf,nao_atinge_tendencia_uf,proj_2030_tendencia_encolhida,gap_tendencia_encolhida,nao_atinge_tendencia_encolhida
1100015,64.55,67.79,80.0,Alta Floresta D'Oeste,RO,306.0,0.899,0.0,3.24,0.866,2.302,67.79,-12.21,True,72.99,-7.01,True,81.6,1.6,False
1100023,62.3,65.62,80.0,Ariquemes,RO,1201.0,0.888,1.0,3.32,0.866,2.97,65.62,-14.38,True,70.82,-9.18,True,83.44,3.44,False
1100031,69.1,75.88,80.0,Cabixi,RO,81.0,0.926,1.0,5.0,0.866,2.058,75.88,-4.12,True,81.08,1.08,False,88.23,8.23,False
1100049,62.51,65.81,80.0,Cacoal,RO,1033.0,0.921,1.0,3.3,0.866,2.905,65.81,-14.19,True,71.01,-8.99,True,83.24,3.24,False
1100056,58.53,66.81,80.0,Cerejeiras,RO,253.0,0.964,1.0,5.0,0.866,3.175,66.81,-13.19,True,72.01,-7.99,True,85.86,5.86,False
1100064,62.85,71.69,80.0,Colorado do Oeste,RO,193.0,0.907,1.0,5.0,0.866,2.896,71.69,-8.31,True,76.89,-3.11,True,89.07,9.07,False
1100072,58.2,72.68,80.0,Corumbiara,RO,146.0,0.884,1.0,5.0,0.866,2.61,72.68,-7.32,True,77.88,-2.12,True,88.34,8.34,False
1100080,80.68,59.63,80.0,Costa Marques,RO,215.0,0.916,0.0,-5.0,0.866,-2.173,59.63,-20.37,True,64.83,-15.17,True,46.59,-33.41,True
1100098,85.33,71.16,80.0,Espigão D'Oeste,RO,435.0,0.901,1.0,-5.0,0.866,-3.152,71.16,-8.84,True,76.36,-3.64,True,52.25,-27.75,True
1100106,41.76,43.07,80.0,Guajará-Mirim,RO,542.0,0.9,0.0,1.31,0.866,1.19,43.07,-36.93,True,48.27,-31.73,True,50.21,-29.79,True
1100114,62.82,63.99,80.0,Jaru,RO,647.0,0.92,1.0,1.17,0.866,1.098,63.99,-16.01,True,69.19,-10.81,True,70.58,-9.42,True
1100122,81.83,72.81,80.0,Ji-Paraná,RO,1691.0,0.876,1.0,-5.0,0.866,-4.38,72.81,-7.19,True,78.01,-1.99,True,46.53,-33.47,True
1100130,51.4,64.75,80.0,Machadinho D'Oeste,RO,468.0,0.865,0.0,5.0,0.866,3.762,64.75,-15.25,True,69.95,-10.05,True,87.32,7.32,False
1100148,74.81,75.61,80.0,Nova Brasilândia D'Oeste,RO,257.0,0.934,1.0,0.8,0.866,0.829,75.61,-4.39,True,80.81,0.81,False,80.58,0.58,False
1100155,72.39,66.4,80.0,Ouro Preto do Oeste,RO,394.0,0.919,1.0,-5.0,0.866,-3.025,66.4,-13.6,True,71.6,-8.4,True,48.25,-31.75,True
1100189,69.73,81.06,80.0,Pimenta Bueno,RO,526.0,0.897,1.0,5.0,0.866,3.861,81.06,1.06,False,86.26,6.26,False,100.0,20.0,False
1100205,65.06,50.84,80.0,Porto Velho,RO,6347.0,0.854,1.0,-5.0,0.866,-4.821,50.84,-29.16,True,56.04,-23.96,True,21.92,-58.08,True
1100254,62.41,71.14,80.0,Presidente Médici,RO,224.0,0.902,1.0,5.0,0.866,3.05,71.14,-8.86,True,76.34,-3.66,True,89.44,9.44,False
1100262,83.84,62.81,80.0,Rio Crespo,RO,67.0,0.925,1.0,-5.0,0.866,-0.606,62.81,-17.19,True,68.01,-11.99,True,59.17,-20.83,True
1100288,68.81,75.19,80.0,Rolim de Moura,RO,738.0,0.912,1.0,5.0,0.866,4.119,75.19,-4.81,True,80.39,0.39,False,99.9,19.9,False
1100296,76.11,83.36,80.0,Santa Luzia D'Oeste,RO,85.0,0.918,1.0,5.0,0.866,2.099,83.36,3.36,False,88.56,8.56,False,95.95,15.95,False
1100304,65.62,71.66,80.0,Vilhena,RO,1529.0,0.863,1.0,5.0,0.866,4.522,71.66,-8.34,True,76.86,-3.14,True,98.79,18.79,False
1100320,67.75,69.13,80.0,São Miguel do Guaporé,RO,328.0,0.921,0.0,1.38,0.866,1.185,69.13,-10.87,True,74.33,-5.67,True,76.24,-3.76,True
1100338,63.02,45.3,80.0,Nova Mamoré,RO,463.0,0.873,0.0,-5.0,0.866,-3.23,45.3,-34.7,True,50.5,-29.5,True,25.92,-54.08,True
1100346,29.2,65.35,80.0,Alvorada D'Oeste,RO,169.0,0.852,1.0,5.0,0.866,2.759,65.35,-14.65,True,70.55,-9.45,True,81.91,1.91,False
1100379,69.52,79.54,80.0,Alto Alegre dos Parecis,RO,202.0,0.921,0.0,5.0,0.866,2.943,79.54,-0.46,True,84.74,4.74,False,97.2,17.2,False
1100403,61.53,60.45,80.0,Alto Paraíso,RO,200.0,0.855,0.0,-1.08,0.866,-0.107,60.45,-19.55,True,65.65,-14.35,True,59.81,-20.19,True
1100452,49.82,72.32,80.0,Buritis,RO,484.0,0.905,0.0,5.0,0.866,3.791,72.32,-7.68,True,77.52,-2.48,True,95.07,15.07,False
1100502,72.53,70.67,80.0,Novo Horizonte do Oeste,RO,109.0,0.936,1.0,-1.86,0.866,-0.096,70.67,-9.33,True,75.87,-4.13,True,70.1,-9.9,True
1100601,54.63,78.84,80.0,Cacaulândia,RO,77.0,0.883,1.0,5.0,0.866,2.015,78.84,-1.16,True,84.04,4.04,False,90.93,10.93,False
1100700,59.32,71.94,80.0,Campo Novo de Rondônia,RO,177.0,0.921,0.0,5.0,0.866,2.807,71.94,-8.06,True,77.14,-2.86,True,88.78,8.78,False
1100809,48.96,51.63,80.0,Candeias do Jamari,RO,434.0,0.843,0.0,2.67,0.866,2.101,51.63,-28.37,True,56.83,-23.17,True,64.24,-15.76,True
1100908,70.14,65.42,80.0,Castanheiras,RO,59.0,0.847,1.0,-4.72,0.866,-0.406,65.42,-14.58,True,70.62,-9.38,True,62.98,-17.02,True
1100924,80.72,71.99,80.0,Chupinguaia,RO,179.0,0.86,0.0,-5.0,0.866,-1.904,71.99,-8.01,True,77.19,-2.81,True,60.56,-19.44,True
1100940,77.47,67.6,80.0,Cujubim,RO,289.0,0.9,1.0,-5.0,0.866,-2.601,67.6,-12.4,True,72.8,-7.2,True,52.0,-28.0,True
1101005,65.11,70.76,80.0,Governador Jorge Teixeira,RO,135.0,0.919,0.0,5.0,0.866,2.532,70.76,-9.24,True,75.96,-4.04,True,85.95,5.95,False
1101104,98.79,70.62,80.0,Itapuã do Oeste,RO,177.0,0.904,0.0,-5.0,0.866,-1.888,70.62,-9.38,True,75.82,-4.18,True,59.29,-20.71,True
1101203,72.5,69.17,80.0,Ministro Andreazza,RO,87.0,0.943,1.0,-3.33,0.866,-0.406,69.17,-10.83,True,74.37,-5.63,True,66.73,-13.27,True
1101302,59.21,73.82,80.0,Mirante da Serra,RO,152.0,0.855,0.0,5.0,0.866,2.651,73.82,-6.18,True,79.02,-0.98,True,89.73,9.73,False
1101401,72.19,69.92,80.0,Monte Negro,RO,190.0,0.905,0.0,-2.27,0.866,-0.662,69.92,-10.08,True,75.12,-4.88,True,65.95,-14.05,True
1101435,60.65,70.92,80.0,Nova União,RO,94.0,0.904,0.0,5.0,0.866,2.188,70.92,-9.08,True,76.12,-3.88,True,84.05,4.05,False
1101450,61.04,70.6,80.0,Parecis,RO,64.0,0.922,0.0,5.0,0.866,1.868,70.6,-9.4,True,75.8,-4.2,True,81.81,1.81,False
1101476,86.09,57.63,80.0,Primavera de Rondônia,RO,68.0,0.868,1.0,-5.0,0.866,-0.622,57.63,-22.37,True,62.83,-17.17,True,53.9,-26.1,True
1101484,53.34,78.36,80.0,São Felipe D'Oeste,RO,64.0,0.828,1.0,5.0,0.866,1.868,78.36,-1.64,True,83.56,3.56,False,89.57,9.57,False
1101492,65.79,62.99,80.0,São Francisco do Guaporé,RO,300.0,0.88,0.0,-2.8,0.866,-1.334,62.99,-17.01,True,68.19,-11.81,True,54.99,-25.01,True
1101500,63.02,66.06,80.0,Seringueiras,RO,199.0,0.935,0.0,3.04,0.866,1.95,66.06,-13.94,True,71.26,-8.74,True,77.76,-2.24,True
1101559,71.95,65.3,80.0,Teixeirópolis,RO,59.0,0.898,1.0,-5.0,0.866,-0.47,65.3,-14.7,True,70.5,-9.5,True,62.48,-17.52,True
1101609,50.7,78.73,80.0,Theobroma,RO,125.0,0.912,0.0,5.0,0.866,2.456,78.73,-1.27,True,83.93,3.93,False,93.47,13.47,False
1101708,70.92,61.28,80.0,Urupá,RO,157.0,0.93,0.0,-5.0,0.866,-1.714,61.28,-18.72,True,66.48,-13.52,True,51.0,-29.0,True
1101757,36.95,55.65,80.0,Vale do Anari,RO,123.0,0.935,0.0,5.0,0.866,2.44,55.65,-24.35,True,60.85,-19.15,True,70.29,-9.71,True
1101807,55.69,44.06,80.0,Vale do Paraíso,RO,88.0,0.886,0.0,-5.0,0.866,-0.926,44.06,-35.94,True,49.26,-30.74,True,38.5,-41.5,True
1300029,39.91,58.47,80.0,Alvarães,AM,261.0,0.897,0.0,5.0,-0.977,2.407,58.47,-21.53,True,52.61,-27.39,True,72.91,-7.09,True
1300060,62.67,64.58,80.0,Amaturá,AM,189.0,0.931,0.0,1.91,-0.977,0.426,64.58,-15.42,True,58.72,-21.28,True,67.14,-12.86,True
1300086,33.26,53.48,80.0,Anamã,AM,68.0,0.868,0.0,5.0,-0.977,0.54,53.48,-26.52,True,47.62,-32.38,True,56.72,-23.28,True
1300102,75.99,77.45,80.0,Anori,AM,300.0,0.923,0.0,1.46,-0.977,0.485,77.45,-2.55,True,71.59,-8.41,True,80.36,0.36,False
1300144,56.79,49.25,80.0,Apuí,AM,367.0,0.668,0.0,-5.0,-0.977,-3.581,49.25,-30.75,True,43.39,-36.61,True,27.77,-52.23,True
1300201,54.2,84.07,80.0,Atalaia do Norte,AM,180.0,0.911,0.0,5.0,-0.977,1.854,84.07,4.07,False,78.21,-1.79,True,95.2,15.2,False
1300409,48.61,38.21,80.0,Barcelos,AM,274.0,0.825,0.0,-5.0,-0.977,-3.302,38.21,-41.79,True,32.35,-47.65,True,18.4,-61.6,True
1300508,29.7,24.4,80.0,Barreirinha,AM,489.0,0.838,0.0,-5.0,-0.977,-3.832,24.4,-55.6,True,18.54,-61.46,True,1.41,-78.59,True
1300607,38.02,34.3,80.0,Benjamin Constant,AM,831.0,0.939,0.0,-3.72,-0.977,-3.188,34.3,-45.7,True,28.44,-51.56,True,15.17,-64.83,True
1300680,26.16,31.41,80.0,Boa Vista do Ramos,AM,203.0,0.877,0.0,5.0,-0.977,2.034,31.41,-48.59,True,25.55,-54.45,True,43.61,-36.39,True
1300706,59.09,44.78,80.0,Boca do Acre,AM,419.0,0.831,0.0,-5.0,-0.977,-3.7,44.78,-35.22,True,38.92,-41.08,True,22.58,-57.42,True
1300805,28.35,22.82,80.0,Borba,AM,379.0,0.873,0.0,-5.0,-0.977,-3.61,22.82,-57.18,True,16.96,-63.04,True,1.16,-78.84,True
1300839,30.2,21.72,80.0,Caapiranga,AM,138.0,0.891,0.0,-5.0,-0.977,-2.619,21.72,-58.28,True,15.86,-64.14,True,6.0,-74.0,True
1301001,47.38,49.19,80.0,Carauari,AM,418.0,0.813,0.0,1.81,-0.977,0.908,49.19,-30.81,True,43.33,-36.67,True,54.64,-25.36,True
1301159,38.04,27.35,80.0,Careiro da Várzea,AM,136.0,0.824,0.0,-5.0,-0.977,-2.605,27.35,-52.65,True,21.49,-58.51,True,11.72,-68.28,True
1301209,38.77,32.72,80.0,Coari,AM,1042.0,0.894,0.0,-5.0,-0.977,-4.352,32.72,-47.28,True,26.86,-53.14,True,6.61,-73.39,True
1301308,43.66,40.59,80.0,Codajás,AM,328.0,0.878,0.0,-3.07,-0.977,-2.277,40.59,-39.41,True,34.73,-45.27,True,26.93,-53.07,True
1301506,56.52,19.3,80.0,Envira,AM,292.0,0.801,0.0,-5.0,-0.977,-3.364,19.3,-60.7,True,13.44,-66.56,True,0.0,-80.0,True
1301654,61.86,54.66,80.0,Guajará,AM,197.0,0.802,0.0,-5.0,-0.977,-2.973,54.66,-25.34,True,48.8,-31.2,True,36.82,-43.18,True
1301704,50.25,57.23,80.0,Humaitá,AM,822.0,0.927,0.0,5.0,-0.977,3.83,57.23,-22.77,True,51.37,-28.63,True,80.21,0.21,False
1301803,40.83,63.28,80.0,Ipixuna,AM,298.0,0.832,0.0,5.0,-0.977,2.6,63.28,-16.72,True,57.42,-22.58,True,78.88,-1.12,True
1301852,45.23,34.35,80.0,Iranduba,AM,1081.0,0.819,0.0,-5.0,-0.977,-4.372,34.35,-45.65,True,28.49,-51.51,True,8.12,-71.88,True
1301902,46.31,42.66,80.0,Itacoatiara,AM,1303.0,0.881,0.0,-3.65,-0.977,-3.294,42.66,-37.34,True,36.8,-43.2,True,22.89,-57.11,True
1301951,70.62,82.23,80.0,Itamarati,AM,126.0,0.952,0.0,5.0,-0.977,1.333,82.23,2.23,False,76.37,-3.63,True,90.23,10.23,False
1302108,77.3,91.93,80.0,Japurá,AM,115.0,0.826,0.0,5.0,-0.977,1.205,91.93,11.93,False,86.07,6.07,False,99.16,19.16,False
1302207,40.6,44.2,80.0,Juruá,AM,183.0,0.749,0.0,3.6,-0.977,1.21,44.2,-35.8,True,38.34,-41.66,True,51.46,-28.54,True
1302306,36.64,30.91,80.0,Jutaí,AM,424.0,0.849,0.0,-5.0,-0.977,-3.71,30.91,-49.09,True,25.05,-54.95,True,8.65,-71.35,True
1302405,64.34,66.7,80.0,Lábrea,AM,552.0,0.846,0.0,2.36,-0.977,1.473,66.7,-13.3,True,60.84,-19.16,True,75.54,-4.46,True
1302504,43.99,37.28,80.0,Manacapuru,AM,1512.0,0.847,0.0,-5.0,-0.977,-4.53,37.28,-42.72,True,31.42,-48.58,True,10.1,-69.9,True
1302553,47.0,20.56,80.0,Manaquiri,AM,237.0,0.785,0.0,-5.0,-0.977,-3.159,20.56,-59.44,True,14.7,-65.3,True,1.61,-78.39,True
1302603,52.2,50.13,80.0,Manaus,AM,30524.0,0.758,1.0,-2.07,-0.977,-2.063,50.13,-29.87,True,44.27,-35.73,True,37.75,-42.25,True
1302702,51.77,57.02,80.0,Manicoré,AM,603.0,0.924,0.0,5.0,-0.977,3.511,57.02,-22.98,True,51.16,-28.84,True,78.09,-1.91,True
1302801,20.95,48.41,80.0,Maraã,AM,220.0,0.836,0.0,5.0,-0.977,2.154,48.41,-31.59,True,42.55,-37.45,True,61.33,-18.67,True
1302900,53.17,45.97,80.0,Maués,AM,652.0,0.813,0.0,-5.0,-0.977,-4.056,45.97,-34.03,True,40.11,-39.89,True,21.64,-58.36,True
1303007,64.67,57.1,80.0,Nhamundá,AM,138.0,0.986,0.0,-5.0,-0.977,-2.619,57.1,-22.9,True,51.24,-28.76,True,41.38,-38.62,True
1303106,51.39,32.8,80.0,Nova Olinda do Norte,AM,379.0,0.802,0.0,-5.0,-0.977,-3.61,32.8,-47.2,True,26.94,-53.06,True,11.14,-68.86,True
1303205,75.88,57.09,80.0,Novo Airão,AM,295.0,0.837,0.0,-5.0,-0.977,-3.374,57.09,-22.91,True,51.23,-28.77,True,36.84,-43.16,True
1303304,83.98,50.99,80.0,Novo Aripuanã,AM,291.0,0.866,0.0,-5.0,-0.977,-3.361,50.99,-29.01,True,45.13,-34.87,True,30.82,-49.18,True
1303403,51.88,51.36,80.0,Parintins,AM,1573.0,0.861,0.0,-0.52,-0.977,-0.571,51.36,-28.64,True,45.5,-34.5,True,47.93,-32.07,True
1303502,38.95,48.43,80.0,Pauini,AM,234.0,0.885,0.0,5.0,-0.977,2.246,48.43,-31.57,True,42.57,-37.43,True,61.9,-18.1,True
1303536,34.17,35.31,80.0,Presidente Figueiredo,AM,628.0,0.717,0.0,1.14,-0.977,0.629,35.31,-44.69,True,29.45,-50.55,True,39.08,-40.92,True
1303569,35.31,46.76,80.0,Rio Preto da Eva,AM,441.0,0.807,0.0,5.0,-0.977,3.135,46.76,-33.24,True,40.9,-39.1,True,65.57,-14.43,True
1303601,26.71,36.02,80.0,Santa Isabel do Rio Negro,AM,199.0,0.683,0.0,5.0,-0.977,2.004,36.02,-43.98,True,30.16,-49.84,True,48.05,-31.95,True
1303700,59.68,37.94,80.0,Santo Antônio do Içá,AM,604.0,0.919,0.0,-5.0,-0.977,-3.999,37.94,-42.06,True,32.08,-47.92,True,13.95,-66.05,True
1303809,36.49,31.59,80.0,São Gabriel da Cachoeira,AM,748.0,0.921,0.0,-4.9,-0.977,-4.072,31.59,-48.41,True,25.73,-54.27,True,7.16,-72.84,True
1303908,33.12,32.06,80.0,São Paulo de Olivença,AM,825.0,0.942,0.0,-1.06,-0.977,-1.044,32.06,-47.94,True,26.2,-53.8,True,25.8,-54.2,True
1303957,51.77,29.46,80.0,São Sebastião do Uatumã,AM,132.0,0.924,0.0,-5.0,-0.977,-2.576,29.46,-50.54,True,23.6,-56.4,True,14.0,-66.0,True
1304005,35.75,38.73,80.0,Silves,AM,208.0,0.87,0.0,2.98,-0.977,1.041,38.73,-41.27,True,32.87,-47.13,True,44.97,-35.03,True
1304062,41.53,37.75,80.0,Tabatinga,AM,1305.0,0.886,0.0,-3.78,-0.977,-3.407,37.75,-42.25,True,31.89,-48.11,True,17.31,-62.69,True
1304104,49.27,51.81,80.0,Tapauá,AM,283.0,0.901,0.0,2.54,-0.977,1.084,51.81,-28.19,True,45.95,-34.05,True,58.31,-21.69,True
1304203,41.26,36.78,80.0,Tefé,AM,1337.0,0.902,0.0,-4.48,-0.977,-4.024,36.78,-43.22,True,30.92,-49.08,True,12.64,-67.36,True
1304237,45.93,30.02,80.0,Tonantins,AM,316.0,0.937,0.0,-5.0,-0.977,-3.441,30.02,-49.98,True,24.16,-55.84,True,9.38,-70.62,True
1304260,13.39,11.25,80.0,Uarini,AM,231.0,0.861,0.0,-2.14,-0.977,-1.6,11.25,-68.75,True,5.39,-74.61,True,1.65,-78.35,True
1304302,57.02,73.95,80.0,Urucará,AM,188.0,0.957,0.0,5.0,-0.977,1.919,73.95,-6.05,True,68.09,-11.91,True,85.47,5.47,False
1304401,48.58,46.46,80.0,Urucurituba,AM,287.0,0.895,0.0,-2.12,-0.977,-1.65,46.46,-33.54,True,40.6,-39.4,True,36.56,-43.44,True
1500107,39.73,35.85,80.0,Abaetetuba,PA,1485.0,0.855,0.0,-3.88,0.616,-3.346,35.85,-44.15,True,39.55,-40.45,True,15.77,-64.23,True
1500131,59.81,54.88,80.0,Abel Figueiredo,PA,111.0,0.838,0.0,-4.93,0.616,-1.363,54.88,-25.12,True,58.58,-21.42,True,46.7,-33.3,True
1500206,39.02,41.73,80.0,Acará,PA,610.0,0.848,0.0,2.71,0.616,2.193,41.73,-38.27,True,45.43,-34.57,True,54.89,-25.11,True
1500305,30.81,38.18,80.0,Afuá,PA,699.0,0.88,0.0,5.0,0.616,4.025,38.18,-41.82,True,41.88,-38.12,True,62.33,-17.67,True
1500347,27.76,51.4,80.0,Água Azul do Norte,PA,230.0,0.804,0.0,5.0,0.616,2.961,51.4,-28.6,True,55.1,-24.9,True,69.17,-10.83,True
1500404,36.41,34.75,80.0,Alenquer,PA,891.0,0.836,0.0,-1.66,0.616,-1.243,34.75,-45.25,True,38.45,-41.55,True,27.29,-52.71,True
1500503,30.68,38.92,80.0,Almeirim,PA,431.0,0.824,0.0,5.0,0.616,3.61,38.92,-41.08,True,42.62,-37.38,True,60.58,-19.42,True
1500602,46.67,45.32,80.0,Altamira,PA,1948.0,0.8,0.0,-1.35,0.616,-1.167,45.32,-34.68,True,49.02,-30.98,True,38.32,-41.68,True
1500701,26.81,33.83,80.0,Anajás,PA,410.0,0.827,0.0,5.0,0.616,3.563,33.83,-46.17,True,37.53,-42.47,True,55.21,-24.79,True
1500800,59.04,52.74,80.0,Ananindeua,PA,4901.0,0.839,1.0,-5.0,0.616,-4.78,52.74,-27.26,True,56.44,-23.56,True,24.06,-55.94,True
1500859,48.76,48.45,80.0,Anapu,PA,411.0,0.774,0.0,-0.31,0.616,-0.007,48.45,-31.55,True,52.15,-27.85,True,48.41,-31.59,True
1500909,38.56,43.99,80.0,Augusto Corrêa,PA,614.0,0.834,0.0,5.0,0.616,3.923,43.99,-36.01,True,47.69,-32.31,True,67.53,-12.47,True
1500958,33.96,55.54,80.0,Aurora do Pará,PA,243.0,0.889,0.0,5.0,0.616,3.021,55.54,-24.46,True,59.24,-20.76,True,73.66,-6.34,True
1501006,57.23,64.37,80.0,Aveiro,PA,120.0,0.883,0.0,5.0,0.616,2.26,64.37,-15.63,True,68.07,-11.93,True,77.93,-2.07,True
1501105,46.7,53.31,80.0,Bagre,PA,298.0,0.926,0.0,5.0,0.616,3.239,53.31,-26.69,True,57.01,-22.99,True,72.75,-7.25,True
1501204,27.52,38.16,80.0,Baião,PA,303.0,0.861,0.0,5.0,0.616,3.257,38.16,-41.84,True,41.86,-38.14,True,57.7,-22.3,True
1501253,61.11,47.37,80.0,Bannach,PA,59.0,0.898,0.0,-5.0,0.616,-0.663,47.37,-32.63,True,51.07,-28.93,True,43.39,-36.61,True
1501303,46.55,39.5,80.0,Barcarena,PA,1665.0,0.864,0.0,-5.0,0.616,-4.398,39.5,-40.5,True,43.2,-36.8,True,13.11,-66.89,True
1501402,48.22,46.08,80.0,Belém,PA,10483.0,0.822,1.0,-2.14,0.616,-2.088,46.08,-33.92,True,49.78,-30.22,True,33.55,-46.45,True
1501451,60.62,57.61,80.0,Belterra,PA,225.0,0.876,0.0,-3.01,0.616,-1.304,57.61,-22.39,True,61.31,-18.69,True,49.79,-30.21,True
1501501,60.59,65.29,80.0,Benevides,PA,1114.0,0.923,1.0,4.7,0.616,4.078,65.29,-14.71,True,68.99,-11.01,True,89.76,9.76,False
1501576,58.11,51.82,80.0,Bom Jesus do Tocantins,PA,206.0,0.864,0.0,-5.0,0.616,-2.233,51.82,-28.18,True,55.52,-24.48,True,38.42,-41.58,True
1501600,37.01,32.2,80.0,Bonito,PA,107.0,0.804,0.0,-4.81,0.616,-1.275,32.2,-47.8,True,35.9,-44.1,True,24.55,-55.45,True
1501709,42.72,37.0,80.0,Bragança,PA,1464.0,0.84,0.0,-5.0,0.616,-4.325,37.0,-43.0,True,40.7,-39.3,True,11.05,-68.95,True
1501725,73.21,87.6,80.0,Brasil Novo,PA,230.0,0.9,0.0,5.0,0.616,2.961,87.6,7.6,False,91.3,11.3,False,100.0,20.0,False
1501758,61.58,75.7,80.0,Brejo Grande do Araguaia,PA,102.0,0.892,0.0,5.0,0.616,2.097,75.7,-4.3,True,79.4,-0.6,True,88.28,8.28,False
1501782,31.24,50.55,80.0,Breu Branco,PA,580.0,0.867,0.0,5.0,0.616,3.876,50.55,-29.45,True,54.25,-25.75,True,73.81,-6.19,True
1501808,44.0,55.58,80.0,Breves,PA,1167.0,0.848,0.0,5.0,0.616,4.359,55.58,-24.42,True,59.28,-20.72,True,81.73,1.73,False
1501907,51.4,51.61,80.0,Bujaru,PA,257.0,0.891,0.0,0.21,0.616,0.388,51.61,-28.39,True,55.31,-24.69,True,53.94,-26.06,True
1501956,47.73,52.04,80.0,Cachoeira do Piriá,PA,186.0,0.758,0.0,4.31,0.616,2.396,52.04,-27.96,True,55.74,-24.26,True,66.42,-13.58,True
1502004,52.11,33.12,80.0,Cachoeira do Arari,PA,232.0,0.892,0.0,-5.0,0.616,-2.4,33.12,-46.88,True,36.82,-43.18,True,18.72,-61.28,True
1502103,40.41,39.08,80.0,Cametá,PA,1354.0,0.843,0.0,-1.33,0.616,-1.08,39.08,-40.92,True,42.78,-37.22,True,32.6,-47.4,True
1502152,62.1,65.12,80.0,Canaã dos Carajás,PA,1732.0,0.809,1.0,3.02,0.616,2.771,65.12,-14.88,True,68.82,-11.18,True,81.75,1.75,False
1502202,62.0,59.49,80.0,Capanema,PA,772.0,0.845,0.0,-2.51,0.616,-1.867,59.49,-20.51,True,63.19,-16.81,True,48.29,-31.71,True
1502301,50.98,48.98,80.0,Capitão Poço,PA,527.0,0.882,0.0,-2.0,0.616,-1.28,48.98,-31.02,True,52.68,-27.32,True,41.3,-38.7,True
1502400,38.09,32.97,80.0,Castanhal,PA,2449.0,0.772,1.0,-5.0,0.616,-4.576,32.97,-47.03,True,36.67,-43.33,True,5.51,-74.49,True
1502509,44.8,74.09,80.0,Chaves,PA,215.0,0.912,0.0,5.0,0.616,2.887,74.09,-5.91,True,77.79,-2.21,True,91.41,11.41,False
1502608,54.39,37.22,80.0,Colares,PA,103.0,0.942,0.0,-5.0,0.616,-1.293,37.22,-42.78,True,40.92,-39.08,True,29.46,-50.54,True
1502707,38.67,50.69,80.0,Conceição do Araguaia,PA,585.0,0.865,0.0,5.0,0.616,3.883,50.69,-29.31,True,54.39,-25.61,True,73.99,-6.01,True
1502756,40.62,54.24,80.0,Concórdia do Pará,PA,305.0,0.82,0.0,5.0,0.616,3.264,54.24,-25.76,True,57.94,-22.06,True,73.82,-6.18,True
1502764,50.13,45.2,80.0,Cumaru do Norte,PA,185.0,0.838,0.0,-4.93,0.616,-2.049,45.2,-34.8,True,48.9,-31.1,True,32.91,-47.09,True
1502772,50.76,72.88,80.0,Curionópolis,PA,325.0,0.834,0.0,5.0,0.616,3.33,72.88,-7.12,True,76.58,-3.42,True,92.86,12.86,False
1502806,25.06,24.03,80.0,Curralinho,PA,688.0,0.741,0.0,-1.03,0.616,-0.659,24.03,-55.97,True,27.73,-52.27,True,20.07,-59.93,True
1502855,37.54,42.47,80.0,Curuá,PA,192.0,0.896,0.0,4.93,0.616,2.729,42.47,-37.53,True,46.17,-33.83,True,58.84,-21.16,True
1502905,30.81,33.48,80.0,Curuçá,PA,379.0,0.831,0.0,2.67,0.616,1.961,33.48,-46.52,True,37.18,-42.82,True,45.24,-34.76,True
1502939,59.32,69.24,80.0,Dom Eliseu,PA,553.0,0.922,0.0,5.0,0.616,3.836,69.24,-10.76,True,72.94,-7.06,True,92.25,12.25,False
1502954,52.88,50.59,80.0,Eldorado do Carajás,PA,342.0,0.854,0.0,-2.29,0.616,-1.218,50.59,-29.41,True,54.29,-25.71,True,43.28,-36.72,True
1503002,51.05,51.79,80.0,Faro,PA,184.0,0.804,0.0,0.74,0.616,0.675,51.79,-28.21,True,55.49,-24.51,True,55.84,-24.16,True
1503044,47.77,67.37,80.0,Floresta do Araguaia,PA,257.0,0.887,0.0,5.0,0.616,3.081,67.37,-12.63,True,71.07,-8.93,True,85.86,5.86,False
1503077,37.96,32.89,80.0,Garrafão do Norte,PA,402.0,0.846,0.0,-5.0,0.616,-3.134,32.89,-47.11,True,36.59,-43.41,True,14.08,-65.92,True
1503093,46.05,42.29,80.0,Goianésia do Pará,PA,352.0,0.852,0.0,-3.76,0.616,-2.174,42.29,-37.71,True,45.99,-34.01,True,29.24,-50.76,True
1503200,32.77,40.43,80.0,Igarapé-Açu,PA,369.0,0.821,0.0,5.0,0.616,3.459,40.43,-39.57,True,44.13,-35.87,True,61.18,-18.82,True
1503309,36.72,41.34,80.0,Igarapé-Miri,PA,757.0,0.832,0.0,4.62,0.616,3.783,41.34,-38.66,True,45.04,-34.96,True,64.04,-15.96,True
1503408,21.83,45.41,80.0,Inhangapi,PA,119.0,0.824,0.0,5.0,0.616,2.251,45.41,-34.59,True,49.11,-30.89,True,58.92,-21.08,True
1503457,39.7,42.95,80.0,Ipixuna do Pará,PA,420.0,0.781,0.0,3.25,0.616,2.4,42.95,-37.05,True,46.65,-33.35,True,57.35,-22.65,True
1503507,45.28,49.64,80.0,Irituia,PA,238.0,0.832,0.0,4.36,0.616,2.65,49.64,-30.36,True,53.34,-26.66,True,65.54,-14.46,True
1503606,61.0,59.22,80.0,Itaituba,PA,2189.0,0.835,0.0,-1.78,0.616,-1.579,59.22,-20.78,True,62.92,-17.08,True,49.74,-30.26,True
1503705,42.67,44.08,80.0,Itupiranga,PA,561.0,0.866,0.0,1.41,0.616,1.201,44.08,-35.92,True,47.78,-32.22,True,51.29,-28.71,True
1503754,36.03,24.95,80.0,Jacareacanga,PA,230.0,0.813,0.0,-5.0,0.616,-2.388,24.95,-55.05,True,28.65,-51.35,True,10.62,-69.38,True
1503804,40.47,37.87,80.0,Jacundá,PA,550.0,0.844,0.0,-2.6,0.616,-1.742,37.87,-42.13,True,41.57,-38.43,True,27.42,-52.58,True
1503903,49.15,51.0,80.0,Juruti,PA,903.0,0.866,0.0,1.85,0.616,1.626,51.0,-29.0,True,54.7,-25.3,True,60.76,-19.24,True
1504000,47.64,47.82,80.0,Limoeiro do Ajuru,PA,303.0,0.845,0.0,0.18,0.616,0.353,47.82,-32.18,True,51.52,-28.48,True,49.94,-30.06,True
1504059,45.48,46.97,80.0,Mãe do Rio,PA,413.0,0.889,0.0,1.49,0.616,1.205,46.97,-33.03,True,50.67,-29.33,True,54.2,-25.8,True
1504109,54.01,60.05,80.0,Magalhães Barata,PA,65.0,0.923,0.0,5.0,0.616,1.691,60.05,-19.95,True,63.75,-16.25,True,70.2,-9.8,True
1504208,51.46,50.68,80.0,Marabá,PA,3788.0,0.791,0.0,-0.78,0.616,-0.71,50.68,-29.32,True,54.38,-25.62,True,46.42,-33.58,True
1504307,68.07,47.51,80.0,Maracanã,PA,223.0,0.883,0.0,-5.0,0.616,-2.345,47.51,-32.49,True,51.21,-28.79,True,33.44,-46.56,True
1504406,28.74,45.42,80.0,Marapanim,PA,218.0,0.867,0.0,5.0,0.616,2.902,45.42,-34.58,True,49.12,-30.88,True,62.83,-17.17,True
1504422,57.34,48.97,80.0,Marituba,PA,1880.0,0.783,1.0,-5.0,0.616,-4.46,48.97,-31.03,True,52.67,-27.33,True,22.21,-57.79,True
1504455,48.99,48.44,80.0,Medicilândia,PA,391.0,0.747,0.0,-0.55,0.616,-0.155,48.44,-31.56,True,52.14,-27.86,True,47.51,-32.49,True
1504505,38.0,28.64,80.0,Melgaço,PA,487.0,0.727,0.0,-5.0,0.616,-3.365,28.64,-51.36,True,32.34,-47.66,True,8.45,-71.55,True
1504604,31.97,37.29,80.0,Mocajuba,PA,381.0,0.772,0.0,5.0,0.616,3.491,37.29,-42.71,True,40.99,-39.01,True,58.24,-21.76,True
1504703,32.11,34.29,80.0,Moju,PA,911.0,0.844,0.0,2.18,0.616,1.898,34.29,-45.71,True,37.99,-42.01,True,45.68,-34.32,True
1504752,55.19,43.72,80.0,Mojuí dos Campos,PA,211.0,0.844,0.0,-5.0,0.616,-2.267,43.72,-36.28,True,47.42,-32.58,True,30.12,-49.88,True
1504802,53.95,46.69,80.0,Monte Alegre,PA,823.0,0.889,0.0,-5.0,0.616,-3.902,46.69,-33.31,True,50.39,-29.61,True,23.28,-56.72,True
1504901,36.17,33.63,80.0,Muaná,PA,645.0,0.918,0.0,-2.54,0.616,-1.793,33.63,-46.37,True,37.33,-42.67,True,22.87,-57.13,True
1504950,35.64,50.02,80.0,Nova Esperança do Piriá,PA,250.0,0.872,0.0,5.0,0.616,3.052,50.02,-29.98,True,53.72,-26.28,True,68.33,-11.67,True
1504976,44.35,52.55,80.0,Nova Ipixuna,PA,224.0,0.812,0.0,5.0,0.616,2.932,52.55,-27.45,True,56.25,-23.75,True,70.14,-9.86,True
1505007,50.32,51.68,80.0,Nova Timboteua,PA,149.0,0.805,0.0,1.36,0.616,0.934,51.68,-28.32,True,55.38,-24.62,True,57.28,-22.72,True
1505031,61.43,56.8,80.0,Novo Progresso,PA,563.0,0.828,1.0,-4.63,0.616,-3.255,56.8,-23.2,True,60.5,-19.5,True,37.27,-42.73,True
1505064,55.6,47.88,80.0,Novo Repartimento,PA,878.0,0.805,0.0,-5.0,0.616,-3.958,47.88,-32.12,True,51.58,-28.42,True,24.13,-55.87,True
1505106,48.83,53.98,80.0,Óbidos,PA,610.0,0.882,0.0,5.0,0.616,3.918,53.98,-26.02,True,57.68,-22.32,True,77.49,-2.51,True
1505205,18.54,31.03,80.0,Oeiras do Pará,PA,470.0,0.794,0.0,5.0,0.616,3.691,31.03,-48.97,True,34.73,-45.27,True,53.18,-26.82,True
1505304,34.52,30.61,80.0,Oriximiná,PA,892.0,0.823,0.0,-3.91,0.616,-3.081,30.61,-49.39,True,34.31,-45.69,True,12.12,-67.88,True
1505403,48.52,56.24,80.0,Ourém,PA,169.0,0.87,0.0,5.0,0.616,2.624,56.24,-23.76,True,59.94,-20.06,True,71.98,-8.02,True
1505437,48.68,53.11,80.0,Ourilândia do Norte,PA,483.0,0.88,0.0,4.43,0.616,3.313,53.11,-26.89,True,56.81,-23.19,True,72.99,-7.01,True
1505486,37.32,45.49,80.0,Pacajá,PA,603.0,0.829,0.0,5.0,0.616,3.908,45.49,-34.51,True,49.19,-30.81,True,68.94,-11.06,True
1505494,33.8,44.75,80.0,Palestina do Pará,PA,62.0,0.919,0.0,5.0,0.616,1.653,44.75,-35.25,True,48.45,-31.55,True,54.67,-25.33,True
1505502,62.45,56.72,80.0,Paragominas,PA,1635.0,0.884,0.0,-5.0,0.616,-4.388,56.72,-23.28,True,60.42,-19.58,True,30.39,-49.61,True
1505536,54.32,49.49,80.0,Parauapebas,PA,3867.0,0.738,1.0,-4.83,0.616,-4.562,49.49,-30.51,True,53.19,-26.81,True,22.12,-57.88,True
1505551,50.65,48.91,80.0,Pau D'Arco,PA,74.0,0.865,0.0,-1.74,0.616,-0.02,48.91,-31.09,True,52.61,-27.39,True,48.79,-31.21,True
1505601,53.76,84.31,80.0,Peixe-Boi,PA,74.0,0.946,0.0,5.0,0.616,1.8,84.31,4.31,False,88.01,8.01,False,95.11,15.11,False
1505635,58.29,57.18,80.0,Piçarra,PA,167.0,0.916,0.0,-1.11,0.616,-0.169,57.18,-22.82,True,60.88,-19.12,True,56.16,-23.84,True
1505650,42.57,55.72,80.0,Placas,PA,265.0,0.74,0.0,5.0,0.616,3.114,55.72,-24.28,True,59.42,-20.58,True,74.41,-5.59,True
1505700,38.7,57.13,80.0,Ponta de Pedras,PA,318.0,0.931,0.0,5.0,0.616,3.307,57.13,-22.87,True,60.83,-19.17,True,76.97,-3.03,True
1505809,43.69,40.72,80.0,Portel,PA,952.0,0.805,0.0,-2.97,0.616,-2.347,40.72,-39.28,True,44.42,-35.58,True,26.64,-53.36,True
1505908,72.52,81.16,80.0,Porto de Moz,PA,484.0,0.888,0.0,5.0,0.616,3.718,81.16,1.16,False,84.86,4.86,False,100.0,20.0,False
1506005,57.34,43.28,80.0,Prainha,PA,525.0,0.861,0.0,-5.0,0.616,-3.451,43.28,-36.72,True,46.98,-33.02,True,22.58,-57.42,True
1506104,48.96,49.94,80.0,Primavera,PA,146.0,0.911,0.0,0.98,0.616,0.77,49.94,-30.06,True,53.64,-26.36,True,54.56,-25.44,True
1506112,48.89,47.3,80.0,Quatipuru,PA,157.0,0.911,0.0,-1.59,0.616,-0.354,47.3,-32.7,True,51.0,-29.0,True,45.18,-34.82,True
1506138,55.06,58.25,80.0,Redenção,PA,1235.0,0.874,1.0,3.19,0.616,2.831,58.25,-21.75,True,61.95,-18.05,True,75.24,-4.76,True
1506161,41.79,56.31,80.0,Rio Maria,PA,256.0,0.855,0.0,5.0,0.616,3.077,56.31,-23.69,True,60.01,-19.99,True,74.77,-5.23,True
1506187,60.17,68.8,80.0,Rondon do Pará,PA,440.0,0.855,0.0,5.0,0.616,3.63,68.8,-11.2,True,72.5,-7.5,True,90.58,10.58,False
1506195,57.97,54.76,80.0,Rurópolis,PA,379.0,0.844,0.0,-3.21,0.616,-1.888,54.76,-25.24,True,58.46,-21.54,True,43.43,-36.57,True
1506203,43.26,50.44,80.0,Salinópolis,PA,616.0,0.852,0.0,5.0,0.616,3.926,50.44,-29.56,True,54.14,-25.86,True,73.99,-6.01,True
1506302,51.95,49.47,80.0,Salvaterra,PA,225.0,0.849,0.0,-2.48,0.616,-1.023,49.47,-30.53,True,53.17,-26.83,True,43.33,-36.67,True
1506351,37.63,46.35,80.0,Santa Bárbara do Pará,PA,279.0,0.918,0.0,5.0,0.616,3.17,46.35,-33.65,True,50.05,-29.95,True,65.37,-14.63,True
1506401,49.87,52.31,80.0,Santa Cruz do Arari,PA,112.0,0.929,0.0,2.44,0.616,1.271,52.31,-27.69,True,56.01,-23.99,True,59.93,-20.07,True
1506500,40.8,34.18,80.0,Santa Isabel do Pará,PA,867.0,0.884,0.0,-5.0,0.616,-3.947,34.18,-45.82,True,37.88,-42.12,True,10.5,-69.5,True
1506559,56.45,39.77,80.0,Santa Luzia do Pará,PA,217.0,0.728,0.0,-5.0,0.616,-2.306,39.77,-40.23,True,43.47,-36.53,True,25.93,-54.07,True
1506583,53.64,42.45,80.0,Santa Maria das Barreiras,PA,301.0,0.817,0.0,-5.0,0.616,-2.758,42.45,-37.55,True,46.15,-33.85,True,25.9,-54.1,True
1506609,39.55,39.79,80.0,Santa Maria do Pará,PA,259.0,0.915,0.0,0.24,0.616,0.404,39.79,-40.21,True,43.49,-36.51,True,42.21,-37.79,True
1506708,54.53,58.51,80.0,Santana do Araguaia,PA,679.0,0.826,0.0,3.98,0.616,3.215,58.51,-21.49,True,62.21,-17.79,True,77.8,-2.2,True
1506807,54.92,51.29,80.0,Santarém,PA,4958.0,0.815,0.0,-3.63,0.616,-3.465,51.29,-28.71,True,54.99,-25.01,True,30.5,-49.5,True
1506906,52.16,78.25,80.0,Santarém Novo,PA,68.0,0.897,0.0,5.0,0.616,1.728,78.25,-1.75,True,81.95,1.95,False,88.62,8.62,False
1507003,25.72,31.66,80.0,Santo Antônio do Tauá,PA,386.0,0.858,0.0,5.0,0.616,3.504,31.66,-48.34,True,35.36,-44.64,True,52.68,-27.32,True
1507102,33.37,69.85,80.0,São Caetano de Odivelas,PA,173.0,0.809,0.0,5.0,0.616,2.649,69.85,-10.15,True,73.55,-6.45,True,85.75,5.75,False
1507151,46.05,40.37,80.0,São Domingos do Araguaia,PA,236.0,0.822,0.0,-5.0,0.616,-2.424,40.37,-39.63,True,44.07,-35.93,True,25.83,-54.17,True
1507201,30.82,32.97,80.0,São Domingos do Capim,PA,223.0,0.825,0.0,2.15,0.616,1.425,32.97,-47.03,True,36.67,-43.33,True,41.52,-38.48,True
1507300,39.67,30.95,80.0,São Félix do Xingu,PA,934.0,0.754,0.0,-5.0,0.616,-4.01,30.95,-49.05,True,34.65,-45.35,True,6.89,-73.11,True
1507409,37.02,37.44,80.0,São Francisco do Pará,PA,131.0,0.786,0.0,0.42,0.616,0.538,37.44,-42.56,True,41.14,-38.86,True,40.67,-39.33,True
1507458,46.49,52.06,80.0,São Geraldo do Araguaia,PA,363.0,0.868,0.0,5.0,0.616,3.443,52.06,-27.94,True,55.76,-24.24,True,72.72,-7.28,True
1507474,29.84,40.76,80.0,São João de Pirabas,PA,240.0,0.925,0.0,5.0,0.616,3.007,40.76,-39.24,True,44.46,-35.54,True,58.8,-21.2,True
1507508,33.62,35.42,80.0,São João do Araguaia,PA,220.0,0.895,0.0,1.8,0.616,1.236,35.42,-44.58,True,39.12,-40.88,True,42.84,-37.16,True
1507607,38.69,49.59,80.0,São Miguel do Guamá,PA,790.0,0.856,0.0,5.0,0.616,4.114,49.59,-30.41,True,53.29,-26.71,True,74.28,-5.72,True
1507706,48.08,47.41,80.0,São Sebastião da Boa Vista,PA,440.0,0.857,0.0,-0.67,0.616,-0.268,47.41,-32.59,True,51.11,-28.89,True,45.8,-34.2,True
1507755,79.88,71.84,80.0,Sapucaia,PA,99.0,0.848,0.0,-5.0,0.616,-1.243,71.84,-8.16,True,75.54,-4.46,True,64.38,-15.62,True
1507805,33.22,35.9,80.0,Senador José Porfírio,PA,407.0,0.803,0.0,2.68,0.616,2.0,35.9,-44.1,True,39.6,-40.4,True,47.9,-32.1,True
1507904,62.77,52.41,80.0,Soure,PA,420.0,0.94,0.0,-5.0,0.616,-3.188,52.41,-27.59,True,56.11,-23.89,True,33.28,-46.72,True
1507953,37.67,37.9,80.0,Tailândia,PA,1210.0,0.826,0.0,0.23,0.616,0.285,37.9,-42.1,True,41.6,-38.4,True,39.61,-40.39,True
1507961,41.96,49.88,80.0,Terra Alta,PA,83.0,0.867,0.0,5.0,0.616,1.902,49.88,-30.12,True,53.58,-26.42,True,61.29,-18.71,True
1507979,70.72,65.58,80.0,Terra Santa,PA,334.0,0.937,0.0,-5.0,0.616,-2.897,65.58,-14.42,True,69.28,-10.72,True,48.2,-31.8,True
1508001,48.0,49.49,80.0,Tomé-Açu,PA,1252.0,0.883,0.0,1.49,0.616,1.37,49.49,-30.51,True,53.19,-26.81,True,57.71,-22.29,True
1508035,48.47,37.16,80.0,Tracuateua,PA,224.0,0.862,0.0,-5.0,0.616,-2.351,37.16,-42.84,True,40.86,-39.14,True,23.05,-56.95,True
1508050,70.84,62.19,80.0,Trairão,PA,265.0,0.857,0.0,-5.0,0.616,-2.584,62.19,-17.81,True,65.89,-14.11,True,46.68,-33.32,True
1508084,58.8,48.54,80.0,Tucumã,PA,569.0,0.821,1.0,-5.0,0.616,-3.539,48.54,-31.46,True,52.24,-27.76,True,27.3,-52.7,True
1508100,37.28,44.7,80.0,Tucuruí,PA,1386.0,0.817,1.0,5.0,0.616,4.447,44.7,-35.3,True,48.4,-31.6,True,71.38,-8.62,True
1508126,61.76,61.52,80.0,Ulianópolis,PA,411.0,0.917,0.0,-0.24,0.616,0.04,61.52,-18.48,True,65.22,-14.78,True,61.76,-18.24,True
1508159,65.52,60.84,80.0,Uruará,PA,464.0,0.856,0.0,-4.68,0.616,-3.085,60.84,-19.16,True,64.54,-15.46,True,42.33,-37.67,True
1508209,29.77,37.71,80.0,Vigia,PA,534.0,0.837,0.0,5.0,0.616,3.805,37.71,-42.29,True,41.41,-38.59,True,60.54,-19.46,True
1508308,34.28,38.21,80.0,Viseu,PA,768.0,0.888,0.0,3.93,0.616,3.245,38.21,-41.79,True,41.91,-38.09,True,57.68,-22.32,True
1508357,60.62,70.18,80.0,Vitória do Xingu,PA,299.0,0.88,0.0,5.0,0.616,3.243,70.18,-9.82,True,73.88,-6.12,True,89.64,9.64,False
1508407,49.86,49.27,80.0,Xinguara,PA,716.0,0.837,1.0,-0.59,0.616,-0.327,49.27,-30.73,True,52.97,-27.03,True,47.31,-32.69,True
1600055,32.92,73.61,80.0,Serra do Navio,AP,53.0,0.925,0.0,5.0,1.327,2.097,73.61,-6.39,True,81.57,1.57,False,86.19,6.19,False
1600105,31.2,19.03,80.0,Amapá,AP,130.0,0.862,0.0,-5.0,1.327,-1.165,19.03,-60.97,True,26.99,-53.0,True,12.04,-67.96,True
1600154,66.25,44.22,80.0,Pedra Branca do Amapari,AP,198.0,0.929,0.0,-5.0,1.327,-1.82,44.22,-35.78,True,52.18,-27.82,True,33.3,-46.7,True
1600204,35.05,39.25,80.0,Calçoene,AP,223.0,0.798,0.0,4.2,1.327,2.842,39.25,-40.75,True,47.22,-32.79,True,56.3,-23.7,True
1600212,47.0,53.36,80.0,Cutias,AP,86.0,0.953,0.0,5.0,1.327,2.432,53.36,-26.64,True,61.32,-18.68,True,67.95,-12.05,True
1600238,73.43,74.96,80.0,Ferreira Gomes,AP,161.0,0.932,0.0,1.53,1.327,1.418,74.96,-5.04,True,82.92,2.92,False,83.47,3.47,False
1600253,50.48,43.57,80.0,Itaubal,AP,115.0,0.913,0.0,-5.0,1.327,-0.983,43.57,-36.43,True,51.54,-28.47,True,37.67,-42.33,True
1600279,39.29,39.8,80.0,Laranjal do Jari,AP,579.0,0.931,0.0,0.51,1.327,0.72,39.8,-40.2,True,47.76,-32.24,True,44.12,-35.88,True
1600303,43.33,49.14,80.0,Macapá,AP,7380.0,0.886,1.0,5.0,1.327,4.903,49.14,-30.86,True,57.1,-22.9,True,78.56,-1.44,True
1600402,29.38,44.22,80.0,Mazagão,AP,394.0,0.881,0.0,5.0,1.327,3.763,44.22,-35.78,True,52.18,-27.82,True,66.8,-13.2,True
1600501,26.09,21.03,80.0,Oiapoque,AP,512.0,0.75,0.0,-5.0,1.327,-3.223,21.03,-58.97,True,28.99,-51.0,True,1.69,-78.31,True
1600535,65.21,73.42,80.0,Porto Grande,AP,362.0,0.931,0.0,5.0,1.327,3.693,73.42,-6.58,True,81.38,1.38,False,95.58,15.58,False
1600550,36.41,30.66,80.0,Pracuúba,AP,54.0,0.889,0.0,-5.0,1.327,-0.018,30.66,-49.34,True,38.62,-41.38,True,30.55,-49.45,True
1600600,41.76,55.32,80.0,Santana,AP,1842.0,0.928,1.0,5.0,1.327,4.64,55.32,-24.68,True,63.28,-16.72,True,83.16,3.16,False
1600709,32.06,94.21,80.0,Tartarugalzinho,AP,311.0,0.913,0.0,5.0,1.327,3.563,94.21,14.21,False,100.0,20.0,False,100.0,20.0,False
1600808,28.7,35.39,80.0,Vitória do Jari,AP,180.0,0.944,0.0,5.0,1.327,3.067,35.39,-44.61,True,43.36,-36.65,True,53.79,-26.21,True
1700301,25.2,40.89,80.0,Aguiarnópolis,TO,87.0,0.885,1.0,5.0,2.474,3.24,40.89,-39.11,True,55.74,-24.26,True,60.33,-19.67,True
1700350,95.52,76.09,80.0,Aliança do Tocantins,TO,80.0,0.812,1.0,-5.0,2.474,0.339,76.09,-3.91,True,90.94,10.94,False,78.12,-1.88,True
1700400,15.92,48.18,80.0,Almas,TO,131.0,0.962,0.0,5.0,2.474,3.474,48.18,-31.82,True,63.03,-16.97,True,69.02,-10.98,True
1700707,47.86,72.02,80.0,Alvorada,TO,127.0,0.866,1.0,5.0,2.474,3.455,72.02,-7.98,True,86.87,6.87,False,92.75,12.75,False
1701002,39.94,46.69,80.0,Ananás,TO,167.0,0.868,1.0,5.0,2.474,3.624,46.69,-33.31,True,61.54,-18.46,True,68.43,-11.57,True
1701101,30.07,35.78,80.0,Aparecida do Rio Negro,TO,83.0,0.843,1.0,5.0,2.474,3.215,35.78,-44.22,True,50.63,-29.37,True,55.07,-24.93,True
1701309,24.61,52.57,80.0,Aragominas,TO,75.0,0.733,0.0,5.0,2.474,3.163,52.57,-27.43,True,67.42,-12.58,True,71.55,-8.45,True
1701903,38.62,49.27,80.0,Araguacema,TO,100.0,0.84,0.0,5.0,2.474,3.316,49.27,-30.73,True,64.12,-15.88,True,69.17,-10.83,True
1702000,44.49,40.54,80.0,Araguaçu,TO,82.0,0.72,1.0,-3.95,2.474,0.606,40.54,-39.46,True,55.39,-24.61,True,44.18,-35.82,True
1702109,35.44,50.51,80.0,Araguaína,TO,2260.0,0.873,1.0,5.0,2.474,4.795,50.51,-29.49,True,65.36,-14.64,True,79.28,-0.72,True
1702158,37.72,37.81,80.0,Araguanã,TO,69.0,0.913,0.0,0.09,2.474,1.863,37.81,-42.19,True,52.66,-27.34,True,48.99,-31.01,True
1702208,35.15,50.5,80.0,Araguatins,TO,369.0,0.846,0.0,5.0,2.474,4.112,50.5,-29.5,True,65.35,-14.65,True,75.17,-4.83,True
1702307,37.31,68.32,80.0,Arapoema,TO,72.0,0.903,1.0,5.0,2.474,3.143,68.32,-11.68,True,83.17,3.17,False,87.18,7.18,False
1702406,34.29,61.2,80.0,Arraias,TO,95.0,0.895,0.0,5.0,2.474,3.288,61.2,-18.8,True,76.05,-3.95,True,80.93,0.93,False
1702554,50.01,59.95,80.0,Augustinópolis,TO,206.0,0.927,0.0,5.0,2.474,3.756,59.95,-20.05,True,74.8,-5.2,True,82.48,2.48,False
1702901,30.34,40.2,80.0,Axixá do Tocantins,TO,112.0,0.866,0.0,5.0,2.474,3.381,40.2,-39.8,True,55.05,-24.95,True,60.49,-19.51,True
1703008,20.49,19.17,80.0,Babaçulândia,TO,83.0,0.819,0.0,-1.32,2.474,1.361,19.17,-60.83,True,34.02,-45.98,True,27.34,-52.66,True
1703073,11.92,18.26,80.0,Barra do Ouro,TO,76.0,0.947,0.0,5.0,2.474,3.17,18.26,-61.74,True,33.11,-46.89,True,37.28,-42.72,True
1703107,59.45,49.74,80.0,Barrolândia,TO,73.0,0.932,1.0,-5.0,2.474,0.476,49.74,-30.26,True,64.59,-15.41,True,52.59,-27.41,True
1703206,52.8,59.26,80.0,Bernardo Sayão,TO,58.0,0.966,0.0,5.0,2.474,3.042,59.26,-20.74,True,74.11,-5.89,True,77.51,-2.49,True
1703305,26.13,28.56,80.0,Bom Jesus do Tocantins,TO,62.0,0.952,0.0,2.43,2.474,2.464,28.56,-51.44,True,43.41,-36.59,True,43.34,-36.66,True
1703701,38.1,49.45,80.0,Brejinho de Nazaré,TO,66.0,0.955,1.0,5.0,2.474,3.101,49.45,-30.55,True,64.3,-15.7,True,68.06,-11.94,True
1703800,41.24,50.39,80.0,Buriti do Tocantins,TO,125.0,0.904,0.0,5.0,2.474,3.446,50.39,-29.61,True,65.24,-14.76,True,71.06,-8.94,True
1703842,16.16,38.52,80.0,Campos Lindos,TO,167.0,0.886,0.0,5.0,2.474,3.624,38.52,-41.48,True,53.37,-26.63,True,60.26,-19.74,True
1703867,15.77,52.01,80.0,Cariri do Tocantins,TO,64.0,0.891,1.0,5.0,2.474,3.087,52.01,-27.99,True,66.86,-13.14,True,70.53,-9.47,True
1703909,17.04,31.53,80.0,Caseara,TO,74.0,0.811,0.0,5.0,2.474,3.156,31.53,-48.47,True,46.38,-33.62,True,50.47,-29.53,True
1705508,51.01,55.82,80.0,Colinas do Tocantins,TO,511.0,0.865,1.0,4.81,2.474,4.153,55.82,-24.18,True,70.67,-9.33,True,80.74,0.74,False
1705557,62.09,56.14,80.0,Combinado,TO,57.0,0.965,1.0,-5.0,2.474,0.817,56.14,-23.86,True,70.99,-9.01,True,61.04,-18.96,True
1705607,27.6,35.8,80.0,Conceição do Tocantins,TO,72.0,0.958,0.0,5.0,2.474,3.143,35.8,-44.2,True,50.65,-29.35,True,54.66,-25.34,True
1706001,48.18,49.04,80.0,Couto Magalhães,TO,90.0,0.822,0.0,0.86,2.474,1.973,49.04,-30.96,True,63.89,-16.11,True,60.88,-19.12,True
1706100,46.85,61.42,80.0,Cristalândia,TO,98.0,0.908,1.0,5.0,2.474,3.305,61.42,-18.58,True,76.27,-3.73,True,81.25,1.25,False
1706506,31.21,45.61,80.0,Darcinópolis,TO,94.0,0.872,0.0,5.0,2.474,3.282,45.61,-34.39,True,60.46,-19.54,True,65.3,-14.7,True
1707009,51.81,61.27,80.0,Dianópolis,TO,262.0,0.889,1.0,5.0,2.474,3.907,61.27,-18.73,True,76.12,-3.88,True,84.71,4.71,False
1707108,39.09,60.78,80.0,Divinópolis do Tocantins,TO,97.0,0.876,1.0,5.0,2.474,3.299,60.78,-19.22,True,75.63,-4.37,True,80.57,0.57,False
1707207,48.67,52.81,80.0,Dois Irmãos do Tocantins,TO,67.0,0.925,0.0,4.14,2.474,2.892,52.81,-27.19,True,67.66,-12.34,True,70.16,-9.84,True
1707306,34.95,68.54,80.0,Dueré,TO,60.0,0.833,1.0,5.0,2.474,3.057,68.54,-11.46,True,83.39,3.39,False,86.88,6.88,False
1707405,40.82,47.82,80.0,Esperantina,TO,117.0,0.846,0.0,5.0,2.474,3.406,47.82,-32.18,True,62.67,-17.33,True,68.26,-11.74,True
1707652,62.36,51.74,80.0,Figueirópolis,TO,78.0,0.795,1.0,-5.0,2.474,0.377,51.74,-28.26,True,66.59,-13.41,True,54.0,-26.0,True
1707702,11.95,12.63,80.0,Filadélfia,TO,65.0,0.846,0.0,0.68,2.474,2.034,12.63,-67.37,True,27.48,-52.52,True,24.83,-55.17,True
1708205,63.68,45.42,80.0,Formoso do Araguaia,TO,200.0,0.88,0.0,-5.0,2.474,-1.263,45.42,-34.58,True,60.27,-19.73,True,37.84,-42.16,True
1708254,48.93,51.71,80.0,Fortaleza do Tabocão,TO,71.0,0.93,1.0,2.78,2.474,2.554,51.71,-28.29,True,66.56,-13.44,True,67.04,-12.96,True
1709005,12.54,38.49,80.0,Goiatins,TO,164.0,0.774,0.0,5.0,2.474,3.612,38.49,-41.51,True,53.34,-26.66,True,60.16,-19.84,True
1709302,36.07,48.16,80.0,Guaraí,TO,251.0,0.833,1.0,5.0,2.474,3.88,48.16,-31.84,True,63.01,-16.99,True,71.44,-8.56,True
1709500,44.44,54.37,80.0,Gurupi,TO,867.0,0.867,1.0,5.0,2.474,4.527,54.37,-25.63,True,69.22,-10.78,True,81.53,1.53,False
1710706,32.53,18.09,80.0,Itaguatins,TO,60.0,0.817,0.0,-5.0,2.474,0.749,18.09,-61.91,True,32.94,-47.06,True,22.59,-57.41,True
1711902,26.02,35.66,80.0,Lagoa da Confusão,TO,200.0,0.885,0.0,5.0,2.474,3.737,35.66,-44.34,True,50.51,-29.49,True,58.08,-21.92,True
1711951,20.75,15.09,80.0,Lagoa do Tocantins,TO,53.0,0.981,0.0,-5.0,2.474,0.908,15.09,-64.91,True,29.94,-50.06,True,20.54,-59.46,True
1712009,40.45,38.15,80.0,Lajeado,TO,56.0,0.982,1.0,-2.3,2.474,1.43,38.15,-41.85,True,53.0,-27.0,True,46.73,-33.27,True
1712504,24.15,36.72,80.0,Marianópolis do Tocantins,TO,71.0,0.817,0.0,5.0,2.474,3.136,36.72,-43.28,True,51.57,-28.43,True,55.54,-24.46,True
1713205,41.54,46.42,80.0,Miracema do Tocantins,TO,162.0,0.833,1.0,4.88,2.474,3.551,46.42,-33.58,True,61.27,-18.73,True,67.73,-12.27,True
1713304,52.55,63.01,80.0,Miranorte,TO,152.0,0.868,1.0,5.0,2.474,3.565,63.01,-16.99,True,77.86,-2.14,True,84.4,4.4,False
1713601,69.96,19.71,80.0,Monte do Carmo,TO,79.0,0.81,0.0,-5.0,2.474,0.358,19.71,-60.29,True,34.56,-45.44,True,21.86,-58.14,True
1713809,18.11,49.53,80.0,Palmeiras do Tocantins,TO,92.0,0.891,0.0,5.0,2.474,3.27,49.53,-30.47,True,64.38,-15.62,True,69.15,-10.85,True
1714203,28.21,43.89,80.0,Natividade,TO,120.0,0.867,0.0,5.0,2.474,3.421,43.89,-36.11,True,58.74,-21.26,True,64.42,-15.58,True
1714302,45.94,34.23,80.0,Nazaré,TO,54.0,0.926,0.0,-5.0,2.474,0.885,34.23,-45.77,True,49.08,-30.92,True,39.54,-40.46,True
1714880,25.45,40.7,80.0,Nova Olinda,TO,184.0,0.891,0.0,5.0,2.474,3.684,40.7,-39.3,True,55.55,-24.45,True,62.81,-17.19,True
1715101,39.24,36.09,80.0,Novo Acordo,TO,50.0,0.94,0.0,-3.15,2.474,1.349,36.09,-43.91,True,50.94,-29.06,True,44.19,-35.81,True
1715705,9.01,31.27,80.0,Palmeirante,TO,97.0,0.835,0.0,5.0,2.474,3.299,31.27,-48.73,True,46.12,-33.88,True,51.06,-28.94,True
1715754,47.77,77.41,80.0,Palmeirópolis,TO,86.0,0.942,1.0,5.0,2.474,3.234,77.41,-2.59,True,92.26,12.26,False,96.81,16.81,False
1716109,60.56,63.45,80.0,Paraíso do Tocantins,TO,708.0,0.863,1.0,2.89,2.474,2.798,63.45,-16.55,True,78.3,-1.7,True,80.24,0.24,False
1716208,42.28,68.45,80.0,Paranã,TO,128.0,0.938,0.0,5.0,2.474,3.46,68.45,-11.55,True,83.3,3.3,False,89.21,9.21,False
1716307,6.51,37.96,80.0,Pau D'Arco,TO,62.0,0.935,0.0,5.0,2.474,3.072,37.96,-42.04,True,52.81,-27.19,True,56.39,-23.61,True
1716505,53.06,56.7,80.0,Pedro Afonso,TO,245.0,0.943,1.0,3.64,2.474,3.116,56.7,-23.3,True,71.55,-8.45,True,75.4,-4.6,True
1716604,46.47,42.93,80.0,Peixe,TO,81.0,0.778,1.0,-3.54,2.474,0.741,42.93,-37.07,True,57.78,-22.22,True,47.37,-32.63,True
1716653,35.23,61.79,80.0,Pequizeiro,TO,59.0,0.932,0.0,5.0,2.474,3.05,61.79,-18.21,True,76.64,-3.36,True,80.09,0.09,False
1716703,48.45,60.62,80.0,Colméia,TO,75.0,0.787,1.0,5.0,2.474,3.163,60.62,-19.38,True,75.47,-4.53,True,79.6,-0.4,True
1717008,47.41,33.88,80.0,Pindorama do Tocantins,TO,61.0,0.918,0.0,-5.0,2.474,0.727,33.88,-46.12,True,48.73,-31.27,True,38.24,-41.76,True
1717503,21.88,43.07,80.0,Pium,TO,73.0,0.877,0.0,5.0,2.474,3.15,43.07,-36.93,True,57.92,-22.08,True,61.97,-18.03,True
1717909,47.6,30.99,80.0,Ponte Alta do Tocantins,TO,119.0,0.832,0.0,-5.0,2.474,-0.314,30.99,-49.01,True,45.84,-34.16,True,29.11,-50.89,True
1718006,7.57,37.89,80.0,Porto Alegre do Tocantins,TO,55.0,0.855,0.0,5.0,2.474,3.019,37.89,-42.11,True,52.74,-27.26,True,56.0,-24.0,True
1718204,56.8,44.11,80.0,Porto Nacional,TO,893.0,0.798,1.0,-5.0,2.474,-3.632,44.11,-35.89,True,58.96,-21.04,True,22.32,-57.68,True
1718402,69.46,57.83,80.0,Presidente Kennedy,TO,51.0,0.882,1.0,-5.0,2.474,0.956,57.83,-22.17,True,72.68,-7.32,True,63.56,-16.44,True
1718501,4.56,50.29,80.0,Recursolândia,TO,53.0,0.906,0.0,5.0,2.474,3.003,50.29,-29.71,True,65.14,-14.86,True,68.31,-11.69,True
1718550,21.31,54.32,80.0,Riachinho,TO,56.0,0.911,0.0,5.0,2.474,3.027,54.32,-25.68,True,69.17,-10.83,True,72.48,-7.52,True
1718758,27.83,26.8,80.0,Rio Sono,TO,87.0,0.816,0.0,-1.03,2.474,1.412,26.8,-53.2,True,41.65,-38.35,True,35.27,-44.73,True
1718808,43.61,43.25,80.0,Sampaio,TO,101.0,0.842,0.0,-0.36,2.474,1.523,43.25,-36.75,True,58.1,-21.9,True,52.39,-27.61,True
1718865,16.67,31.33,80.0,Santa Fé do Araguaia,TO,93.0,0.753,0.0,5.0,2.474,3.276,31.33,-48.67,True,46.18,-33.82,True,50.99,-29.01,True
1718907,20.86,36.92,80.0,Santa Rosa do Tocantins,TO,84.0,0.893,0.0,5.0,2.474,3.221,36.92,-43.08,True,51.77,-28.23,True,56.25,-23.75,True
1719004,48.09,24.65,80.0,Santa Tereza do Tocantins,TO,62.0,0.79,0.0,-5.0,2.474,0.706,24.65,-55.35,True,39.5,-40.5,True,28.88,-51.12,True
1720101,43.97,52.93,80.0,São Bento do Tocantins,TO,83.0,0.916,0.0,5.0,2.474,3.215,52.93,-27.07,True,67.78,-12.22,True,72.22,-7.78,True
1720200,26.98,36.9,80.0,São Miguel do Tocantins,TO,187.0,0.882,0.0,5.0,2.474,3.695,36.9,-43.1,True,51.75,-28.25,True,59.07,-20.93,True
1720309,26.56,58.96,80.0,São Sebastião do Tocantins,TO,50.0,0.98,0.0,5.0,2.474,2.979,58.96,-21.04,True,73.81,-6.19,True,76.84,-3.16,True
1720655,34.74,37.39,80.0,Silvanópolis,TO,88.0,0.852,0.0,2.65,2.474,2.528,37.39,-42.61,True,52.24,-27.76,True,52.56,-27.44,True
1720804,39.53,50.64,80.0,Sítio Novo do Tocantins,TO,159.0,0.906,0.0,5.0,2.474,3.593,50.64,-29.36,True,65.49,-14.51,True,72.2,-7.8,True
1720903,38.31,42.45,80.0,Taguatinga,TO,201.0,0.861,0.0,4.14,2.474,3.309,42.45,-37.55,True,57.3,-22.7,True,62.31,-17.69,True
1721000,58.66,56.97,80.0,Palmas,TO,3859.0,0.768,1.0,-1.69,2.474,-1.485,56.97,-23.03,True,71.82,-8.18,True,48.06,-31.94,True
1721109,42.96,51.16,80.0,Tocantínia,TO,55.0,0.927,0.0,5.0,2.474,3.019,51.16,-28.84,True,66.01,-13.99,True,69.27,-10.73,True
1721208,34.41,35.44,80.0,Tocantinópolis,TO,242.0,0.901,0.0,1.03,2.474,1.683,35.44,-44.56,True,50.29,-29.71,True,45.54,-34.46,True
1722081,35.16,41.89,80.0,Wanderlândia,TO,115.0,0.817,0.0,5.0,2.474,3.396,41.89,-38.11,True,56.74,-23.26,True,62.27,-17.73,True
1722107,22.0,42.82,80.0,Xambioá,TO,135.0,0.881,0.0,5.0,2.474,3.492,42.82,-37.18,True,57.67,-22.33,True,63.77,-16.23,True
2100055,39.59,62.76,80.0,Açailândia,MA,1289.0,0.937,0.0,5.0,0.402,4.382,62.76,-17.24,True,65.17,-14.83,True,89.05,9.05,False
2100105,72.13,93.1,80.0,Afonso Cunha,MA,58.0,1.0,0.0,5.0,0.402,1.435,93.1,13.1,False,95.51,15.51,False,100.0,20.0,False
2100154,67.29,63.75,80.0,Água Doce do Maranhão,MA,139.0,0.856,0.0,-3.54,0.402,-1.215,63.75,-16.25,True,66.16,-13.84,True,56.46,-23.54,True
2100204,73.46,70.97,80.0,Alcântara,MA,122.0,0.902,0.0,-2.49,0.402,-0.694,70.97,-9.03,True,73.38,-6.62,True,66.81,-13.19,True
2100303,67.9,45.37,80.0,Aldeias Altas,MA,257.0,0.825,0.0,-5.0,0.402,-2.636,45.37,-34.63,True,47.78,-32.22,True,29.55,-50.45,True
2100402,90.52,73.02,80.0,Altamira do Maranhão,MA,54.0,0.963,0.0,-5.0,0.402,-0.747,73.02,-6.98,True,75.43,-4.57,True,68.54,-11.46,True
2100436,70.23,51.5,80.0,Alto Alegre do Maranhão,MA,193.0,0.855,0.0,-5.0,0.402,-2.251,51.5,-28.5,True,53.91,-26.09,True,37.99,-42.01,True
2100477,36.04,56.29,80.0,Alto Alegre do Pindaré,MA,354.0,0.938,0.0,5.0,0.402,3.34,56.29,-23.71,True,58.7,-21.3,True,76.33,-3.67,True
2100501,46.76,51.99,80.0,Alto Parnaíba,MA,167.0,0.934,0.0,5.0,0.402,2.494,51.99,-28.01,True,54.4,-25.6,True,66.95,-13.05,True
2100550,22.97,43.0,80.0,Amapá do Maranhão,MA,103.0,0.99,0.0,5.0,0.402,1.965,43.0,-37.0,True,45.41,-34.59,True,54.79,-25.21,True
2100600,45.63,41.33,80.0,Amarante do Maranhão,MA,350.0,0.883,0.0,-4.3,0.402,-2.59,41.33,-38.67,True,43.74,-36.26,True,25.79,-54.21,True
2100709,72.8,41.33,80.0,Anajatuba,MA,154.0,0.916,0.0,-5.0,0.402,-1.948,41.33,-38.67,True,43.74,-36.26,True,29.64,-50.36,True
2100808,91.05,34.63,80.0,Anapurus,MA,142.0,0.768,0.0,-5.0,0.402,-1.841,34.63,-45.37,True,37.04,-42.96,True,23.58,-56.42,True
2100832,31.51,39.08,80.0,Apicum-Açu,MA,206.0,0.801,0.0,5.0,0.402,2.735,39.08,-40.92,True,41.49,-38.51,True,55.49,-24.51,True
2100873,98.19,91.6,80.0,Araguanã,MA,152.0,0.954,0.0,-5.0,0.402,-1.931,91.6,11.6,False,94.01,14.01,False,80.01,0.01,False
2100907,56.23,42.52,80.0,Araioses,MA,269.0,0.888,0.0,-5.0,0.402,-2.697,42.52,-37.48,True,44.93,-35.07,True,26.34,-53.66,True
2100956,76.25,74.44,80.0,Arame,MA,133.0,1.0,0.0,-1.81,0.402,-0.482,74.44,-5.56,True,76.85,-3.15,True,71.55,-8.45,True
2101004,67.49,72.37,80.0,Arari,MA,328.0,0.973,0.0,4.88,0.402,3.184,72.37,-7.63,True,74.78,-5.22,True,91.47,11.47,False
2101103,81.88,71.88,80.0,Axixá,MA,153.0,0.935,0.0,-5.0,0.402,-1.94,71.88,-8.12,True,74.29,-5.71,True,60.24,-19.76,True
2101202,45.66,51.38,80.0,Bacabal,MA,960.0,0.94,0.0,5.0,0.402,4.207,51.38,-28.62,True,53.79,-26.21,True,76.62,-3.38,True
2101251,51.49,53.73,80.0,Bacabeira,MA,215.0,0.902,0.0,2.24,0.402,1.354,53.73,-26.27,True,56.14,-23.86,True,61.85,-18.15,True
2101301,67.67,57.55,80.0,Bacuri,MA,188.0,0.941,0.0,-5.0,0.402,-2.216,57.55,-22.45,True,59.96,-20.04,True,44.26,-35.74,True
2101400,39.83,39.54,80.0,Balsas,MA,1372.0,0.907,1.0,-0.29,0.402,-0.202,39.54,-40.46,True,41.95,-38.05,True,38.33,-41.67,True
2101509,41.6,51.56,80.0,Barão de Grajaú,MA,132.0,0.909,0.0,5.0,0.402,2.23,51.56,-28.44,True,53.97,-26.03,True,64.94,-15.06,True
2101608,65.45,64.05,80.0,Barra do Corda,MA,833.0,0.939,0.0,-1.4,0.402,-1.051,64.05,-15.95,True,66.46,-13.54,True,57.74,-22.26,True
2101707,50.35,78.52,80.0,Barreirinhas,MA,788.0,0.967,0.0,5.0,0.402,4.069,78.52,-1.48,True,80.93,0.93,False,100.0,20.0,False
2101731,61.12,72.29,80.0,Belágua,MA,110.0,0.982,0.0,5.0,0.402,2.033,72.29,-7.71,True,74.7,-5.3,True,84.49,4.49,False
2101772,51.82,77.73,80.0,Bela Vista do Maranhão,MA,254.0,0.965,0.0,5.0,0.402,2.974,77.73,-2.27,True,80.14,0.14,False,95.58,15.58,False
2101806,56.0,47.28,80.0,Benedito Leite,MA,78.0,0.923,0.0,-5.0,0.402,-1.114,47.28,-32.72,True,49.69,-30.31,True,40.6,-39.4,True
2101905,33.01,59.75,80.0,Bequimão,MA,83.0,0.928,0.0,5.0,0.402,1.75,59.75,-20.25,True,62.16,-17.84,True,70.25,-9.75,True
2101970,59.99,80.0,80.0,Boa Vista do Gurupi,MA,110.0,1.0,0.0,5.0,0.402,2.033,80.0,0.0,False,82.41,2.41,False,92.2,12.2,False
2102002,94.62,69.64,80.0,Bom Jardim,MA,343.0,0.968,0.0,-5.0,0.402,-3.01,69.64,-10.36,True,72.05,-7.95,True,51.58,-28.42,True
2102036,63.61,63.18,80.0,Bom Jesus das Selvas,MA,434.0,0.933,0.0,-0.43,0.402,-0.168,63.18,-16.82,True,65.59,-14.41,True,62.17,-17.83,True
2102077,100.0,95.28,80.0,Bom Lugar,MA,106.0,0.991,0.0,-4.72,0.402,-1.373,95.28,15.28,False,97.69,17.69,False,87.04,7.04,False
2102101,50.31,58.08,80.0,Brejo,MA,289.0,0.941,0.0,5.0,0.402,3.119,58.08,-21.92,True,60.49,-19.51,True,76.8,-3.2,True
2102150,33.25,49.3,80.0,Brejo de Areia,MA,99.0,0.939,0.0,5.0,0.402,1.924,49.3,-30.7,True,51.71,-28.29,True,60.84,-19.16,True
2102200,44.96,28.95,80.0,Buriti,MA,279.0,0.9,0.0,-5.0,0.402,-2.745,28.95,-51.05,True,31.36,-48.64,True,12.48,-67.52,True
2102309,31.4,57.18,80.0,Buriti Bravo,MA,255.0,0.961,0.0,5.0,0.402,2.979,57.18,-22.82,True,59.59,-20.41,True,75.05,-4.95,True
2102325,39.23,42.03,80.0,Buriticupu,MA,781.0,0.907,0.0,2.8,0.402,2.311,42.03,-37.97,True,44.44,-35.56,True,55.9,-24.1,True
2102358,61.37,54.91,80.0,Buritirana,MA,171.0,0.912,0.0,-5.0,0.402,-2.088,54.91,-25.09,True,57.32,-22.68,True,42.38,-37.62,True
2102374,41.14,56.05,80.0,Cachoeira Grande,MA,99.0,0.929,0.0,5.0,0.402,1.924,56.05,-23.95,True,58.46,-21.54,True,67.59,-12.41,True
2102408,66.03,64.0,80.0,Cajapió,MA,75.0,0.907,0.0,-2.03,0.402,-0.262,64.0,-16.0,True,66.41,-13.59,True,62.43,-17.57,True
2102507,53.27,34.1,80.0,Cajari,MA,92.0,0.783,0.0,-5.0,0.402,-1.3,34.1,-45.9,True,36.51,-43.49,True,26.3,-53.7,True
2102556,64.72,61.7,80.0,Campestre do Maranhão,MA,194.0,0.918,0.0,-3.02,0.402,-1.283,61.7,-18.3,True,64.11,-15.89,True,54.0,-26.0,True
2102606,61.61,49.53,80.0,Cândido Mendes,MA,237.0,0.975,0.0,-5.0,0.402,-2.528,49.53,-30.47,True,51.94,-28.06,True,34.36,-45.64,True
2102705,53.04,70.83,80.0,Cantanhede,MA,221.0,0.941,0.0,5.0,0.402,2.815,70.83,-9.17,True,73.24,-6.76,True,87.72,7.72,False
2102754,35.67,91.14,80.0,Capinzal do Norte,MA,107.0,0.944,0.0,5.0,0.402,2.004,91.14,11.14,False,93.55,13.55,False,100.0,20.0,False
2102804,44.54,50.96,80.0,Carolina,MA,284.0,0.887,0.0,5.0,0.402,3.1,50.96,-29.04,True,53.37,-26.63,True,69.56,-10.44,True
2102903,55.58,61.21,80.0,Carutapera,MA,334.0,0.862,0.0,5.0,0.402,3.278,61.21,-18.79,True,63.62,-16.38,True,80.88,0.88,False
2103000,43.75,55.15,80.0,Caxias,MA,1674.0,0.833,0.0,5.0,0.402,4.509,55.15,-24.85,True,57.56,-22.44,True,82.21,2.21,False
2103109,69.8,66.85,80.0,Cedral,MA,90.0,0.978,0.0,-2.95,0.402,-0.639,66.85,-13.15,True,69.26,-10.74,True,63.02,-16.98,True
2103125,100.0,84.42,80.0,Central do Maranhão,MA,96.0,0.917,0.0,-5.0,0.402,-1.35,84.42,4.42,False,86.83,6.83,False,76.32,-3.68,True
2103158,92.92,87.93,80.0,Centro do Guilherme,MA,122.0,0.959,0.0,-4.99,0.402,-1.641,87.93,7.93,False,90.34,10.34,False,78.08,-1.92,True
2103174,40.03,36.86,80.0,Centro Novo do Maranhão,MA,189.0,0.942,0.0,-3.17,0.402,-1.334,36.86,-43.14,True,39.27,-40.73,True,28.86,-51.14,True
2103208,47.1,41.58,80.0,Chapadinha,MA,714.0,0.959,0.0,-5.0,0.402,-3.818,41.58,-38.42,True,43.99,-36.01,True,18.67,-61.33,True
2103257,66.44,86.24,80.0,Cidelândia,MA,177.0,0.96,0.0,5.0,0.402,2.561,86.24,6.24,False,88.65,8.65,False,100.0,20.0,False
2103307,46.94,50.85,80.0,Codó,MA,1311.0,0.889,0.0,3.91,0.402,3.446,50.85,-29.15,True,53.26,-26.74,True,71.52,-8.48,True
2103406,60.53,76.13,80.0,Coelho Neto,MA,482.0,0.892,0.0,5.0,0.402,3.652,76.13,-3.87,True,78.54,-1.46,True,98.04,18.04,False
2103505,59.5,49.9,80.0,Colinas,MA,425.0,0.922,0.0,-5.0,0.402,-3.271,49.9,-30.1,True,52.31,-27.69,True,30.27,-49.73,True
2103554,43.89,54.26,80.0,Conceição do Lago-Açu,MA,197.0,0.909,0.0,5.0,0.402,2.683,54.26,-25.74,True,56.67,-23.33,True,70.36,-9.64,True
2103604,41.49,55.72,80.0,Coroatá,MA,642.0,0.861,0.0,5.0,0.402,3.908,55.72,-24.28,True,58.13,-21.87,True,79.17,-0.83,True
2103703,65.83,66.32,80.0,Cururupu,MA,298.0,0.926,0.0,0.49,0.402,0.455,66.32,-13.68,True,68.73,-11.27,True,69.05,-10.95,True
2103752,66.75,69.82,80.0,Davinópolis,MA,160.0,0.956,0.0,3.07,0.402,1.588,69.82,-10.18,True,72.23,-7.77,True,79.35,-0.65,True
2103802,40.39,43.95,80.0,Dom Pedro,MA,183.0,0.929,0.0,3.56,0.402,1.911,43.95,-36.05,True,46.36,-33.64,True,55.41,-24.59,True
2103901,69.39,81.51,80.0,Duque Bacelar,MA,176.0,0.96,0.0,5.0,0.402,2.554,81.51,1.51,False,83.92,3.92,False,96.83,16.83,False
2104008,59.36,81.48,80.0,Esperantinópolis,MA,189.0,1.0,0.0,5.0,0.402,2.636,81.48,1.48,False,83.89,3.89,False,97.29,17.29,False
2104057,54.89,59.79,80.0,Estreito,MA,557.0,0.898,0.0,4.9,0.402,3.712,59.79,-20.21,True,62.2,-17.8,True,82.06,2.06,False
2104073,84.89,65.38,80.0,Feira Nova do Maranhão,MA,112.0,0.973,0.0,-5.0,0.402,-1.537,65.38,-14.62,True,67.79,-12.21,True,56.16,-23.84,True
2104081,29.89,77.76,80.0,Fernando Falcão,MA,80.0,0.912,0.0,5.0,0.402,1.715,77.76,-2.24,True,80.17,0.17,False,88.05,8.05,False
2104099,85.6,84.29,80.0,Formosa da Serra Negra,MA,202.0,0.98,0.0,-1.31,0.402,-0.458,84.29,4.29,False,86.7,6.7,False,81.54,1.54,False
2104107,45.09,78.25,80.0,Fortaleza dos Nogueiras,MA,204.0,0.951,0.0,5.0,0.402,2.724,78.25,-1.75,True,80.66,0.66,False,94.59,14.59,False
2104206,40.4,72.06,80.0,Fortuna,MA,319.0,0.972,0.0,5.0,0.402,3.228,72.06,-7.94,True,74.47,-5.53,True,91.43,11.43,False
2104305,82.97,88.4,80.0,Godofredo Viana,MA,165.0,0.958,0.0,5.0,0.402,2.48,88.4,8.4,False,90.81,10.81,False,100.0,20.0,False
2104404,45.23,66.96,80.0,Gonçalves Dias,MA,109.0,0.862,0.0,5.0,0.402,2.024,66.96,-13.04,True,69.37,-10.63,True,79.1,-0.9,True
2104503,88.98,78.21,80.0,Governador Archer,MA,101.0,0.921,0.0,-5.0,0.402,-1.411,78.21,-1.79,True,80.62,0.62,False,69.74,-10.26,True
2104552,80.4,67.46,80.0,Governador Edison Lobão,MA,334.0,0.916,0.0,-5.0,0.402,-2.977,67.46,-12.54,True,69.87,-10.13,True,49.6,-30.4,True
2104602,52.89,48.13,80.0,Governador Eugênio Barros,MA,122.0,0.869,0.0,-4.76,0.402,-1.554,48.13,-31.87,True,50.54,-29.46,True,38.81,-41.19,True
2104628,98.32,91.67,80.0,Governador Luiz Rocha,MA,96.0,1.0,0.0,-5.0,0.402,-1.35,91.67,11.67,False,94.08,14.08,False,83.57,3.57,False
2104651,69.13,78.08,80.0,Governador Newton Bello,MA,89.0,0.921,0.0,5.0,0.402,1.818,78.08,-1.92,True,80.49,0.49,False,88.99,8.99,False
2104677,76.23,60.92,80.0,Governador Nunes Freire,MA,324.0,0.867,0.0,-5.0,0.402,-2.938,60.92,-19.08,True,63.33,-16.67,True,43.29,-36.71,True
2104701,72.78,75.68,80.0,Graça Aranha,MA,74.0,0.973,0.0,2.9,0.402,1.076,75.68,-4.32,True,78.09,-1.91,True,82.14,2.14,False
2104800,42.36,45.8,80.0,Grajaú,MA,1061.0,0.93,0.0,3.44,0.402,2.958,45.8,-34.2,True,48.21,-31.79,True,63.55,-16.45,True
2104909,89.07,86.95,80.0,Guimarães,MA,134.0,0.948,0.0,-2.12,0.402,-0.61,86.95,6.95,False,89.36,9.36,False,83.29,3.29,False
2105005,61.59,59.22,80.0,Humberto de Campos,MA,360.0,0.928,0.0,-2.37,0.402,-1.38,59.22,-20.78,True,61.63,-18.37,True,50.94,-29.06,True
2105104,66.57,68.98,80.0,Icatu,MA,243.0,0.963,0.0,2.41,0.402,1.503,68.98,-11.02,True,71.39,-8.61,True,78.0,-2.0,True
2105153,58.92,77.64,80.0,Igarapé do Meio,MA,147.0,0.986,0.0,5.0,0.402,2.35,77.64,-2.36,True,80.05,0.05,False,91.74,11.74,False
2105203,97.77,89.11,80.0,Igarapé Grande,MA,103.0,0.942,0.0,-5.0,0.402,-1.435,89.11,9.11,False,91.52,11.52,False,80.5,0.5,False
2105302,45.19,54.73,80.0,Imperatriz,MA,3011.0,0.867,1.0,5.0,0.402,4.714,54.73,-25.27,True,57.14,-22.86,True,83.01,3.01,False
2105351,86.12,72.99,80.0,Itaipava do Grajaú,MA,165.0,0.982,0.0,-5.0,0.402,-2.04,72.99,-7.01,True,75.4,-4.6,True,60.75,-19.25,True
2105401,53.35,60.47,80.0,Itapecuru Mirim,MA,801.0,0.964,0.0,5.0,0.402,4.081,60.47,-19.53,True,62.88,-17.12,True,84.96,4.96,False
2105427,79.92,60.13,80.0,Itinga do Maranhão,MA,271.0,0.93,0.0,-5.0,0.402,-2.706,60.13,-19.87,True,62.54,-17.46,True,43.89,-36.11,True
2105450,72.81,68.34,80.0,Jatobá,MA,97.0,0.948,0.0,-4.47,0.402,-1.189,68.34,-11.66,True,70.75,-9.25,True,61.2,-18.8,True
2105476,47.09,69.39,80.0,Jenipapo dos Vieiras,MA,87.0,0.989,0.0,5.0,0.402,1.796,69.39,-10.61,True,71.8,-8.2,True,80.16,0.16,False
2105500,35.04,55.83,80.0,João Lisboa,MA,280.0,0.875,0.0,5.0,0.402,3.084,55.83,-24.17,True,58.24,-21.76,True,74.33,-5.67,True
2105609,54.55,75.31,80.0,Joselândia,MA,125.0,0.96,0.0,5.0,0.402,2.17,75.31,-4.69,True,77.72,-2.28,True,88.33,8.33,False
2105658,94.78,67.86,80.0,Junco do Maranhão,MA,94.0,0.926,0.0,-5.0,0.402,-1.325,67.86,-12.14,True,70.27,-9.73,True,59.91,-20.09,True
2105708,92.18,79.18,80.0,Lago da Pedra,MA,444.0,0.923,0.0,-5.0,0.402,-3.322,79.18,-0.82,True,81.59,1.59,False,59.25,-20.75,True
2105807,100.0,97.1,80.0,Lago do Junco,MA,69.0,0.986,0.0,-2.9,0.402,-0.445,97.1,17.1,False,99.51,19.51,False,94.43,14.43,False
2105906,62.12,76.73,80.0,Lago Verde,MA,123.0,0.886,0.0,5.0,0.402,2.153,76.73,-3.27,True,79.14,-0.86,True,89.65,9.65,False
2105922,85.96,78.44,80.0,Lagoa do Mato,MA,80.0,0.988,0.0,-5.0,0.402,-1.142,78.44,-1.56,True,80.85,0.85,False,71.59,-8.41,True
2105948,88.14,92.3,80.0,Lago dos Rodrigues,MA,81.0,0.963,0.0,4.16,0.402,1.485,92.3,12.3,False,94.71,14.71,False,100.0,20.0,False
2105963,81.68,97.12,80.0,Lagoa Grande do Maranhão,MA,107.0,0.991,0.0,5.0,0.402,2.004,97.12,17.12,False,99.53,19.53,False,100.0,20.0,False
2105989,60.63,65.92,80.0,Lajeado Novo,MA,81.0,0.963,0.0,5.0,0.402,1.727,65.92,-14.08,True,68.33,-11.67,True,76.28,-3.72,True
2106003,86.67,90.91,80.0,Lima Campos,MA,135.0,0.97,0.0,4.24,0.402,1.948,90.91,10.91,False,93.32,13.32,False,100.0,20.0,False
2106102,38.8,66.12,80.0,Loreto,MA,139.0,0.928,0.0,5.0,0.402,2.287,66.12,-13.88,True,68.53,-11.47,True,79.84,-0.16,True
2106201,76.93,84.97,80.0,Luís Domingues,MA,120.0,0.942,0.0,5.0,0.402,2.126,84.97,4.97,False,87.38,7.38,False,97.73,17.73,False
2106300,51.59,82.04,80.0,Magalhães de Almeida,MA,146.0,0.986,0.0,5.0,0.402,2.342,82.04,2.04,False,84.45,4.45,False,96.09,16.09,False
2106326,57.95,41.67,80.0,Maracaçumé,MA,344.0,0.916,0.0,-5.0,0.402,-3.014,41.67,-38.33,True,44.08,-35.92,True,23.59,-56.41,True
2106375,76.41,97.62,80.0,Maranhãozinho,MA,129.0,0.946,0.0,5.0,0.402,2.205,97.62,17.62,False,100.0,20.0,False,100.0,20.0,False
2106409,69.68,76.86,80.0,Mata Roma,MA,209.0,0.952,0.0,5.0,0.402,2.751,76.86,-3.14,True,79.27,-0.73,True,93.37,13.37,False
2106508,63.97,46.67,80.0,Matinha,MA,195.0,0.954,0.0,-5.0,0.402,-2.265,46.67,-33.33,True,49.08,-30.92,True,33.08,-46.92,True
2106607,72.34,34.52,80.0,Matões,MA,300.0,0.897,0.0,-5.0,0.402,-2.839,34.52,-45.48,True,36.93,-43.07,True,17.48,-62.52,True
2106631,63.8,57.42,80.0,Matões do Norte,MA,72.0,0.944,0.0,-5.0,0.402,-1.028,57.42,-22.58,True,59.83,-20.17,True,51.25,-28.75,True
2106706,35.01,55.82,80.0,Mirador,MA,238.0,0.908,0.0,5.0,0.402,2.9,55.82,-24.18,True,58.23,-21.77,True,73.22,-6.78,True
2106755,55.15,50.55,80.0,Miranda do Norte,MA,282.0,0.957,0.0,-4.6,0.402,-2.525,50.55,-29.45,True,52.96,-27.04,True,35.4,-44.6,True
2106805,91.54,69.37,80.0,Mirinzal,MA,154.0,0.929,0.0,-5.0,0.402,-1.948,69.37,-10.63,True,71.78,-8.22,True,57.68,-22.32,True
2106904,51.98,36.19,80.0,Monção,MA,270.0,0.907,0.0,-5.0,0.402,-2.701,36.19,-43.81,True,38.6,-41.4,True,19.98,-60.02,True
2107001,71.31,55.27,80.0,Montes Altos,MA,121.0,0.942,0.0,-5.0,0.402,-1.635,55.27,-24.73,True,57.68,-22.32,True,45.46,-34.54,True
2107100,94.83,66.98,80.0,Morros,MA,259.0,0.923,0.0,-5.0,0.402,-2.646,66.98,-13.02,True,69.39,-10.61,True,51.1,-28.9,True
2107209,53.08,46.83,80.0,Nina Rodrigues,MA,143.0,0.895,0.0,-5.0,0.402,-1.85,46.83,-33.17,True,49.24,-30.76,True,35.73,-44.27,True
2107258,85.65,77.14,80.0,Nova Colinas,MA,70.0,1.0,0.0,-5.0,0.402,-0.999,77.14,-2.86,True,79.55,-0.45,True,71.15,-8.85,True
2107308,77.43,51.24,80.0,Nova Iorque,MA,51.0,0.922,0.0,-5.0,0.402,-0.696,51.24,-28.76,True,53.65,-26.35,True,47.06,-32.94,True
2107357,57.16,62.23,80.0,Nova Olinda do Maranhão,MA,174.0,0.943,0.0,5.0,0.402,2.541,62.23,-17.77,True,64.64,-15.36,True,77.48,-2.52,True
2107407,53.93,58.91,80.0,Olho d'Água das Cunhãs,MA,154.0,0.916,0.0,4.98,0.402,2.393,58.91,-21.09,True,61.32,-18.68,True,73.27,-6.73,True
2107456,80.81,37.64,80.0,Olinda Nova do Maranhão,MA,92.0,0.935,0.0,-5.0,0.402,-1.3,37.64,-42.36,True,40.05,-39.95,True,29.84,-50.16,True
2107506,50.71,55.55,80.0,Paço do Lumiar,MA,1816.0,0.852,0.0,4.84,0.402,4.4,55.55,-24.45,True,57.96,-22.04,True,81.95,1.95,False
2107605,42.07,70.09,80.0,Palmeirândia,MA,132.0,0.902,0.0,5.0,0.402,2.23,70.09,-9.91,True,72.5,-7.5,True,83.47,3.47,False
2107704,78.85,74.65,80.0,Paraibano,MA,287.0,0.909,0.0,-4.2,0.402,-2.31,74.65,-5.35,True,77.06,-2.94,True,60.79,-19.21,True
2107803,90.73,54.65,80.0,Parnarama,MA,347.0,0.928,0.0,-5.0,0.402,-3.025,54.65,-25.35,True,57.06,-22.94,True,36.5,-43.5,True
2107902,76.76,58.43,80.0,Passagem Franca,MA,214.0,0.939,0.0,-5.0,0.402,-2.391,58.43,-21.57,True,60.84,-19.16,True,44.09,-35.91,True
2108009,74.16,64.01,80.0,Pastos Bons,MA,241.0,0.95,0.0,-5.0,0.402,-2.55,64.01,-15.99,True,66.42,-13.58,True,48.71,-31.29,True
2108058,64.86,68.89,80.0,Paulino Neves,MA,180.0,0.994,0.0,4.03,0.402,2.12,68.89,-11.11,True,71.3,-8.7,True,81.61,1.61,False
2108108,76.26,90.57,80.0,Paulo Ramos,MA,212.0,0.995,0.0,5.0,0.402,2.768,90.57,10.57,False,92.98,12.98,False,100.0,20.0,False
2108207,68.1,64.51,80.0,Pedreiras,MA,292.0,0.914,0.0,-3.59,0.402,-1.967,64.51,-15.49,True,66.92,-13.08,True,52.71,-27.29,True
2108256,65.82,57.92,80.0,Pedro do Rosário,MA,211.0,0.896,0.0,-5.0,0.402,-2.371,57.92,-22.08,True,60.33,-19.67,True,43.69,-36.31,True
2108306,55.46,63.88,80.0,Penalva,MA,415.0,0.92,0.0,5.0,0.402,3.505,63.88,-16.12,True,66.29,-13.71,True,84.91,4.91,False
2108405,35.34,61.02,80.0,Peri Mirim,MA,90.0,0.933,0.0,5.0,0.402,1.829,61.02,-18.98,True,63.43,-16.57,True,71.99,-8.01,True
2108454,57.3,70.53,80.0,Peritoró,MA,225.0,0.916,0.0,5.0,0.402,2.836,70.53,-9.47,True,72.94,-7.06,True,87.55,7.55,False
2108504,40.94,51.09,80.0,Pindaré-Mirim,MA,442.0,0.903,0.0,5.0,0.402,3.567,51.09,-28.91,True,53.5,-26.5,True,72.49,-7.51,True
2108603,53.04,46.82,80.0,Pinheiro,MA,701.0,0.769,0.0,-5.0,0.402,-3.801,46.82,-33.18,True,49.23,-30.77,True,24.01,-55.99,True
2108702,24.85,63.6,80.0,Pio XII,MA,247.0,0.887,0.0,5.0,0.402,2.943,63.6,-16.4,True,66.01,-13.99,True,81.26,1.26,False
2108801,83.02,42.38,80.0,Pirapemas,MA,133.0,0.774,0.0,-5.0,0.402,-1.756,42.38,-37.62,True,44.79,-35.21,True,31.85,-48.15,True
2108900,89.32,77.27,80.0,Poção de Pedras,MA,90.0,0.889,0.0,-5.0,0.402,-1.275,77.27,-2.73,True,79.68,-0.32,True,69.62,-10.38,True
2109007,58.08,74.09,80.0,Porto Franco,MA,294.0,0.946,0.0,5.0,0.402,3.138,74.09,-5.91,True,76.5,-3.5,True,92.92,12.92,False
2109056,73.83,34.42,80.0,Porto Rico do Maranhão,MA,50.0,0.96,0.0,-5.0,0.402,-0.679,34.42,-45.58,True,36.83,-43.17,True,30.35,-49.65,True
2109106,54.77,45.11,80.0,Presidente Dutra,MA,465.0,0.923,0.0,-5.0,0.402,-3.375,45.11,-34.89,True,47.52,-32.48,True,24.86,-55.14,True
2109205,36.89,57.94,80.0,Presidente Juscelino,MA,84.0,0.976,0.0,5.0,0.402,1.762,57.94,-22.06,True,60.35,-19.65,True,68.51,-11.49,True
2109239,75.46,74.73,80.0,Presidente Médici,MA,72.0,0.944,0.0,-0.73,0.402,0.102,74.73,-5.27,True,77.14,-2.86,True,75.34,-4.66,True
2109270,62.8,39.6,80.0,Presidente Sarney,MA,268.0,0.817,0.0,-5.0,0.402,-2.692,39.6,-40.4,True,42.01,-37.99,True,23.45,-56.55,True
2109304,44.27,47.82,80.0,Presidente Vargas,MA,109.0,0.862,0.0,3.55,0.402,1.512,47.82,-32.18,True,50.23,-29.77,True,56.89,-23.11,True
2109403,75.54,68.97,80.0,Primeira Cruz,MA,107.0,0.832,0.0,-5.0,0.402,-1.481,68.97,-11.03,True,71.38,-8.62,True,60.08,-19.92,True
2109452,68.06,48.35,80.0,Raposa,MA,491.0,0.878,0.0,-5.0,0.402,-3.437,48.35,-31.65,True,50.76,-29.24,True,27.73,-52.27,True
2109502,41.08,51.85,80.0,Riachão,MA,309.0,0.916,0.0,5.0,0.402,3.193,51.85,-28.15,True,54.26,-25.74,True,71.01,-8.99,True
2109551,54.24,50.14,80.0,Ribamar Fiquene,MA,66.0,0.848,0.0,-4.1,0.402,-0.715,50.14,-29.86,True,52.55,-27.45,True,45.85,-34.15,True
2109601,56.65,57.6,80.0,Rosário,MA,439.0,0.884,0.0,0.95,0.402,0.778,57.6,-22.4,True,60.01,-19.99,True,62.27,-17.73,True
2109700,85.92,77.94,80.0,Sambaíba,MA,72.0,0.931,0.0,-5.0,0.402,-1.028,77.94,-2.06,True,80.35,0.35,False,71.77,-8.23,True
2109809,57.13,72.74,80.0,Santa Helena,MA,269.0,0.743,0.0,5.0,0.402,3.039,72.74,-7.26,True,75.15,-4.85,True,90.97,10.97,False
2109908,47.14,48.48,80.0,Santa Inês,MA,989.0,0.875,0.0,1.34,0.402,1.182,48.48,-31.52,True,50.89,-29.11,True,55.57,-24.43,True
2110005,54.43,58.7,80.0,Santa Luzia,MA,766.0,0.906,0.0,4.27,0.402,3.469,58.7,-21.3,True,61.11,-18.89,True,79.51,-0.49,True
2110039,93.66,85.76,80.0,Santa Luzia do Paruá,MA,250.0,0.972,0.0,-5.0,0.402,-2.599,85.76,5.76,False,88.17,8.17,False,70.16,-9.84,True
2110104,89.14,80.19,80.0,Santa Quitéria do Maranhão,MA,197.0,0.959,0.0,-5.0,0.402,-2.279,80.19,0.19,False,82.6,2.6,False,66.52,-13.48,True
2110203,59.53,56.53,80.0,Santa Rita,MA,437.0,0.86,0.0,-3.0,0.402,-1.932,56.53,-23.47,True,58.94,-21.06,True,44.94,-35.06,True
2110237,85.85,54.17,80.0,Santana do Maranhão,MA,64.0,0.938,0.0,-5.0,0.402,-0.908,54.17,-25.83,True,56.58,-23.42,True,48.72,-31.28,True
2110278,33.31,39.84,80.0,Santo Amaro do Maranhão,MA,143.0,0.867,0.0,5.0,0.402,2.319,39.84,-40.16,True,42.25,-37.75,True,53.75,-26.25,True
2110302,52.71,72.56,80.0,Santo Antônio dos Lopes,MA,121.0,0.95,0.0,5.0,0.402,2.135,72.56,-7.44,True,74.97,-5.03,True,85.37,5.37,False
2110401,46.81,38.29,80.0,São Benedito do Rio Preto,MA,227.0,0.806,0.0,-5.0,0.402,-2.47,38.29,-41.71,True,40.7,-39.3,True,23.47,-56.53,True
2110500,93.75,79.26,80.0,São Bento,MA,339.0,0.912,0.0,-5.0,0.402,-2.996,79.26,-0.74,True,81.67,1.67,False,61.29,-18.71,True
2110609,74.43,67.87,80.0,São Bernardo,MA,328.0,0.979,0.0,-5.0,0.402,-2.954,67.87,-12.13,True,70.28,-9.72,True,50.15,-29.85,True
2110658,22.32,36.83,80.0,São Domingos do Azeitão,MA,124.0,0.935,0.0,5.0,0.402,2.161,36.83,-43.17,True,39.24,-40.76,True,49.8,-30.2,True
2110708,41.82,50.11,80.0,São Domingos do Maranhão,MA,382.0,0.911,0.0,5.0,0.402,3.42,50.11,-29.89,True,52.52,-27.48,True,70.63,-9.37,True
2110856,62.65,42.73,80.0,São Francisco do Brejão,MA,139.0,0.993,0.0,-5.0,0.402,-1.813,42.73,-37.27,True,45.14,-34.86,True,31.85,-48.15,True
2110906,51.3,83.35,80.0,São Francisco do Maranhão,MA,145.0,0.924,0.0,5.0,0.402,2.334,83.35,3.35,False,85.76,5.76,False,97.36,17.36,False
2111003,29.54,58.4,80.0,São João Batista,MA,98.0,0.908,0.0,5.0,0.402,1.914,58.4,-21.6,True,60.81,-19.19,True,69.88,-10.12,True
2111029,65.17,70.68,80.0,São João do Carú,MA,182.0,0.951,0.0,5.0,0.402,2.592,70.68,-9.32,True,73.09,-6.91,True,86.23,6.23,False
2111052,33.48,43.97,80.0,São João do Paraíso,MA,116.0,0.94,0.0,5.0,0.402,2.09,43.97,-36.03,True,46.38,-33.62,True,56.51,-23.49,True
2111078,24.38,53.45,80.0,São João do Soter,MA,166.0,0.97,0.0,5.0,0.402,2.487,53.45,-26.55,True,55.86,-24.14,True,68.37,-11.63,True
2111102,53.56,55.16,80.0,São João dos Patos,MA,292.0,0.945,0.0,1.6,0.402,1.113,55.16,-24.84,True,57.57,-22.43,True,61.84,-18.16,True
2111201,62.27,56.58,80.0,São José de Ribamar,MA,2234.0,0.861,0.0,-5.0,0.402,-4.556,56.58,-23.42,True,58.99,-21.01,True,29.24,-50.76,True
2111250,12.94,56.16,80.0,São José dos Basílios,MA,73.0,1.0,0.0,5.0,0.402,1.631,56.16,-23.84,True,58.57,-21.43,True,65.95,-14.05,True
2111300,47.49,56.69,80.0,São Luís,MA,7041.0,0.888,1.0,5.0,0.402,4.873,56.69,-23.31,True,59.1,-20.9,True,85.93,5.93,False
2111409,74.81,70.44,80.0,São Luís Gonzaga do Maranhão,MA,150.0,0.88,0.0,-4.37,0.402,-1.643,70.44,-9.56,True,72.85,-7.15,True,60.58,-19.42,True
2111508,64.56,66.16,80.0,São Mateus do Maranhão,MA,492.0,0.921,0.0,1.6,0.402,1.254,66.16,-13.84,True,68.57,-11.43,True,73.68,-6.32,True
2111532,32.95,55.64,80.0,São Pedro da Água Branca,MA,176.0,0.892,0.0,5.0,0.402,2.554,55.64,-24.36,True,58.05,-21.95,True,70.96,-9.04,True
2111573,40.27,59.47,80.0,São Pedro dos Crentes,MA,81.0,0.889,0.0,5.0,0.402,1.727,59.47,-20.53,True,61.88,-18.12,True,69.83,-10.17,True
2111607,71.02,84.5,80.0,São Raimundo das Mangabeiras,MA,273.0,0.93,0.0,5.0,0.402,3.056,84.5,4.5,False,86.91,6.91,False,100.0,20.0,False
2111631,56.29,55.35,80.0,São Raimundo do Doca Bezerra,MA,52.0,0.904,0.0,-0.94,0.402,0.125,55.35,-24.65,True,57.76,-22.24,True,56.1,-23.9,True
2111706,61.03,76.82,80.0,São Vicente Ferrer,MA,111.0,0.973,0.0,5.0,0.402,2.043,76.82,-3.18,True,79.23,-0.77,True,89.08,9.08,False
2111722,100.0,79.32,80.0,Satubinha,MA,71.0,0.873,0.0,-5.0,0.402,-1.014,79.32,-0.68,True,81.73,1.73,False,73.24,-6.76,True
2111748,95.63,96.12,80.0,Senador Alexandre Costa,MA,103.0,0.981,0.0,0.49,0.402,0.432,96.12,16.12,False,98.53,18.53,False,98.71,18.71,False
2111763,32.24,64.13,80.0,Senador La Rocque,MA,148.0,0.899,0.0,5.0,0.402,2.357,64.13,-15.87,True,66.54,-13.46,True,78.27,-1.73,True
2111789,67.99,53.62,80.0,Serrano do Maranhão,MA,79.0,0.937,0.0,-5.0,0.402,-1.128,53.62,-26.38,True,56.03,-23.97,True,46.85,-33.15,True
2111805,42.39,54.44,80.0,Sítio Novo,MA,262.0,0.954,0.0,5.0,0.402,3.009,54.44,-25.56,True,56.85,-23.15,True,72.5,-7.5,True
2111904,49.97,60.0,80.0,Sucupira do Norte,MA,110.0,1.0,0.0,5.0,0.402,2.033,60.0,-20.0,True,62.41,-17.59,True,72.2,-7.8,True
2112001,45.1,54.9,80.0,Tasso Fragoso,MA,140.0,0.907,0.0,5.0,0.402,2.295,54.9,-25.1,True,57.31,-22.69,True,68.67,-11.33,True
2112100,41.93,44.63,80.0,Timbiras,MA,331.0,0.885,0.0,2.7,0.402,1.834,44.63,-35.37,True,47.04,-32.96,True,55.64,-24.36,True
2112209,67.8,75.74,80.0,Timon,MA,1778.0,0.937,0.0,5.0,0.402,4.535,75.74,-4.26,True,78.15,-1.85,True,100.0,20.0,False
2112233,59.01,90.87,80.0,Trizidela do Vale,MA,246.0,0.959,0.0,5.0,0.402,2.938,90.87,10.87,False,93.28,13.28,False,100.0,20.0,False
2112274,34.79,36.17,80.0,Tufilândia,MA,76.0,0.961,0.0,1.38,0.402,0.671,36.17,-43.83,True,38.58,-41.42,True,40.2,-39.8,True
2112308,38.93,66.43,80.0,Tuntum,MA,320.0,0.931,0.0,5.0,0.402,3.231,66.43,-13.57,True,68.84,-11.16,True,85.82,5.82,False
2112407,40.48,64.42,80.0,Turiaçu,MA,321.0,0.916,0.0,5.0,0.402,3.235,64.42,-15.58,True,66.83,-13.17,True,83.83,3.83,False
2112456,56.43,49.69,80.0,Turilândia,MA,276.0,0.873,0.0,-5.0,0.402,-2.73,49.69,-30.31,True,52.1,-27.9,True,33.31,-46.69,True
2112506,37.64,57.61,80.0,Tutóia,MA,698.0,0.913,0.0,5.0,0.402,3.976,57.61,-22.39,True,60.02,-19.98,True,81.47,1.47,False
2112605,76.76,38.63,80.0,Urbano Santos,MA,296.0,0.936,0.0,-5.0,0.402,-2.822,38.63,-41.37,True,41.04,-38.96,True,21.7,-58.3,True
2112704,98.85,96.58,80.0,Vargem Grande,MA,527.0,0.998,0.0,-2.27,0.402,-1.535,96.58,16.58,False,98.99,18.99,False,87.37,7.37,False
2112803,58.28,53.36,80.0,Viana,MA,559.0,0.927,0.0,-4.92,0.402,-3.518,53.36,-26.64,True,55.77,-24.23,True,32.25,-47.75,True
2112852,86.07,74.55,80.0,Vila Nova dos Martírios,MA,178.0,0.938,0.0,-5.0,0.402,-2.142,74.55,-5.45,True,76.96,-3.04,True,61.7,-18.3,True
2112902,48.98,60.19,80.0,Vitória do Mearim,MA,270.0,0.922,0.0,5.0,0.402,3.043,60.19,-19.81,True,62.6,-17.4,True,78.45,-1.55,True
2113009,51.04,73.1,80.0,Vitorino Freire,MA,292.0,0.884,0.0,5.0,0.402,3.131,73.1,-6.9,True,75.51,-4.49,True,91.88,11.88,False
2114007,81.54,72.3,80.0,Zé Doca,MA,449.0,0.909,0.0,-5.0,0.402,-3.335,72.3,-7.7,True,74.71,-5.29,True,52.29,-27.71,True
2200053,81.71,81.89,80.0,Acauã,PI,62.0,0.984,0.0,0.18,1.135,0.909,81.89,1.89,False,88.7,8.7,False,87.34,7.34,False
2200103,32.61,60.23,80.0,Agricolândia,PI,64.0,0.984,0.0,5.0,1.135,2.072,60.23,-19.77,True,67.04,-12.96,True,72.66,-7.34,True
2200202,90.64,91.98,80.0,Água Branca,PI,187.0,1.0,1.0,1.34,1.135,1.234,91.98,11.98,False,98.79,18.79,False,99.38,19.38,False
2200251,44.44,74.63,80.0,Alagoinha do Piauí,PI,60.0,0.983,0.0,5.0,1.135,2.027,74.63,-5.37,True,81.44,1.44,False,86.79,6.79,False
2200301,90.92,82.41,80.0,Alto Longá,PI,86.0,0.977,0.0,-5.0,1.135,-0.71,82.41,2.41,False,89.22,9.22,False,78.15,-1.85,True
2200400,61.91,61.82,80.0,Altos,PI,612.0,0.943,0.0,-0.09,1.135,0.212,61.82,-18.18,True,68.63,-11.37,True,63.09,-16.91,True
2200459,68.36,41.74,80.0,Alvorada do Gurguéia,PI,65.0,0.923,0.0,-5.0,1.135,-0.37,41.74,-38.26,True,48.55,-31.45,True,39.52,-40.48,True
2200509,22.26,32.94,80.0,Amarante,PI,200.0,0.99,0.0,5.0,1.135,3.068,32.94,-47.06,True,39.75,-40.25,True,51.35,-28.65,True
2200608,61.5,95.88,80.0,Angical do Piauí,PI,97.0,1.0,0.0,5.0,1.135,2.397,95.88,15.88,False,100.0,20.0,False,100.0,20.0,False
2200707,46.55,57.02,80.0,Anísio de Abreu,PI,127.0,0.992,0.0,5.0,1.135,2.636,57.02,-22.98,True,63.83,-16.17,True,72.84,-7.16,True
2201002,83.8,98.15,80.0,Arraial,PI,54.0,1.0,0.0,5.0,1.135,1.957,98.15,18.15,False,100.0,20.0,False,100.0,20.0,False
2201051,84.48,69.88,80.0,Assunção do Piauí,PI,83.0,1.0,0.0,-5.0,1.135,-0.664,69.88,-10.12,True,76.69,-3.31,True,65.89,-14.11,True
2201101,40.98,44.97,80.0,Avelino Lopes,PI,125.0,0.976,0.0,3.99,1.135,2.233,44.97,-35.03,True,51.78,-28.22,True,58.37,-21.63,True
2201150,48.61,81.06,80.0,Baixa Grande do Ribeiro,PI,204.0,0.985,0.0,5.0,1.135,3.087,81.06,1.06,False,87.87,7.87,False,99.58,19.58,False
2201200,55.68,60.13,80.0,Barras,PI,573.0,0.972,0.0,4.45,1.135,3.592,60.13,-19.87,True,66.94,-13.06,True,81.68,1.68,False
2201408,38.31,40.17,80.0,Barro Duro,PI,53.0,0.943,0.0,1.86,1.135,1.287,40.17,-39.83,True,46.98,-33.02,True,47.89,-32.11,True
2201507,43.66,46.97,80.0,Batalha,PI,222.0,0.937,0.0,3.31,1.135,2.279,46.97,-33.03,True,53.78,-26.22,True,60.65,-19.35,True
2201606,77.58,68.49,80.0,Beneditinos,PI,116.0,0.957,0.0,-5.0,1.135,-1.117,68.49,-11.51,True,75.3,-4.7,True,61.79,-18.21,True
2201705,59.48,43.42,80.0,Bertolínia,PI,57.0,0.93,0.0,-5.0,1.135,-0.226,43.42,-36.58,True,50.23,-29.77,True,42.07,-37.93,True
2201739,42.53,82.76,80.0,Betânia do Piauí,PI,117.0,0.983,0.0,5.0,1.135,2.562,82.76,2.76,False,89.57,9.57,False,98.13,18.13,False
2201903,99.08,98.95,80.0,Bom Jesus,PI,287.0,0.993,0.0,-0.13,1.135,0.39,98.95,18.95,False,100.0,20.0,False,100.0,20.0,False
2201929,50.63,35.96,80.0,Bonfim do Piauí,PI,89.0,1.0,0.0,-5.0,1.135,-0.754,35.96,-44.04,True,42.77,-37.23,True,31.43,-48.57,True
2201945,96.48,77.1,80.0,Boqueirão do Piauí,PI,66.0,0.955,0.0,-5.0,1.135,-0.387,77.1,-2.9,True,83.91,3.91,False,74.78,-5.22,True
2201960,33.17,42.58,80.0,Brasileira,PI,98.0,0.959,0.0,5.0,1.135,2.406,42.58,-37.42,True,49.39,-30.61,True,57.02,-22.98,True
2202000,41.5,61.68,80.0,Buriti dos Lopes,PI,303.0,0.983,0.0,5.0,1.135,3.463,61.68,-18.32,True,68.49,-11.51,True,82.46,2.46,False
2202026,84.87,98.33,80.0,Buriti dos Montes,PI,60.0,0.983,0.0,5.0,1.135,2.027,98.33,18.33,False,100.0,20.0,False,100.0,20.0,False
2202059,19.85,52.34,80.0,Cabeceiras do Piauí,PI,87.0,0.966,0.0,5.0,1.135,2.307,52.34,-27.66,True,59.15,-20.85,True,66.18,-13.82,True
2202083,47.44,62.75,80.0,Cajueiro da Praia,PI,143.0,0.993,0.0,5.0,1.135,2.746,62.75,-17.25,True,69.56,-10.44,True,79.23,-0.77,True
2202133,85.6,95.8,80.0,Campo Grande do Piauí,PI,74.0,0.973,0.0,5.0,1.135,2.179,95.8,15.8,False,100.0,20.0,False,100.0,20.0,False
2202174,17.66,64.31,80.0,Campo Largo do Piauí,PI,62.0,0.968,0.0,5.0,1.135,2.05,64.31,-15.69,True,71.12,-8.88,True,76.61,-3.39,True
2202208,52.24,54.48,80.0,Campo Maior,PI,482.0,0.929,0.0,2.24,1.135,1.916,54.48,-25.52,True,61.29,-18.71,True,65.98,-14.02,True
2202307,13.66,36.45,80.0,Canto do Buriti,PI,233.0,0.957,0.0,5.0,1.135,3.215,36.45,-43.55,True,43.26,-36.74,True,55.74,-24.26,True
2202406,53.68,54.01,80.0,Capitão de Campos,PI,137.0,1.0,0.0,0.33,1.135,0.808,54.01,-25.99,True,60.82,-19.18,True,58.86,-21.14,True
2202455,65.3,77.36,80.0,Capitão Gervásio Oliveira,PI,53.0,1.0,0.0,5.0,1.135,1.945,77.36,-2.64,True,84.17,4.17,False,89.03,9.03,False
2202505,60.97,49.31,80.0,Caracol,PI,132.0,0.894,0.0,-5.0,1.135,-1.304,49.31,-30.69,True,56.12,-23.88,True,41.49,-38.51,True
2202539,38.51,68.17,80.0,Caraúbas do Piauí,PI,83.0,0.94,0.0,5.0,1.135,2.269,68.17,-11.83,True,74.98,-5.02,True,81.78,1.78,False
2202554,61.42,58.14,80.0,Caridade do Piauí,PI,59.0,0.966,0.0,-3.28,1.135,0.129,58.14,-21.86,True,64.95,-15.05,True,58.92,-21.08,True
2202604,75.09,82.63,80.0,Castelo do Piauí,PI,169.0,0.988,0.0,5.0,1.135,2.905,82.63,2.63,False,89.44,9.44,False,100.0,20.0,False
2202703,73.16,83.93,80.0,Cocal,PI,321.0,0.991,0.0,5.0,1.135,3.516,83.93,3.93,False,90.74,10.74,False,100.0,20.0,False
2202711,67.54,59.56,80.0,Cocal de Telha,PI,61.0,0.984,0.0,-5.0,1.135,-0.299,59.56,-20.44,True,66.37,-13.63,True,57.77,-22.23,True
2202729,80.26,87.68,80.0,Cocal dos Alves,PI,82.0,1.0,0.0,5.0,1.135,2.259,87.68,7.68,False,94.49,14.49,False,100.0,20.0,False
2202737,78.14,94.47,80.0,Coivaras,PI,76.0,0.961,0.0,5.0,1.135,2.199,94.47,14.47,False,100.0,20.0,False,100.0,20.0,False
2202752,54.43,89.29,80.0,Colônia do Gurguéia,PI,66.0,0.97,0.0,5.0,1.135,2.094,89.29,9.29,False,96.1,16.1,False,100.0,20.0,False
2202778,59.89,42.87,80.0,Colônia do Piauí,PI,59.0,0.949,0.0,-5.0,1.135,-0.262,42.87,-37.13,True,49.68,-30.32,True,41.3,-38.7,True
2202802,47.28,70.98,80.0,Conceição do Canindé,PI,63.0,0.984,0.0,5.0,1.135,2.061,70.98,-9.02,True,77.79,-2.21,True,83.35,3.35,False
2202901,47.76,37.78,80.0,Corrente,PI,273.0,0.971,0.0,-5.0,1.135,-2.406,37.78,-42.22,True,44.59,-35.41,True,23.34,-56.66,True
2203008,79.93,79.55,80.0,Cristalândia do Piauí,PI,88.0,1.0,0.0,-0.38,1.135,0.672,79.55,-0.45,True,86.36,6.36,False,83.58,3.58,False
2203206,68.19,81.77,80.0,Curimatá,PI,146.0,0.973,0.0,5.0,1.135,2.766,81.77,1.77,False,88.58,8.58,False,98.37,18.37,False
2203271,16.11,48.34,80.0,Curral Novo do Piauí,PI,74.0,0.986,0.0,5.0,1.135,2.179,48.34,-31.66,True,55.15,-24.85,True,61.41,-18.59,True
2203305,70.15,73.33,80.0,Demerval Lobão,PI,105.0,0.962,0.0,3.18,1.135,1.839,73.33,-6.67,True,80.14,0.14,False,84.36,4.36,False
2203354,33.24,11.96,80.0,Dirceu Arcoverde,PI,50.0,0.88,0.0,-5.0,1.135,-0.092,11.96,-68.04,True,18.77,-61.23,True,11.41,-68.59,True
2203404,77.13,76.45,80.0,Dom Expedito Lopes,PI,75.0,0.973,0.0,-0.68,1.135,0.64,76.45,-3.55,True,83.26,3.26,False,80.29,0.29,False
2203453,97.37,87.27,80.0,Dom Inocêncio,PI,55.0,1.0,0.0,-5.0,1.135,-0.188,87.27,7.27,False,94.08,14.08,False,86.14,6.14,False
2203503,50.09,51.08,80.0,Elesbão Veloso,PI,93.0,0.989,0.0,0.99,1.135,1.089,51.08,-28.92,True,57.89,-22.11,True,57.61,-22.39,True
2203701,56.99,73.13,80.0,Esperantina,PI,422.0,0.983,0.0,5.0,1.135,3.757,73.13,-6.87,True,79.94,-0.06,True,95.67,15.67,False
2203800,46.83,43.3,80.0,Flores do Piauí,PI,56.0,0.964,0.0,-3.53,1.135,0.115,43.3,-36.7,True,50.11,-29.89,True,43.99,-36.01,True
2203909,49.16,53.36,80.0,Floriano,PI,563.0,0.934,1.0,4.2,1.135,3.397,53.36,-26.64,True,60.17,-19.83,True,73.74,-6.26,True
2204105,47.28,32.38,80.0,Francisco Ayres,PI,63.0,0.984,0.0,-5.0,1.135,-0.335,32.38,-47.62,True,39.19,-40.81,True,30.37,-49.63,True
2204303,98.26,96.63,80.0,Fronteiras,PI,92.0,0.957,0.0,-1.63,1.135,0.264,96.63,16.63,False,100.0,20.0,False,98.21,18.21,False
2204402,31.29,39.2,80.0,Gilbués,PI,141.0,0.965,0.0,5.0,1.135,2.733,39.2,-40.8,True,46.01,-33.99,True,55.6,-24.4,True
2204501,48.9,68.54,80.0,Guadalupe,PI,131.0,0.977,1.0,5.0,1.135,2.665,68.54,-11.46,True,75.35,-4.65,True,84.53,4.53,False
2204600,82.43,81.47,80.0,Hugo Napoleão,PI,53.0,0.943,0.0,-0.96,1.135,0.696,81.47,1.47,False,88.28,8.28,False,85.65,5.65,False
2204659,39.89,34.84,80.0,Ilha Grande,PI,156.0,0.949,0.0,-5.0,1.135,-1.553,34.84,-45.16,True,41.65,-38.35,True,25.52,-54.48,True
2204709,55.39,67.52,80.0,Inhuma,PI,129.0,0.946,0.0,5.0,1.135,2.651,67.52,-12.48,True,74.33,-5.67,True,83.42,3.42,False
2204808,85.43,95.83,80.0,Ipiranga do Piauí,PI,73.0,0.986,0.0,5.0,1.135,2.169,95.83,15.83,False,100.0,20.0,False,100.0,20.0,False
2204907,27.85,34.44,80.0,Isaías Coelho,PI,90.0,1.0,0.0,5.0,1.135,2.335,34.44,-45.56,True,41.25,-38.75,True,48.45,-31.55,True
2205003,74.15,73.67,80.0,Itainópolis,PI,85.0,0.988,0.0,-0.48,1.135,0.653,73.67,-6.33,True,80.48,0.48,False,77.59,-2.41,True
2205102,25.15,85.9,80.0,Itaueira,PI,65.0,0.985,0.0,5.0,1.135,2.083,85.9,5.9,False,92.71,12.71,False,98.4,18.4,False
2205151,88.51,84.31,80.0,Jacobina do Piauí,PI,51.0,1.0,0.0,-4.2,1.135,0.051,84.31,4.31,False,91.12,11.12,False,84.62,4.62,False
2205201,78.99,58.67,80.0,Jaicós,PI,168.0,0.976,0.0,-5.0,1.135,-1.666,58.67,-21.33,True,65.48,-14.52,True,48.68,-31.32,True
2205300,26.32,75.31,80.0,Jerumenha,PI,58.0,0.983,0.0,5.0,1.135,2.004,75.31,-4.69,True,82.12,2.12,False,87.33,7.33,False
2205409,55.54,81.27,80.0,Joaquim Pires,PI,189.0,0.989,0.0,5.0,1.135,3.013,81.27,1.27,False,88.08,8.08,False,99.35,19.35,False
2205508,49.82,42.98,80.0,José de Freitas,PI,463.0,0.974,0.0,-5.0,1.135,-3.149,42.98,-37.02,True,49.79,-30.21,True,24.08,-55.92,True
2205532,96.41,98.36,80.0,Jurema,PI,61.0,1.0,0.0,1.95,1.135,1.326,98.36,18.36,False,100.0,20.0,False,100.0,20.0,False
2205557,21.65,58.86,80.0,Lagoa Alegre,PI,97.0,0.969,0.0,5.0,1.135,2.397,58.86,-21.14,True,65.67,-14.33,True,73.24,-6.76,True
2205565,55.67,59.52,80.0,Lagoa do Barro do Piauí,PI,83.0,0.976,0.0,3.85,1.135,1.931,59.52,-20.48,True,66.33,-13.67,True,71.11,-8.89,True
2205573,41.38,76.74,80.0,Lagoa de São Francisco,PI,86.0,1.0,0.0,5.0,1.135,2.297,76.74,-3.26,True,83.55,3.55,False,90.52,10.52,False
2205581,7.17,44.87,80.0,Lagoa do Piauí,PI,65.0,0.846,0.0,5.0,1.135,2.083,44.87,-35.13,True,51.68,-28.32,True,57.37,-22.63,True
2205607,97.9,100.0,80.0,Landri Sales,PI,58.0,1.0,0.0,2.1,1.135,1.352,100.0,20.0,False,100.0,20.0,False,100.0,20.0,False
2205706,62.07,51.6,80.0,Luís Correia,PI,326.0,0.936,0.0,-5.0,1.135,-2.667,51.6,-28.4,True,58.41,-21.59,True,35.6,-44.4,True
2205805,51.73,54.9,80.0,Luzilândia,PI,210.0,0.995,0.0,3.17,1.135,2.177,54.9,-25.1,True,61.71,-18.29,True,67.96,-12.04,True
2205854,62.05,55.88,80.0,Madeiro,PI,102.0,1.0,0.0,-5.0,1.135,-0.937,55.88,-24.12,True,62.69,-17.31,True,50.26,-29.74,True
2205904,100.0,82.38,80.0,Manoel Emídio,PI,72.0,0.944,0.0,-5.0,1.135,-0.489,82.38,2.38,False,89.19,9.19,False,79.45,-0.55,True
2205953,98.87,89.66,80.0,Marcolândia,PI,145.0,0.959,0.0,-5.0,1.135,-1.443,89.66,9.66,False,96.47,16.47,False,81.0,1.0,False
2206001,22.19,80.95,80.0,Marcos Parente,PI,63.0,1.0,0.0,5.0,1.135,2.061,80.95,0.95,False,87.76,7.76,False,93.32,13.32,False
2206100,24.43,52.06,80.0,Matias Olímpio,PI,114.0,0.974,0.0,5.0,1.135,2.538,52.06,-27.94,True,58.87,-21.13,True,67.29,-12.71,True
2206209,39.04,60.79,80.0,Miguel Alves,PI,348.0,0.945,0.0,5.0,1.135,3.589,60.79,-19.21,True,67.6,-12.4,True,82.33,2.33,False
2206407,60.33,42.48,80.0,Monsenhor Gil,PI,129.0,0.946,0.0,-5.0,1.135,-1.27,42.48,-37.52,True,49.29,-30.71,True,34.86,-45.14,True
2206506,100.0,97.7,80.0,Monsenhor Hipólito,PI,87.0,1.0,0.0,-2.3,1.135,0.094,97.7,17.7,False,100.0,20.0,False,98.26,18.26,False
2206605,67.16,57.85,80.0,Monte Alegre do Piauí,PI,117.0,0.991,0.0,-5.0,1.135,-1.129,57.85,-22.15,True,64.66,-15.34,True,51.07,-28.93,True
2206654,23.7,19.39,80.0,Morro Cabeça no Tempo,PI,77.0,0.935,0.0,-4.31,1.135,-0.379,19.39,-60.61,True,26.2,-53.8,True,17.12,-62.88,True
2206670,28.84,40.04,80.0,Morro do Chapéu do Piauí,PI,79.0,0.975,0.0,5.0,1.135,2.229,40.04,-39.96,True,46.85,-33.15,True,53.42,-26.58,True
2206696,66.93,65.17,80.0,Murici dos Portelas,PI,87.0,0.966,0.0,-1.76,1.135,0.257,65.17,-14.83,True,71.98,-8.02,True,66.71,-13.29,True
2206704,46.93,39.0,80.0,Nazaré do Piauí,PI,50.0,0.96,0.0,-5.0,1.135,-0.092,39.0,-41.0,True,45.81,-34.19,True,38.45,-41.55,True
2206720,77.65,52.15,80.0,Nazária,PI,132.0,0.97,0.0,-5.0,1.135,-1.304,52.15,-27.85,True,58.96,-21.04,True,44.33,-35.67,True
2206803,64.19,45.57,80.0,Nossa Senhora dos Remédios,PI,158.0,1.0,0.0,-5.0,1.135,-1.573,45.57,-34.43,True,52.38,-27.62,True,36.13,-43.87,True
2206902,69.0,89.56,80.0,Novo Oriente do Piauí,PI,58.0,0.966,0.0,5.0,1.135,2.004,89.56,9.56,False,96.37,16.37,False,100.0,20.0,False
2206951,48.49,82.08,80.0,Novo Santo Antônio,PI,57.0,0.982,0.0,5.0,1.135,1.992,82.08,2.08,False,88.89,8.89,False,94.03,14.03,False
2207009,65.92,72.5,80.0,Oeiras,PI,345.0,0.977,0.0,5.0,1.135,3.582,72.5,-7.5,True,79.31,-0.69,True,93.99,13.99,False
2207207,86.44,100.0,80.0,Padre Marcos,PI,86.0,1.0,0.0,5.0,1.135,2.297,100.0,20.0,False,100.0,20.0,False,100.0,20.0,False
2207306,51.76,45.31,80.0,Paes Landim,PI,64.0,1.0,0.0,-5.0,1.135,-0.352,45.31,-34.69,True,52.12,-27.88,True,43.2,-36.8,True
2207504,50.9,46.19,80.0,Palmeirais,PI,159.0,0.943,0.0,-4.71,1.135,-1.454,46.19,-33.81,True,53.0,-27.0,True,37.47,-42.53,True
2207603,67.67,47.35,80.0,Parnaguá,PI,124.0,0.944,0.0,-5.0,1.135,-1.213,47.35,-32.65,True,54.16,-25.84,True,40.07,-39.93,True
2207702,31.0,38.42,80.0,Parnaíba,PI,1676.0,0.879,0.0,5.0,1.135,4.588,38.42,-41.58,True,45.23,-34.77,True,65.95,-14.05,True
2207801,45.07,50.47,80.0,Paulistana,PI,248.0,0.952,0.0,5.0,1.135,3.275,50.47,-29.53,True,57.28,-22.72,True,70.12,-9.88,True
2207900,25.09,41.98,80.0,Pedro II,PI,394.0,0.931,0.0,5.0,1.135,3.699,41.98,-38.02,True,48.79,-31.21,True,64.17,-15.83,True
2207959,48.03,49.11,80.0,Nova Santa Rita,PI,64.0,0.984,0.0,1.08,1.135,1.122,49.11,-30.89,True,55.92,-24.08,True,55.84,-24.16,True
2208007,52.95,54.93,80.0,Picos,PI,588.0,0.898,1.0,1.98,1.135,1.766,54.93,-25.07,True,61.74,-18.26,True,65.52,-14.48,True
2208106,60.51,61.41,80.0,Pimenteiras,PI,73.0,0.932,0.0,0.9,1.135,1.072,61.41,-18.59,True,68.22,-11.78,True,67.84,-12.16,True
2208205,35.27,58.16,80.0,Pio IX,PI,200.0,0.985,0.0,5.0,1.135,3.068,58.16,-21.84,True,64.97,-15.03,True,76.57,-3.43,True
2208304,75.64,82.48,80.0,Piracuruca,PI,398.0,0.99,0.0,5.0,1.135,3.707,82.48,2.48,False,89.29,9.29,False,100.0,20.0,False
2208403,33.16,54.59,80.0,Piripiri,PI,745.0,0.977,0.0,5.0,1.135,4.182,54.59,-25.41,True,61.4,-18.6,True,79.68,-0.32,True
2208502,40.12,36.04,80.0,Porto,PI,161.0,0.963,0.0,-4.08,1.135,-1.191,36.04,-43.96,True,42.85,-37.15,True,28.9,-51.1,True
2208601,14.28,47.93,80.0,Prata do Piauí,PI,51.0,0.98,0.0,5.0,1.135,1.92,47.93,-32.07,True,54.74,-25.26,True,59.45,-20.55,True
2208650,60.22,67.42,80.0,Queimada Nova,PI,89.0,1.0,0.0,5.0,1.135,2.325,67.42,-12.58,True,74.23,-5.77,True,81.37,1.37,False
2208700,99.0,80.52,80.0,Redenção do Gurguéia,PI,77.0,1.0,0.0,-5.0,1.135,-0.57,80.52,0.52,False,87.33,7.33,False,77.1,-2.9,True
2208809,40.89,31.32,80.0,Regeneração,PI,166.0,0.97,0.0,-5.0,1.135,-1.647,31.32,-48.68,True,38.13,-41.87,True,21.44,-58.56,True
2208858,98.41,92.42,80.0,Riacho Frio,PI,66.0,1.0,0.0,-5.0,1.135,-0.387,92.42,12.42,False,99.23,19.23,False,90.1,10.1,False
2208908,88.78,85.26,80.0,Ribeiro Gonçalves,PI,95.0,0.979,0.0,-3.52,1.135,-0.364,85.26,5.26,False,92.07,12.07,False,83.08,3.08,False
2209005,48.59,41.79,80.0,Rio Grande do Piauí,PI,67.0,1.0,0.0,-5.0,1.135,-0.404,41.79,-38.21,True,48.6,-31.4,True,39.36,-40.64,True
2209104,95.61,98.15,80.0,Santa Cruz do Piauí,PI,54.0,1.0,0.0,2.54,1.135,1.434,98.15,18.15,False,100.0,20.0,False,100.0,20.0,False
2209203,27.74,62.47,80.0,Santa Filomena,PI,104.0,0.962,0.0,5.0,1.135,2.457,62.47,-17.53,True,69.28,-10.72,True,77.21,-2.79,True
2209559,87.8,66.39,80.0,São Braz do Piauí,PI,67.0,0.985,0.0,-5.0,1.135,-0.404,66.39,-13.61,True,73.2,-6.8,True,63.96,-16.04,True
2209658,33.64,36.86,80.0,São Francisco de Assis do Piauí,PI,58.0,0.983,0.0,3.22,1.135,1.604,36.86,-43.14,True,43.67,-36.33,True,46.48,-33.52,True
2209708,58.13,64.27,80.0,São Francisco do Piauí,PI,66.0,0.985,0.0,5.0,1.135,2.094,64.27,-15.73,True,71.08,-8.92,True,76.83,-3.17,True
2209807,94.18,64.04,80.0,São Gonçalo do Piauí,PI,55.0,0.964,0.0,-5.0,1.135,-0.188,64.04,-15.96,True,70.85,-9.15,True,62.91,-17.09,True
2209872,26.94,43.37,80.0,São João da Fronteira,PI,52.0,0.865,0.0,5.0,1.135,1.933,43.37,-36.63,True,50.18,-29.82,True,54.97,-25.03,True
2209906,49.25,93.97,80.0,São João da Serra,PI,51.0,0.98,0.0,5.0,1.135,1.92,93.97,13.97,False,100.0,20.0,False,100.0,20.0,False
2209971,33.59,87.8,80.0,São João do Arraial,PI,117.0,0.983,0.0,5.0,1.135,2.562,87.8,7.8,False,94.61,14.61,False,100.0,20.0,False
2210003,44.35,65.25,80.0,São João do Piauí,PI,257.0,0.977,0.0,5.0,1.135,3.309,65.25,-14.75,True,72.06,-7.94,True,85.1,5.1,False
2210052,100.0,92.65,80.0,São José do Divino,PI,68.0,1.0,0.0,-5.0,1.135,-0.422,92.65,12.65,False,99.46,19.46,False,90.12,10.12,False
2210300,94.83,87.93,80.0,São Julião,PI,58.0,1.0,0.0,-5.0,1.135,-0.244,87.93,7.93,False,94.74,14.74,False,86.47,6.47,False
2210409,29.86,45.19,80.0,São Miguel do Tapuio,PI,104.0,1.0,0.0,5.0,1.135,2.457,45.19,-34.81,True,52.0,-28.0,True,59.93,-20.07,True
2210508,49.25,67.14,80.0,São Pedro do Piauí,PI,194.0,0.99,0.0,5.0,1.135,3.038,67.14,-12.86,True,73.95,-6.05,True,85.37,5.37,False
2210607,68.18,73.25,80.0,São Raimundo Nonato,PI,431.0,0.958,0.0,5.0,1.135,3.775,73.25,-6.75,True,80.06,0.06,False,95.9,15.9,False
2210623,26.0,50.0,80.0,Sebastião Barros,PI,56.0,1.0,0.0,5.0,1.135,1.981,50.0,-30.0,True,56.81,-23.19,True,61.88,-18.12,True
2210631,93.5,76.86,80.0,Sebastião Leal,PI,54.0,0.963,0.0,-5.0,1.135,-0.169,76.86,-3.14,True,83.67,3.67,False,75.84,-4.16,True
2210656,45.16,75.67,80.0,Sigefredo Pacheco,PI,56.0,0.964,0.0,5.0,1.135,1.981,75.67,-4.33,True,82.48,2.48,False,87.55,7.55,False
2210706,68.51,86.03,80.0,Simões,PI,207.0,0.942,0.0,5.0,1.135,3.101,86.03,6.03,False,92.84,12.84,False,100.0,20.0,False
2210805,88.71,67.45,80.0,Simplício Mendes,PI,122.0,0.984,0.0,-5.0,1.135,-1.189,67.45,-12.55,True,74.26,-5.74,True,60.31,-19.69,True
2210938,27.08,55.84,80.0,Sussuapara,PI,64.0,0.969,0.0,5.0,1.135,2.072,55.84,-24.16,True,62.65,-17.35,True,68.27,-11.73,True
2211001,48.21,57.25,80.0,Teresina,PI,7525.0,0.918,1.0,5.0,1.135,4.9,57.25,-22.75,True,64.06,-15.94,True,86.65,6.65,False
2211100,26.82,35.21,80.0,União,PI,522.0,0.933,0.0,5.0,1.135,3.929,35.21,-44.79,True,42.02,-37.98,True,58.79,-21.21,True
2211209,27.78,31.55,80.0,Uruçuí,PI,292.0,0.959,0.0,3.77,1.135,2.699,31.55,-48.45,True,38.36,-41.64,True,47.74,-32.26,True
2211308,51.94,42.13,80.0,Valença do Piauí,PI,197.0,0.934,0.0,-5.0,1.135,-1.909,42.13,-37.87,True,48.94,-31.06,True,30.67,-49.33,True
2300101,88.3,91.49,80.0,Abaiara,CE,96.0,0.99,0.0,3.19,0.302,1.239,91.49,11.49,False,93.3,13.3,False,98.92,18.92,False
2300150,78.14,81.21,80.0,Acarape,CE,174.0,0.966,0.0,3.07,0.302,1.59,81.21,1.21,False,83.02,3.02,False,90.75,10.75,False
2300200,95.81,97.71,80.0,Acaraú,CE,874.0,0.955,0.0,1.9,0.302,1.602,97.71,17.71,False,99.52,19.52,False,100.0,20.0,False
2300309,62.63,64.59,80.0,Acopiara,CE,369.0,0.989,0.0,1.96,0.302,1.377,64.59,-15.41,True,66.4,-13.6,True,72.85,-7.15,True
2300408,75.14,75.83,80.0,Aiuaba,CE,158.0,0.975,0.0,0.69,0.302,0.473,75.83,-4.17,True,77.64,-2.36,True,78.67,-1.33,True
2300507,97.81,99.05,80.0,Alcântaras,CE,105.0,1.0,0.0,1.24,0.302,0.625,99.05,19.05,False,100.0,20.0,False,100.0,20.0,False
2300606,100.0,88.52,80.0,Altaneira,CE,114.0,0.991,0.0,-5.0,0.302,-1.623,88.52,8.52,False,90.33,10.33,False,78.78,-1.22,True
2300705,99.61,94.16,80.0,Alto Santo,CE,189.0,0.989,0.0,-5.0,0.302,-2.274,94.16,14.16,False,95.97,15.97,False,80.52,0.52,False
2300754,83.0,82.28,80.0,Amontada,CE,691.0,0.968,0.0,-0.72,0.302,-0.491,82.28,2.28,False,84.09,4.09,False,79.34,-0.66,True
2300804,97.31,94.51,80.0,Antonina do Norte,CE,91.0,1.0,0.0,-2.8,0.302,-0.668,94.51,14.51,False,96.32,16.32,False,90.5,10.5,False
2300903,80.8,74.45,80.0,Apuiarés,CE,137.0,1.0,0.0,-5.0,0.302,-1.853,74.45,-5.55,True,76.26,-3.74,True,63.33,-16.67,True
2301000,87.89,83.99,80.0,Aquiraz,CE,1079.0,0.976,0.0,-3.9,0.302,-3.243,83.99,3.99,False,85.8,5.8,False,64.53,-15.47,True
2301109,89.12,91.16,80.0,Aracati,CE,858.0,0.988,0.0,2.04,0.302,1.711,91.16,11.16,False,92.97,12.97,False,100.0,20.0,False
2301208,87.25,90.87,80.0,Aracoiaba,CE,332.0,0.955,0.0,3.62,0.302,2.373,90.87,10.87,False,92.68,12.68,False,100.0,20.0,False
2301257,98.92,99.34,80.0,Ararendá,CE,158.0,0.975,0.0,0.42,0.302,0.354,99.34,19.34,False,100.0,20.0,False,100.0,20.0,False
2301307,75.5,77.22,80.0,Araripe,CE,286.0,0.997,0.0,1.72,0.302,1.137,77.22,-2.78,True,79.03,-0.97,True,84.04,4.04,False
2301406,86.27,80.42,80.0,Aratuba,CE,178.0,0.989,0.0,-5.0,0.302,-2.195,80.42,0.42,False,82.23,2.23,False,67.25,-12.75,True
2301505,73.64,76.0,80.0,Arneiroz,CE,50.0,1.0,0.0,2.36,0.302,0.714,76.0,-4.0,True,77.81,-2.19,True,80.28,0.28,False
2301604,90.73,98.08,80.0,Assaré,CE,261.0,0.996,0.0,5.0,0.302,2.962,98.08,18.08,False,99.89,19.89,False,100.0,20.0,False
2301703,72.85,73.84,80.0,Aurora,CE,212.0,0.995,0.0,0.99,0.302,0.656,73.84,-6.16,True,75.65,-4.35,True,77.78,-2.22,True
2301851,80.28,76.25,80.0,Banabuiú,CE,242.0,0.988,0.0,-4.03,0.302,-2.07,76.25,-3.75,True,78.06,-1.94,True,63.83,-16.17,True
2301901,85.38,87.92,80.0,Barbalha,CE,709.0,0.994,0.0,2.54,0.302,2.048,87.92,7.92,False,89.73,9.73,False,100.0,20.0,False
2301950,88.76,91.15,80.0,Barreira,CE,306.0,0.997,0.0,2.39,0.302,1.565,91.15,11.15,False,92.96,12.96,False,100.0,20.0,False
2302008,67.84,63.94,80.0,Barro,CE,165.0,0.994,0.0,-3.9,0.302,-1.597,63.94,-16.06,True,65.75,-14.25,True,54.36,-25.64,True
2302057,96.36,95.7,80.0,Barroquinha,CE,257.0,0.988,0.0,-0.66,0.302,-0.239,95.7,15.7,False,97.51,17.51,False,94.27,14.27,False
2302107,77.86,86.78,80.0,Baturité,CE,327.0,0.991,0.0,5.0,0.302,3.217,86.78,6.78,False,88.59,8.59,False,100.0,20.0,False
2302206,78.11,81.6,80.0,Beberibe,CE,691.0,0.978,0.0,3.49,0.302,2.774,81.6,1.6,False,83.41,3.41,False,98.25,18.25,False
2302305,95.85,97.83,80.0,Bela Cruz,CE,277.0,0.993,0.0,1.98,0.302,1.277,97.83,17.83,False,99.64,19.64,False,100.0,20.0,False
2302404,80.04,90.36,80.0,Boa Viagem,CE,406.0,0.975,0.0,5.0,0.302,3.45,90.36,10.36,False,92.17,12.17,False,100.0,20.0,False
2302503,93.05,95.4,80.0,Brejo Santo,CE,544.0,0.978,0.0,2.35,0.302,1.8,95.4,15.4,False,97.21,17.21,False,100.0,20.0,False
2302602,94.5,94.08,80.0,Camocim,CE,752.0,0.991,0.0,-0.42,0.302,-0.268,94.08,14.08,False,95.89,15.89,False,92.47,12.47,False
2302701,84.18,82.79,80.0,Campos Sales,CE,206.0,0.99,0.0,-1.39,0.302,-0.556,82.79,2.79,False,84.6,4.6,False,79.45,-0.55,True
2302800,96.87,95.0,80.0,Canindé,CE,826.0,0.987,0.0,-1.87,0.302,-1.447,95.0,15.0,False,96.81,16.81,False,86.32,6.32,False
2302909,77.64,87.35,80.0,Capistrano,CE,181.0,0.961,0.0,5.0,0.302,2.534,87.35,7.35,False,89.16,9.16,False,100.0,20.0,False
2303006,96.73,98.73,80.0,Caridade,CE,157.0,1.0,0.0,2.0,0.302,1.049,98.73,18.73,False,100.0,20.0,False,100.0,20.0,False
2303105,99.57,98.77,80.0,Cariré,CE,162.0,1.0,0.0,-0.8,0.302,-0.191,98.77,18.77,False,100.0,20.0,False,97.62,17.62,False
2303204,90.05,82.61,80.0,Caririaçu,CE,344.0,0.983,0.0,-5.0,0.302,-3.051,82.61,2.61,False,84.42,4.42,False,64.31,-15.69,True
2303303,97.11,95.26,80.0,Cariús,CE,171.0,0.982,0.0,-1.85,0.302,-0.69,95.26,15.26,False,97.07,17.07,False,91.12,11.12,False
2303402,87.03,83.8,80.0,Carnaubal,CE,228.0,0.991,0.0,-3.23,0.302,-1.579,83.8,3.8,False,85.61,5.61,False,74.32,-5.68,True
2303501,87.56,82.6,80.0,Cascavel,CE,977.0,0.98,0.0,-4.96,0.302,-4.066,82.6,2.6,False,84.41,4.41,False,58.21,-21.79,True
2303600,79.24,81.25,80.0,Catarina,CE,64.0,1.0,0.0,2.01,0.302,0.716,81.25,1.25,False,83.06,3.06,False,85.55,5.55,False
2303659,100.0,100.0,80.0,Catunda,CE,64.0,1.0,0.0,0.0,0.302,0.229,100.0,20.0,False,100.0,20.0,False,100.0,20.0,False
2303709,67.04,69.01,80.0,Caucaia,CE,3885.0,0.974,1.0,1.97,0.302,1.888,69.01,-10.99,True,70.82,-9.18,True,80.34,0.34,False
2303808,96.63,98.77,80.0,Cedro,CE,162.0,1.0,0.0,2.14,0.302,1.125,98.77,18.77,False,100.0,20.0,False,100.0,20.0,False
2303907,75.3,91.5,80.0,Chaval,CE,153.0,1.0,0.0,5.0,0.302,2.338,91.5,11.5,False,93.31,13.31,False,100.0,20.0,False
2303931,97.81,95.42,80.0,Choró,CE,153.0,0.993,0.0,-2.39,0.302,-0.865,95.42,15.42,False,97.23,17.23,False,90.23,10.23,False
2303956,98.33,97.15,80.0,Chorozinho,CE,246.0,0.992,0.0,-1.18,0.302,-0.515,97.15,17.15,False,98.96,18.96,False,94.06,14.06,False
2304004,100.0,100.0,80.0,Coreaú,CE,277.0,1.0,0.0,0.0,0.302,0.127,100.0,20.0,False,100.0,20.0,False,100.0,20.0,False
2304103,97.13,97.31,80.0,Crateús,CE,684.0,0.985,0.0,0.18,0.302,0.208,97.31,17.31,False,99.12,19.12,False,98.56,18.56,False
2304202,93.55,95.37,80.0,Crato,CE,1216.0,0.995,1.0,1.82,0.302,1.606,95.37,15.37,False,97.18,17.18,False,100.0,20.0,False
2304236,98.5,99.14,80.0,Croatá,CE,233.0,1.0,0.0,0.64,0.302,0.484,99.14,19.14,False,100.0,20.0,False,100.0,20.0,False
2304251,99.53,98.93,80.0,Cruz,CE,486.0,0.981,0.0,-0.6,0.302,-0.337,98.93,18.93,False,100.0,20.0,False,96.91,16.91,False
2304269,98.65,98.82,80.0,Deputado Irapuan Pinheiro,CE,85.0,1.0,0.0,0.17,0.302,0.263,98.82,18.82,False,100.0,20.0,False,100.0,20.0,False
2304277,98.58,95.0,80.0,Ererê,CE,60.0,0.983,0.0,-3.58,0.302,-0.594,95.0,15.0,False,96.81,16.81,False,91.44,11.44,False
2304285,92.64,93.91,80.0,Eusébio,CE,973.0,0.975,1.0,1.27,0.302,1.105,93.91,13.91,False,95.72,15.72,False,100.0,20.0,False
2304301,98.01,96.0,80.0,Farias Brito,CE,175.0,1.0,0.0,-2.01,0.302,-0.777,96.0,16.0,False,97.81,17.81,False,91.34,11.34,False
2304350,100.0,100.0,80.0,Forquilha,CE,230.0,0.996,0.0,0.0,0.302,0.141,100.0,20.0,False,100.0,20.0,False,100.0,20.0,False
2304400,74.03,74.81,80.0,Fortaleza,CE,18091.0,0.98,1.0,0.78,0.302,0.775,74.81,-5.19,True,76.62,-3.38,True,79.46,-0.54,True
2304459,97.52,93.28,80.0,Fortim,CE,250.0,0.9,0.0,-4.24,0.302,-2.221,93.28,13.28,False,95.09,15.09,False,79.95,-0.05,True
2304509,99.67,98.18,80.0,Frecheirinha,CE,222.0,0.995,0.0,-1.49,0.302,-0.641,98.18,18.18,False,99.99,19.99,False,94.34,14.34,False
2304608,94.2,97.65,80.0,General Sampaio,CE,85.0,1.0,0.0,3.45,0.302,1.241,97.65,17.65,False,99.46,19.46,False,100.0,20.0,False
2304657,98.41,100.0,80.0,Graça,CE,168.0,0.935,0.0,1.59,0.302,0.89,100.0,20.0,False,100.0,20.0,False,100.0,20.0,False
2304707,93.26,97.78,80.0,Granja,CE,676.0,0.999,0.0,4.52,0.302,3.557,97.78,17.78,False,99.59,19.59,False,100.0,20.0,False
2304806,94.87,91.59,80.0,Granjeiro,CE,60.0,0.983,0.0,-3.28,0.302,-0.524,91.59,11.59,False,93.4,13.4,False,88.44,8.44,False
2304905,99.15,96.95,80.0,Groaíras,CE,131.0,0.954,0.0,-2.2,0.302,-0.688,96.95,16.95,False,98.76,18.76,False,92.82,12.82,False
2304954,72.74,79.83,80.0,Guaiúba,CE,245.0,0.992,0.0,5.0,0.302,2.889,79.83,-0.17,True,81.64,1.64,False,97.16,17.16,False
2305001,98.55,95.65,80.0,Guaraciaba do Norte,CE,620.0,1.0,0.0,-2.9,0.302,-2.119,95.65,15.65,False,97.46,17.46,False,82.94,2.94,False
2305100,91.67,95.86,80.0,Guaramiranga,CE,74.0,0.986,0.0,4.19,0.302,1.352,95.86,15.86,False,97.67,17.67,False,100.0,20.0,False
2305209,99.02,96.11,80.0,Hidrolândia,CE,180.0,0.994,0.0,-2.91,0.302,-1.219,96.11,16.11,False,97.92,17.92,False,88.79,8.79,False
2305233,93.36,96.2,80.0,Horizonte,CE,962.0,0.95,1.0,2.84,0.302,2.403,96.2,16.2,False,98.01,18.01,False,100.0,20.0,False
2305266,70.3,60.53,80.0,Ibaretama,CE,133.0,0.992,0.0,-5.0,0.302,-1.816,60.53,-19.47,True,62.34,-17.66,True,49.64,-30.36,True
2305308,94.97,97.38,80.0,Ibiapina,CE,315.0,0.994,0.0,2.41,0.302,1.591,97.38,17.38,False,99.19,19.19,False,100.0,20.0,False
2305332,96.13,96.67,80.0,Ibicuitinga,CE,90.0,0.989,0.0,0.54,0.302,0.376,96.67,16.67,False,98.48,18.48,False,98.93,18.93,False
2305357,82.16,76.34,80.0,Icapuí,CE,297.0,0.983,0.0,-5.0,0.302,-2.866,76.34,-3.66,True,78.15,-1.85,True,59.14,-20.86,True
2305407,80.08,75.41,80.0,Icó,CE,558.0,0.984,0.0,-4.67,0.302,-3.358,75.41,-4.59,True,77.22,-2.78,True,55.26,-24.74,True
2305506,56.55,63.35,80.0,Iguatu,CE,754.0,0.983,1.0,5.0,0.302,4.015,63.35,-16.65,True,65.16,-14.84,True,87.44,7.44,False
2305605,98.8,98.62,80.0,Independência,CE,145.0,0.986,0.0,-0.18,0.302,0.1,98.62,18.62,False,100.0,20.0,False,99.22,19.22,False
2305654,97.47,99.16,80.0,Ipaporanga,CE,126.0,0.984,0.0,1.69,0.302,0.839,99.16,19.16,False,100.0,20.0,False,100.0,20.0,False
2305704,87.85,88.89,80.0,Ipaumirim,CE,126.0,1.0,0.0,1.04,0.302,0.587,88.89,8.89,False,90.7,10.7,False,92.41,12.41,False
2305803,94.21,86.66,80.0,Ipu,CE,443.0,0.995,0.0,-5.0,0.302,-3.351,86.66,6.66,False,88.47,8.47,False,66.56,-13.44,True
2305902,97.9,99.54,80.0,Ipueiras,CE,433.0,1.0,0.0,1.64,0.302,1.217,99.54,19.54,False,100.0,20.0,False,100.0,20.0,False
2306009,98.61,84.18,80.0,Iracema,CE,177.0,1.0,0.0,-5.0,0.302,-2.187,84.18,4.18,False,85.99,5.99,False,71.06,-8.94,True
2306108,96.53,96.76,80.0,Irauçuba,CE,340.0,1.0,0.0,0.23,0.302,0.257,96.76,16.76,False,98.57,18.57,False,98.3,18.3,False
2306207,91.32,96.74,80.0,Itaiçaba,CE,92.0,1.0,0.0,5.0,0.302,1.782,96.74,16.74,False,98.55,18.55,False,100.0,20.0,False
2306256,85.82,85.11,80.0,Itaitinga,CE,786.0,0.981,0.0,-0.71,0.302,-0.505,85.11,5.11,False,86.92,6.92,False,82.08,2.08,False
2306306,90.68,89.55,80.0,Itapagé,CE,505.0,0.972,0.0,-1.13,0.302,-0.724,89.55,9.55,False,91.36,11.36,False,85.21,5.21,False
2306405,84.81,88.96,80.0,Itapipoca,CE,1538.0,0.95,0.0,4.15,0.302,3.707,88.96,8.96,False,90.77,10.77,False,100.0,20.0,False
2306504,96.14,92.57,80.0,Itapiúna,CE,176.0,0.989,0.0,-3.57,0.302,-1.51,92.57,12.57,False,94.38,14.38,False,83.51,3.51,False
2306553,92.56,92.49,80.0,Itarema,CE,482.0,0.946,0.0,-0.07,0.302,0.039,92.49,12.49,False,94.3,14.3,False,92.72,12.72,False
2306603,99.62,99.06,80.0,Itatira,CE,223.0,0.996,0.0,-0.56,0.302,-0.152,99.06,19.06,False,100.0,20.0,False,98.15,18.15,False
2306702,94.68,93.66,80.0,Jaguaretama,CE,177.0,0.983,0.0,-1.02,0.302,-0.319,93.66,13.66,False,95.47,15.47,False,91.75,11.75,False
2306801,89.41,93.88,80.0,Jaguaribara,CE,98.0,1.0,0.0,4.47,0.302,1.673,93.88,13.88,False,95.69,15.69,False,100.0,20.0,False
2306900,85.97,89.25,80.0,Jaguaribe,CE,338.0,0.991,0.0,3.28,0.302,2.173,89.25,9.25,False,91.06,11.06,False,100.0,20.0,False
2307007,84.18,88.24,80.0,Jaguaruana,CE,365.0,0.948,0.0,4.06,0.302,2.73,88.24,8.24,False,90.05,10.05,False,100.0,20.0,False
2307106,77.88,70.8,80.0,Jardim,CE,351.0,0.994,0.0,-5.0,0.302,-3.075,70.8,-9.2,True,72.61,-7.39,True,52.35,-27.65,True
2307205,74.37,77.45,80.0,Jati,CE,96.0,0.969,0.0,3.08,0.302,1.203,77.45,-2.55,True,79.26,-0.74,True,84.67,4.67,False
2307254,99.76,98.03,80.0,Jijoca de Jericoacoara,CE,457.0,0.989,0.0,-1.73,0.302,-1.111,98.03,18.03,False,99.84,19.84,False,91.36,11.36,False
2307304,60.56,59.48,80.0,Juazeiro do Norte,CE,2396.0,0.985,1.0,-1.08,0.302,-0.974,59.48,-20.52,True,61.29,-18.71,True,53.64,-26.36,True
2307403,86.69,90.28,80.0,Jucás,CE,280.0,0.993,0.0,3.59,0.302,2.22,90.28,10.28,False,92.09,12.09,False,100.0,20.0,False
2307502,75.38,74.29,80.0,Lavras da Mangabeira,CE,247.0,0.992,0.0,-1.09,0.302,-0.467,74.29,-5.71,True,76.1,-3.9,True,71.49,-8.51,True
2307601,87.84,89.65,80.0,Limoeiro do Norte,CE,568.0,0.923,1.0,1.81,0.302,1.417,89.65,9.65,False,91.46,11.46,False,98.15,18.15,False
2307635,97.67,95.31,80.0,Madalena,CE,192.0,0.974,0.0,-2.36,0.302,-1.002,95.31,15.31,False,97.12,17.12,False,89.3,9.3,False
2307650,82.4,84.92,80.0,Maracanaú,CE,3161.0,0.984,1.0,2.52,0.302,2.388,84.92,4.92,False,86.73,6.73,False,99.25,19.25,False
2307700,79.76,81.66,80.0,Maranguape,CE,1125.0,0.975,0.0,1.9,0.302,1.659,81.66,1.66,False,83.47,3.47,False,91.61,11.61,False
2307809,94.18,96.66,80.0,Marco,CE,452.0,0.985,0.0,2.48,0.302,1.812,96.66,16.66,False,98.47,18.47,False,100.0,20.0,False
2307908,98.47,99.24,80.0,Martinópole,CE,132.0,1.0,0.0,0.77,0.302,0.488,99.24,19.24,False,100.0,20.0,False,100.0,20.0,False
2308005,99.41,95.03,80.0,Massapê,CE,423.0,0.998,0.0,-4.38,0.302,-2.877,95.03,15.03,False,96.84,16.84,False,77.77,-2.23,True
2308104,84.73,84.55,80.0,Mauriti,CE,540.0,0.985,0.0,-0.18,0.302,-0.05,84.55,4.55,False,86.36,6.36,False,84.25,4.25,False
2308203,98.47,98.21,80.0,Meruoca,CE,223.0,0.996,0.0,-0.26,0.302,0.006,98.21,18.21,False,100.0,20.0,False,98.24,18.24,False
2308302,75.28,79.33,80.0,Milagres,CE,264.0,0.97,0.0,4.05,0.302,2.435,79.33,-0.67,True,81.14,1.14,False,93.94,13.94,False
2308351,100.0,97.92,80.0,Milhã,CE,144.0,1.0,0.0,-2.08,0.302,-0.695,97.92,17.92,False,99.73,19.73,False,93.75,13.75,False
2308377,86.66,85.6,80.0,Miraíma,CE,154.0,0.981,0.0,-1.06,0.302,-0.29,85.6,5.6,False,87.41,7.41,False,83.86,3.86,False
2308401,74.75,82.37,80.0,Missão Velha,CE,402.0,0.985,0.0,5.0,0.302,3.439,82.37,2.37,False,84.18,4.18,False,100.0,20.0,False
2308500,93.52,93.51,80.0,Mombaça,CE,416.0,0.998,0.0,-0.01,0.302,0.091,93.51,13.51,False,95.32,15.32,False,94.06,14.06,False
2308609,96.51,99.36,80.0,Monsenhor Tabosa,CE,214.0,0.986,0.0,2.85,0.302,1.619,99.36,19.36,False,100.0,20.0,False,100.0,20.0,False
2308708,71.96,76.09,80.0,Morada Nova,CE,572.0,0.981,0.0,4.13,0.302,3.138,76.09,-3.91,True,77.9,-2.1,True,94.92,14.92,False
2308807,98.91,92.86,80.0,Moraújo,CE,84.0,1.0,0.0,-5.0,0.302,-1.266,92.86,12.86,False,94.67,14.67,False,85.26,5.26,False
2308906,98.9,97.77,80.0,Morrinhos,CE,269.0,1.0,0.0,-1.13,0.302,-0.519,97.77,17.77,False,99.58,19.58,False,94.65,14.65,False
2309003,97.92,98.82,80.0,Mucambo,CE,170.0,1.0,0.0,0.9,0.302,0.577,98.82,18.82,False,100.0,20.0,False,100.0,20.0,False
2309102,85.81,88.89,80.0,Mulungu,CE,108.0,1.0,0.0,3.08,0.302,1.276,88.89,8.89,False,90.7,10.7,False,96.55,16.55,False
2309201,100.0,99.53,80.0,Nova Olinda,CE,213.0,1.0,0.0,-0.47,0.302,-0.096,99.53,19.53,False,100.0,20.0,False,98.95,18.95,False
2309300,96.69,99.64,80.0,Nova Russas,CE,275.0,0.993,0.0,2.95,0.302,1.835,99.64,19.64,False,100.0,20.0,False,100.0,20.0,False
2309409,98.72,100.0,80.0,Novo Oriente,CE,335.0,0.997,0.0,1.28,0.302,0.914,100.0,20.0,False,100.0,20.0,False,100.0,20.0,False
2309458,89.45,84.77,80.0,Ocara,CE,323.0,0.994,0.0,-4.68,0.302,-2.775,84.77,4.77,False,86.58,6.58,False,68.12,-11.88,True
2309508,90.9,90.75,80.0,Orós,CE,230.0,0.974,0.0,-0.15,0.302,0.06,90.75,10.75,False,92.56,12.56,False,91.11,11.11,False
2309607,85.7,87.91,80.0,Pacajus,CE,691.0,0.965,0.0,2.21,0.302,1.782,87.91,7.91,False,89.72,9.72,False,98.6,18.6,False
2309706,76.03,78.36,80.0,Pacatuba,CE,823.0,0.987,1.0,2.33,0.302,1.934,78.36,-1.64,True,80.17,0.17,False,89.96,9.96,False
2309805,88.89,91.18,80.0,Pacoti,CE,136.0,1.0,0.0,2.29,0.302,1.107,91.18,11.18,False,92.99,12.99,False,97.82,17.82,False
2309904,97.88,100.0,80.0,Pacujá,CE,73.0,1.0,0.0,2.12,0.302,0.788,100.0,20.0,False,100.0,20.0,False,100.0,20.0,False
2310001,70.54,74.59,80.0,Palhano,CE,122.0,1.0,0.0,4.05,0.302,1.722,74.59,-5.41,True,76.4,-3.6,True,84.92,4.92,False
2310100,98.68,94.31,80.0,Palmácia,CE,123.0,1.0,0.0,-4.37,0.302,-1.477,94.31,14.31,False,96.12,16.12,False,85.45,5.45,False
2310209,94.86,95.08,80.0,Paracuru,CE,572.0,0.993,0.0,0.22,0.302,0.241,95.08,15.08,False,96.89,16.89,False,96.53,16.53,False
2310258,98.24,93.78,80.0,Paraipaba,CE,461.0,0.983,0.0,-4.46,0.302,-3.019,93.78,13.78,False,95.59,15.59,False,75.67,-4.33,True
2310308,83.15,88.35,80.0,Parambu,CE,259.0,0.988,0.0,5.0,0.302,2.953,88.35,8.35,False,90.16,10.16,False,100.0,20.0,False
2310407,98.85,94.2,80.0,Paramoti,CE,69.0,1.0,0.0,-4.65,0.302,-0.968,94.2,14.2,False,96.01,16.01,False,88.39,8.39,False
2310506,99.44,99.7,80.0,Pedra Branca,CE,335.0,1.0,0.0,0.26,0.302,0.276,99.7,19.7,False,100.0,20.0,False,100.0,20.0,False
2310605,77.7,63.67,80.0,Penaforte,CE,122.0,0.967,0.0,-5.0,0.302,-1.707,63.67,-16.33,True,65.48,-14.52,True,53.43,-26.57,True
2310704,93.06,91.29,80.0,Pentecoste,CE,361.0,0.989,0.0,-1.77,0.302,-1.031,91.29,11.29,False,93.1,13.1,False,85.1,5.1,False
2310803,95.85,93.44,80.0,Pereiro,CE,248.0,0.992,0.0,-2.41,0.302,-1.199,93.44,13.44,False,95.25,15.25,False,86.24,6.24,False
2310852,90.29,88.62,80.0,Pindoretama,CE,285.0,0.954,0.0,-1.67,0.302,-0.857,88.62,8.62,False,90.43,10.43,False,83.48,3.48,False
2310902,100.0,100.0,80.0,Piquet Carneiro,CE,152.0,1.0,0.0,0.0,0.302,0.172,100.0,20.0,False,100.0,20.0,False,100.0,20.0,False
2310951,99.14,100.0,80.0,Pires Ferreira,CE,68.0,1.0,0.0,0.86,0.302,0.444,100.0,20.0,False,100.0,20.0,False,100.0,20.0,False
2311009,96.02,100.0,80.0,Poranga,CE,138.0,0.986,0.0,3.98,0.302,1.804,100.0,20.0,False,100.0,20.0,False,100.0,20.0,False
2311108,93.46,92.09,80.0,Porteiras,CE,253.0,0.996,0.0,-1.37,0.302,-0.632,92.09,12.09,False,93.9,13.9,False,88.3,8.3,False
2311207,90.85,91.04,80.0,Potengi,CE,67.0,1.0,0.0,0.19,0.302,0.274,91.04,11.04,False,92.85,12.85,False,92.68,12.68,False
2311231,100.0,97.47,80.0,Potiretama,CE,79.0,1.0,0.0,-2.53,0.302,-0.5,97.47,17.47,False,99.28,19.28,False,94.47,14.47,False
2311264,98.54,99.49,80.0,Quiterianópolis,CE,210.0,0.995,0.0,0.95,0.302,0.634,99.49,19.49,False,100.0,20.0,False,100.0,20.0,False
2311306,88.36,92.49,80.0,Quixadá,CE,834.0,0.972,0.0,4.13,0.302,3.39,92.49,12.49,False,94.3,14.3,False,100.0,20.0,False
2311355,79.3,88.46,80.0,Quixelô,CE,156.0,0.987,0.0,5.0,0.302,2.361,88.46,8.46,False,90.27,10.27,False,100.0,20.0,False
2311405,98.53,98.76,80.0,Quixeramobim,CE,886.0,0.989,0.0,0.23,0.302,0.243,98.76,18.76,False,100.0,20.0,False,100.0,20.0,False
2311504,86.21,93.13,80.0,Quixeré,CE,179.0,0.978,0.0,5.0,0.302,2.521,93.13,13.13,False,94.94,14.94,False,100.0,20.0,False
2311603,84.99,92.45,80.0,Redenção,CE,318.0,1.0,0.0,5.0,0.302,3.186,92.45,12.45,False,94.26,14.26,False,100.0,20.0,False
2311702,99.52,98.5,80.0,Reriutaba,CE,200.0,0.995,0.0,-1.02,0.302,-0.359,98.5,18.5,False,100.0,20.0,False,96.35,16.35,False
2311801,92.93,94.59,80.0,Russas,CE,840.0,0.908,1.0,1.66,0.302,1.399,94.59,14.59,False,96.4,16.4,False,100.0,20.0,False
2311900,75.38,81.55,80.0,Saboeiro,CE,144.0,0.979,0.0,5.0,0.302,2.269,81.55,1.55,False,83.36,3.36,False,95.16,15.16,False
2311959,96.62,98.39,80.0,Salitre,CE,255.0,0.992,0.0,1.77,0.302,1.125,98.39,18.39,False,100.0,20.0,False,100.0,20.0,False
2312007,99.18,98.26,80.0,Santana do Acaraú,CE,287.0,1.0,0.0,-0.92,0.302,-0.418,98.26,18.26,False,100.0,20.0,False,95.75,15.75,False
2312106,89.48,96.45,80.0,Santana do Cariri,CE,173.0,0.994,0.0,5.0,0.302,2.481,96.45,16.45,False,98.26,18.26,False,100.0,20.0,False
2312205,98.21,95.08,80.0,Santa Quitéria,CE,386.0,0.997,0.0,-3.13,0.302,-1.959,95.08,15.08,False,96.89,16.89,False,83.33,3.33,False
2312304,96.93,95.11,80.0,São Benedito,CE,571.0,0.998,0.0,-1.82,0.302,-1.269,95.11,15.11,False,96.92,16.92,False,87.49,7.49,False
2312403,81.99,85.78,80.0,São Gonçalo do Amarante,CE,1010.0,0.989,0.0,3.79,0.302,3.214,85.78,5.78,False,87.59,7.59,False,100.0,20.0,False
2312502,79.82,95.98,80.0,São João do Jaguaribe,CE,56.0,0.982,1.0,5.0,0.302,1.33,95.98,15.98,False,97.79,17.79,False,100.0,20.0,False
2312601,81.66,65.1,80.0,São Luís do Curu,CE,115.0,0.965,0.0,-5.0,0.302,-1.634,65.1,-14.9,True,66.91,-13.09,True,55.3,-24.7,True
2312700,100.0,98.44,80.0,Senador Pompeu,CE,192.0,0.995,0.0,-1.56,0.302,-0.61,98.44,18.44,False,100.0,20.0,False,94.78,14.78,False
2312809,99.07,99.12,80.0,Senador Sá,CE,113.0,1.0,0.0,0.05,0.302,0.211,99.12,19.12,False,100.0,20.0,False,100.0,20.0,False
2312908,98.74,98.58,80.0,Sobral,CE,2370.0,0.973,1.0,-0.16,0.302,-0.124,98.58,18.58,False,100.0,20.0,False,97.84,17.84,False
2313005,98.1,98.96,80.0,Solonópole,CE,192.0,1.0,0.0,0.86,0.302,0.575,98.96,18.96,False,100.0,20.0,False,100.0,20.0,False
2313104,88.99,84.32,80.0,Tabuleiro do Norte,CE,260.0,0.973,0.0,-4.67,0.302,-2.508,84.32,4.32,False,86.13,6.13,False,69.27,-10.73,True
2313203,97.16,98.31,80.0,Tamboril,CE,236.0,1.0,0.0,1.15,0.302,0.761,98.31,18.31,False,100.0,20.0,False,100.0,20.0,False
2313252,95.11,91.6,80.0,Tarrafas,CE,102.0,0.951,0.0,-3.51,0.302,-0.985,91.6,11.6,False,93.41,13.41,False,85.69,5.69,False
2313302,87.18,92.01,80.0,Tauá,CE,533.0,0.989,0.0,4.83,0.302,3.595,92.01,12.01,False,93.82,13.82,False,100.0,20.0,False
2313351,85.37,80.16,80.0,Tejuçuoca,CE,228.0,0.991,0.0,-5.0,0.302,-2.522,80.16,0.16,False,81.97,1.97,False,65.03,-14.97,True
2313401,84.36,86.1,80.0,Tianguá,CE,1121.0,0.975,0.0,1.74,0.302,1.522,86.1,6.1,False,87.91,7.91,False,95.23,15.23,False
2313500,89.87,91.78,80.0,Trairi,CE,826.0,0.984,0.0,1.91,0.302,1.597,91.78,11.78,False,93.59,13.59,False,100.0,20.0,False
2313559,89.24,95.29,80.0,Tururu,CE,238.0,0.975,0.0,5.0,0.302,2.855,95.29,15.29,False,97.1,17.1,False,100.0,20.0,False
2313609,96.98,95.13,80.0,Ubajara,CE,456.0,0.989,0.0,-1.85,0.302,-1.194,95.13,15.13,False,96.94,16.94,False,87.97,7.97,False
2313708,87.59,88.49,80.0,Umari,CE,55.0,0.964,0.0,0.9,0.302,0.431,88.49,8.49,False,90.3,10.3,False,91.08,11.08,False
2313757,67.93,82.27,80.0,Umirim,CE,209.0,0.995,0.0,5.0,0.302,2.703,82.27,2.27,False,84.08,4.08,False,98.49,18.49,False
2313807,81.36,82.16,80.0,Uruburetama,CE,226.0,0.991,0.0,0.8,0.302,0.566,82.16,2.16,False,83.97,3.97,False,85.56,5.56,False
2313906,95.51,99.01,80.0,Uruoca,CE,202.0,0.99,0.0,3.5,0.302,1.909,99.01,19.01,False,100.0,20.0,False,100.0,20.0,False
2313955,99.57,98.06,80.0,Varjota,CE,206.0,0.995,0.0,-1.51,0.302,-0.617,98.06,18.06,False,99.87,19.87,False,94.36,14.36,False
2314003,95.17,90.9,80.0,Várzea Alegre,CE,424.0,0.991,0.0,-4.27,0.302,-2.805,90.9,10.9,False,92.71,12.71,False,74.07,-5.93,True
2314102,88.59,90.22,80.0,Viçosa do Ceará,CE,776.0,0.986,0.0,1.63,0.302,1.358,90.22,10.22,False,92.03,12.03,False,98.37,18.37,False
2400109,44.07,38.21,80.0,Acari,RN,112.0,0.83,1.0,-5.0,1.187,-1.034,38.21,-41.79,True,45.33,-34.67,True,32.0,-48.0,True
2400208,42.17,40.86,80.0,Açu,RN,435.0,0.747,0.0,-1.31,1.187,-0.524,40.86,-39.14,True,47.98,-32.02,True,37.72,-42.28,True
2400505,17.76,58.98,80.0,Alexandria,RN,153.0,0.876,0.0,5.0,1.187,2.839,58.98,-21.02,True,66.1,-13.9,True,76.02,-3.98,True
2400604,11.11,21.43,80.0,Almino Afonso,RN,54.0,0.963,0.0,5.0,1.187,1.997,21.43,-58.57,True,28.55,-51.45,True,33.41,-46.59,True
2400703,48.41,52.52,80.0,Alto do Rodrigues,RN,155.0,0.884,1.0,4.11,1.187,2.463,52.52,-27.48,True,59.64,-20.36,True,67.3,-12.7,True
2400802,19.34,51.81,80.0,Angicos,RN,106.0,0.84,0.0,5.0,1.187,2.508,51.81,-28.19,True,58.93,-21.07,True,66.86,-13.14,True
2400901,25.23,37.67,80.0,Antônio Martins,RN,55.0,0.873,0.0,5.0,1.187,2.009,37.67,-42.33,True,44.79,-35.21,True,49.72,-30.28,True
2401008,36.86,48.86,80.0,Apodi,RN,230.0,0.848,0.0,5.0,1.187,3.226,48.86,-31.14,True,55.98,-24.02,True,68.22,-11.78,True
2401107,52.23,39.95,80.0,Areia Branca,RN,234.0,0.752,1.0,-5.0,1.187,-2.149,39.95,-40.05,True,47.07,-32.93,True,27.06,-52.94,True
2401206,24.75,31.22,80.0,Arês,RN,181.0,0.823,0.0,5.0,1.187,2.998,31.22,-48.78,True,38.34,-41.66,True,49.21,-30.79,True
2401305,36.13,43.77,80.0,Campo Grande,RN,78.0,0.91,0.0,5.0,1.187,2.257,43.77,-36.23,True,50.89,-29.11,True,57.31,-22.69,True
2401404,26.01,35.36,80.0,Baía Formosa,RN,91.0,0.813,0.0,5.0,1.187,2.379,35.36,-44.64,True,42.48,-37.52,True,49.63,-30.37,True
2401453,32.01,44.48,80.0,Baraúna,RN,214.0,0.855,0.0,5.0,1.187,3.158,44.48,-35.52,True,51.6,-28.4,True,63.43,-16.57,True
2401602,14.89,29.29,80.0,Bento Fernandes,RN,67.0,0.821,0.0,5.0,1.187,2.144,29.29,-50.71,True,36.41,-43.59,True,42.15,-37.85,True
2401859,31.2,26.47,80.0,Caiçara do Norte,RN,84.0,0.774,0.0,-4.73,1.187,-0.563,26.47,-53.53,True,33.59,-46.41,True,23.09,-56.91,True
2401909,38.04,32.54,80.0,Caiçara do Rio do Vento,RN,55.0,0.927,0.0,-5.0,1.187,-0.148,32.54,-47.46,True,39.66,-40.34,True,31.65,-48.35,True
2402006,35.59,44.58,80.0,Caicó,RN,384.0,0.805,1.0,5.0,1.187,3.694,44.58,-35.42,True,51.7,-28.3,True,66.74,-13.26,True
2402105,24.04,39.72,80.0,Campo Redondo,RN,62.0,0.839,0.0,5.0,1.187,2.089,39.72,-40.28,True,46.84,-33.16,True,52.25,-27.75,True
2402204,37.7,32.26,80.0,Canguaretama,RN,365.0,0.847,0.0,-5.0,1.187,-2.81,32.26,-47.74,True,39.38,-40.62,True,15.4,-64.6,True
2402303,25.23,39.56,80.0,Caraúbas,RN,149.0,0.839,0.0,5.0,1.187,2.815,39.56,-40.44,True,46.68,-33.32,True,56.45,-23.55,True
2402402,65.52,29.88,80.0,Carnaúba dos Dantas,RN,70.0,0.829,1.0,-5.0,1.187,-0.417,29.88,-50.12,True,37.0,-43.0,True,27.38,-52.62,True
2402501,27.39,42.31,80.0,Carnaubais,RN,88.0,0.818,0.0,5.0,1.187,2.352,42.31,-37.69,True,49.43,-30.57,True,56.42,-23.58,True
2402600,19.95,32.38,80.0,Ceará-Mirim,RN,900.0,0.727,0.0,5.0,1.187,4.307,32.38,-47.62,True,39.5,-40.5,True,58.22,-21.78,True
2402709,60.42,40.95,80.0,Cerro Corá,RN,110.0,0.9,0.0,-5.0,1.187,-1.009,40.95,-39.05,True,48.07,-31.93,True,34.9,-45.1,True
2403004,51.8,60.81,80.0,Cruzeta,RN,82.0,0.878,1.0,5.0,1.187,2.296,60.81,-19.19,True,67.93,-12.07,True,74.58,-5.42,True
2403103,41.2,46.77,80.0,Currais Novos,RN,303.0,0.848,1.0,5.0,1.187,3.484,46.77,-33.23,True,53.89,-26.11,True,67.67,-12.33,True
2403202,53.88,53.06,80.0,Doutor Severiano,RN,50.0,0.88,0.0,-0.82,1.187,0.785,53.06,-26.94,True,60.18,-19.82,True,57.77,-22.23,True
2403251,44.3,35.27,80.0,Parnamirim,RN,1835.0,0.725,1.0,-5.0,1.187,-4.392,35.27,-44.73,True,42.39,-37.61,True,8.92,-71.08,True
2403301,47.53,67.02,80.0,Encanto,RN,70.0,0.9,0.0,5.0,1.187,2.175,67.02,-12.98,True,74.14,-5.86,True,80.07,0.07,False
2403400,20.52,59.19,80.0,Equador,RN,58.0,0.81,0.0,5.0,1.187,2.044,59.19,-20.81,True,66.31,-13.69,True,71.45,-8.55,True
2403509,18.07,47.13,80.0,Espírito Santo,RN,89.0,0.809,0.0,5.0,1.187,2.361,47.13,-32.87,True,54.25,-25.75,True,61.3,-18.7,True
2403608,48.0,34.55,80.0,Extremoz,RN,746.0,0.775,0.0,-5.0,1.187,-3.692,34.55,-45.45,True,41.67,-38.33,True,12.4,-67.6,True
2403707,54.36,51.71,80.0,Felipe Guerra,RN,50.0,0.94,0.0,-2.65,1.187,0.419,51.71,-28.29,True,58.83,-21.17,True,54.23,-25.77,True
2403806,36.26,43.75,80.0,Florânia,RN,58.0,0.862,0.0,5.0,1.187,2.044,43.75,-36.25,True,50.87,-29.13,True,56.01,-23.99,True
2404002,20.0,47.06,80.0,Frutuoso Gomes,RN,52.0,0.846,0.0,5.0,1.187,1.974,47.06,-32.94,True,54.18,-25.82,True,58.9,-21.1,True
2404200,22.54,35.33,80.0,Goianinha,RN,450.0,0.829,0.0,5.0,1.187,3.827,35.33,-44.67,True,42.45,-37.55,True,58.29,-21.71,True
2404309,57.85,48.2,80.0,Governador Dix-Sept Rosado,RN,90.0,0.856,0.0,-5.0,1.187,-0.733,48.2,-31.8,True,55.32,-24.68,True,43.8,-36.2,True
2404408,40.43,65.35,80.0,Grossos,RN,98.0,0.857,0.0,5.0,1.187,2.441,65.35,-14.65,True,72.47,-7.53,True,79.99,-0.01,True
2404507,52.35,43.15,80.0,Guamaré,RN,180.0,0.767,0.0,-5.0,1.187,-1.744,43.15,-36.85,True,50.27,-29.73,True,32.69,-47.31,True
2404606,41.28,30.13,80.0,Ielmo Marinho,RN,154.0,0.792,0.0,-5.0,1.187,-1.505,30.13,-49.87,True,37.25,-42.75,True,21.1,-58.9,True
2404705,13.69,43.03,80.0,Ipanguaçu,RN,160.0,0.812,0.0,5.0,1.187,2.881,43.03,-36.97,True,50.15,-29.85,True,60.32,-19.68,True
2404853,56.95,40.01,80.0,Itajá,RN,84.0,0.774,0.0,-5.0,1.187,-0.643,40.01,-39.99,True,47.13,-32.87,True,36.15,-43.85,True
2404903,52.94,51.63,80.0,Itaú,RN,56.0,0.839,0.0,-1.31,1.187,0.641,51.63,-28.37,True,58.75,-21.25,True,55.47,-24.53,True
2405009,47.01,39.09,80.0,Jaçanã,RN,89.0,0.888,0.0,-5.0,1.187,-0.719,39.09,-40.91,True,46.21,-33.79,True,34.78,-45.22,True
2405108,30.43,29.91,80.0,Jandaíra,RN,72.0,0.833,0.0,-0.52,1.187,0.735,29.91,-50.09,True,37.03,-42.97,True,34.32,-45.68,True
2405405,15.32,31.34,80.0,Japi,RN,66.0,0.864,0.0,5.0,1.187,2.133,31.34,-48.66,True,38.46,-41.54,True,44.14,-35.86,True
2405603,30.4,63.05,80.0,Jardim de Piranhas,RN,122.0,0.795,0.0,5.0,1.187,2.631,63.05,-16.95,True,70.17,-9.83,True,78.84,-1.16,True
2405702,26.75,56.51,80.0,Jardim do Seridó,RN,88.0,0.818,1.0,5.0,1.187,2.352,56.51,-23.49,True,63.63,-16.37,True,70.62,-9.38,True
2405801,22.55,35.88,80.0,João Câmara,RN,346.0,0.801,0.0,5.0,1.187,3.603,35.88,-44.12,True,43.0,-37.0,True,57.5,-22.5,True
2406106,27.56,43.69,80.0,Jucurutu,RN,131.0,0.855,0.0,5.0,1.187,2.696,43.69,-36.31,True,50.81,-29.19,True,59.87,-20.13,True
2406205,13.11,11.65,80.0,Lagoa d'Anta,RN,61.0,0.738,0.0,-1.46,1.187,0.568,11.65,-68.35,True,18.77,-61.23,True,15.06,-64.94,True
2406304,47.72,28.89,80.0,Lagoa de Pedras,RN,63.0,0.778,0.0,-5.0,1.187,-0.295,28.89,-51.11,True,36.01,-43.99,True,27.12,-52.88,True
2406502,34.74,35.61,80.0,Lagoa Nova,RN,185.0,0.87,0.0,0.87,1.187,1.035,35.61,-44.39,True,42.73,-37.27,True,41.82,-38.18,True
2406601,22.82,64.22,80.0,Lagoa Salgada,RN,67.0,0.806,0.0,5.0,1.187,2.144,64.22,-15.78,True,71.34,-8.66,True,77.08,-2.92,True
2406700,29.12,36.01,80.0,Lajes,RN,96.0,0.781,0.0,5.0,1.187,2.423,36.01,-43.99,True,43.13,-36.87,True,50.55,-29.45,True
2407005,26.23,26.6,80.0,Luís Gomes,RN,79.0,0.886,0.0,0.37,1.187,0.955,26.6,-53.4,True,33.72,-46.28,True,32.33,-47.67,True
2407104,29.15,30.13,80.0,Macaíba,RN,763.0,0.729,0.0,0.98,1.187,1.023,30.13,-49.87,True,37.25,-42.75,True,36.27,-43.73,True
2407203,27.27,32.32,80.0,Macau,RN,221.0,0.81,1.0,5.0,1.187,3.188,32.32,-47.68,True,39.44,-40.56,True,51.45,-28.55,True
2407252,31.42,60.04,80.0,Major Sales,RN,50.0,0.9,1.0,5.0,1.187,1.949,60.04,-19.96,True,67.16,-12.84,True,71.74,-8.26,True
2407401,41.62,53.91,80.0,Martins,RN,103.0,0.874,0.0,5.0,1.187,2.483,53.91,-26.09,True,61.03,-18.97,True,68.81,-11.19,True
2407500,39.12,35.11,80.0,Maxaranguape,RN,117.0,0.838,0.0,-4.01,1.187,-0.731,35.11,-44.89,True,42.23,-37.77,True,30.72,-49.28,True
2407708,58.69,44.2,80.0,Montanhas,RN,142.0,0.845,0.0,-5.0,1.187,-1.382,44.2,-35.8,True,51.32,-28.68,True,35.91,-44.09,True
2407807,59.18,50.97,80.0,Monte Alegre,RN,238.0,0.878,0.0,-5.0,1.187,-2.175,50.97,-29.03,True,58.09,-21.91,True,37.92,-42.08,True
2408003,38.06,45.41,80.0,Mossoró,RN,2074.0,0.782,1.0,5.0,1.187,4.665,45.41,-34.59,True,52.53,-27.47,True,73.4,-6.6,True
2408201,32.17,49.76,80.0,Nísia Floresta,RN,359.0,0.799,0.0,5.0,1.187,3.636,49.76,-30.24,True,56.88,-23.12,True,71.57,-8.43,True
2408300,30.54,28.42,80.0,Nova Cruz,RN,217.0,0.811,0.0,-2.12,1.187,-0.534,28.42,-51.58,True,35.54,-44.46,True,25.22,-54.78,True
2408508,40.66,73.61,80.0,Ouro Branco,RN,64.0,0.938,1.0,5.0,1.187,2.111,73.61,-6.39,True,80.73,0.73,False,86.28,6.28,False
2408805,47.0,28.27,80.0,Parazinho,RN,75.0,0.8,0.0,-5.0,1.187,-0.501,28.27,-51.73,True,35.39,-44.61,True,25.27,-54.73,True
2408904,43.33,50.73,80.0,Parelhas,RN,231.0,0.909,1.0,5.0,1.187,3.23,50.73,-29.27,True,57.85,-22.15,True,70.11,-9.89,True
2408953,14.85,31.56,80.0,Rio do Fogo,RN,124.0,0.71,0.0,5.0,1.187,2.646,31.56,-48.44,True,38.68,-41.32,True,47.44,-32.56,True
2409100,24.57,41.07,80.0,Passa e Fica,RN,124.0,0.798,0.0,5.0,1.187,2.646,41.07,-38.93,True,48.19,-31.81,True,56.95,-23.05,True
2409308,32.16,32.76,80.0,Patu,RN,104.0,0.817,0.0,0.6,1.187,0.986,32.76,-47.24,True,39.88,-40.12,True,38.68,-41.32,True
2409407,38.86,38.9,80.0,Pau dos Ferros,RN,256.0,0.82,1.0,0.04,1.187,0.543,38.9,-41.1,True,46.02,-33.98,True,42.16,-37.84,True
2409506,45.48,44.5,80.0,Pedra Grande,RN,50.0,0.8,0.0,-0.98,1.187,0.753,44.5,-35.5,True,51.62,-28.38,True,49.02,-30.98,True
2409803,16.96,23.56,80.0,Pedro Velho,RN,103.0,0.777,0.0,5.0,1.187,2.483,23.56,-56.44,True,30.68,-49.32,True,38.46,-41.54,True
2409902,40.87,33.3,80.0,Pendências,RN,136.0,0.846,0.0,-5.0,1.187,-1.317,33.3,-46.7,True,40.42,-39.58,True,25.4,-54.6,True
2410207,50.87,65.36,80.0,Portalegre,RN,81.0,0.877,0.0,5.0,1.187,2.286,65.36,-14.64,True,72.48,-7.52,True,79.08,-0.92,True
2410405,35.91,36.22,80.0,Pureza,RN,125.0,0.768,0.0,0.31,1.187,0.849,36.22,-43.78,True,43.34,-36.66,True,41.32,-38.68,True
2410900,41.04,27.78,80.0,Riachuelo,RN,99.0,0.798,0.0,-5.0,1.187,-0.862,27.78,-52.22,True,34.9,-45.1,True,22.61,-57.39,True
2411007,31.19,41.06,80.0,Rodolfo Fernandes,RN,50.0,0.88,0.0,5.0,1.187,1.949,41.06,-38.94,True,48.18,-31.82,True,52.76,-27.24,True
2411205,21.35,32.73,80.0,Santa Cruz,RN,458.0,0.817,0.0,5.0,1.187,3.841,32.73,-47.27,True,39.85,-40.15,True,55.78,-24.22,True
2411403,21.7,51.92,80.0,Santana do Matos,RN,68.0,0.868,0.0,5.0,1.187,2.154,51.92,-28.08,True,59.04,-20.96,True,64.85,-15.15,True
2411502,66.5,23.56,80.0,Santo Antônio,RN,171.0,0.848,0.0,-5.0,1.187,-1.665,23.56,-56.44,True,30.68,-49.32,True,13.57,-66.43,True
2411601,57.76,32.17,80.0,São Bento do Norte,RN,61.0,0.918,0.0,-5.0,1.187,-0.259,32.17,-47.83,True,39.29,-40.71,True,30.61,-49.39,True
2411908,56.85,68.97,80.0,São Francisco do Oeste,RN,56.0,0.982,0.0,5.0,1.187,2.021,68.97,-11.03,True,76.09,-3.91,True,81.1,1.09,False
2412005,52.34,32.48,80.0,São Gonçalo do Amarante,RN,924.0,0.771,1.0,-5.0,1.187,-3.899,32.48,-47.52,True,39.6,-40.4,True,9.08,-70.92,True
2412104,49.46,71.7,80.0,São João do Sabugi,RN,67.0,0.955,1.0,5.0,1.187,2.144,71.7,-8.3,True,78.82,-1.18,True,84.56,4.56,False
2412203,34.64,34.77,80.0,São José de Mipibu,RN,673.0,0.804,0.0,0.13,1.187,0.372,34.77,-45.23,True,41.89,-38.11,True,37.0,-43.0,True
2412302,18.05,49.42,80.0,São José do Campestre,RN,114.0,0.807,0.0,5.0,1.187,2.571,49.42,-30.58,True,56.54,-23.46,True,64.85,-15.15,True
2412500,39.84,44.85,80.0,São Miguel,RN,243.0,0.893,0.0,5.0,1.187,3.278,44.85,-35.15,True,51.97,-28.03,True,64.52,-15.48,True
2412559,33.46,30.54,80.0,São Miguel do Gostoso,RN,108.0,0.75,0.0,-2.92,1.187,-0.253,30.54,-49.46,True,37.66,-42.34,True,29.02,-50.98,True
2412807,19.8,25.47,80.0,São Rafael,RN,51.0,0.804,0.0,5.0,1.187,1.961,25.47,-54.53,True,32.59,-47.41,True,37.24,-42.76,True
2412906,20.09,37.72,80.0,São Tomé,RN,77.0,0.818,0.0,5.0,1.187,2.247,37.72,-42.28,True,44.84,-35.16,True,51.2,-28.8,True
2413003,62.96,47.83,80.0,São Vicente,RN,55.0,0.873,0.0,-5.0,1.187,-0.148,47.83,-32.17,True,54.95,-25.05,True,46.94,-33.06,True
2413201,23.89,27.46,80.0,Senador Georgino Avelino,RN,62.0,0.823,0.0,3.57,1.187,1.751,27.46,-52.54,True,34.58,-45.42,True,37.96,-42.04,True
2413300,26.92,42.09,80.0,Serra de São Bento,RN,51.0,0.843,0.0,5.0,1.187,1.961,42.09,-37.91,True,49.21,-30.79,True,53.86,-26.14,True
2413359,32.67,27.68,80.0,Serra do Mel,RN,125.0,0.704,0.0,-4.99,1.187,-1.189,27.68,-52.32,True,34.8,-45.2,True,20.55,-59.45,True
2413409,25.83,31.59,80.0,Serra Negra do Norte,RN,56.0,0.857,0.0,5.0,1.187,2.021,31.59,-48.41,True,38.71,-41.29,True,43.72,-36.28,True
2413508,56.19,48.08,80.0,Serrinha,RN,69.0,0.812,0.0,-5.0,1.187,-0.4,48.08,-31.92,True,55.2,-24.8,True,45.68,-34.32,True
2413607,71.63,47.88,80.0,Severiano Melo,RN,79.0,0.924,0.0,-5.0,1.187,-0.565,47.88,-32.12,True,55.0,-25.0,True,44.49,-35.51,True
2413904,36.54,17.68,80.0,Taipu,RN,116.0,0.802,0.0,-5.0,1.187,-1.084,17.68,-62.32,True,24.8,-55.2,True,11.17,-68.83,True
2414001,42.92,36.85,80.0,Tangará,RN,171.0,0.801,0.0,-5.0,1.187,-1.665,36.85,-43.15,True,43.97,-36.03,True,26.86,-53.14,True
2414100,42.88,52.25,80.0,Tenente Ananias,RN,109.0,0.908,0.0,5.0,1.187,2.532,52.25,-27.75,True,59.37,-20.63,True,67.44,-12.56,True
2414159,44.64,37.18,80.0,Tenente Laurentino Cruz,RN,59.0,0.881,0.0,-5.0,1.187,-0.223,37.18,-42.82,True,44.3,-35.7,True,35.84,-44.16,True
2414209,17.6,24.98,80.0,Tibau do Sul,RN,261.0,0.828,0.0,5.0,1.187,3.346,24.98,-55.02,True,32.1,-47.9,True,45.05,-34.95,True
2414407,24.69,38.35,80.0,Touros,RN,345.0,0.806,0.0,5.0,1.187,3.601,38.35,-41.65,True,45.47,-34.53,True,59.95,-20.05,True
2414803,58.73,43.56,80.0,Vera Cruz,RN,161.0,0.82,0.0,-5.0,1.187,-1.572,43.56,-36.44,True,50.68,-29.32,True,34.13,-45.87,True
2415008,19.38,39.06,80.0,Vila Flor,RN,62.0,0.806,0.0,5.0,1.187,2.089,39.06,-40.94,True,46.18,-33.82,True,51.59,-28.41,True
2500106,47.63,52.67,80.0,Água Branca,PB,92.0,0.946,0.0,5.0,0.647,2.018,52.67,-27.33,True,56.55,-23.45,True,64.78,-15.22,True
2500304,31.28,28.48,80.0,Alagoa Grande,PB,373.0,0.836,0.0,-2.8,0.647,-1.597,28.48,-51.52,True,32.36,-47.64,True,18.9,-61.1,True
2500403,38.94,89.39,80.0,Alagoa Nova,PB,238.0,0.987,0.0,5.0,0.647,3.012,89.39,9.39,False,93.27,13.27,False,100.0,20.0,False
2500502,57.29,53.1,80.0,Alagoinha,PB,150.0,0.94,0.0,-4.19,0.647,-1.426,53.1,-26.9,True,56.98,-23.02,True,44.54,-35.46,True
2500536,42.62,45.86,80.0,Alcantil,PB,89.0,0.978,0.0,3.24,0.647,1.445,45.86,-34.14,True,49.74,-30.26,True,54.53,-25.47,True
2500577,44.32,50.16,80.0,Algodão de Jandaíra,PB,58.0,0.897,0.0,5.0,0.647,1.625,50.16,-29.84,True,54.04,-25.96,True,59.91,-20.09,True
2500601,57.33,30.75,80.0,Alhandra,PB,248.0,0.871,0.0,-5.0,0.647,-2.479,30.75,-49.25,True,34.63,-45.37,True,15.88,-64.12,True
2500700,42.09,72.85,80.0,São João do Rio do Peixe,PB,122.0,0.926,0.0,5.0,0.647,2.296,72.85,-7.15,True,76.73,-3.27,True,86.63,6.63,False
2500809,64.03,47.88,80.0,Araçagi,PB,117.0,0.889,0.0,-5.0,0.647,-1.437,47.88,-32.12,True,51.76,-28.24,True,39.26,-40.74,True
2500908,35.35,52.9,80.0,Arara,PB,54.0,0.981,0.0,5.0,0.647,1.572,52.9,-27.1,True,56.78,-23.22,True,62.33,-17.67,True
2501005,35.18,40.53,80.0,Araruna,PB,150.0,0.887,0.0,5.0,0.647,2.512,40.53,-39.47,True,44.41,-35.59,True,55.6,-24.39,True
2501104,85.08,90.53,80.0,Areia,PB,224.0,0.946,0.0,5.0,0.647,2.947,90.53,10.53,False,94.41,14.41,False,100.0,20.0,False
2501203,92.86,70.75,80.0,Areial,PB,107.0,0.944,0.0,-5.0,0.647,-1.321,70.75,-9.25,True,74.63,-5.37,True,62.82,-17.18,True
2501302,67.95,44.46,80.0,Aroeiras,PB,219.0,0.927,0.0,-5.0,0.647,-2.305,44.46,-35.54,True,48.34,-31.66,True,30.63,-49.37,True
2501351,48.37,93.96,80.0,Assunção,PB,67.0,0.985,0.0,5.0,0.647,1.739,93.96,13.96,False,97.84,17.84,False,100.0,20.0,False
2501401,21.73,44.76,80.0,Baía da Traição,PB,156.0,0.949,0.0,5.0,0.647,2.554,44.76,-35.24,True,48.64,-31.36,True,60.09,-19.91,True
2501500,51.04,54.93,80.0,Bananeiras,PB,158.0,0.937,0.0,3.89,0.647,2.078,54.93,-25.07,True,58.81,-21.19,True,67.4,-12.6,True
2501534,59.36,89.76,80.0,Baraúna,PB,69.0,0.855,0.0,5.0,0.647,1.763,89.76,9.76,False,93.64,13.64,False,100.0,20.0,False
2501575,28.04,49.18,80.0,Barra de Santana,PB,64.0,0.953,0.0,5.0,0.647,1.702,49.18,-30.82,True,53.06,-26.94,True,59.39,-20.61,True
2501609,56.39,45.83,80.0,Barra de Santa Rosa,PB,88.0,0.864,0.0,-5.0,0.647,-1.079,45.83,-34.17,True,49.71,-30.29,True,39.36,-40.64,True
2501807,33.89,36.71,80.0,Bayeux,PB,546.0,0.784,1.0,2.82,0.647,2.237,36.71,-43.29,True,40.59,-39.41,True,50.13,-29.87,True
2501906,56.8,34.72,80.0,Belém,PB,109.0,0.908,0.0,-5.0,0.647,-1.345,34.72,-45.28,True,38.6,-41.4,True,26.65,-53.35,True
2502003,57.5,40.07,80.0,Belém do Brejo do Cruz,PB,56.0,0.982,0.0,-5.0,0.647,-0.588,40.07,-39.93,True,43.95,-36.05,True,36.54,-43.46,True
2502102,28.58,47.71,80.0,Boa Ventura,PB,52.0,0.962,0.0,5.0,0.647,1.545,47.71,-32.29,True,51.59,-28.41,True,56.98,-23.02,True
2502151,68.57,49.49,80.0,Boa Vista,PB,80.0,0.912,0.0,-5.0,0.647,-0.967,49.49,-30.51,True,53.37,-26.63,True,43.69,-36.31,True
2502409,40.87,60.93,80.0,Bonito de Santa Fé,PB,88.0,0.943,0.0,5.0,0.647,1.977,60.93,-19.07,True,64.81,-15.19,True,72.79,-7.21,True
2502508,38.0,37.65,80.0,Boqueirão,PB,114.0,0.833,0.0,-0.35,0.647,0.285,37.65,-42.35,True,41.53,-38.47,True,39.36,-40.64,True
2502607,28.96,79.06,80.0,Igaracy,PB,59.0,0.831,0.0,5.0,0.647,1.639,79.06,-0.94,True,82.94,2.94,False,88.89,8.89,False
2502805,53.57,51.6,80.0,Brejo do Cruz,PB,113.0,0.858,0.0,-1.97,0.647,-0.298,51.6,-28.4,True,55.48,-24.52,True,49.81,-30.19,True
2503001,37.78,29.81,80.0,Caaporã,PB,265.0,0.909,0.0,-5.0,0.647,-2.571,29.81,-50.19,True,33.69,-46.31,True,14.38,-65.62,True
2503209,48.92,57.26,80.0,Cabedelo,PB,622.0,0.908,1.0,5.0,0.647,3.941,57.26,-22.74,True,61.14,-18.86,True,80.91,0.91,False
2503308,42.05,52.23,80.0,Cachoeira dos Índios,PB,69.0,0.855,0.0,5.0,0.647,1.763,52.23,-27.77,True,56.11,-23.89,True,62.81,-17.19,True
2503506,79.49,63.3,80.0,Cacimba de Dentro,PB,145.0,0.945,0.0,-5.0,0.647,-1.726,63.3,-16.7,True,67.18,-12.82,True,52.94,-27.06,True
2503555,32.54,47.9,80.0,Cacimbas,PB,107.0,0.981,0.0,5.0,0.647,2.164,47.9,-32.1,True,51.78,-28.22,True,60.88,-19.12,True
2503605,53.84,72.22,80.0,Caiçara,PB,60.0,0.9,0.0,5.0,0.647,1.651,72.22,-7.78,True,76.1,-3.9,True,82.13,2.13,False
2503704,51.68,50.91,80.0,Cajazeiras,PB,533.0,0.908,1.0,-0.77,0.647,-0.383,50.91,-29.09,True,54.79,-25.21,True,48.61,-31.39,True
2503803,54.92,32.4,80.0,Caldas Brandão,PB,53.0,0.849,0.0,-5.0,0.647,-0.536,32.4,-47.6,True,36.28,-43.72,True,29.18,-50.82,True
2503902,36.34,68.64,80.0,Camalaú,PB,65.0,0.969,0.0,5.0,0.647,1.715,68.64,-11.36,True,72.52,-7.48,True,78.93,-1.07,True
2504009,42.4,47.92,80.0,Campina Grande,PB,3201.0,0.855,1.0,5.0,0.647,4.744,47.92,-32.08,True,51.8,-28.2,True,76.38,-3.62,True
2504033,56.03,60.4,80.0,Capim,PB,117.0,0.906,0.0,4.37,0.647,2.021,60.4,-19.6,True,64.28,-15.72,True,72.53,-7.47,True
2504157,47.97,58.51,80.0,Casserengue,PB,91.0,0.956,0.0,5.0,0.647,2.008,58.51,-21.49,True,62.39,-17.61,True,70.56,-9.44,True
2504207,32.79,96.08,80.0,Catingueira,PB,51.0,0.98,0.0,5.0,0.647,1.531,96.08,16.08,False,99.96,19.96,False,100.0,20.0,False
2504306,55.21,45.82,80.0,Catolé do Rocha,PB,255.0,0.867,0.0,-5.0,0.647,-2.518,45.82,-34.18,True,49.7,-30.3,True,30.71,-49.29,True
2504355,53.0,76.68,80.0,Caturité,PB,61.0,0.918,0.0,5.0,0.647,1.664,76.68,-3.32,True,80.56,0.56,False,86.67,6.67,False
2504405,77.83,96.17,80.0,Conceição,PB,179.0,0.849,0.0,5.0,0.647,2.703,96.17,16.17,False,100.0,20.0,False,100.0,20.0,False
2504504,56.24,46.13,80.0,Condado,PB,56.0,0.929,0.0,-5.0,0.647,-0.588,46.13,-33.87,True,50.01,-29.99,True,42.6,-37.4,True
2504603,62.38,69.48,80.0,Conde,PB,447.0,0.908,0.0,5.0,0.647,3.654,69.48,-10.52,True,73.36,-6.64,True,91.41,11.41,False
2504801,67.07,48.71,80.0,Coremas,PB,114.0,0.93,0.0,-5.0,0.647,-1.403,48.71,-31.29,True,52.59,-27.41,True,40.29,-39.71,True
2504900,56.43,47.63,80.0,Cruz do Espírito Santo,PB,131.0,0.878,0.0,-5.0,0.647,-1.588,47.63,-32.37,True,51.51,-28.49,True,38.1,-41.9,True
2505006,71.83,97.47,80.0,Cubati,PB,89.0,0.966,0.0,5.0,0.647,1.987,97.47,17.47,False,100.0,20.0,False,100.0,20.0,False
2505105,50.66,62.2,80.0,Cuité,PB,175.0,0.863,0.0,5.0,0.647,2.678,62.2,-17.8,True,66.08,-13.92,True,78.27,-1.73,True
2505204,29.25,24.78,80.0,Cuitegi,PB,68.0,0.838,0.0,-4.47,0.647,-0.651,24.78,-55.22,True,28.66,-51.34,True,20.87,-59.13,True
2505238,10.33,22.16,80.0,Cuité de Mamanguape,PB,83.0,0.783,0.0,5.0,0.647,1.924,22.16,-57.84,True,26.04,-53.96,True,33.7,-46.3,True
2505352,37.73,50.86,80.0,Damião,PB,53.0,0.925,0.0,5.0,0.647,1.559,50.86,-29.14,True,54.74,-25.26,True,60.21,-19.79,True
2505402,55.88,45.8,80.0,Desterro,PB,69.0,0.957,0.0,-5.0,0.647,-0.802,45.8,-34.2,True,49.68,-30.32,True,40.99,-39.01,True
2505709,48.88,96.29,80.0,Dona Inês,PB,94.0,0.84,0.0,5.0,0.647,2.039,96.29,16.29,False,100.0,20.0,False,100.0,20.0,False
2506004,61.5,64.21,80.0,Esperança,PB,272.0,0.93,0.0,2.71,0.647,1.836,64.21,-15.79,True,68.09,-11.91,True,75.22,-4.78,True
2506103,60.71,41.67,80.0,Fagundes,PB,68.0,0.882,0.0,-5.0,0.647,-0.786,41.67,-38.33,True,45.55,-34.45,True,36.95,-43.05,True
2506301,36.12,59.62,80.0,Guarabira,PB,473.0,0.892,1.0,5.0,0.647,3.706,59.62,-20.38,True,63.5,-16.5,True,81.86,1.86,False
2506400,35.1,27.02,80.0,Gurinhém,PB,95.0,0.916,0.0,-5.0,0.647,-1.172,27.02,-52.98,True,30.9,-49.1,True,19.99,-60.01,True
2506707,67.14,39.64,80.0,Imaculada,PB,109.0,0.917,0.0,-5.0,0.647,-1.345,39.64,-40.36,True,43.52,-36.48,True,31.57,-48.43,True
2506806,57.31,37.97,80.0,Ingá,PB,158.0,0.81,0.0,-5.0,0.647,-1.845,37.97,-42.03,True,41.85,-38.15,True,26.9,-53.1,True
2506905,25.33,54.38,80.0,Itabaiana,PB,170.0,0.929,0.0,5.0,0.647,2.647,54.38,-25.62,True,58.26,-21.74,True,70.26,-9.74,True
2507002,17.96,48.7,80.0,Itaporanga,PB,174.0,0.937,0.0,5.0,0.647,2.672,48.7,-31.3,True,52.58,-27.42,True,64.73,-15.27,True
2507101,71.75,84.21,80.0,Itapororoca,PB,159.0,0.899,0.0,5.0,0.647,2.575,84.21,4.21,False,88.09,8.09,False,99.66,19.66,False
2507200,23.32,36.64,80.0,Itatuba,PB,83.0,0.952,0.0,5.0,0.647,1.924,36.64,-43.36,True,40.52,-39.48,True,48.18,-31.82,True
2507309,34.78,51.18,80.0,Jacaraú,PB,137.0,0.825,0.0,5.0,0.647,2.417,51.18,-28.82,True,55.06,-24.94,True,65.68,-14.32,True
2507408,53.45,23.83,80.0,Jericó,PB,63.0,0.857,0.0,-5.0,0.647,-0.706,23.83,-56.17,True,27.71,-52.29,True,19.6,-60.4,True
2507507,46.71,55.87,80.0,João Pessoa,PB,6580.0,0.828,1.0,5.0,0.647,4.872,55.87,-24.13,True,59.75,-20.25,True,85.1,5.1,False
2507606,28.86,35.79,80.0,Juarez Távora,PB,53.0,0.943,0.0,5.0,0.647,1.559,35.79,-44.21,True,39.67,-40.33,True,45.14,-34.86,True
2507705,50.95,45.45,80.0,Juazeirinho,PB,164.0,0.915,0.0,-5.0,0.647,-1.897,45.45,-34.55,True,49.33,-30.67,True,34.07,-45.93,True
2507804,56.22,76.21,80.0,Junco do Seridó,PB,70.0,0.971,0.0,5.0,0.647,1.775,76.21,-3.79,True,80.09,0.09,False,86.86,6.86,False
2507903,50.41,46.57,80.0,Juripiranga,PB,123.0,0.894,0.0,-3.84,0.647,-1.062,46.57,-33.43,True,50.45,-29.55,True,40.2,-39.8,True
2508000,66.04,47.76,80.0,Juru,PB,85.0,0.965,0.0,-5.0,0.647,-1.037,47.76,-32.24,True,51.64,-28.36,True,41.54,-38.46,True
2508208,67.61,42.8,80.0,Lagoa de Dentro,PB,80.0,0.85,0.0,-5.0,0.647,-0.967,42.8,-37.2,True,46.68,-33.32,True,37.0,-43.0,True
2508307,66.54,46.71,80.0,Lagoa Seca,PB,238.0,0.882,0.0,-5.0,0.647,-2.422,46.71,-33.29,True,50.59,-29.41,True,32.18,-47.82,True
2508505,43.81,55.32,80.0,Livramento,PB,62.0,0.903,0.0,5.0,0.647,1.677,55.32,-24.68,True,59.2,-20.8,True,65.38,-14.62,True
2508604,47.19,44.96,80.0,Lucena,PB,209.0,0.842,0.0,-2.23,0.647,-0.823,44.96,-35.04,True,48.84,-31.16,True,40.02,-39.98,True
2508802,68.43,48.74,80.0,Malta,PB,64.0,0.922,0.0,-5.0,0.647,-0.722,48.74,-31.26,True,52.62,-27.38,True,44.41,-35.59,True
2508901,46.17,68.65,80.0,Mamanguape,PB,498.0,0.938,0.0,5.0,0.647,3.753,68.65,-11.35,True,72.53,-7.47,True,91.17,11.17,False
2509008,91.08,50.66,80.0,Manaíra,PB,101.0,0.941,0.0,-5.0,0.647,-1.248,50.66,-29.34,True,54.54,-25.46,True,43.17,-36.83,True
2509057,68.93,24.23,80.0,Marcação,PB,148.0,0.872,0.0,-5.0,0.647,-1.755,24.23,-55.77,True,28.11,-51.89,True,13.7,-66.3,True
2509107,37.99,70.06,80.0,Mari,PB,219.0,0.863,0.0,5.0,0.647,2.922,70.06,-9.94,True,73.94,-6.06,True,87.59,7.59,False
2509156,100.0,98.16,80.0,Marizópolis,PB,57.0,0.965,0.0,-1.84,0.647,0.095,98.16,18.16,False,100.0,20.0,False,98.73,18.73,False
2509206,44.27,40.69,80.0,Massaranduba,PB,118.0,0.856,0.0,-3.58,0.647,-0.922,40.69,-39.31,True,44.57,-35.43,True,35.16,-44.84,True
2509305,85.94,50.43,80.0,Mataraca,PB,192.0,0.927,0.0,-5.0,0.647,-2.119,50.43,-29.57,True,54.31,-25.69,True,37.72,-42.28,True
2509396,50.64,60.76,80.0,Maturéia,PB,86.0,0.977,0.0,5.0,0.647,1.956,60.76,-19.24,True,64.64,-15.36,True,72.5,-7.5,True
2509404,73.21,60.61,80.0,Mogeiro,PB,99.0,1.0,0.0,-5.0,0.647,-1.223,60.61,-19.39,True,64.49,-15.51,True,53.27,-26.73,True
2509503,65.88,82.33,80.0,Montadas,PB,71.0,0.972,0.0,5.0,0.647,1.787,82.33,2.33,False,86.21,6.21,False,93.05,13.05,False
2509701,55.03,61.09,80.0,Monteiro,PB,313.0,0.958,0.0,5.0,0.647,3.303,61.09,-18.91,True,64.97,-15.03,True,80.91,0.91,False
2509800,56.27,54.12,80.0,Mulungu,PB,107.0,0.757,0.0,-2.15,0.647,-0.328,54.12,-25.88,True,58.0,-22.0,True,52.15,-27.85,True
2509909,58.78,47.23,80.0,Natuba,PB,80.0,0.925,0.0,-5.0,0.647,-0.967,47.23,-32.77,True,51.11,-28.89,True,41.43,-38.57,True
2510105,66.12,67.53,80.0,Nova Floresta,PB,114.0,0.956,0.0,1.41,0.647,0.924,67.53,-12.47,True,71.41,-8.59,True,73.07,-6.93,True
2510204,45.95,38.04,80.0,Nova Olinda,PB,78.0,0.872,0.0,-5.0,0.647,-0.938,38.04,-41.96,True,41.92,-38.08,True,32.42,-47.58,True
2510303,59.43,76.75,80.0,Nova Palmeira,PB,53.0,0.887,0.0,5.0,0.647,1.559,76.75,-3.25,True,80.63,0.63,False,86.1,6.1,False
2510402,64.17,89.36,80.0,Olho d'Água,PB,72.0,0.889,0.0,5.0,0.647,1.799,89.36,9.36,False,93.24,13.24,False,100.0,20.0,False
2510501,54.26,41.57,80.0,Olivedos,PB,50.0,0.92,0.0,-5.0,0.647,-0.483,41.57,-38.43,True,45.45,-34.55,True,38.67,-41.32,True
2510808,43.61,67.47,80.0,Patos,PB,850.0,0.924,1.0,5.0,0.647,4.171,67.47,-12.53,True,71.35,-8.65,True,92.5,12.5,False
2510907,61.87,40.28,80.0,Paulista,PB,84.0,0.857,0.0,-5.0,0.647,-1.023,40.28,-39.72,True,44.16,-35.84,True,34.14,-45.86,True
2511103,75.61,83.68,80.0,Pedra Lavrada,PB,68.0,0.985,0.0,5.0,0.647,1.751,83.68,3.68,False,87.56,7.56,False,94.19,14.19,False
2511202,37.3,48.58,80.0,Pedras de Fogo,PB,402.0,0.935,0.0,5.0,0.647,3.554,48.58,-31.42,True,52.46,-27.54,True,69.9,-10.1,True
2511301,48.84,38.92,80.0,Piancó,PB,64.0,0.859,0.0,-5.0,0.647,-0.722,38.92,-41.08,True,42.8,-37.2,True,34.59,-45.41,True
2511400,52.51,42.85,80.0,Picuí,PB,208.0,0.918,0.0,-5.0,0.647,-2.232,42.85,-37.15,True,46.73,-33.27,True,29.46,-50.54,True
2511509,73.41,38.07,80.0,Pilar,PB,96.0,0.896,0.0,-5.0,0.647,-1.185,38.07,-41.93,True,41.95,-38.05,True,30.96,-49.04,True
2511608,41.76,61.18,80.0,Pilões,PB,98.0,0.908,0.0,5.0,0.647,2.078,61.18,-18.82,True,65.06,-14.94,True,73.65,-6.35,True
2511806,34.62,41.49,80.0,Pirpirituba,PB,73.0,0.808,0.0,5.0,0.647,1.811,41.49,-38.51,True,45.37,-34.63,True,52.36,-27.64,True
2511905,75.96,51.59,80.0,Pitimbu,PB,209.0,0.871,0.0,-5.0,0.647,-2.239,51.59,-28.41,True,55.47,-24.53,True,38.16,-41.84,True
2512002,42.15,54.09,80.0,Pocinhos,PB,239.0,0.912,0.0,5.0,0.647,3.017,54.09,-25.91,True,57.97,-22.03,True,72.19,-7.81,True
2512101,58.65,65.57,80.0,Pombal,PB,278.0,0.888,0.0,5.0,0.647,3.179,65.57,-14.43,True,69.45,-10.55,True,84.64,4.64,False
2512309,97.47,86.29,80.0,Princesa Isabel,PB,197.0,0.98,0.0,-5.0,0.647,-2.155,86.29,6.29,False,90.17,10.17,False,73.36,-6.64,True
2512408,75.57,62.11,80.0,Puxinanã,PB,216.0,0.972,0.0,-5.0,0.647,-2.285,62.11,-17.89,True,65.99,-14.01,True,48.4,-31.6,True
2512507,85.04,92.65,80.0,Queimadas,PB,595.0,0.943,0.0,5.0,0.647,3.905,92.65,12.65,False,96.53,16.53,False,100.0,20.0,False
2512705,58.76,49.27,80.0,Remígio,PB,155.0,0.916,0.0,-5.0,0.647,-1.819,49.27,-30.73,True,53.15,-26.85,True,38.36,-41.64,True
2512804,69.19,44.22,80.0,Riacho dos Cavalos,PB,63.0,0.889,0.0,-5.0,0.647,-0.706,44.22,-35.78,True,48.1,-31.9,True,39.99,-40.01,True
2512903,77.84,60.02,80.0,Rio Tinto,PB,259.0,0.892,0.0,-5.0,0.647,-2.539,60.02,-19.98,True,63.9,-16.1,True,44.78,-35.22,True
2513158,13.38,48.11,80.0,Santa Cecília,PB,59.0,0.915,0.0,5.0,0.647,1.639,48.11,-31.89,True,51.99,-28.01,True,57.94,-22.06,True
2513208,52.79,86.28,80.0,Santa Cruz,PB,63.0,0.952,0.0,5.0,0.647,1.69,86.28,6.28,False,90.16,10.16,False,96.42,16.42,False
2513307,52.83,96.58,80.0,Santa Helena,PB,60.0,0.95,0.0,5.0,0.647,1.651,96.58,16.58,False,100.0,20.0,False,100.0,20.0,False
2513406,54.82,54.05,80.0,Santa Luzia,PB,156.0,0.955,1.0,-0.77,0.647,0.026,54.05,-25.95,True,57.93,-22.07,True,54.21,-25.79,True
2513703,40.83,35.79,80.0,Santa Rita,PB,1256.0,0.74,0.0,-5.0,0.647,-4.224,35.79,-44.21,True,39.67,-40.33,True,10.44,-69.56,True
2513901,42.46,46.87,80.0,São Bento,PB,252.0,0.877,0.0,4.41,0.647,2.745,46.87,-33.13,True,50.75,-29.25,True,63.34,-16.66,True
2514206,85.74,59.52,80.0,São José da Lagoa Tapada,PB,84.0,1.0,0.0,-5.0,0.647,-1.023,59.52,-20.48,True,63.4,-16.6,True,53.38,-26.62,True
2514305,48.19,52.39,80.0,São José de Caiana,PB,60.0,0.95,0.0,4.2,0.647,1.467,52.39,-27.61,True,56.27,-23.73,True,61.19,-18.81,True
2514453,58.86,27.36,80.0,São José dos Ramos,PB,61.0,0.918,0.0,-5.0,0.647,-0.673,27.36,-52.64,True,31.24,-48.76,True,23.32,-56.68,True
2514503,34.1,55.77,80.0,São José de Piranhas,PB,139.0,0.964,0.0,5.0,0.647,2.432,55.77,-24.23,True,59.65,-20.35,True,70.36,-9.64,True
2514909,37.65,49.02,80.0,São Mamede,PB,67.0,0.896,0.0,5.0,0.647,1.739,49.02,-30.98,True,52.9,-27.1,True,59.46,-20.54,True
2515104,64.39,57.17,80.0,São Sebastião de Lagoa de Roça,PB,81.0,0.914,0.0,-5.0,0.647,-0.981,57.17,-22.83,True,61.05,-18.95,True,51.28,-28.72,True
2515302,33.89,39.0,80.0,Sapé,PB,426.0,0.883,0.0,5.0,0.647,3.609,39.0,-41.0,True,42.88,-37.12,True,60.66,-19.34,True
2515401,55.88,54.16,80.0,São Vicente do Seridó,PB,84.0,0.964,0.0,-1.72,0.647,-0.053,54.16,-25.84,True,58.04,-21.96,True,53.84,-26.16,True
2515500,57.57,54.35,80.0,Serra Branca,PB,117.0,0.855,0.0,-3.22,0.647,-0.78,54.35,-25.65,True,58.23,-21.77,True,49.67,-30.33,True
2515906,83.64,74.71,80.0,Serraria,PB,57.0,0.965,0.0,-5.0,0.647,-0.606,74.71,-5.29,True,78.59,-1.41,True,71.08,-8.92,True
2515930,52.0,75.35,80.0,Sertãozinho,PB,69.0,0.913,0.0,5.0,0.647,1.763,75.35,-4.65,True,79.23,-0.77,True,85.93,5.93,False
2516003,78.56,45.73,80.0,Solânea,PB,214.0,0.874,0.0,-5.0,0.647,-2.272,45.73,-34.27,True,49.61,-30.39,True,32.1,-47.9,True
2516102,33.51,47.26,80.0,Soledade,PB,141.0,0.787,0.0,5.0,0.647,2.447,47.26,-32.74,True,51.14,-28.86,True,61.94,-18.06,True
2516151,18.45,66.62,80.0,Sossêgo,PB,59.0,0.932,0.0,5.0,0.647,1.639,66.62,-13.38,True,70.5,-9.5,True,76.45,-3.55,True
2516201,44.13,66.52,80.0,Sousa,PB,590.0,0.888,0.0,5.0,0.647,3.898,66.52,-13.48,True,70.4,-9.6,True,89.91,9.91,False
2516300,33.2,64.53,80.0,Sumé,PB,137.0,0.964,0.0,5.0,0.647,2.417,64.53,-15.47,True,68.41,-11.59,True,79.03,-0.97,True
2516409,55.93,77.72,80.0,Tacima,PB,50.0,0.9,0.0,5.0,0.647,1.518,77.72,-2.28,True,81.6,1.6,False,86.82,6.83,False
2516508,78.33,90.59,80.0,Taperoá,PB,134.0,0.918,0.0,5.0,0.647,2.393,90.59,10.59,False,94.47,14.47,False,100.0,20.0,False
2516607,75.27,67.47,80.0,Tavares,PB,85.0,0.906,0.0,-5.0,0.647,-1.037,67.47,-12.53,True,71.35,-8.65,True,61.25,-18.75,True
2516706,72.85,81.85,80.0,Teixeira,PB,127.0,0.969,0.0,5.0,0.647,2.338,81.85,1.85,False,85.73,5.73,False,95.88,15.88,False
2516805,50.08,63.35,80.0,Triunfo,PB,63.0,0.968,0.0,5.0,0.647,1.69,63.35,-16.65,True,67.23,-12.77,True,73.49,-6.51,True
2516904,98.05,44.45,80.0,Uiraúna,PB,126.0,0.984,0.0,-5.0,0.647,-1.536,44.45,-35.55,True,48.33,-31.67,True,35.24,-44.76,True
2517001,38.29,79.38,80.0,Umbuzeiro,PB,121.0,0.917,0.0,5.0,0.647,2.288,79.38,-0.62,True,83.26,3.26,False,93.11,13.11,False
2600054,47.44,46.4,80.0,Abreu e Lima,PE,799.0,0.904,0.0,-1.04,1.886,-0.454,46.4,-33.6,True,57.72,-22.28,True,43.67,-36.33,True
2600104,66.59,70.19,80.0,Afogados da Ingazeira,PE,397.0,0.975,0.0,3.6,1.886,3.026,70.19,-9.81,True,81.51,1.51,False,88.34,8.34,False
2600203,54.58,59.87,80.0,Afrânio,PE,174.0,0.989,0.0,5.0,1.886,3.335,59.87,-20.13,True,71.19,-8.81,True,79.88,-0.12,True
2600302,71.71,64.09,80.0,Agrestina,PE,233.0,0.987,0.0,-5.0,1.886,-1.819,64.09,-15.91,True,75.41,-4.59,True,53.17,-26.83,True
2600401,61.14,55.57,80.0,Água Preta,PE,184.0,0.946,0.0,-5.0,1.886,-1.414,55.57,-24.43,True,66.89,-13.11,True,47.09,-32.91,True
2600500,57.56,59.77,80.0,Águas Belas,PE,464.0,0.981,0.0,2.21,1.886,2.112,59.77,-20.23,True,71.09,-8.91,True,72.44,-7.56,True
2600609,42.86,53.87,80.0,Alagoinha,PE,173.0,0.988,0.0,5.0,1.886,3.33,53.87,-26.13,True,65.19,-14.81,True,73.85,-6.15,True
2600708,55.15,39.22,80.0,Aliança,PE,253.0,0.937,0.0,-5.0,1.886,-1.96,39.22,-40.78,True,50.54,-29.46,True,27.46,-52.54,True
2600807,58.41,68.08,80.0,Altinho,PE,119.0,0.933,0.0,5.0,1.886,3.048,68.08,-11.92,True,79.4,-0.6,True,86.37,6.37,False
2600906,68.74,55.29,80.0,Amaraji,PE,160.0,0.944,0.0,-5.0,1.886,-1.174,55.29,-24.71,True,66.61,-13.39,True,48.24,-31.76,True
2601003,62.05,62.41,80.0,Angelim,PE,91.0,0.967,0.0,0.36,1.886,1.409,62.41,-17.59,True,73.73,-6.27,True,70.86,-9.14,True
2601052,45.71,53.49,80.0,Araçoiaba,PE,236.0,0.936,0.0,5.0,1.886,3.572,53.49,-26.51,True,64.81,-15.19,True,74.92,-5.08,True
2601102,56.89,52.06,80.0,Araripina,PE,992.0,0.945,0.0,-4.83,1.886,-3.703,52.06,-27.94,True,63.38,-16.62,True,29.84,-50.16,True
2601201,59.53,70.04,80.0,Arcoverde,PE,691.0,0.97,0.0,5.0,1.886,4.301,70.04,-9.96,True,81.36,1.36,False,95.85,15.85,False
2601300,80.78,86.54,80.0,Barra de Guabiraba,PE,104.0,1.0,0.0,5.0,1.886,2.951,86.54,6.54,False,97.86,17.86,False,100.0,20.0,False
2601409,61.78,53.05,80.0,Barreiros,PE,434.0,0.97,0.0,-5.0,1.886,-2.828,53.05,-26.95,True,64.37,-15.63,True,36.08,-43.92,True
2601508,71.24,79.67,80.0,Belém de Maria,PE,123.0,1.0,0.0,5.0,1.886,3.072,79.67,-0.33,True,90.99,10.99,False,98.1,18.1,False
2601607,51.55,62.62,80.0,Belém do São Francisco,PE,194.0,0.897,0.0,5.0,1.886,3.419,62.62,-17.38,True,73.94,-6.06,True,83.14,3.14,False
2601706,49.69,43.93,80.0,Belo Jardim,PE,728.0,0.904,0.0,-5.0,1.886,-3.516,43.93,-36.07,True,55.25,-24.75,True,22.83,-57.17,True
2601805,70.45,76.97,80.0,Betânia,PE,93.0,0.989,0.0,5.0,1.886,2.874,76.97,-3.03,True,88.29,8.29,False,94.22,14.22,False
2601904,51.47,56.84,80.0,Bezerros,PE,420.0,0.955,0.0,5.0,1.886,3.996,56.84,-23.16,True,68.16,-11.84,True,80.81,0.81,False
2602001,45.23,47.32,80.0,Bodocó,PE,296.0,0.976,0.0,2.09,1.886,2.008,47.32,-32.68,True,58.64,-21.36,True,59.37,-20.63,True
2602100,59.98,60.74,80.0,Bom Conselho,PE,474.0,0.975,0.0,0.76,1.886,1.094,60.74,-19.26,True,72.06,-7.94,True,67.3,-12.7,True
2602209,60.94,69.15,80.0,Bom Jardim,PE,304.0,0.977,0.0,5.0,1.886,3.764,69.15,-10.85,True,80.47,0.47,False,91.74,11.74,False
2602308,56.71,79.75,80.0,Bonito,PE,359.0,0.967,0.0,5.0,1.886,3.886,79.75,-0.25,True,91.07,11.07,False,100.0,20.0,False
2602407,67.02,86.18,80.0,Brejão,PE,85.0,0.918,0.0,5.0,1.886,2.815,86.18,6.18,False,97.5,17.5,False,100.0,20.0,False
2602506,71.45,79.05,80.0,Brejinho,PE,105.0,1.0,0.0,5.0,1.886,2.958,79.05,-0.95,True,90.37,10.37,False,96.8,16.8,False
2602605,52.96,48.73,80.0,Brejo da Madre de Deus,PE,436.0,0.963,0.0,-4.23,1.886,-2.307,48.73,-31.27,True,60.05,-19.95,True,34.89,-45.11,True
2602704,62.99,85.53,80.0,Buenos Aires,PE,125.0,0.992,0.0,5.0,1.886,3.084,85.53,5.53,False,96.85,16.85,False,100.0,20.0,False
2602803,52.54,55.5,80.0,Buíque,PE,526.0,0.966,0.0,2.96,1.886,2.664,55.5,-24.5,True,66.82,-13.18,True,71.48,-8.52,True
2602902,55.12,50.72,80.0,Cabo de Santo Agostinho,PE,2156.0,0.917,1.0,-4.4,1.886,-3.866,50.72,-29.28,True,62.04,-17.96,True,27.52,-52.48,True
2603009,68.25,61.21,80.0,Cabrobó,PE,343.0,0.907,0.0,-5.0,1.886,-2.464,61.21,-18.79,True,72.53,-7.47,True,46.43,-33.57,True
2603108,56.69,63.59,80.0,Cachoeirinha,PE,184.0,0.973,0.0,5.0,1.886,3.378,63.59,-16.41,True,74.91,-5.09,True,83.86,3.86,False
2603207,45.78,57.25,80.0,Caetés,PE,380.0,0.958,0.0,5.0,1.886,3.926,57.25,-22.75,True,68.57,-11.43,True,80.81,0.81,False
2603306,57.35,40.68,80.0,Calçado,PE,59.0,1.0,0.0,-5.0,1.886,0.317,40.68,-39.32,True,52.0,-28.0,True,42.58,-37.42,True
2603405,74.41,86.03,80.0,Calumbi,PE,85.0,0.976,0.0,5.0,1.886,2.815,86.03,6.03,False,97.35,17.35,False,100.0,20.0,False
2603454,58.66,57.57,80.0,Camaragibe,PE,1270.0,0.939,1.0,-1.09,1.886,-0.685,57.57,-22.43,True,68.89,-11.11,True,53.46,-26.54,True
2603504,55.71,68.51,80.0,Camocim de São Félix,PE,174.0,0.971,0.0,5.0,1.886,3.335,68.51,-11.49,True,79.83,-0.17,True,88.52,8.52,False
2603603,56.1,66.81,80.0,Camutanga,PE,54.0,0.944,0.0,5.0,1.886,2.548,66.81,-13.19,True,78.13,-1.87,True,82.1,2.1,False
2603702,48.26,65.49,80.0,Canhotinho,PE,239.0,0.946,0.0,5.0,1.886,3.581,65.49,-14.51,True,76.81,-3.19,True,86.98,6.98,False
2603801,50.95,69.34,80.0,Capoeiras,PE,212.0,0.995,0.0,5.0,1.886,3.488,69.34,-10.66,True,80.66,0.66,False,90.27,10.27,False
2603900,91.81,92.5,80.0,Carnaíba,PE,255.0,0.988,0.0,0.69,1.886,1.216,92.5,12.5,False,100.0,20.0,False,99.79,19.79,False
2603926,84.31,100.0,80.0,Carnaubeira da Penha,PE,53.0,1.0,0.0,5.0,1.886,2.538,100.0,20.0,False,100.0,20.0,False,100.0,20.0,False
2604007,65.28,59.18,80.0,Carpina,PE,614.0,0.928,1.0,-5.0,1.886,-3.308,59.18,-20.82,True,70.5,-9.5,True,39.33,-40.67,True
2604106,54.95,58.37,80.0,Caruaru,PE,3309.0,0.932,1.0,3.42,1.886,3.333,58.37,-21.63,True,69.69,-10.31,True,78.37,-1.63,True
2604155,79.46,84.85,80.0,Casinhas,PE,77.0,0.974,0.0,5.0,1.886,2.752,84.85,4.85,False,96.17,16.17,False,100.0,20.0,False
2604205,44.6,21.83,80.0,Catende,PE,291.0,0.918,0.0,-5.0,1.886,-2.195,21.83,-58.17,True,33.15,-46.85,True,8.66,-71.34,True
2604304,46.94,63.12,80.0,Cedro,PE,86.0,0.907,0.0,5.0,1.886,2.822,63.12,-16.88,True,74.44,-5.56,True,80.05,0.05,False
2604403,62.99,63.28,80.0,Chã de Alegria,PE,128.0,1.0,0.0,0.29,1.886,1.263,63.28,-16.72,True,74.6,-5.4,True,70.86,-9.14,True
2604502,55.33,58.51,80.0,Chã Grande,PE,256.0,0.957,0.0,3.18,1.886,2.612,58.51,-21.49,True,69.83,-10.17,True,74.18,-5.82,True
2604601,45.57,43.24,80.0,Condado,PE,209.0,0.971,0.0,-2.33,1.886,-0.268,43.24,-36.76,True,54.56,-25.44,True,41.63,-38.37,True
2604700,51.81,71.97,80.0,Correntes,PE,133.0,0.977,0.0,5.0,1.886,3.13,71.97,-8.03,True,83.29,3.29,False,90.75,10.75,False
2604809,61.81,70.4,80.0,Cortês,PE,88.0,0.966,0.0,5.0,1.886,2.838,70.4,-9.6,True,81.72,1.72,False,87.43,7.43,False
2604908,76.43,95.06,80.0,Cumaru,PE,81.0,1.0,0.0,5.0,1.886,2.784,95.06,15.06,False,100.0,20.0,False,100.0,20.0,False
2605004,77.97,88.96,80.0,Cupira,PE,300.0,0.973,0.0,5.0,1.886,3.754,88.96,8.96,False,100.0,20.0,False,100.0,20.0,False
2605103,82.05,84.57,80.0,Custódia,PE,374.0,0.979,0.0,2.52,1.886,2.299,84.57,4.57,False,95.89,15.89,False,98.36,18.36,False
2605152,64.93,83.37,80.0,Dormentes,PE,172.0,0.983,0.0,5.0,1.886,3.326,83.37,3.37,False,94.69,14.69,False,100.0,20.0,False
2605202,54.51,30.48,80.0,Escada,PE,426.0,0.953,0.0,-5.0,1.886,-2.8,30.48,-49.52,True,41.8,-38.2,True,13.68,-66.32,True
2605301,56.65,55.21,80.0,Exu,PE,349.0,0.96,0.0,-1.44,1.886,-0.228,55.21,-24.79,True,66.53,-13.47,True,53.84,-26.16,True
2605400,85.66,83.27,80.0,Feira Nova,PE,224.0,0.978,0.0,-2.39,1.886,-0.373,83.27,3.27,False,94.59,14.59,False,81.03,1.03,False
2605509,58.16,41.36,80.0,Ferreiros,PE,86.0,0.953,0.0,-5.0,1.886,-0.185,41.36,-38.64,True,52.68,-27.32,True,40.25,-39.75,True
2605608,74.26,68.28,80.0,Flores,PE,146.0,0.993,0.0,-5.0,1.886,-1.02,68.28,-11.72,True,79.6,-0.4,True,62.16,-17.84,True
2605707,33.42,51.67,80.0,Floresta,PE,240.0,0.95,0.0,5.0,1.886,3.585,51.67,-28.33,True,62.99,-17.01,True,73.18,-6.82,True
2605806,68.03,70.68,80.0,Frei Miguelinho,PE,110.0,0.882,0.0,2.65,1.886,2.157,70.68,-9.32,True,82.0,2.0,False,83.62,3.62,False
2605905,58.54,77.37,80.0,Gameleira,PE,168.0,0.964,0.0,5.0,1.886,3.308,77.37,-2.63,True,88.69,8.69,False,97.22,17.22,False
2606002,52.28,69.75,80.0,Garanhuns,PE,1353.0,0.945,0.0,5.0,1.886,4.599,69.75,-10.25,True,81.07,1.07,False,97.34,17.34,False
2606101,70.58,66.22,80.0,Glória do Goitá,PE,201.0,0.98,0.0,-4.36,1.886,-1.245,66.22,-13.78,True,77.54,-2.46,True,58.75,-21.25,True
2606200,53.14,45.89,80.0,Goiana,PE,811.0,0.866,0.0,-5.0,1.886,-3.638,45.89,-34.11,True,57.21,-22.79,True,24.06,-55.94,True
2606309,52.49,68.11,80.0,Granito,PE,110.0,0.991,0.0,5.0,1.886,2.991,68.11,-11.89,True,79.43,-0.57,True,86.06,6.06,False
2606408,42.26,43.1,80.0,Gravatá,PE,465.0,0.961,0.0,0.84,1.886,1.155,43.1,-36.9,True,54.42,-25.58,True,50.03,-29.97,True
2606507,66.34,82.26,80.0,Iati,PE,187.0,0.925,0.0,5.0,1.886,3.391,82.26,2.26,False,93.58,13.58,False,100.0,20.0,False
2606606,50.76,61.76,80.0,Ibimirim,PE,273.0,0.985,0.0,5.0,1.886,3.683,61.76,-18.24,True,73.08,-6.92,True,83.86,3.86,False
2606705,39.34,62.42,80.0,Ibirajuba,PE,61.0,0.951,0.0,5.0,1.886,2.614,62.42,-17.58,True,73.74,-6.26,True,78.1,-1.9,True
2606804,62.61,66.97,80.0,Igarassu,PE,1211.0,0.966,0.0,4.36,1.886,4.009,66.97,-13.03,True,78.29,-1.71,True,91.03,11.03,False
2606903,72.59,83.67,80.0,Iguaraci,PE,77.0,0.948,0.0,5.0,1.886,2.752,83.67,3.67,False,94.99,14.99,False,100.0,20.0,False
2607000,54.35,79.7,80.0,Inajá,PE,273.0,0.974,0.0,5.0,1.886,3.683,79.7,-0.3,True,91.02,11.02,False,100.0,20.0,False
2607109,78.57,89.89,80.0,Ingazeira,PE,51.0,0.961,0.0,5.0,1.886,2.519,89.89,9.89,False,100.0,20.0,False,100.0,20.0,False
2607208,68.37,64.15,80.0,Ipojuca,PE,1386.0,0.955,0.0,-4.22,1.886,-3.45,64.15,-15.85,True,75.47,-4.53,True,43.45,-36.55,True
2607307,72.0,70.08,80.0,Ipubi,PE,372.0,0.976,0.0,-1.92,1.886,-0.589,70.08,-9.92,True,81.4,1.4,False,66.54,-13.46,True
2607505,59.5,58.6,80.0,Itaíba,PE,208.0,0.986,0.0,-0.9,1.886,0.466,58.6,-21.4,True,69.92,-10.08,True,61.39,-18.61,True
2607604,53.17,50.6,80.0,Ilha de Itamaracá,PE,227.0,0.903,0.0,-2.57,1.886,-0.483,50.6,-29.4,True,61.92,-18.08,True,47.7,-32.3,True
2607653,48.56,43.31,80.0,Itambé,PE,294.0,0.84,0.0,-5.0,1.886,-2.212,43.31,-36.69,True,54.63,-25.37,True,30.04,-49.96,True
2607703,65.28,89.12,80.0,Itapetim,PE,121.0,0.992,0.0,5.0,1.886,3.06,89.12,9.12,False,100.0,20.0,False,100.0,20.0,False
2607752,77.69,82.95,80.0,Itapissuma,PE,281.0,0.975,0.0,5.0,1.886,3.705,82.95,2.95,False,94.27,14.27,False,100.0,20.0,False
2607802,48.29,57.35,80.0,Itaquitinga,PE,83.0,0.94,0.0,5.0,1.886,2.799,57.35,-22.65,True,68.67,-11.33,True,74.15,-5.85,True
2607901,57.25,54.98,80.0,Jaboatão dos Guararapes,PE,5032.0,0.931,1.0,-2.27,1.886,-2.111,54.98,-25.02,True,66.3,-13.7,True,42.31,-37.69,True
2607950,57.65,81.67,80.0,Jaqueira,PE,72.0,0.986,0.0,5.0,1.886,2.71,81.67,1.67,False,92.99,12.99,False,97.93,17.93,False
2608008,51.9,37.15,80.0,Jataúba,PE,140.0,0.936,0.0,-5.0,1.886,-0.949,37.15,-42.85,True,48.47,-31.53,True,31.45,-48.55,True
2608057,76.14,68.05,80.0,Jatobá,PE,119.0,0.924,0.0,-5.0,1.886,-0.683,68.05,-11.95,True,79.37,-0.63,True,63.95,-16.05,True
2608107,56.99,75.79,80.0,João Alfredo,PE,171.0,0.988,0.0,5.0,1.886,3.321,75.79,-4.21,True,87.11,7.11,False,95.72,15.72,False
2608206,49.58,47.34,80.0,Joaquim Nabuco,PE,94.0,0.979,0.0,-2.24,1.886,0.567,47.34,-32.66,True,58.66,-21.34,True,50.74,-29.26,True
2608255,44.05,68.81,80.0,Jucati,PE,179.0,0.972,0.0,5.0,1.886,3.357,68.81,-11.19,True,80.13,0.13,False,88.95,8.95,False
2608305,60.68,68.61,80.0,Jupi,PE,238.0,0.983,0.0,5.0,1.886,3.578,68.61,-11.39,True,79.93,-0.07,True,90.08,10.08,False
2608404,53.46,60.64,80.0,Jurema,PE,158.0,0.981,0.0,5.0,1.886,3.26,60.64,-19.36,True,71.96,-8.04,True,80.2,0.2,False
2608453,48.37,59.78,80.0,Lagoa do Carro,PE,141.0,0.986,0.0,5.0,1.886,3.174,59.78,-20.22,True,71.1,-8.9,True,78.82,-1.18,True
2608503,70.34,79.42,80.0,Lagoa de Itaenga,PE,168.0,0.982,0.0,5.0,1.886,3.308,79.42,-0.58,True,90.74,10.74,False,99.27,19.27,False
2608602,72.63,85.39,80.0,Lagoa do Ouro,PE,110.0,0.882,0.0,5.0,1.886,2.991,85.39,5.39,False,96.71,16.71,False,100.0,20.0,False
2608701,70.94,86.35,80.0,Lagoa dos Gatos,PE,104.0,0.99,0.0,5.0,1.886,2.951,86.35,6.35,False,97.67,17.67,False,100.0,20.0,False
2608750,54.74,67.55,80.0,Lagoa Grande,PE,351.0,0.98,0.0,5.0,1.886,3.87,67.55,-12.45,True,78.87,-1.13,True,90.77,10.77,False
2608800,47.71,57.42,80.0,Lajedo,PE,430.0,0.947,0.0,5.0,1.886,4.011,57.42,-22.58,True,68.74,-11.26,True,81.49,1.49,False
2608909,72.23,67.03,80.0,Limoeiro,PE,389.0,0.969,0.0,-5.0,1.886,-2.662,67.03,-12.97,True,78.35,-1.65,True,51.06,-28.94,True
2609006,72.61,81.95,80.0,Macaparana,PE,219.0,0.977,0.0,5.0,1.886,3.514,81.95,1.95,False,93.27,13.27,False,100.0,20.0,False
2609105,86.88,96.75,80.0,Machados,PE,126.0,0.976,0.0,5.0,1.886,3.09,96.75,16.75,False,100.0,20.0,False,100.0,20.0,False
2609154,56.89,52.89,80.0,Manari,PE,185.0,0.941,0.0,-4.0,1.886,-0.942,52.89,-27.11,True,64.21,-15.79,True,47.24,-32.76,True
2609204,69.2,58.48,80.0,Maraial,PE,107.0,0.991,0.0,-5.0,1.886,-0.514,58.48,-21.52,True,69.8,-10.2,True,55.4,-24.6,True
2609303,35.45,57.83,80.0,Mirandiba,PE,168.0,0.988,0.0,5.0,1.886,3.308,57.83,-22.17,True,69.15,-10.85,True,77.68,-2.32,True
2609402,53.38,43.93,80.0,Moreno,PE,402.0,0.958,0.0,-5.0,1.886,-2.712,43.93,-36.07,True,55.25,-24.75,True,27.66,-52.34,True
2609501,54.74,56.96,80.0,Nazaré da Mata,PE,227.0,0.974,0.0,2.22,1.886,2.064,56.96,-23.04,True,68.28,-11.72,True,69.34,-10.66,True
2609600,59.57,62.29,80.0,Olinda,PE,2817.0,0.965,1.0,2.72,1.886,2.665,62.29,-17.71,True,73.61,-6.39,True,78.28,-1.72,True
2609709,61.24,91.54,80.0,Orobó,PE,96.0,0.979,0.0,5.0,1.886,2.896,91.54,11.54,False,100.0,20.0,False,100.0,20.0,False
2609808,45.91,50.86,80.0,Orocó,PE,116.0,1.0,0.0,4.95,1.886,3.011,50.86,-29.14,True,62.18,-17.82,True,68.92,-11.08,True
2609907,36.16,30.78,80.0,Ouricuri,PE,572.0,0.892,0.0,-5.0,1.886,-3.216,30.78,-49.22,True,42.1,-37.9,True,11.48,-68.52,True
2610004,43.01,64.85,80.0,Palmares,PE,343.0,0.942,0.0,5.0,1.886,3.853,64.85,-15.15,True,76.17,-3.83,True,87.97,7.97,False
2610103,60.56,59.45,80.0,Palmeirina,PE,63.0,0.984,0.0,-1.11,1.886,1.168,59.45,-20.55,True,70.77,-9.23,True,66.46,-13.54,True
2610202,76.82,94.53,80.0,Panelas,PE,239.0,0.992,0.0,5.0,1.886,3.581,94.53,14.53,False,100.0,20.0,False,100.0,20.0,False
2610301,74.14,66.67,80.0,Paranatama,PE,138.0,1.0,0.0,-5.0,1.886,-0.925,66.67,-13.33,True,77.99,-2.01,True,61.12,-18.88,True
2610400,48.66,58.91,80.0,Parnamirim,PE,184.0,0.951,0.0,5.0,1.886,3.378,58.91,-21.09,True,70.23,-9.77,True,79.18,-0.82,True
2610509,74.89,76.23,80.0,Passira,PE,215.0,0.935,0.0,1.34,1.886,1.603,76.23,-3.77,True,87.55,7.55,False,85.85,5.85,False
2610608,62.99,66.03,80.0,Paudalho,PE,551.0,0.947,0.0,3.04,1.886,2.733,66.03,-13.97,True,77.35,-2.65,True,82.43,2.43,False
2610707,51.23,55.54,80.0,Paulista,PE,2185.0,0.934,1.0,4.31,1.886,4.107,55.54,-24.46,True,66.86,-13.14,True,80.18,0.18,False
2610806,47.04,54.87,80.0,Pedra,PE,182.0,0.956,0.0,5.0,1.886,3.37,54.87,-25.13,True,66.19,-13.81,True,75.09,-4.91,True
2610905,59.65,64.38,80.0,Pesqueira,PE,483.0,0.952,0.0,4.73,1.886,3.897,64.38,-15.62,True,75.7,-4.3,True,87.76,7.76,False
2611002,51.87,66.17,80.0,Petrolândia,PE,433.0,0.952,0.0,5.0,1.886,4.016,66.17,-13.83,True,77.49,-2.51,True,90.27,10.27,False
2611101,66.17,70.25,80.0,Petrolina,PE,4855.0,0.952,1.0,4.08,1.886,3.993,70.25,-9.75,True,81.57,1.57,False,94.21,14.21,False
2611200,62.55,64.18,80.0,Poção,PE,87.0,0.954,0.0,1.63,1.886,1.808,64.18,-15.82,True,75.5,-4.5,True,75.03,-4.97,True
2611309,46.95,40.45,80.0,Pombos,PE,145.0,0.917,0.0,-5.0,1.886,-1.008,40.45,-39.55,True,51.77,-28.23,True,34.4,-45.6,True
2611408,77.53,50.41,80.0,Primavera,PE,85.0,0.976,0.0,-5.0,1.886,-0.168,50.41,-29.59,True,61.73,-18.27,True,49.4,-30.6,True
2611507,48.12,58.1,80.0,Quipapá,PE,224.0,0.987,0.0,5.0,1.886,3.531,58.1,-21.9,True,69.42,-10.58,True,79.29,-0.71,True
2611533,80.26,87.04,80.0,Quixaba,PE,129.0,0.953,0.0,5.0,1.886,3.107,87.04,7.04,False,98.36,18.36,False,100.0,20.0,False
2611606,62.39,54.36,80.0,Recife,PE,10818.0,0.928,1.0,-5.0,1.886,-4.875,54.36,-25.64,True,65.68,-14.32,True,25.11,-54.89,True
2611705,63.97,68.11,80.0,Riacho das Almas,PE,156.0,0.987,0.0,4.14,1.886,2.874,68.11,-11.89,True,79.43,-0.57,True,85.35,5.35,False
2611804,61.57,65.68,80.0,Ribeirão,PE,223.0,0.991,0.0,4.11,1.886,3.058,65.68,-14.32,True,77.0,-3.0,True,84.03,4.03,False
2611903,93.31,90.91,80.0,Rio Formoso,PE,210.0,0.995,0.0,-2.4,1.886,-0.309,90.91,10.91,False,100.0,20.0,False,89.05,9.05,False
2612000,67.71,81.01,80.0,Sairé,PE,79.0,1.0,0.0,5.0,1.886,2.768,81.01,1.01,False,92.33,12.33,False,97.62,17.62,False
2612109,93.42,92.16,80.0,Salgadinho,PE,51.0,1.0,0.0,-1.26,1.886,1.247,92.16,12.16,False,100.0,20.0,False,99.64,19.64,False
2612208,75.94,75.13,80.0,Salgueiro,PE,746.0,0.969,0.0,-0.81,1.886,-0.24,75.13,-4.87,True,86.45,6.45,False,73.69,-6.31,True
2612307,58.09,78.66,80.0,Saloá,PE,164.0,1.0,0.0,5.0,1.886,3.289,78.66,-1.34,True,89.98,9.98,False,98.39,18.39,False
2612406,41.8,65.85,80.0,Sanharó,PE,180.0,0.95,0.0,5.0,1.886,3.361,65.85,-14.15,True,77.17,-2.83,True,86.02,6.02,False
2612455,69.26,69.1,80.0,Santa Cruz,PE,161.0,0.957,0.0,-0.16,1.886,0.974,69.1,-10.9,True,80.42,0.42,False,74.94,-5.06,True
2612471,75.38,87.09,80.0,Santa Cruz da Baixa Verde,PE,126.0,0.984,0.0,5.0,1.886,3.09,87.09,7.09,False,98.41,18.41,False,100.0,20.0,False
2612505,52.81,55.94,80.0,Santa Cruz do Capibaribe,PE,1097.0,0.93,1.0,3.13,1.886,2.938,55.94,-24.06,True,67.26,-12.74,True,73.57,-6.43,True
2612554,58.92,53.14,80.0,Santa Filomena,PE,98.0,0.918,0.0,-5.0,1.886,-0.378,53.14,-26.86,True,64.46,-15.54,True,50.87,-29.13,True
2612604,45.6,64.37,80.0,Santa Maria da Boa Vista,PE,483.0,0.957,0.0,5.0,1.886,4.088,64.37,-15.63,True,75.69,-4.31,True,88.9,8.9,False
2612703,83.17,70.05,80.0,Santa Maria do Cambucá,PE,109.0,0.927,0.0,-5.0,1.886,-0.543,70.05,-9.95,True,81.37,1.37,False,66.79,-13.21,True
2612802,68.31,79.68,80.0,Santa Terezinha,PE,136.0,0.971,0.0,5.0,1.886,3.146,79.68,-0.32,True,91.0,11.0,False,98.56,18.56,False
2612901,34.56,71.07,80.0,São Benedito do Sul,PE,76.0,0.934,0.0,5.0,1.886,2.744,71.07,-8.93,True,82.39,2.39,False,87.53,7.53,False
2613008,55.89,64.03,80.0,São Bento do Una,PE,569.0,0.965,0.0,5.0,1.886,4.19,64.03,-15.97,True,75.35,-4.65,True,89.17,9.17,False
2613107,45.1,53.17,80.0,São Caitano,PE,343.0,0.985,0.0,5.0,1.886,3.853,53.17,-26.83,True,64.49,-15.51,True,76.29,-3.71,True
2613206,60.81,54.47,80.0,São João,PE,181.0,0.978,0.0,-5.0,1.886,-1.385,54.47,-25.53,True,65.79,-14.21,True,46.16,-33.84,True
2613305,68.5,72.13,80.0,São Joaquim do Monte,PE,234.0,0.996,0.0,3.63,1.886,2.826,72.13,-7.87,True,83.45,3.45,False,89.09,9.09,False
2613404,41.77,39.24,80.0,São José da Coroa Grande,PE,259.0,0.942,0.0,-2.53,1.886,-0.606,39.24,-40.76,True,50.56,-29.44,True,35.61,-44.39,True
2613503,46.7,60.42,80.0,São José do Belmonte,PE,424.0,0.962,0.0,5.0,1.886,4.002,60.42,-19.58,True,71.74,-8.26,True,84.43,4.43,False
2613602,67.52,73.38,80.0,São José do Egito,PE,305.0,0.977,0.0,5.0,1.886,3.767,73.38,-6.62,True,84.7,4.7,False,95.98,15.98,False
2613701,44.07,53.32,80.0,São Lourenço da Mata,PE,1022.0,0.931,0.0,5.0,1.886,4.49,53.32,-26.68,True,64.64,-15.36,True,80.26,0.26,False
2613800,48.62,42.6,80.0,São Vicente Ferrer,PE,141.0,0.965,0.0,-5.0,1.886,-0.961,42.6,-37.4,True,53.92,-26.08,True,36.83,-43.17,True
2613909,76.13,77.92,80.0,Serra Talhada,PE,846.0,0.963,0.0,1.79,1.886,1.808,77.92,-2.08,True,89.24,9.24,False,88.77,8.77,False
2614006,53.72,59.7,80.0,Serrita,PE,212.0,0.948,0.0,5.0,1.886,3.488,59.7,-20.3,True,71.02,-8.98,True,80.63,0.63,False
2614105,59.14,56.65,80.0,Sertânia,PE,313.0,0.965,0.0,-2.49,1.886,-0.784,56.65,-23.35,True,67.97,-12.03,True,51.95,-28.05,True
2614204,60.3,74.49,80.0,Sirinhaém,PE,358.0,0.986,0.0,5.0,1.886,3.884,74.49,-5.51,True,85.81,5.81,False,97.79,17.79,False
2614303,44.18,56.94,80.0,Moreilândia,PE,115.0,0.904,0.0,5.0,1.886,3.023,56.94,-23.06,True,68.26,-11.74,True,75.08,-4.92,True
2614402,74.63,93.99,80.0,Solidão,PE,74.0,0.946,0.0,5.0,1.886,2.727,93.99,13.99,False,100.0,20.0,False,100.0,20.0,False
2614501,55.41,58.71,80.0,Surubim,PE,323.0,0.885,0.0,3.3,1.886,2.759,58.71,-21.29,True,70.03,-9.97,True,75.27,-4.73,True
2614600,72.93,69.1,80.0,Tabira,PE,300.0,0.993,0.0,-3.83,1.886,-1.544,69.1,-10.9,True,80.42,0.42,False,59.84,-20.16,True
2614709,45.92,43.99,80.0,Tacaimbó,PE,101.0,0.95,0.0,-1.93,1.886,0.606,43.99,-36.01,True,55.31,-24.69,True,47.62,-32.38,True
2614808,56.04,73.8,80.0,Tacaratu,PE,154.0,0.981,0.0,5.0,1.886,3.241,73.8,-6.2,True,85.12,5.12,False,93.24,13.24,False
2614857,44.9,57.18,80.0,Tamandaré,PE,272.0,0.96,0.0,5.0,1.886,3.681,57.18,-22.82,True,68.5,-11.5,True,79.26,-0.74,True
2615003,59.65,59.64,80.0,Taquaritinga do Norte,PE,250.0,0.94,0.0,-0.01,1.886,0.833,59.64,-20.36,True,70.96,-9.04,True,64.64,-15.36,True
2615102,68.26,76.08,80.0,Terezinha,PE,51.0,0.98,0.0,5.0,1.886,2.519,76.08,-3.92,True,87.4,7.4,False,91.19,11.19,False
2615201,62.03,71.07,80.0,Terra Nova,PE,119.0,0.966,0.0,5.0,1.886,3.048,71.07,-8.93,True,82.39,2.39,False,89.36,9.36,False
2615300,74.11,77.57,80.0,Timbaúba,PE,354.0,0.977,0.0,3.46,1.886,2.892,77.57,-2.43,True,88.89,8.89,False,94.92,14.92,False
2615409,50.21,63.95,80.0,Toritama,PE,572.0,0.958,1.0,5.0,1.886,4.193,63.95,-16.05,True,75.27,-4.73,True,89.11,9.11,False
2615508,59.32,73.31,80.0,Tracunhaém,PE,130.0,0.946,0.0,5.0,1.886,3.113,73.31,-6.69,True,84.63,4.63,False,91.99,11.99,False
2615607,59.68,69.13,80.0,Trindade,PE,398.0,0.972,0.0,5.0,1.886,3.959,69.13,-10.87,True,80.45,0.45,False,92.88,12.88,False
2615706,82.65,80.64,80.0,Triunfo,PE,139.0,0.964,0.0,-2.01,1.886,0.289,80.64,0.64,False,91.96,11.96,False,82.37,2.37,False
2615805,68.57,68.38,80.0,Tupanatinga,PE,203.0,0.956,0.0,-0.19,1.886,0.84,68.38,-11.62,True,79.7,-0.3,True,73.42,-6.58,True
2615904,77.11,82.52,80.0,Tuparetama,PE,100.0,0.98,0.0,5.0,1.886,2.924,82.52,2.52,False,93.84,13.84,False,100.0,20.0,False
2616001,53.25,59.29,80.0,Venturosa,PE,113.0,0.965,0.0,5.0,1.886,3.01,59.29,-20.71,True,70.61,-9.39,True,77.35,-2.65,True
2616100,53.39,68.84,80.0,Verdejante,PE,63.0,0.968,0.0,5.0,1.886,2.632,68.84,-11.16,True,80.16,0.16,False,84.63,4.63,False
2616183,83.71,82.94,80.0,Vertente do Lério,PE,84.0,0.964,0.0,-0.77,1.886,1.1,82.94,2.94,False,94.26,14.26,False,89.54,9.54,False
2616209,55.05,56.85,80.0,Vertentes,PE,176.0,0.955,0.0,1.8,1.886,1.846,56.85,-23.15,True,68.17,-11.83,True,67.92,-12.08,True
2616308,57.45,68.15,80.0,Vicência,PE,225.0,0.991,0.0,5.0,1.886,3.535,68.15,-11.85,True,79.47,-0.53,True,89.36,9.36,False
2616407,46.09,50.66,80.0,Vitória de Santo Antão,PE,1059.0,0.948,0.0,4.57,1.886,4.144,50.66,-29.34,True,61.98,-18.02,True,75.52,-4.48,True
2616506,62.65,81.33,80.0,Xexéu,PE,162.0,0.988,0.0,5.0,1.886,3.28,81.33,1.33,False,92.65,12.65,False,100.0,20.0,False
2700102,47.14,48.8,80.0,Água Branca,AL,156.0,0.962,0.0,1.66,2.634,2.207,48.8,-31.2,True,64.6,-15.4,True,62.04,-17.96,True
2700201,53.44,45.26,80.0,Anadia,AL,160.0,0.944,0.0,-5.0,2.634,-0.759,45.26,-34.74,True,61.06,-18.94,True,40.71,-39.29,True
2700300,39.44,43.75,80.0,Arapiraca,AL,2652.0,0.933,1.0,4.31,2.634,4.192,43.75,-36.25,True,59.55,-20.45,True,68.9,-11.1,True
2700409,32.36,44.27,80.0,Atalaia,AL,443.0,0.977,0.0,5.0,2.634,4.264,44.27,-35.73,True,60.07,-19.93,True,69.85,-10.15,True
2700508,30.57,32.98,80.0,Barra de Santo Antônio,AL,250.0,0.94,0.0,2.41,2.634,2.509,32.98,-47.02,True,48.78,-31.22,True,48.04,-31.96,True
2700607,31.79,39.04,80.0,Barra de São Miguel,AL,134.0,0.91,0.0,5.0,2.634,3.583,39.04,-40.96,True,54.84,-25.16,True,60.54,-19.46,True
2700706,33.15,45.96,80.0,Batalha,AL,152.0,0.961,0.0,5.0,2.634,3.656,45.96,-34.04,True,61.76,-18.24,True,67.89,-12.11,True
2700904,83.89,98.82,80.0,Belo Monte,AL,91.0,0.989,0.0,5.0,2.634,3.374,98.82,18.82,False,100.0,20.0,False,100.0,20.0,False
2701001,73.6,88.19,80.0,Boca da Mata,AL,241.0,0.988,0.0,5.0,2.634,3.927,88.19,8.19,False,100.0,20.0,False,100.0,20.0,False
2701100,76.44,79.89,80.0,Branquinha,AL,128.0,0.922,0.0,3.45,2.634,2.952,79.89,-0.11,True,95.69,15.69,False,97.6,17.6,False
2701209,30.55,54.19,80.0,Cacimbinhas,AL,161.0,0.975,0.0,5.0,2.634,3.689,54.19,-25.81,True,69.99,-10.01,True,76.32,-3.68,True
2701308,26.75,33.4,80.0,Cajueiro,AL,245.0,0.951,0.0,5.0,2.634,3.936,33.4,-46.6,True,49.2,-30.8,True,57.02,-22.98,True
2701357,41.23,62.12,80.0,Campestre,AL,98.0,0.99,0.0,5.0,2.634,3.412,62.12,-17.88,True,77.92,-2.08,True,82.59,2.59,False
2701407,65.49,67.45,80.0,Campo Alegre,AL,471.0,0.968,0.0,1.96,2.634,2.161,67.45,-12.55,True,83.25,3.25,False,80.41,0.41,False
2701605,45.5,62.21,80.0,Canapi,AL,204.0,0.975,0.0,5.0,2.634,3.829,62.21,-17.79,True,78.01,-1.99,True,85.18,5.18,False
2701704,41.23,42.53,80.0,Capela,AL,207.0,0.971,0.0,1.3,2.634,1.955,42.53,-37.47,True,58.33,-21.67,True,54.26,-25.74,True
2701803,43.52,38.85,80.0,Carneiros,AL,161.0,0.975,0.0,-4.67,2.634,-0.624,38.85,-41.15,True,54.65,-25.35,True,35.11,-44.89,True
2701902,43.85,51.71,80.0,Chã Preta,AL,59.0,0.949,0.0,5.0,2.634,3.173,51.71,-28.29,True,67.51,-12.49,True,70.75,-9.25,True
2702009,74.97,77.24,80.0,Coité do Nóia,AL,103.0,0.942,0.0,2.27,2.634,2.51,77.24,-2.76,True,93.04,13.04,False,92.3,12.3,False
2702108,84.66,73.25,80.0,Colônia Leopoldina,AL,197.0,0.934,0.0,-5.0,2.634,-1.154,73.25,-6.75,True,89.05,9.05,False,66.32,-13.68,True
2702207,34.53,54.67,80.0,Coqueiro Seco,AL,75.0,1.0,0.0,5.0,2.634,3.279,54.67,-25.33,True,70.47,-9.53,True,74.34,-5.66,True
2702306,94.13,92.03,80.0,Coruripe,AL,817.0,0.963,0.0,-2.1,2.634,-1.169,92.03,12.03,False,100.0,20.0,False,85.02,5.02,False
2702355,45.7,67.43,80.0,Craíbas,AL,221.0,0.932,0.0,5.0,2.634,3.876,67.43,-12.57,True,83.23,3.23,False,90.69,10.69,False
2702405,31.11,28.13,80.0,Delmiro Gouveia,AL,624.0,0.897,0.0,-2.98,2.634,-1.617,28.13,-51.87,True,43.93,-36.07,True,18.43,-61.57,True
2702504,46.47,64.23,80.0,Dois Riachos,AL,84.0,0.988,0.0,5.0,2.634,3.334,64.23,-15.77,True,80.03,0.03,False,84.23,4.23,False
2702553,34.55,36.15,80.0,Estrela de Alagoas,AL,149.0,0.919,0.0,1.6,2.634,2.192,36.15,-43.85,True,51.95,-28.05,True,49.3,-30.7,True
2702603,35.2,44.46,80.0,Feira Grande,AL,232.0,0.961,0.0,5.0,2.634,3.904,44.46,-35.54,True,60.26,-19.74,True,67.89,-12.11,True
2702702,37.55,45.9,80.0,Feliz Deserto,AL,61.0,1.0,0.0,5.0,2.634,3.187,45.9,-34.1,True,61.7,-18.3,True,65.02,-14.98,True
2702801,34.71,49.34,80.0,Flexeiras,AL,168.0,0.935,0.0,5.0,2.634,3.714,49.34,-30.66,True,65.14,-14.86,True,71.62,-8.38,True
2702900,35.73,39.96,80.0,Girau do Ponciano,AL,419.0,0.943,0.0,4.23,2.634,3.714,39.96,-40.04,True,55.76,-24.24,True,62.25,-17.75,True
2703007,93.46,54.43,80.0,Ibateguara,AL,79.0,1.0,0.0,-5.0,2.634,0.472,54.43,-25.57,True,70.23,-9.77,True,57.26,-22.74,True
2703106,29.74,24.34,80.0,Igaci,AL,270.0,0.896,0.0,-5.0,2.634,-1.752,24.34,-55.66,True,40.14,-39.86,True,13.83,-66.17,True
2703205,47.93,50.74,80.0,Igreja Nova,AL,271.0,0.919,0.0,2.81,2.634,2.735,50.74,-29.26,True,66.54,-13.46,True,67.15,-12.85,True
2703304,65.05,83.03,80.0,Inhapi,AL,233.0,0.97,0.0,5.0,2.634,3.907,83.03,3.03,False,98.83,18.83,False,100.0,20.0,False
2703403,38.18,54.66,80.0,Jacaré dos Homens,AL,77.0,0.974,0.0,5.0,2.634,3.291,54.66,-25.34,True,70.46,-9.54,True,74.41,-5.59,True
2703502,54.29,77.02,80.0,Jacuípe,AL,85.0,0.976,0.0,5.0,2.634,3.339,77.02,-2.98,True,92.82,12.82,False,97.06,17.06,False
2703601,23.07,27.69,80.0,Japaratinga,AL,119.0,0.824,0.0,4.62,2.634,3.375,27.69,-52.31,True,43.49,-36.51,True,47.94,-32.06,True
2703700,36.05,40.27,80.0,Jaramataia,AL,64.0,0.969,0.0,4.22,2.634,3.018,40.27,-39.73,True,56.07,-23.93,True,58.38,-21.62,True
2703759,50.22,95.65,80.0,Jequiá da Praia,AL,118.0,0.975,0.0,5.0,2.634,3.512,95.65,15.65,False,100.0,20.0,False,100.0,20.0,False
2703809,33.47,27.93,80.0,Joaquim Gomes,AL,207.0,0.952,0.0,-5.0,2.634,-1.249,27.93,-52.07,True,43.73,-36.27,True,20.44,-59.56,True
2703908,34.6,44.34,80.0,Jundiá,AL,55.0,0.945,0.0,5.0,2.634,3.144,44.34,-35.66,True,60.14,-19.86,True,63.2,-16.8,True
2704005,53.3,56.66,80.0,Junqueiro,AL,302.0,0.901,0.0,3.36,2.634,3.071,56.66,-23.34,True,72.46,-7.54,True,75.08,-4.92,True
2704104,45.57,44.19,80.0,Lagoa da Canoa,AL,139.0,0.935,0.0,-1.38,2.634,0.988,44.19,-35.81,True,59.99,-20.01,True,50.12,-29.88,True
2704203,43.45,44.61,80.0,Limoeiro de Anadia,AL,328.0,0.97,0.0,1.16,2.634,1.718,44.61,-35.39,True,60.41,-19.59,True,54.92,-25.08,True
2704302,39.23,40.95,80.0,Maceió,AL,7105.0,0.909,1.0,1.72,2.634,1.745,40.95,-39.05,True,56.75,-23.25,True,51.42,-28.58,True
2704401,40.07,37.84,80.0,Major Isidoro,AL,191.0,0.995,0.0,-2.23,2.634,0.258,37.84,-42.16,True,53.64,-26.36,True,39.39,-40.61,True
2704500,32.4,45.6,80.0,Maragogi,AL,434.0,0.94,0.0,5.0,2.634,4.254,45.6,-34.4,True,61.4,-18.6,True,71.12,-8.88,True
2704609,68.8,74.38,80.0,Maravilha,AL,112.0,0.991,0.0,5.0,2.634,3.483,74.38,-5.62,True,90.18,10.18,False,95.28,15.28,False
2704708,40.6,46.23,80.0,Marechal Deodoro,AL,930.0,0.934,1.0,5.0,2.634,4.581,46.23,-33.77,True,62.03,-17.97,True,73.72,-6.28,True
2704807,46.59,41.5,80.0,Maribondo,AL,97.0,0.969,0.0,-5.0,2.634,0.141,41.5,-38.5,True,57.3,-22.7,True,42.34,-37.66,True
2705002,40.11,42.45,80.0,Mata Grande,AL,125.0,0.96,0.0,2.34,2.634,2.521,42.45,-37.55,True,58.25,-21.75,True,57.57,-22.43,True
2705101,35.25,48.77,80.0,Matriz de Camaragibe,AL,261.0,0.981,0.0,5.0,2.634,3.973,48.77,-31.23,True,64.57,-15.43,True,72.61,-7.39,True
2705200,30.81,41.87,80.0,Messias,AL,244.0,0.947,0.0,5.0,2.634,3.934,41.87,-38.13,True,57.67,-22.33,True,65.47,-14.53,True
2705309,30.02,27.99,80.0,Minador do Negrão,AL,65.0,0.985,0.0,-2.03,2.634,1.49,27.99,-52.01,True,43.79,-36.21,True,36.93,-43.07,True
2705408,35.28,31.11,80.0,Monteirópolis,AL,90.0,1.0,0.0,-4.17,2.634,0.522,31.11,-48.89,True,46.91,-33.09,True,34.24,-45.76,True
2705507,53.15,84.41,80.0,Murici,AL,239.0,0.979,0.0,5.0,2.634,3.922,84.41,4.41,False,100.0,20.0,False,100.0,20.0,False
2705606,27.37,39.85,80.0,Novo Lino,AL,139.0,0.993,0.0,5.0,2.634,3.604,39.85,-40.15,True,55.65,-24.35,True,61.47,-18.53,True
2705705,40.12,45.46,80.0,Olho d'Água das Flores,AL,287.0,0.962,0.0,5.0,2.634,4.028,45.46,-34.54,True,61.26,-18.74,True,69.63,-10.37,True
2705804,34.23,36.22,80.0,Olho d'Água do Casado,AL,145.0,0.959,0.0,1.99,2.634,2.363,36.22,-43.78,True,52.02,-27.98,True,50.4,-29.6,True
2706000,50.0,80.79,80.0,Olivença,AL,177.0,0.994,0.0,5.0,2.634,3.745,80.79,0.79,False,96.59,16.59,False,100.0,20.0,False
2706109,20.41,52.43,80.0,Ouro Branco,AL,119.0,0.941,0.0,5.0,2.634,3.516,52.43,-27.57,True,68.23,-11.77,True,73.53,-6.47,True
2706208,33.73,51.18,80.0,Palestina,AL,85.0,0.941,0.0,5.0,2.634,3.339,51.18,-28.82,True,66.98,-13.02,True,71.22,-8.78,True
2706307,32.18,38.67,80.0,Palmeira dos Índios,AL,668.0,0.934,0.0,5.0,2.634,4.455,38.67,-41.33,True,54.47,-25.53,True,65.4,-14.6,True
2706406,47.65,55.26,80.0,Pão de Açúcar,AL,317.0,0.968,0.0,5.0,2.634,4.085,55.26,-24.74,True,71.06,-8.94,True,79.77,-0.23,True
2706422,41.46,68.76,80.0,Pariconha,AL,105.0,0.867,0.0,5.0,2.634,3.448,68.76,-11.24,True,84.56,4.56,False,89.45,9.45,False
2706448,53.42,35.8,80.0,Paripueira,AL,233.0,0.996,0.0,-5.0,2.634,-1.474,35.8,-44.2,True,51.6,-28.4,True,26.96,-53.04,True
2706505,42.03,32.59,80.0,Passo de Camaragibe,AL,176.0,0.977,0.0,-5.0,2.634,-0.94,32.59,-47.41,True,48.39,-31.61,True,26.95,-53.05,True
2706604,37.1,38.46,80.0,Paulo Jacinto,AL,78.0,1.0,0.0,1.36,2.634,2.276,38.46,-41.54,True,54.26,-25.74,True,52.12,-27.88,True
2706703,40.85,42.23,80.0,Penedo,AL,703.0,0.886,0.0,1.38,2.634,1.658,42.23,-37.77,True,58.03,-21.97,True,52.18,-27.82,True
2706802,31.74,42.39,80.0,Piaçabuçu,AL,241.0,0.938,0.0,5.0,2.634,3.927,42.39,-37.61,True,58.19,-21.81,True,65.95,-14.05,True
2706901,37.59,45.81,80.0,Pilar,AL,550.0,0.96,0.0,5.0,2.634,4.369,45.81,-34.19,True,61.61,-18.39,True,72.02,-7.98,True
2707107,24.74,25.08,80.0,Piranhas,AL,404.0,0.928,0.0,0.34,2.634,1.1,25.08,-54.92,True,40.88,-39.12,True,31.68,-48.32,True
2707206,33.38,48.87,80.0,Poço das Trincheiras,AL,165.0,0.988,0.0,5.0,2.634,3.703,48.87,-31.13,True,64.67,-15.33,True,71.09,-8.91,True
2707305,36.55,45.99,80.0,Porto Calvo,AL,314.0,0.949,0.0,5.0,2.634,4.079,45.99,-34.01,True,61.79,-18.21,True,70.47,-9.53,True
2707404,30.12,27.47,80.0,Porto de Pedras,AL,143.0,0.93,0.0,-2.65,2.634,0.431,27.47,-52.53,True,43.27,-36.73,True,30.06,-49.94,True
2707503,67.71,83.74,80.0,Porto Real do Colégio,AL,179.0,0.877,0.0,5.0,2.634,3.751,83.74,3.74,False,99.54,19.54,False,100.0,20.0,False
2707602,57.48,61.05,80.0,Quebrangulo,AL,171.0,0.971,0.0,3.57,2.634,3.065,61.05,-18.95,True,76.85,-3.15,True,79.44,-0.56,True
2707701,36.89,38.78,80.0,Rio Largo,AL,1379.0,0.906,1.0,1.89,2.634,1.984,38.78,-41.22,True,54.58,-25.42,True,50.69,-29.31,True
2707800,64.36,45.95,80.0,Roteiro,AL,107.0,0.944,0.0,-5.0,2.634,-0.027,45.95,-34.05,True,61.75,-18.25,True,45.79,-34.21,True
2707909,31.87,38.52,80.0,Santa Luzia do Norte,AL,71.0,0.958,0.0,5.0,2.634,3.254,38.52,-41.48,True,54.32,-25.68,True,58.04,-21.96,True
2708006,34.79,44.16,80.0,Santana do Ipanema,AL,525.0,0.977,0.0,5.0,2.634,4.347,44.16,-35.84,True,59.96,-20.04,True,70.24,-9.76,True
2708105,98.87,97.67,80.0,Santana do Mundaú,AL,86.0,1.0,0.0,-1.2,2.634,1.481,97.67,17.67,False,100.0,20.0,False,100.0,20.0,False
2708204,67.19,70.72,80.0,São Brás,AL,94.0,0.989,0.0,3.53,2.634,2.92,70.72,-9.28,True,86.52,6.52,False,88.24,8.24,False
2708303,79.22,95.31,80.0,São José da Laje,AL,173.0,0.988,0.0,5.0,2.634,3.731,95.31,15.31,False,100.0,20.0,False,100.0,20.0,False
2708402,49.03,50.43,80.0,São José da Tapera,AL,423.0,0.941,0.0,1.4,2.634,1.796,50.43,-29.57,True,66.23,-13.77,True,61.21,-18.79,True
2708501,39.59,53.64,80.0,São Luís do Quitunde,AL,416.0,0.957,0.0,5.0,2.634,4.232,53.64,-26.36,True,69.44,-10.56,True,79.03,-0.97,True
2708600,50.08,57.17,80.0,São Miguel dos Campos,AL,609.0,0.926,1.0,5.0,2.634,4.415,57.17,-22.83,True,72.97,-7.03,True,83.66,3.66,False
2708709,34.51,50.67,80.0,São Miguel dos Milagres,AL,163.0,0.951,0.0,5.0,2.634,3.696,50.67,-29.33,True,66.47,-13.53,True,72.85,-7.15,True
2708808,36.66,42.43,80.0,São Sebastião,AL,351.0,0.957,0.0,5.0,2.634,4.141,42.43,-37.57,True,58.23,-21.77,True,67.28,-12.72,True
2708907,42.93,55.11,80.0,Satuba,AL,281.0,0.957,1.0,5.0,2.634,4.016,55.11,-24.89,True,70.91,-9.09,True,79.21,-0.79,True
2708956,51.9,57.08,80.0,Senador Rui Palmeira,AL,162.0,0.981,0.0,5.0,2.634,3.693,57.08,-22.92,True,72.88,-7.12,True,79.24,-0.76,True
2709004,42.05,53.45,80.0,Tanque d'Arca,AL,79.0,0.949,0.0,5.0,2.634,3.304,53.45,-26.55,True,69.25,-10.75,True,73.27,-6.73,True
2709103,44.02,38.96,80.0,Taquarana,AL,254.0,0.941,0.0,-5.0,2.634,-1.637,38.96,-41.04,True,54.76,-25.24,True,29.14,-50.86,True
2709152,52.48,57.59,80.0,Teotônio Vilela,AL,431.0,0.884,0.0,5.0,2.634,4.25,57.59,-22.41,True,73.39,-6.61,True,83.09,3.09,False
2709202,31.62,47.49,80.0,Traipu,AL,169.0,0.947,0.0,5.0,2.634,3.717,47.49,-32.51,True,63.29,-16.71,True,69.79,-10.21,True
2709301,89.35,94.75,80.0,União dos Palmares,AL,643.0,0.984,0.0,5.0,2.634,4.439,94.75,14.75,False,100.0,20.0,False,100.0,20.0,False
2709400,40.03,49.91,80.0,Viçosa,AL,264.0,0.962,0.0,5.0,2.634,3.98,49.91,-30.09,True,65.71,-14.29,True,73.79,-6.21,True
2800209,21.43,20.53,80.0,Aquidabã,SE,98.0,0.888,0.0,-0.9,1.634,0.801,20.53,-59.47,True,30.33,-49.67,True,25.33,-54.67,True
2800308,29.69,47.18,80.0,Aracaju,SE,3994.0,0.933,1.0,5.0,1.634,4.839,47.18,-32.82,True,56.98,-23.02,True,76.22,-3.78,True
2800407,31.03,28.6,80.0,Arauá,SE,112.0,0.964,0.0,-2.43,1.634,0.175,28.6,-51.4,True,38.4,-41.6,True,29.65,-50.35,True
2800506,27.09,44.81,80.0,Areia Branca,SE,166.0,0.898,0.0,5.0,1.634,3.161,44.81,-35.19,True,54.61,-25.39,True,63.77,-16.23,True
2800605,22.14,28.04,80.0,Barra dos Coqueiros,SE,324.0,0.861,1.0,5.0,1.634,3.715,28.04,-51.96,True,37.84,-42.16,True,50.33,-29.67,True
2800670,22.76,33.02,80.0,Boquim,SE,198.0,0.838,0.0,5.0,1.634,3.309,33.02,-46.98,True,42.82,-37.18,True,52.87,-27.13,True
2800704,27.27,34.6,80.0,Brejo Grande,SE,142.0,0.979,0.0,5.0,1.634,3.032,34.6,-45.4,True,44.4,-35.6,True,52.79,-27.21,True
2801009,39.18,41.74,80.0,Campo do Brito,SE,133.0,0.94,0.0,2.56,1.634,2.004,41.74,-38.26,True,51.54,-28.46,True,53.76,-26.24,True
2801207,22.69,26.66,80.0,Canindé de São Francisco,SE,479.0,0.965,0.0,3.97,1.634,3.282,26.66,-53.34,True,36.46,-43.54,True,46.35,-33.65,True
2801306,33.52,35.78,80.0,Capela,SE,349.0,0.911,0.0,2.26,1.634,2.032,35.78,-44.22,True,45.58,-34.42,True,47.97,-32.03,True
2801405,33.52,34.24,80.0,Carira,SE,128.0,0.984,0.0,0.72,1.634,1.277,34.24,-45.76,True,44.04,-35.96,True,41.9,-38.1,True
2801504,24.85,16.16,80.0,Carmópolis,SE,166.0,0.892,1.0,-5.0,1.634,-1.375,16.16,-63.84,True,25.96,-54.04,True,7.91,-72.09,True
2801702,24.74,34.73,80.0,Cristinápolis,SE,191.0,0.969,0.0,5.0,1.634,3.278,34.73,-45.27,True,44.53,-35.47,True,54.4,-25.6,True
2802007,39.34,19.53,80.0,Divina Pastora,SE,54.0,0.944,0.0,-5.0,1.634,0.224,19.53,-60.47,True,29.33,-50.67,True,20.87,-59.13,True
2802106,33.96,29.77,80.0,Estância,SE,588.0,0.918,0.0,-4.19,1.634,-2.712,29.77,-50.23,True,39.57,-40.43,True,13.5,-66.5,True
2802205,29.58,26.0,80.0,Feira Nova,SE,89.0,0.978,0.0,-3.58,1.634,0.028,26.0,-54.0,True,35.8,-44.2,True,26.17,-53.83,True
2802304,19.23,37.21,80.0,Frei Paulo,SE,100.0,0.93,0.0,5.0,1.634,2.756,37.21,-42.79,True,47.01,-32.99,True,53.75,-26.25,True
2802403,19.42,36.4,80.0,Gararu,SE,100.0,0.94,0.0,5.0,1.634,2.756,36.4,-43.6,True,46.2,-33.8,True,52.94,-27.06,True
2802700,26.97,16.26,80.0,Ilha das Flores,SE,129.0,0.891,0.0,-5.0,1.634,-0.967,16.26,-63.74,True,26.06,-53.94,True,10.46,-69.54,True
2802809,38.33,34.31,80.0,Indiaroba,SE,241.0,0.975,0.0,-4.02,1.634,-1.456,34.31,-45.69,True,44.11,-35.89,True,25.58,-54.42,True
2802908,26.63,41.79,80.0,Itabaiana,SE,883.0,0.891,0.0,5.0,1.634,4.378,41.79,-38.21,True,51.59,-28.41,True,68.06,-11.94,True
2803005,59.05,58.61,80.0,Itabaianinha,SE,491.0,0.969,0.0,-0.44,1.634,0.16,58.61,-21.39,True,68.41,-11.59,True,59.57,-20.43,True
2803203,24.31,39.49,80.0,Itaporanga d'Ajuda,SE,397.0,0.884,0.0,5.0,1.634,3.872,39.49,-40.51,True,49.29,-30.71,True,62.72,-17.28,True
2803302,42.14,58.28,80.0,Japaratuba,SE,169.0,0.988,0.0,5.0,1.634,3.176,58.28,-21.72,True,68.08,-11.92,True,77.33,-2.67,True
2803401,26.06,39.3,80.0,Japoatã,SE,138.0,0.993,0.0,5.0,1.634,3.008,39.3,-40.7,True,49.1,-30.9,True,57.35,-22.65,True
2803500,35.6,31.27,80.0,Lagarto,SE,821.0,0.933,0.0,-4.33,1.634,-3.162,31.27,-48.73,True,41.07,-38.93,True,12.3,-67.7,True
2803609,16.28,27.35,80.0,Laranjeiras,SE,244.0,0.898,0.0,5.0,1.634,3.484,27.35,-52.65,True,37.15,-42.85,True,48.25,-31.75,True
2803807,40.0,37.63,80.0,Malhada dos Bois,SE,69.0,0.971,0.0,-2.37,1.634,0.607,37.63,-42.37,True,47.43,-32.57,True,41.27,-38.73,True
2803906,34.29,36.75,80.0,Malhador,SE,139.0,0.921,0.0,2.46,1.634,1.973,36.75,-43.25,True,46.55,-33.45,True,48.59,-31.41,True
2804003,21.39,31.19,80.0,Maruim,SE,134.0,0.918,0.0,5.0,1.634,2.985,31.19,-48.81,True,40.99,-39.01,True,49.1,-30.9,True
2804102,43.16,58.01,80.0,Moita Bonita,SE,92.0,0.989,0.0,5.0,1.634,2.695,58.01,-21.99,True,67.81,-12.19,True,74.18,-5.82,True
2804201,24.77,35.07,80.0,Monte Alegre de Sergipe,SE,176.0,0.96,0.0,5.0,1.634,3.21,35.07,-44.93,True,44.87,-35.13,True,54.33,-25.67,True
2804409,21.18,25.49,80.0,Neópolis,SE,206.0,0.99,0.0,4.31,1.634,2.992,25.49,-54.51,True,35.29,-44.71,True,43.44,-36.56,True
2804508,29.55,31.24,80.0,Nossa Senhora da Glória,SE,458.0,0.954,0.0,1.69,1.634,1.673,31.24,-48.76,True,41.04,-38.96,True,41.28,-38.72,True
2804607,32.7,28.39,80.0,Nossa Senhora das Dores,SE,234.0,0.944,0.0,-4.31,1.634,-1.571,28.39,-51.61,True,38.19,-41.81,True,18.97,-61.03,True
2804706,19.15,58.77,80.0,Nossa Senhora de Lourdes,SE,61.0,0.984,0.0,5.0,1.634,2.421,58.77,-21.23,True,68.57,-11.43,True,73.29,-6.71,True
2804805,19.85,29.8,80.0,Nossa Senhora do Socorro,SE,2001.0,0.895,1.0,5.0,1.634,4.694,29.8,-50.2,True,39.6,-40.4,True,57.96,-22.04,True
2804904,16.9,28.56,80.0,Pacatuba,SE,118.0,0.898,0.0,5.0,1.634,2.883,28.56,-51.44,True,38.36,-41.64,True,45.86,-34.14,True
2805109,14.81,11.52,80.0,Pedrinhas,SE,65.0,0.954,0.0,-3.29,1.634,0.426,11.52,-68.48,True,21.32,-58.68,True,14.08,-65.92,True
2805307,25.81,37.68,80.0,Pirambu,SE,114.0,0.877,0.0,5.0,1.634,2.856,37.68,-42.32,True,47.48,-32.52,True,54.82,-25.18,True
2805406,16.91,26.61,80.0,Poço Redondo,SE,396.0,0.871,0.0,5.0,1.634,3.871,26.61,-53.39,True,36.41,-43.59,True,49.83,-30.17,True
2805505,30.77,40.54,80.0,Poço Verde,SE,176.0,0.886,0.0,5.0,1.634,3.21,40.54,-39.46,True,50.34,-29.66,True,59.8,-20.2,True
2805604,23.53,16.87,80.0,Porto da Folha,SE,249.0,0.916,0.0,-5.0,1.634,-2.045,16.87,-63.13,True,26.67,-53.33,True,4.6,-75.4,True
2805703,19.64,29.59,80.0,Propriá,SE,222.0,0.887,1.0,5.0,1.634,3.405,29.59,-50.41,True,39.39,-40.61,True,50.02,-29.98,True
2805802,37.96,34.65,80.0,Riachão do Dantas,SE,135.0,0.926,0.0,-3.31,1.634,-0.358,34.65,-45.35,True,44.45,-35.55,True,32.5,-47.5,True
2805901,11.32,31.48,80.0,Riachuelo,SE,93.0,0.989,0.0,5.0,1.634,2.702,31.48,-48.52,True,41.28,-38.72,True,47.69,-32.31,True
2806008,33.67,38.48,80.0,Ribeirópolis,SE,119.0,0.941,0.0,4.81,1.634,2.819,38.48,-41.52,True,48.28,-31.72,True,55.39,-24.61,True
2806107,39.18,39.01,80.0,Rosário do Catete,SE,137.0,0.949,0.0,-0.17,1.634,0.901,39.01,-40.99,True,48.81,-31.19,True,44.41,-35.59,True
2806206,33.77,44.89,80.0,Salgado,SE,189.0,0.931,0.0,5.0,1.634,3.269,44.89,-35.11,True,54.69,-25.31,True,64.51,-15.49,True
2806305,25.9,22.15,80.0,Santa Luzia do Itanhy,SE,132.0,0.939,0.0,-3.75,1.634,-0.507,22.15,-57.85,True,31.95,-48.05,True,19.11,-60.89,True
2806404,28.89,22.21,80.0,Santana do São Francisco,SE,96.0,0.948,0.0,-5.0,1.634,-0.517,22.21,-57.79,True,32.01,-47.99,True,19.11,-60.89,True
2806602,34.57,26.79,80.0,Santo Amaro das Brotas,SE,101.0,1.0,0.0,-5.0,1.634,-0.592,26.79,-53.21,True,36.59,-43.41,True,23.24,-56.76,True
2806701,55.87,68.53,80.0,São Cristóvão,SE,829.0,0.971,1.0,5.0,1.634,4.346,68.53,-11.47,True,78.33,-1.67,True,94.6,14.6,False
2807105,33.19,30.35,80.0,Simão Dias,SE,376.0,0.963,0.0,-2.84,1.634,-1.286,30.35,-49.65,True,40.15,-39.85,True,22.63,-57.37,True
2807204,47.06,52.4,80.0,Siriri,SE,81.0,0.877,0.0,5.0,1.634,2.604,52.4,-27.6,True,62.2,-17.8,True,68.03,-11.97,True
2807402,41.9,46.26,80.0,Tobias Barreto,SE,429.0,0.97,0.0,4.36,1.634,3.493,46.26,-33.74,True,56.06,-23.94,True,67.22,-12.78,True
2807501,42.86,40.43,80.0,Tomar do Geru,SE,119.0,0.966,0.0,-2.43,1.634,0.118,40.43,-39.57,True,50.23,-29.77,True,41.14,-38.86,True
2807600,25.4,39.34,80.0,Umbaúba,SE,213.0,0.864,0.0,5.0,1.634,3.37,39.34,-40.66,True,49.14,-30.86,True,59.56,-20.44,True
2900207,28.28,18.24,80.0,Abaré,BA,162.0,0.981,0.0,-5.0,-0.289,-2.397,18.24,-61.76,True,16.5,-63.5,True,3.86,-76.14,True
2900306,19.7,59.14,80.0,Acajutiba,BA,102.0,0.912,0.0,5.0,-0.289,1.497,59.14,-20.86,True,57.4,-22.6,True,68.12,-11.88,True
2900355,44.68,42.45,80.0,Adustina,BA,145.0,0.959,0.0,-2.23,-0.289,-1.105,42.45,-37.55,True,40.71,-39.29,True,35.82,-44.18,True
2900405,21.0,30.43,80.0,Água Fria,BA,74.0,0.932,0.0,5.0,-0.289,1.139,30.43,-49.57,True,28.69,-51.31,True,37.27,-42.73,True
2900603,29.26,26.32,80.0,Aiquara,BA,63.0,0.905,0.0,-2.94,-0.289,-0.924,26.32,-53.68,True,24.58,-55.42,True,20.77,-59.23,True
2900702,33.57,36.64,80.0,Alagoinhas,BA,1097.0,0.901,1.0,3.07,-0.289,2.552,36.64,-43.36,True,34.9,-45.1,True,51.95,-28.05,True
2900801,45.33,29.6,80.0,Alcobaça,BA,277.0,0.903,0.0,-5.0,-0.289,-3.025,29.6,-50.4,True,27.86,-52.14,True,11.45,-68.55,True
2901007,51.07,51.0,80.0,Amargosa,BA,283.0,0.88,0.0,-0.07,-0.289,-0.161,51.0,-29.0,True,49.26,-30.74,True,50.04,-29.96,True
2901106,37.49,47.14,80.0,Amélia Rodrigues,BA,141.0,0.993,0.0,5.0,-0.289,1.898,47.14,-32.86,True,45.4,-34.6,True,58.53,-21.47,True
2901155,32.19,43.23,80.0,América Dourada,BA,198.0,0.97,0.0,5.0,-0.289,2.342,43.23,-36.77,True,41.49,-38.51,True,57.28,-22.72,True
2901205,36.54,32.17,80.0,Anagé,BA,121.0,0.95,0.0,-4.37,-0.289,-1.827,32.17,-47.83,True,30.43,-49.57,True,21.21,-58.79,True
2901304,44.8,47.79,80.0,Andaraí,BA,144.0,0.944,0.0,2.99,-0.289,1.083,47.79,-32.21,True,46.05,-33.95,True,54.29,-25.71,True
2901353,32.96,28.44,80.0,Andorinha,BA,112.0,0.973,0.0,-4.52,-0.289,-1.808,28.44,-51.56,True,26.7,-53.3,True,17.59,-62.41,True
2901403,38.05,28.44,80.0,Angical,BA,134.0,0.813,0.0,-5.0,-0.289,-2.179,28.44,-51.56,True,26.7,-53.3,True,15.36,-64.64,True
2901502,38.74,55.95,80.0,Anguera,BA,85.0,0.988,0.0,5.0,-0.289,1.288,55.95,-24.05,True,54.21,-25.79,True,63.68,-16.32,True
2901601,44.12,23.17,80.0,Antas,BA,90.0,0.911,0.0,-5.0,-0.289,-1.751,23.17,-56.83,True,21.43,-58.57,True,12.66,-67.34,True
2901700,33.89,25.76,80.0,Antônio Cardoso,BA,69.0,0.957,0.0,-5.0,-0.289,-1.498,25.76,-54.24,True,24.02,-55.98,True,16.77,-63.23,True
2901809,32.58,25.32,80.0,Antônio Gonçalves,BA,82.0,0.963,0.0,-5.0,-0.289,-1.659,25.32,-54.68,True,23.58,-56.42,True,15.37,-64.63,True
2901908,17.78,16.52,80.0,Aporá,BA,238.0,0.966,0.0,-1.26,-0.289,-0.817,16.52,-63.48,True,14.78,-65.22,True,11.62,-68.38,True
2901957,37.0,43.24,80.0,Apuarema,BA,83.0,0.892,0.0,5.0,-0.289,1.262,43.24,-36.76,True,41.5,-38.5,True,50.81,-29.19,True
2902005,41.95,28.92,80.0,Aracatu,BA,87.0,0.954,0.0,-5.0,-0.289,-1.717,28.92,-51.08,True,27.18,-52.82,True,18.62,-61.38,True
2902054,36.67,38.26,80.0,Araças,BA,117.0,0.983,0.0,1.59,-0.289,0.404,38.26,-41.74,True,36.52,-43.48,True,40.69,-39.31,True
2902104,20.27,24.47,80.0,Araci,BA,363.0,0.912,0.0,4.2,-0.289,2.605,24.47,-55.53,True,22.73,-57.27,True,40.1,-39.9,True
2902203,21.73,17.95,80.0,Aramari,BA,87.0,0.897,0.0,-3.78,-0.289,-1.347,17.95,-62.05,True,16.21,-63.79,True,9.87,-70.13,True
2902252,16.86,13.11,80.0,Arataca,BA,77.0,0.792,0.0,-3.75,-0.289,-1.251,13.11,-66.89,True,11.37,-68.63,True,5.6,-74.4,True
2902302,47.9,60.0,80.0,Aratuípe,BA,112.0,0.714,0.0,5.0,-0.289,1.609,60.0,-20.0,True,58.26,-21.74,True,69.66,-10.34,True
2902401,42.65,33.61,80.0,Aurelino Leal,BA,129.0,0.946,0.0,-5.0,-0.289,-2.136,33.61,-46.39,True,31.87,-48.13,True,20.79,-59.21,True
2902500,39.85,35.92,80.0,Baianópolis,BA,160.0,0.888,0.0,-3.93,-0.289,-1.907,35.92,-44.08,True,34.18,-45.82,True,24.48,-55.52,True
2902609,36.29,36.78,80.0,Baixa Grande,BA,97.0,0.897,0.0,0.49,-0.289,-0.035,36.78,-43.22,True,35.04,-44.96,True,36.57,-43.43,True
2902658,40.8,36.73,80.0,Banzaê,BA,167.0,0.898,0.0,-4.07,-0.289,-2.01,36.73,-43.27,True,34.99,-45.01,True,24.67,-55.33,True
2902708,26.84,28.48,80.0,Barra,BA,537.0,0.883,0.0,1.64,-0.289,1.116,28.48,-51.52,True,26.74,-53.26,True,35.18,-44.82,True
2902807,47.58,47.17,80.0,Barra da Estiva,BA,283.0,0.936,0.0,-0.41,-0.289,-0.36,47.17,-32.83,True,45.43,-34.57,True,45.01,-34.99,True
2902906,36.09,30.6,80.0,Barra do Choça,BA,507.0,0.961,0.0,-5.0,-0.289,-3.667,30.6,-49.4,True,28.86,-51.14,True,8.6,-71.4,True
2903003,39.25,32.43,80.0,Barra do Mendes,BA,117.0,0.949,0.0,-5.0,-0.289,-2.028,32.43,-47.57,True,30.69,-49.31,True,20.26,-59.74,True
2903102,38.14,39.62,80.0,Barra do Rocha,BA,55.0,0.964,0.0,1.48,-0.289,0.092,39.62,-40.38,True,37.88,-42.12,True,40.17,-39.83,True
2903201,37.98,36.09,80.0,Barreiras,BA,1970.0,0.84,1.0,-1.89,-0.289,-1.742,36.09,-43.91,True,34.35,-45.65,True,25.64,-54.36,True
2903235,24.29,29.75,80.0,Barro Alto,BA,123.0,0.984,0.0,5.0,-0.289,1.725,29.75,-50.25,True,28.01,-51.99,True,40.1,-39.9,True
2903276,42.08,46.15,80.0,Barrocas,BA,113.0,0.805,0.0,4.07,-0.289,1.285,46.15,-33.85,True,44.41,-35.59,True,53.86,-26.14,True
2903300,39.29,24.72,80.0,Barro Preto,BA,100.0,0.89,0.0,-5.0,-0.289,-1.86,24.72,-55.28,True,22.98,-57.02,True,13.56,-66.44,True
2903409,35.8,33.93,80.0,Belmonte,BA,186.0,0.903,0.0,-1.87,-0.289,-1.051,33.93,-46.07,True,32.19,-47.81,True,27.62,-52.38,True
2903508,47.6,33.06,80.0,Belo Campo,BA,134.0,0.925,0.0,-5.0,-0.289,-2.179,33.06,-46.94,True,31.32,-48.68,True,19.98,-60.02,True
2903607,22.22,29.82,80.0,Biritinga,BA,61.0,0.934,0.0,5.0,-0.289,0.947,29.82,-50.18,True,28.08,-51.92,True,35.5,-44.5,True
2903706,44.22,46.51,80.0,Boa Nova,BA,134.0,0.963,0.0,2.29,-0.289,0.746,46.51,-33.49,True,44.77,-35.23,True,50.98,-29.02,True
2903805,33.4,32.14,80.0,Boa Vista do Tupim,BA,144.0,0.972,0.0,-1.26,-0.289,-0.696,32.14,-47.86,True,30.4,-49.6,True,27.97,-52.03,True
2903904,33.88,34.55,80.0,Bom Jesus da Lapa,BA,719.0,0.95,0.0,0.67,-0.289,0.461,34.55,-45.45,True,32.81,-47.19,True,37.32,-42.68,True
2903953,41.85,24.44,80.0,Bom Jesus da Serra,BA,97.0,0.928,0.0,-5.0,-0.289,-1.828,24.44,-55.56,True,22.7,-57.3,True,13.47,-66.53,True
2904001,45.05,48.96,80.0,Boninal,BA,98.0,0.98,0.0,3.91,-0.289,1.092,48.96,-31.04,True,47.22,-32.78,True,55.51,-24.49,True
2904050,40.18,34.0,80.0,Bonito,BA,162.0,0.926,0.0,-5.0,-0.289,-2.397,34.0,-46.0,True,32.26,-47.74,True,19.62,-60.38,True
2904100,39.47,32.0,80.0,Boquira,BA,125.0,0.8,0.0,-5.0,-0.289,-2.101,32.0,-48.0,True,30.26,-49.74,True,19.39,-60.61,True
2904209,62.08,47.37,80.0,Botuporã,BA,80.0,0.712,0.0,-5.0,-0.289,-1.635,47.37,-32.63,True,45.63,-34.37,True,37.56,-42.44,True
2904308,53.47,47.62,80.0,Brejões,BA,158.0,0.93,0.0,-5.0,-0.289,-2.368,47.62,-32.38,True,45.88,-34.12,True,33.41,-46.59,True
2904407,41.09,40.43,80.0,Brejolândia,BA,100.0,0.94,0.0,-0.66,-0.289,-0.413,40.43,-39.57,True,38.69,-41.31,True,37.95,-42.05,True
2904506,43.67,60.98,80.0,Brotas de Macaúbas,BA,82.0,1.0,0.0,5.0,-0.289,1.249,60.98,-19.02,True,59.24,-20.76,True,68.47,-11.53,True
2904605,53.28,42.15,80.0,Brumado,BA,596.0,0.919,1.0,-5.0,-0.289,-3.816,42.15,-37.85,True,40.41,-39.59,True,19.25,-60.75,True
2904704,24.27,29.37,80.0,Buerarema,BA,155.0,0.903,0.0,5.0,-0.289,2.02,29.37,-50.63,True,27.63,-52.37,True,41.49,-38.51,True
2904803,48.46,50.0,80.0,Caatiba,BA,52.0,0.962,0.0,1.54,-0.289,0.088,50.0,-30.0,True,48.26,-31.74,True,50.53,-29.47,True
2904902,24.85,33.06,80.0,Cachoeira,BA,270.0,0.896,0.0,5.0,-0.289,2.749,33.06,-46.94,True,31.32,-48.68,True,49.56,-30.44,True
2905008,51.82,47.96,80.0,Caculé,BA,213.0,0.92,1.0,-3.86,-0.289,-2.131,47.96,-32.04,True,46.22,-33.78,True,35.18,-44.82,True
2905107,35.37,36.71,80.0,Caém,BA,82.0,0.963,0.0,1.34,-0.289,0.185,36.71,-43.29,True,34.97,-45.03,True,37.82,-42.18,True
2905206,49.15,39.02,80.0,Caetité,BA,461.0,0.928,0.0,-5.0,-0.289,-3.575,39.02,-40.98,True,37.28,-42.72,True,17.57,-62.43,True
2905305,21.63,30.37,80.0,Cafarnaum,BA,178.0,0.758,0.0,5.0,-0.289,2.201,30.37,-49.63,True,28.63,-51.37,True,43.58,-36.42,True
2905404,36.91,32.87,80.0,Cairu,BA,319.0,0.897,0.0,-4.04,-0.289,-2.595,32.87,-47.13,True,31.13,-48.87,True,17.3,-62.7,True
2905503,21.3,28.19,80.0,Caldeirão Grande,BA,155.0,0.961,0.0,5.0,-0.289,2.02,28.19,-51.81,True,26.45,-53.55,True,40.31,-39.69,True
2905602,34.0,24.61,80.0,Camacan,BA,228.0,0.838,0.0,-5.0,-0.289,-2.799,24.61,-55.39,True,22.87,-57.13,True,7.82,-72.18,True
2905701,33.55,36.56,80.0,Camaçari,BA,2773.0,0.92,1.0,3.01,-0.289,2.788,36.56,-43.44,True,34.82,-45.18,True,53.29,-26.71,True
2905800,25.96,28.39,80.0,Camamu,BA,253.0,0.933,0.0,2.43,-0.289,1.229,28.39,-51.61,True,26.65,-53.35,True,35.77,-44.23,True
2905909,36.68,28.04,80.0,Campo Alegre de Lourdes,BA,228.0,0.829,0.0,-5.0,-0.289,-2.799,28.04,-51.96,True,26.3,-53.7,True,11.25,-68.75,True
2906006,36.78,39.03,80.0,Campo Formoso,BA,646.0,0.958,0.0,2.25,-0.289,1.65,39.03,-40.97,True,37.29,-42.71,True,48.93,-31.07,True
2906105,37.3,29.55,80.0,Canápolis,BA,91.0,0.967,0.0,-5.0,-0.289,-1.762,29.55,-50.45,True,27.81,-52.19,True,18.98,-61.02,True
2906204,29.21,33.73,80.0,Canarana,BA,257.0,0.992,0.0,4.52,-0.289,2.415,33.73,-46.27,True,31.99,-48.01,True,48.22,-31.78,True
2906303,28.98,28.68,80.0,Canavieiras,BA,291.0,0.935,0.0,-0.3,-0.289,-0.296,28.68,-51.32,True,26.94,-53.06,True,26.91,-53.09,True
2906402,30.92,30.77,80.0,Candeal,BA,53.0,0.981,0.0,-0.15,-0.289,-0.26,30.77,-49.23,True,29.03,-50.97,True,29.21,-50.79,True
2906501,32.66,36.67,80.0,Candeias,BA,570.0,0.895,1.0,4.01,-0.289,2.893,36.67,-43.33,True,34.93,-45.07,True,54.03,-25.97,True
2906600,46.72,41.67,80.0,Candiba,BA,123.0,0.976,0.0,-5.0,-0.289,-2.083,41.67,-38.33,True,39.93,-40.07,True,29.17,-50.83,True
2906709,38.1,30.86,80.0,Cândido Sales,BA,202.0,0.802,0.0,-5.0,-0.289,-2.656,30.86,-49.14,True,29.12,-50.88,True,14.92,-65.08,True
2906808,29.69,23.19,80.0,Cansanção,BA,389.0,0.853,0.0,-5.0,-0.289,-3.4,23.19,-56.81,True,21.45,-58.55,True,2.79,-77.21,True
2906824,18.85,30.13,80.0,Canudos,BA,161.0,0.969,0.0,5.0,-0.289,2.07,30.13,-49.87,True,28.39,-51.61,True,42.55,-37.45,True
2906857,35.87,45.45,80.0,Capela do Alto Alegre,BA,73.0,0.904,0.0,5.0,-0.289,1.125,45.45,-34.55,True,43.71,-36.29,True,52.2,-27.8,True
2906873,26.2,29.34,80.0,Capim Grosso,BA,263.0,0.92,0.0,3.14,-0.289,1.659,29.34,-50.66,True,27.6,-52.4,True,39.29,-40.71,True
2906899,46.59,35.56,80.0,Caraíbas,BA,98.0,0.918,0.0,-5.0,-0.289,-1.838,35.56,-44.44,True,33.82,-46.18,True,24.53,-55.47,True
2906907,40.91,49.78,80.0,Caravelas,BA,244.0,0.922,0.0,5.0,-0.289,2.617,49.78,-30.22,True,48.04,-31.96,True,65.48,-14.52,True
2907004,26.67,33.04,80.0,Cardeal da Silva,BA,117.0,0.983,0.0,5.0,-0.289,1.663,33.04,-46.96,True,31.3,-48.7,True,43.02,-36.98,True
2907103,28.55,31.96,80.0,Carinhanha,BA,333.0,0.949,0.0,3.41,-0.289,2.022,31.96,-48.04,True,30.22,-49.78,True,44.09,-35.91,True
2907202,13.13,20.93,80.0,Casa Nova,BA,490.0,0.878,0.0,5.0,-0.289,3.467,20.93,-59.07,True,19.19,-60.81,True,41.73,-38.27,True
2907301,44.01,30.54,80.0,Castro Alves,BA,228.0,0.89,0.0,-5.0,-0.289,-2.799,30.54,-49.46,True,28.8,-51.2,True,13.75,-66.25,True
2907509,43.47,39.39,80.0,Catu,BA,242.0,0.955,1.0,-4.08,-0.289,-2.365,39.39,-40.61,True,37.65,-42.35,True,25.2,-54.8,True
2907558,46.92,50.85,80.0,Caturama,BA,67.0,0.881,0.0,3.93,-0.289,0.77,50.85,-29.15,True,49.11,-30.89,True,55.47,-24.53,True
2907608,30.85,25.64,80.0,Central,BA,78.0,1.0,0.0,-5.0,-0.289,-1.611,25.64,-54.36,True,23.9,-56.1,True,15.97,-64.03,True
2907707,34.56,36.19,80.0,Chorrochó,BA,108.0,0.972,0.0,1.63,-0.289,0.384,36.19,-43.81,True,34.45,-45.55,True,38.49,-41.51,True
2907806,30.93,36.31,80.0,Cícero Dantas,BA,179.0,0.872,0.0,5.0,-0.289,2.209,36.31,-43.69,True,34.57,-45.43,True,49.56,-30.44,True
2907905,27.9,31.09,80.0,Cipó,BA,207.0,0.932,0.0,3.19,-0.289,1.48,31.09,-48.91,True,29.35,-50.65,True,39.97,-40.03,True
2908002,37.24,39.13,80.0,Coaraci,BA,121.0,0.95,0.0,1.89,-0.289,0.532,39.13,-40.87,True,37.39,-42.61,True,42.32,-37.68,True
2908101,48.62,51.69,80.0,Cocos,BA,220.0,0.941,0.0,3.07,-0.289,1.47,51.69,-28.31,True,49.95,-30.05,True,60.51,-19.49,True
2908200,31.68,27.46,80.0,Conceição da Feira,BA,169.0,0.84,0.0,-4.22,-0.289,-2.09,27.46,-52.54,True,25.72,-54.28,True,14.92,-65.08,True
2908309,53.85,41.18,80.0,Conceição do Almeida,BA,67.0,0.761,0.0,-5.0,-0.289,-1.471,41.18,-38.82,True,39.44,-40.56,True,32.35,-47.65,True
2908408,28.58,30.94,80.0,Conceição do Coité,BA,508.0,0.878,0.0,2.36,-0.289,1.612,30.94,-49.06,True,29.2,-50.8,True,40.61,-39.39,True
2908507,34.3,37.5,80.0,Conceição do Jacuípe,BA,265.0,0.785,0.0,3.2,-0.289,1.699,37.5,-42.5,True,35.76,-44.24,True,47.7,-32.3,True
2908606,40.59,28.14,80.0,Conde,BA,186.0,0.898,0.0,-5.0,-0.289,-2.559,28.14,-51.86,True,26.4,-53.6,True,12.78,-67.22,True
2908903,30.95,21.3,80.0,Coração de Maria,BA,199.0,0.849,0.0,-5.0,-0.289,-2.639,21.3,-58.7,True,19.56,-60.44,True,5.47,-74.53,True
2909000,69.32,52.46,80.0,Cordeiros,BA,66.0,0.924,0.0,-5.0,-0.289,-1.458,52.46,-27.54,True,50.72,-29.28,True,43.71,-36.29,True
2909109,47.33,30.71,80.0,Coribe,BA,145.0,0.966,0.0,-5.0,-0.289,-2.269,30.71,-49.29,True,28.97,-51.03,True,17.1,-62.9,True
2909208,28.7,36.04,80.0,Coronel João Sá,BA,119.0,0.933,0.0,5.0,-0.289,1.684,36.04,-43.96,True,34.3,-45.7,True,46.14,-33.86,True
2909307,36.71,26.64,80.0,Correntina,BA,276.0,0.775,0.0,-5.0,-0.289,-3.021,26.64,-53.36,True,24.9,-55.1,True,8.52,-71.48,True
2909406,40.77,41.9,80.0,Cotegipe,BA,113.0,0.929,0.0,1.13,-0.289,0.223,41.9,-38.1,True,40.16,-39.84,True,43.24,-36.76,True
2909505,57.33,34.55,80.0,Cravolândia,BA,59.0,0.932,0.0,-5.0,-0.289,-1.362,34.55,-45.45,True,32.81,-47.19,True,26.38,-53.62,True
2909604,50.31,43.05,80.0,Crisópolis,BA,160.0,0.944,0.0,-5.0,-0.289,-2.383,43.05,-36.95,True,41.31,-38.69,True,28.75,-51.25,True
2909703,44.52,43.75,80.0,Cristópolis,BA,153.0,0.941,0.0,-0.77,-0.289,-0.498,43.75,-36.25,True,42.01,-37.99,True,40.76,-39.24,True
2909802,34.64,33.56,80.0,Cruz das Almas,BA,505.0,0.855,1.0,-1.08,-0.289,-0.856,33.56,-46.44,True,31.82,-48.18,True,28.43,-51.57,True
2909901,29.66,22.94,80.0,Curaçá,BA,402.0,0.965,0.0,-5.0,-0.289,-3.435,22.94,-57.06,True,21.2,-58.8,True,2.33,-77.67,True
2910008,37.81,41.07,80.0,Dário Meira,BA,121.0,0.926,0.0,3.26,-0.289,1.049,41.07,-38.93,True,39.33,-40.67,True,47.36,-32.64,True
2910057,35.5,32.25,80.0,Dias d'Ávila,BA,645.0,0.86,1.0,-3.25,-0.289,-2.549,32.25,-47.75,True,30.51,-49.49,True,16.95,-63.05,True
2910107,48.34,42.74,80.0,Dom Basílio,BA,130.0,0.954,0.0,-5.0,-0.289,-2.145,42.74,-37.26,True,41.0,-39.0,True,29.87,-50.13,True
2910404,41.87,37.25,80.0,Encruzilhada,BA,162.0,0.944,0.0,-4.62,-0.289,-2.227,37.25,-42.75,True,35.51,-44.49,True,23.89,-56.11,True
2910503,19.58,32.55,80.0,Entre Rios,BA,287.0,0.889,0.0,5.0,-0.289,2.828,32.55,-47.45,True,30.81,-49.19,True,49.52,-30.48,True
2910602,19.87,23.96,80.0,Esplanada,BA,378.0,0.95,0.0,4.09,-0.289,2.575,23.96,-56.04,True,22.22,-57.78,True,39.41,-40.59,True
2910701,33.07,32.37,80.0,Euclides da Cunha,BA,465.0,0.933,0.0,-0.7,-0.289,-0.576,32.37,-47.63,True,30.63,-49.37,True,28.91,-51.09,True
2910727,34.62,38.37,80.0,Eunápolis,BA,910.0,0.865,1.0,3.75,-0.289,3.022,38.37,-41.63,True,36.63,-43.37,True,56.5,-23.5,True
2910750,42.51,49.57,80.0,Fátima,BA,121.0,0.967,0.0,5.0,-0.289,1.705,49.57,-30.43,True,47.83,-32.17,True,59.8,-20.2,True
2910776,55.73,45.45,80.0,Feira da Mata,BA,69.0,0.957,0.0,-5.0,-0.289,-1.498,45.45,-34.55,True,43.71,-36.29,True,36.46,-43.54,True
2910800,31.96,33.19,80.0,Feira de Santana,BA,4265.0,0.827,1.0,1.23,-0.289,1.162,33.19,-46.81,True,31.45,-48.55,True,40.16,-39.84,True
2910859,18.28,36.76,80.0,Filadélfia,BA,145.0,0.938,0.0,5.0,-0.289,1.934,36.76,-43.24,True,35.02,-44.98,True,48.36,-31.64,True
2911006,15.12,41.03,80.0,Floresta Azul,BA,79.0,0.987,0.0,5.0,-0.289,1.208,41.03,-38.97,True,39.29,-40.71,True,48.28,-31.72,True
2911105,19.66,28.21,80.0,Formosa do Rio Preto,BA,263.0,0.89,0.0,5.0,-0.289,2.715,28.21,-51.79,True,26.47,-53.53,True,44.5,-35.5,True
2911204,33.26,47.2,80.0,Gandu,BA,237.0,0.903,0.0,5.0,-0.289,2.579,47.2,-32.8,True,45.46,-34.54,True,62.68,-17.32,True
2911303,45.07,54.32,80.0,Gentio do Ouro,BA,82.0,0.988,0.0,5.0,-0.289,1.249,54.32,-25.68,True,52.58,-27.42,True,61.81,-18.19,True
2911402,35.91,29.69,80.0,Glória,BA,86.0,0.988,0.0,-5.0,-0.289,-1.706,29.69,-50.31,True,27.95,-52.05,True,19.46,-60.54,True
2911501,27.74,50.0,80.0,Gongogi,BA,74.0,0.919,0.0,5.0,-0.289,1.139,50.0,-30.0,True,48.26,-31.74,True,56.84,-23.16,True
2911600,36.92,29.08,80.0,Governador Mangabeira,BA,157.0,0.898,0.0,-5.0,-0.289,-2.361,29.08,-50.92,True,27.34,-52.66,True,14.91,-65.09,True
2911659,29.2,36.78,80.0,Guajeru,BA,89.0,0.978,0.0,5.0,-0.289,1.34,36.78,-43.22,True,35.04,-44.96,True,44.82,-35.18,True
2911709,48.58,46.39,80.0,Guanambi,BA,815.0,0.952,1.0,-2.19,-0.289,-1.815,46.39,-33.61,True,44.65,-35.35,True,35.5,-44.5,True
2911808,22.69,22.64,80.0,Guaratinga,BA,173.0,0.919,0.0,-0.05,-0.289,-0.178,22.64,-57.36,True,20.9,-59.1,True,21.57,-58.43,True
2911857,31.4,36.36,80.0,Heliópolis,BA,93.0,0.71,0.0,4.96,-0.289,1.377,36.36,-43.64,True,34.62,-45.38,True,44.62,-35.38,True
2911907,22.93,28.52,80.0,Iaçu,BA,269.0,0.978,0.0,5.0,-0.289,2.744,28.52,-51.48,True,26.78,-53.22,True,44.99,-35.01,True
2912004,65.01,61.19,80.0,Ibiassucê,BA,67.0,1.0,0.0,-3.82,-0.289,-1.175,61.19,-18.81,True,59.45,-20.55,True,54.14,-25.86,True
2912103,34.21,37.95,80.0,Ibicaraí,BA,171.0,0.971,0.0,3.74,-0.289,1.568,37.95,-42.05,True,36.21,-43.79,True,47.36,-32.64,True
2912202,27.86,32.53,80.0,Ibicoara,BA,277.0,0.899,0.0,4.67,-0.289,2.591,32.53,-47.47,True,30.79,-49.21,True,48.07,-31.93,True
2912301,58.94,50.0,80.0,Ibicuí,BA,90.0,0.933,0.0,-5.0,-0.289,-1.751,50.0,-30.0,True,48.26,-31.74,True,39.49,-40.51,True
2912400,29.8,36.88,80.0,Ibipeba,BA,179.0,0.894,0.0,5.0,-0.289,2.209,36.88,-43.12,True,35.14,-44.86,True,50.13,-29.87,True
2912509,44.17,46.81,80.0,Ibipitanga,BA,101.0,0.931,0.0,2.64,-0.289,0.694,46.81,-33.19,True,45.07,-34.93,True,50.97,-29.03,True
2912707,31.23,22.06,80.0,Ibirapitanga,BA,221.0,0.923,0.0,-5.0,-0.289,-2.762,22.06,-57.94,True,20.32,-59.68,True,5.49,-74.51,True
2912806,60.48,37.84,80.0,Ibirapuã,BA,151.0,0.98,0.0,-5.0,-0.289,-2.316,37.84,-42.16,True,36.1,-43.9,True,23.95,-56.05,True
2912905,32.79,37.44,80.0,Ibirataia,BA,207.0,0.942,0.0,4.65,-0.289,2.223,37.44,-42.56,True,35.7,-44.3,True,50.78,-29.22,True
2913002,62.17,37.36,80.0,Ibitiara,BA,92.0,0.989,0.0,-5.0,-0.289,-1.773,37.36,-42.64,True,35.62,-44.38,True,26.72,-53.28,True
2913101,26.1,28.0,80.0,Ibititá,BA,103.0,0.971,0.0,1.9,-0.289,0.455,28.0,-52.0,True,26.26,-53.74,True,30.73,-49.27,True
2913200,42.38,32.87,80.0,Ibotirama,BA,313.0,0.923,0.0,-5.0,-0.289,-3.163,32.87,-47.13,True,31.13,-48.87,True,13.89,-66.11,True
2913408,57.17,42.57,80.0,Igaporã,BA,109.0,0.927,0.0,-5.0,-0.289,-1.951,42.57,-37.43,True,40.83,-39.17,True,30.86,-49.14,True
2913457,30.3,43.64,80.0,Igrapiúna,BA,61.0,0.902,0.0,5.0,-0.289,0.947,43.64,-36.36,True,41.9,-38.1,True,49.32,-30.68,True
2913507,49.55,31.48,80.0,Iguaí,BA,111.0,0.973,0.0,-5.0,-0.289,-1.971,31.48,-48.52,True,29.74,-50.26,True,19.66,-60.34,True
2913606,32.25,26.35,80.0,Ilhéus,BA,1572.0,0.877,1.0,-5.0,-0.289,-4.468,26.35,-53.65,True,24.61,-55.39,True,0.0,-80.0,True
2913705,29.49,30.13,80.0,Inhambupe,BA,283.0,0.809,0.0,0.64,-0.289,0.255,30.13,-49.87,True,28.39,-51.61,True,31.66,-48.34,True
2913804,34.83,46.51,80.0,Ipecaetá,BA,91.0,0.945,0.0,5.0,-0.289,1.365,46.51,-33.49,True,44.77,-35.23,True,54.7,-25.3,True
2913903,33.64,25.15,80.0,Ipiaú,BA,338.0,0.964,0.0,-5.0,-0.289,-3.249,25.15,-54.85,True,23.41,-56.59,True,5.66,-74.34,True
2914000,29.98,34.46,80.0,Ipirá,BA,454.0,0.914,0.0,4.48,-0.289,3.022,34.46,-45.54,True,32.72,-47.28,True,52.59,-27.41,True
2914109,66.75,59.15,80.0,Ipupiara,BA,73.0,0.973,0.0,-5.0,-0.289,-1.549,59.15,-20.85,True,57.41,-22.59,True,49.86,-30.14,True
2914406,38.87,44.24,80.0,Iraquara,BA,285.0,0.944,0.0,5.0,-0.289,2.819,44.24,-35.76,True,42.5,-37.5,True,61.15,-18.85,True
2914604,42.02,46.83,80.0,Irecê,BA,620.0,0.968,1.0,4.81,-0.289,3.566,46.83,-33.17,True,45.09,-34.91,True,68.23,-11.77,True
2914653,31.1,24.92,80.0,Itabela,BA,342.0,0.915,0.0,-5.0,-0.289,-3.262,24.92,-55.08,True,23.18,-56.82,True,5.35,-74.65,True
2914703,42.22,41.07,80.0,Itaberaba,BA,452.0,0.83,0.0,-1.15,-0.289,-0.886,41.07,-38.93,True,39.33,-40.67,True,35.75,-44.25,True
2914802,31.6,29.75,80.0,Itabuna,BA,1092.0,0.853,1.0,-1.85,-0.289,-1.608,29.75,-50.25,True,28.01,-51.99,True,20.1,-59.9,True
2914901,32.32,31.19,80.0,Itacaré,BA,254.0,0.858,0.0,-1.13,-0.289,-0.76,31.19,-48.81,True,29.45,-50.55,True,26.63,-53.37,True
2915007,41.31,45.45,80.0,Itaeté,BA,116.0,0.948,0.0,4.14,-0.289,1.337,45.45,-34.55,True,43.71,-36.29,True,53.47,-26.53,True
2915106,37.75,23.53,80.0,Itagi,BA,122.0,0.975,0.0,-5.0,-0.289,-2.074,23.53,-56.47,True,21.79,-58.21,True,11.09,-68.91,True
2915205,36.92,44.21,80.0,Itagibá,BA,230.0,0.826,0.0,5.0,-0.289,2.54,44.21,-35.79,True,42.47,-37.53,True,59.45,-20.55,True
2915304,32.81,25.0,80.0,Itagimirim,BA,86.0,0.93,1.0,-5.0,-0.289,-1.706,25.0,-55.0,True,23.26,-56.74,True,14.77,-65.23,True
2915353,20.89,32.8,80.0,Itaguaçu da Bahia,BA,129.0,0.969,0.0,5.0,-0.289,1.785,32.8,-47.2,True,31.06,-48.94,True,43.51,-36.49,True
2915403,20.17,15.25,80.0,Itaju do Colônia,BA,79.0,0.747,0.0,-4.92,-0.289,-1.6,15.25,-64.75,True,13.51,-66.49,True,5.65,-74.35,True
2915502,34.37,34.09,80.0,Itajuípe,BA,95.0,0.926,0.0,-0.28,-0.289,-0.286,34.09,-45.91,True,32.35,-47.65,True,32.37,-47.63,True
2915601,44.07,37.41,80.0,Itamaraju,BA,615.0,0.904,0.0,-5.0,-0.289,-3.844,37.41,-42.59,True,35.67,-44.33,True,14.35,-65.65,True
2915700,59.67,36.76,80.0,Itamari,BA,70.0,0.971,0.0,-5.0,-0.289,-1.511,36.76,-43.24,True,35.02,-44.98,True,27.7,-52.3,True
2915809,22.21,26.98,80.0,Itambé,BA,274.0,0.92,0.0,4.77,-0.289,2.635,26.98,-53.02,True,25.24,-54.76,True,42.79,-37.21,True
2916104,38.25,28.57,80.0,Itaparica,BA,239.0,0.879,0.0,-5.0,-0.289,-2.854,28.57,-51.43,True,26.83,-53.17,True,11.45,-68.55,True
2916203,30.59,35.38,80.0,Itapé,BA,70.0,0.929,0.0,4.79,-0.289,1.028,35.38,-44.62,True,33.64,-46.36,True,41.55,-38.45,True
2916302,14.97,23.44,80.0,Itapebi,BA,78.0,0.821,0.0,5.0,-0.289,1.195,23.44,-56.56,True,21.7,-58.3,True,30.61,-49.39,True
2916401,39.63,32.22,80.0,Itapetinga,BA,579.0,0.927,1.0,-5.0,-0.289,-3.791,32.22,-47.78,True,30.48,-49.52,True,9.48,-70.52,True
2916500,28.08,51.23,80.0,Itapicuru,BA,335.0,0.973,0.0,5.0,-0.289,3.023,51.23,-28.77,True,49.49,-30.51,True,69.37,-10.63,True
2916609,31.02,36.62,80.0,Itapitanga,BA,75.0,0.947,0.0,5.0,-0.289,1.153,36.62,-43.38,True,34.88,-45.12,True,43.54,-36.46,True
2916708,34.36,34.25,80.0,Itaquara,BA,74.0,0.986,0.0,-0.11,-0.289,-0.241,34.25,-45.75,True,32.51,-47.49,True,32.8,-47.2,True
2916807,38.17,41.07,80.0,Itarantim,BA,130.0,0.862,0.0,2.9,-0.289,0.967,41.07,-38.93,True,39.33,-40.67,True,46.87,-33.13,True
2916856,51.6,54.22,80.0,Itatim,BA,166.0,1.0,0.0,2.62,-0.289,1.03,54.22,-25.78,True,52.48,-27.52,True,60.4,-19.6,True
2916906,32.86,30.0,80.0,Itiruçu,BA,67.0,0.896,0.0,-2.86,-0.289,-0.934,30.0,-50.0,True,28.26,-51.74,True,24.39,-55.61,True
2917003,27.79,21.05,80.0,Itiúba,BA,263.0,0.939,0.0,-5.0,-0.289,-2.965,21.05,-58.95,True,19.31,-60.69,True,3.26,-76.74,True
2917102,47.4,28.85,80.0,Itororó,BA,108.0,0.963,0.0,-5.0,-0.289,-1.941,28.85,-51.15,True,27.11,-52.89,True,17.2,-62.8,True
2917201,57.52,43.98,80.0,Ituaçu,BA,204.0,0.936,0.0,-5.0,-0.289,-2.668,43.98,-36.02,True,42.24,-37.76,True,27.97,-52.03,True
2917300,44.09,29.17,80.0,Ituberá,BA,128.0,0.938,0.0,-5.0,-0.289,-2.128,29.17,-50.83,True,27.43,-52.57,True,16.4,-63.6,True
2917334,49.03,25.53,80.0,Iuiú,BA,99.0,0.949,0.0,-5.0,-0.289,-1.849,25.53,-54.47,True,23.79,-56.21,True,14.44,-65.56,True
2917359,40.89,43.16,80.0,Jaborandi,BA,102.0,0.931,0.0,2.27,-0.289,0.575,43.16,-36.84,True,41.42,-38.58,True,46.61,-33.39,True
2917409,63.77,56.86,80.0,Jacaraci,BA,125.0,0.816,0.0,-5.0,-0.289,-2.101,56.86,-23.14,True,55.12,-24.88,True,44.25,-35.75,True
2917508,30.73,28.49,80.0,Jacobina,BA,646.0,0.864,0.0,-2.24,-0.289,-1.779,28.49,-51.51,True,26.75,-53.25,True,17.82,-62.18,True
2917607,46.31,53.7,80.0,Jaguaquara,BA,543.0,0.971,0.0,5.0,-0.289,3.576,53.7,-26.3,True,51.96,-28.04,True,75.16,-4.84,True
2917706,30.56,40.77,80.0,Jaguarari,BA,266.0,0.876,0.0,5.0,-0.289,2.73,40.77,-39.23,True,39.03,-40.97,True,57.15,-22.85,True
2917805,25.85,46.85,80.0,Jaguaripe,BA,152.0,0.941,0.0,5.0,-0.289,1.995,46.85,-33.15,True,45.11,-34.89,True,58.82,-21.18,True
2917904,50.51,36.08,80.0,Jandaíra,BA,101.0,0.96,0.0,-5.0,-0.289,-1.87,36.08,-43.92,True,34.34,-45.66,True,24.86,-55.14,True
2918001,37.87,39.48,80.0,Jequié,BA,1090.0,0.85,0.0,1.61,-0.289,1.316,39.48,-40.52,True,37.74,-42.26,True,47.37,-32.63,True
2918100,27.04,29.53,80.0,Jeremoabo,BA,216.0,0.894,0.0,2.49,-0.289,1.154,29.53,-50.47,True,27.79,-52.21,True,36.45,-43.55,True
2918308,24.15,40.82,80.0,Jitaúna,BA,101.0,0.97,0.0,5.0,-0.289,1.486,40.82,-39.18,True,39.08,-40.92,True,49.73,-30.27,True
2918357,34.64,53.15,80.0,João Dourado,BA,271.0,0.937,0.0,5.0,-0.289,2.754,53.15,-26.85,True,51.41,-28.59,True,69.67,-10.33,True
2918407,31.18,29.31,80.0,Juazeiro,BA,2735.0,0.912,1.0,-1.87,-0.289,-1.762,29.31,-50.69,True,27.57,-52.43,True,18.74,-61.26,True
2918506,23.19,43.44,80.0,Jussara,BA,130.0,0.938,0.0,5.0,-0.289,1.794,43.44,-36.56,True,41.7,-38.3,True,54.21,-25.79,True
2918555,35.85,31.58,80.0,Jussari,BA,62.0,0.919,0.0,-4.27,-0.289,-1.231,31.58,-48.42,True,29.84,-50.16,True,24.19,-55.81,True
2918803,46.61,45.45,80.0,Laje,BA,120.0,0.917,0.0,-1.16,-0.289,-0.616,45.45,-34.55,True,43.71,-36.29,True,41.76,-38.24,True
2919058,55.06,43.1,80.0,Lajedo do Tabocal,BA,59.0,0.983,0.0,-5.0,-0.289,-1.362,43.1,-36.9,True,41.36,-38.64,True,34.93,-45.07,True
2919157,25.08,25.25,80.0,Lapão,BA,311.0,0.968,0.0,0.17,-0.289,-0.01,25.25,-54.75,True,23.51,-56.49,True,25.19,-54.81,True
2919207,29.63,28.75,80.0,Lauro de Freitas,BA,1512.0,0.847,1.0,-0.88,-0.289,-0.811,28.75,-51.25,True,27.01,-52.99,True,23.88,-56.12,True
2919306,36.17,37.66,80.0,Lençóis,BA,90.0,0.856,0.0,1.49,-0.289,0.263,37.66,-42.34,True,35.92,-44.08,True,39.24,-40.76,True
2919405,75.0,65.48,80.0,Licínio de Almeida,BA,95.0,0.884,0.0,-5.0,-0.289,-1.806,65.48,-14.52,True,63.74,-16.26,True,54.64,-25.36,True
2919504,38.43,38.06,80.0,Livramento de Nossa Senhora,BA,422.0,0.953,0.0,-0.37,-0.289,-0.344,38.06,-41.94,True,36.32,-43.68,True,36.0,-44.0,True
2919553,29.41,35.72,80.0,Luís Eduardo Magalhães,BA,1442.0,0.911,1.0,5.0,-0.289,4.356,35.72,-44.28,True,33.98,-46.02,True,61.85,-18.15,True
2919603,18.56,30.14,80.0,Macajuba,BA,153.0,0.954,0.0,5.0,-0.289,2.003,30.14,-49.86,True,28.4,-51.6,True,42.16,-37.84,True
2919702,49.05,44.74,80.0,Macarani,BA,122.0,0.934,0.0,-4.31,-0.289,-1.813,44.74,-35.26,True,43.0,-37.0,True,33.86,-46.14,True
2919801,43.5,31.5,80.0,Macaúbas,BA,281.0,0.972,0.0,-5.0,-0.289,-3.041,31.5,-48.5,True,29.76,-50.24,True,13.25,-66.75,True
2919926,40.71,25.81,80.0,Madre de Deus,BA,197.0,0.944,1.0,-5.0,-0.289,-2.627,25.81,-54.19,True,24.07,-55.93,True,10.05,-69.95,True
2920007,29.83,32.56,80.0,Maiquinique,BA,99.0,0.869,0.0,2.73,-0.289,0.71,32.56,-47.44,True,30.82,-49.18,True,36.82,-43.18,True
2920106,40.81,23.42,80.0,Mairi,BA,120.0,0.925,0.0,-5.0,-0.289,-2.056,23.42,-56.58,True,21.68,-58.32,True,11.09,-68.91,True
2920205,25.23,33.68,80.0,Malhada,BA,193.0,0.984,0.0,5.0,-0.289,2.308,33.68,-46.32,True,31.94,-48.06,True,47.53,-32.47,True
2920304,70.36,70.27,80.0,Malhada de Pedras,BA,80.0,0.925,0.0,-0.09,-0.289,-0.232,70.27,-9.73,True,68.53,-11.47,True,68.88,-11.12,True
2920403,39.54,41.67,80.0,Manoel Vitorino,BA,123.0,0.976,0.0,2.13,-0.289,0.632,41.67,-38.33,True,39.93,-40.07,True,45.46,-34.54,True
2920452,30.7,37.29,80.0,Mansidão,BA,76.0,0.776,0.0,5.0,-0.289,1.167,37.29,-42.71,True,35.55,-44.45,True,44.29,-35.71,True
2920502,52.47,43.58,80.0,Maracás,BA,232.0,0.772,0.0,-5.0,-0.289,-2.819,43.58,-36.42,True,41.84,-38.16,True,26.67,-53.33,True
2920601,47.43,54.49,80.0,Maragogipe,BA,198.0,0.843,0.0,5.0,-0.289,2.342,54.49,-25.51,True,52.75,-27.25,True,68.54,-11.46,True
2920809,21.15,18.57,80.0,Marcionílio Souza,BA,79.0,0.886,0.0,-2.58,-0.289,-0.938,18.57,-61.43,True,16.83,-63.17,True,12.94,-67.06,True
2920908,22.32,26.73,80.0,Mascote,BA,138.0,0.732,0.0,4.41,-0.289,1.629,26.73,-53.27,True,24.99,-55.01,True,36.51,-43.49,True
2921005,54.01,56.92,80.0,Mata de São João,BA,707.0,0.9,1.0,2.91,-0.289,2.205,56.92,-23.08,True,55.18,-24.82,True,70.15,-9.85,True
2921054,41.7,42.52,80.0,Matina,BA,132.0,0.962,0.0,0.82,-0.289,0.152,42.52,-37.48,True,40.78,-39.22,True,43.43,-36.57,True
2921104,51.46,46.9,80.0,Medeiros Neto,BA,255.0,0.886,0.0,-4.56,-0.289,-2.683,46.9,-33.1,True,45.16,-34.84,True,30.8,-49.2,True
2921203,47.8,36.96,80.0,Miguel Calmon,BA,193.0,0.953,0.0,-5.0,-0.289,-2.603,36.96,-43.04,True,35.22,-44.78,True,21.34,-58.66,True
2921302,33.87,46.05,80.0,Milagres,BA,87.0,0.874,0.0,5.0,-0.289,1.314,46.05,-33.95,True,44.31,-35.69,True,53.93,-26.07,True
2921401,33.73,29.41,80.0,Mirangaba,BA,145.0,0.821,0.0,-4.32,-0.289,-1.983,29.41,-50.59,True,27.67,-52.33,True,17.51,-62.49,True
2921450,52.17,46.15,80.0,Mirante,BA,84.0,0.929,0.0,-5.0,-0.289,-1.683,46.15,-33.85,True,44.41,-35.59,True,36.05,-43.95,True
2921500,30.9,27.49,80.0,Monte Santo,BA,290.0,0.866,0.0,-3.41,-0.289,-2.136,27.49,-52.51,True,25.75,-54.25,True,14.67,-65.33,True
2921609,31.78,28.89,80.0,Morpará,BA,91.0,0.989,0.0,-2.89,-0.289,-1.103,28.89,-51.11,True,27.15,-52.85,True,22.27,-57.73,True
2921708,36.21,28.31,80.0,Morro do Chapéu,BA,232.0,0.944,0.0,-5.0,-0.289,-2.819,28.31,-51.69,True,26.57,-53.43,True,11.4,-68.6,True
2921807,68.97,60.0,80.0,Mortugaba,BA,118.0,0.89,0.0,-5.0,-0.289,-2.037,60.0,-20.0,True,58.26,-21.74,True,47.78,-32.22,True
2921906,41.65,38.82,80.0,Mucugê,BA,91.0,0.934,0.0,-2.83,-0.289,-1.084,38.82,-41.18,True,37.08,-42.92,True,32.32,-47.68,True
2922003,49.09,47.96,80.0,Mucuri,BA,420.0,0.933,1.0,-1.13,-0.289,-0.859,47.96,-32.04,True,46.22,-33.78,True,42.81,-37.19,True
2922052,22.47,28.83,80.0,Mulungu do Morro,BA,113.0,0.982,0.0,5.0,-0.289,1.62,28.83,-51.17,True,27.09,-52.91,True,38.55,-41.45,True
2922102,26.61,33.33,80.0,Mundo Novo,BA,130.0,0.969,0.0,5.0,-0.289,1.794,33.33,-46.67,True,31.59,-48.41,True,44.1,-35.9,True
2922201,45.91,41.27,80.0,Muniz Ferreira,BA,64.0,0.984,0.0,-4.64,-0.289,-1.344,41.27,-38.73,True,39.53,-40.47,True,33.21,-46.79,True
2922250,30.98,22.03,80.0,Muquém de São Francisco,BA,132.0,0.894,0.0,-5.0,-0.289,-2.162,22.03,-57.97,True,20.29,-59.71,True,9.06,-70.94,True
2922300,23.34,51.72,80.0,Muritiba,BA,188.0,0.926,0.0,5.0,-0.289,2.274,51.72,-28.28,True,49.98,-30.02,True,65.36,-14.64,True
2922409,58.37,48.92,80.0,Mutuípe,BA,146.0,0.952,0.0,-5.0,-0.289,-2.277,48.92,-31.08,True,47.18,-32.82,True,35.26,-44.74,True
2922607,36.06,50.52,80.0,Nilo Peçanha,BA,98.0,0.99,0.0,5.0,-0.289,1.45,50.52,-29.48,True,48.78,-31.22,True,59.22,-20.78,True
2922656,31.25,26.14,80.0,Nordestina,BA,211.0,0.834,0.0,-5.0,-0.289,-2.708,26.14,-53.86,True,24.4,-55.6,True,9.89,-70.11,True
2922755,50.34,48.98,80.0,Nova Ibiá,BA,53.0,0.925,0.0,-1.36,-0.289,-0.514,48.98,-31.02,True,47.24,-32.76,True,45.9,-34.1,True
2922805,32.97,34.65,80.0,Nova Itarana,BA,106.0,0.953,0.0,1.68,-0.289,0.393,34.65,-45.35,True,32.91,-47.09,True,37.01,-42.99,True
2922904,22.14,31.41,80.0,Nova Soure,BA,250.0,0.968,0.0,5.0,-0.289,2.649,31.41,-48.59,True,29.67,-50.33,True,47.31,-32.69,True
2923001,56.37,37.21,80.0,Nova Viçosa,BA,507.0,0.949,0.0,-5.0,-0.289,-3.667,37.21,-42.79,True,35.47,-44.53,True,15.21,-64.79,True
2923035,60.58,73.17,80.0,Novo Horizonte,BA,88.0,0.932,0.0,5.0,-0.289,1.327,73.17,-6.83,True,71.43,-8.57,True,81.13,1.13,False
2923050,21.75,39.06,80.0,Novo Triunfo,BA,68.0,0.941,0.0,5.0,-0.289,1.053,39.06,-40.94,True,37.32,-42.68,True,45.38,-34.62,True
2923100,34.5,21.29,80.0,Olindina,BA,218.0,0.927,0.0,-5.0,-0.289,-2.746,21.29,-58.71,True,19.55,-60.45,True,4.81,-75.19,True
2923209,38.11,39.29,80.0,Oliveira dos Brejinhos,BA,205.0,0.956,0.0,1.18,-0.289,0.454,39.29,-40.71,True,37.55,-42.45,True,42.02,-37.98,True
2923308,35.94,50.59,80.0,Ouriçangas,BA,90.0,0.944,0.0,5.0,-0.289,1.352,50.59,-29.41,True,48.85,-31.15,True,58.7,-21.3,True
2923357,22.65,34.04,80.0,Ourolândia,BA,186.0,0.758,0.0,5.0,-0.289,2.259,34.04,-45.96,True,32.3,-47.7,True,47.6,-32.4,True
2923407,45.51,35.76,80.0,Palmas de Monte Alto,BA,162.0,0.932,0.0,-5.0,-0.289,-2.397,35.76,-44.24,True,34.02,-45.98,True,21.38,-58.62,True
2923506,43.73,40.45,80.0,Palmeiras,BA,99.0,0.899,0.0,-3.28,-0.289,-1.28,40.45,-39.55,True,38.71,-41.29,True,32.77,-47.23,True
2923605,46.89,48.94,80.0,Paramirim,BA,151.0,0.934,0.0,2.05,-0.289,0.717,48.94,-31.06,True,47.2,-32.8,True,53.24,-26.76,True
2923704,21.13,24.46,80.0,Paratinga,BA,260.0,0.896,0.0,3.33,-0.289,1.756,24.46,-55.54,True,22.72,-57.28,True,35.0,-45.0,True
2923803,51.85,39.8,80.0,Paripiranga,BA,213.0,0.92,0.0,-5.0,-0.289,-2.719,39.8,-40.2,True,38.06,-41.94,True,23.49,-56.51,True
2923902,44.65,34.68,80.0,Pau Brasil,BA,142.0,0.944,0.0,-5.0,-0.289,-2.245,34.68,-45.32,True,32.94,-47.06,True,21.21,-58.79,True
2924009,24.79,30.51,80.0,Paulo Afonso,BA,1112.0,0.849,0.0,5.0,-0.289,4.194,30.51,-49.49,True,28.77,-51.23,True,55.67,-24.33,True
2924207,29.14,20.45,80.0,Pedro Alexandre,BA,134.0,0.985,0.0,-5.0,-0.289,-2.179,20.45,-59.55,True,18.71,-61.29,True,7.37,-72.63,True
2924306,42.2,45.33,80.0,Piatã,BA,183.0,0.82,0.0,3.13,-0.289,1.344,45.33,-34.67,True,43.59,-36.41,True,53.4,-26.6,True
2924405,23.9,22.51,80.0,Pilão Arcado,BA,460.0,0.85,0.0,-1.39,-0.289,-1.056,22.51,-57.49,True,20.77,-59.23,True,16.17,-63.83,True
2924504,71.04,38.33,80.0,Pindaí,BA,126.0,0.952,0.0,-5.0,-0.289,-2.11,38.33,-41.67,True,36.59,-43.41,True,25.67,-54.33,True
2924603,34.17,39.19,80.0,Pindobaçu,BA,226.0,0.982,0.0,5.0,-0.289,2.517,39.19,-40.81,True,37.45,-42.55,True,54.29,-25.71,True
2924652,44.93,55.7,80.0,Pintadas,BA,80.0,0.988,0.0,5.0,-0.289,1.222,55.7,-24.3,True,53.96,-26.04,True,63.03,-16.97,True
2924702,64.26,56.47,80.0,Piripá,BA,89.0,0.955,0.0,-5.0,-0.289,-1.74,56.47,-23.53,True,54.73,-25.27,True,46.03,-33.97,True
2924801,43.07,40.58,80.0,Piritiba,BA,145.0,0.952,0.0,-2.49,-0.289,-1.214,40.58,-39.42,True,38.84,-41.16,True,33.29,-46.71,True
2924900,53.78,42.86,80.0,Planaltino,BA,64.0,0.875,0.0,-5.0,-0.289,-1.431,42.86,-37.14,True,41.12,-38.88,True,34.27,-45.73,True
2925006,40.09,24.31,80.0,Planalto,BA,196.0,0.923,0.0,-5.0,-0.289,-2.621,24.31,-55.69,True,22.57,-57.43,True,8.58,-71.42,True
2925105,44.01,42.93,80.0,Poções,BA,425.0,0.915,0.0,-1.08,-0.289,-0.827,42.93,-37.07,True,41.19,-38.81,True,37.97,-42.03,True
2925204,60.54,51.55,80.0,Pojuca,BA,323.0,0.901,1.0,-5.0,-0.289,-3.199,51.55,-28.45,True,49.81,-30.19,True,32.36,-47.64,True
2925253,23.17,36.99,80.0,Ponto Novo,BA,181.0,0.956,0.0,5.0,-0.289,2.223,36.99,-43.01,True,35.25,-44.75,True,50.33,-29.67,True
2925303,46.72,45.5,80.0,Porto Seguro,BA,2320.0,0.948,0.0,-1.22,-0.289,-1.146,45.5,-34.5,True,43.76,-36.24,True,38.62,-41.38,True
2925402,27.88,27.54,80.0,Potiraguá,BA,75.0,0.92,0.0,-0.34,-0.289,-0.303,27.54,-52.46,True,25.8,-54.2,True,25.72,-54.28,True
2925501,34.88,28.97,80.0,Prado,BA,474.0,0.825,0.0,-5.0,-0.289,-3.602,28.97,-51.03,True,27.23,-52.77,True,7.36,-72.64,True
2925600,21.28,20.0,80.0,Presidente Dutra,BA,105.0,0.952,0.0,-1.28,-0.289,-0.63,20.0,-60.0,True,18.26,-61.74,True,16.22,-63.78,True
2925709,30.41,31.78,80.0,Presidente Jânio Quadros,BA,119.0,0.899,0.0,1.37,-0.289,0.33,31.78,-48.22,True,30.04,-49.96,True,33.76,-46.24,True
2925808,27.35,30.32,80.0,Queimadas,BA,197.0,0.954,0.0,2.97,-0.289,1.328,30.32,-49.68,True,28.58,-51.42,True,38.29,-41.71,True
2925907,38.46,34.85,80.0,Quijingue,BA,136.0,0.971,0.0,-3.61,-0.289,-1.633,34.85,-45.15,True,33.11,-46.89,True,25.05,-54.95,True
2925931,38.72,75.47,80.0,Quixabeira,BA,55.0,0.964,0.0,5.0,-0.289,0.852,75.47,-4.53,True,73.73,-6.27,True,80.58,0.58,False
2925956,48.41,33.53,80.0,Rafael Jambeiro,BA,207.0,0.836,0.0,-5.0,-0.289,-2.685,33.53,-46.47,True,31.79,-48.21,True,17.42,-62.58,True
2926004,25.1,35.26,80.0,Remanso,BA,356.0,0.924,0.0,5.0,-0.289,3.097,35.26,-44.74,True,33.52,-46.48,True,53.84,-26.16,True
2926103,18.48,23.58,80.0,Retirolândia,BA,125.0,0.984,0.0,5.0,-0.289,1.745,23.58,-56.42,True,21.84,-58.16,True,34.05,-45.95,True
2926301,38.41,38.37,80.0,Riachão do Jacuípe,BA,195.0,0.882,0.0,-0.04,-0.289,-0.166,38.37,-41.63,True,36.63,-43.37,True,37.37,-42.63,True
2926400,42.15,52.53,80.0,Riacho de Santana,BA,229.0,0.865,0.0,5.0,-0.289,2.534,52.53,-27.47,True,50.79,-29.21,True,67.73,-12.27,True
2926509,28.72,33.95,80.0,Ribeira do Amparo,BA,170.0,0.953,0.0,5.0,-0.289,2.141,33.95,-46.05,True,32.21,-47.79,True,46.8,-33.2,True
2926608,34.39,40.72,80.0,Ribeira do Pombal,BA,555.0,0.903,0.0,5.0,-0.289,3.599,40.72,-39.28,True,38.98,-41.02,True,62.31,-17.69,True
2926657,47.25,52.63,80.0,Ribeirão do Largo,BA,82.0,0.927,0.0,5.0,-0.289,1.249,52.63,-27.37,True,50.89,-29.11,True,60.12,-19.88,True
2926707,50.44,55.74,80.0,Rio de Contas,BA,131.0,0.931,0.0,5.0,-0.289,1.804,55.74,-24.26,True,54.0,-26.0,True,66.56,-13.44,True
2926806,62.54,43.82,80.0,Rio do Antônio,BA,91.0,0.978,0.0,-5.0,-0.289,-1.762,43.82,-36.18,True,42.08,-37.92,True,33.25,-46.75,True
2927002,40.97,33.21,80.0,Rio Real,BA,310.0,0.865,0.0,-5.0,-0.289,-3.153,33.21,-46.79,True,31.47,-48.53,True,14.29,-65.71,True
2927101,23.27,26.35,80.0,Rodelas,BA,175.0,0.926,0.0,3.08,-0.289,1.283,26.35,-53.65,True,24.61,-55.39,True,34.05,-45.95,True
2927200,38.25,27.94,80.0,Ruy Barbosa,BA,251.0,0.984,0.0,-5.0,-0.289,-2.911,27.94,-52.06,True,26.2,-53.8,True,10.47,-69.53,True
2927309,47.81,45.77,80.0,Salinas da Margarida,BA,212.0,0.948,0.0,-2.04,-0.289,-1.19,45.77,-34.23,True,44.03,-35.97,True,38.63,-41.37,True
2927408,39.16,36.75,80.0,Salvador,BA,13831.0,0.879,1.0,-2.41,-0.289,-2.38,36.75,-43.25,True,35.01,-44.99,True,22.47,-57.53,True
2927507,21.01,31.58,80.0,Santa Bárbara,BA,144.0,0.924,0.0,5.0,-0.289,1.925,31.58,-48.42,True,29.84,-50.16,True,43.13,-36.87,True
2927606,25.65,28.39,80.0,Santa Brígida,BA,172.0,0.901,0.0,2.74,-0.289,1.111,28.39,-51.61,True,26.65,-53.35,True,35.06,-44.94,True
2927705,40.45,37.36,80.0,Santa Cruz Cabrália,BA,389.0,0.936,0.0,-3.09,-0.289,-2.139,37.36,-42.64,True,35.62,-44.38,True,24.53,-55.47,True
2927804,45.13,37.04,80.0,Santa Cruz da Vitória,BA,57.0,0.947,0.0,-5.0,-0.289,-1.334,37.04,-42.96,True,35.3,-44.7,True,29.04,-50.96,True
2927903,47.34,47.31,80.0,Santa Inês,BA,97.0,0.959,0.0,-0.03,-0.289,-0.205,47.31,-32.69,True,45.57,-34.43,True,46.08,-33.92,True
2928000,25.08,29.15,80.0,Santaluz,BA,213.0,0.934,0.0,4.07,-0.289,1.959,29.15,-50.85,True,27.41,-52.59,True,40.9,-39.1,True
2928059,33.46,28.42,80.0,Santa Luzia,BA,115.0,0.826,0.0,-5.0,-0.289,-2.009,28.42,-51.58,True,26.68,-53.32,True,16.37,-63.63,True
2928109,32.33,26.29,80.0,Santa Maria da Vitória,BA,315.0,0.797,0.0,-5.0,-0.289,-3.171,26.29,-53.71,True,24.55,-55.45,True,7.27,-72.73,True
2928208,29.91,38.7,80.0,Santana,BA,246.0,0.935,0.0,5.0,-0.289,2.628,38.7,-41.3,True,36.96,-43.04,True,54.47,-25.53,True
2928307,26.96,22.95,80.0,Santanópolis,BA,74.0,0.824,0.0,-4.01,-0.289,-1.294,22.95,-57.05,True,21.21,-58.79,True,15.19,-64.81,True
2928406,46.95,32.05,80.0,Santa Rita de Cássia,BA,272.0,0.952,0.0,-5.0,-0.289,-3.004,32.05,-47.95,True,30.31,-49.69,True,14.03,-65.97,True
2928505,26.63,27.63,80.0,Santa Teresinha,BA,79.0,0.962,0.0,1.0,-0.289,0.076,27.63,-52.37,True,25.89,-54.11,True,28.08,-51.92,True
2928604,43.81,36.96,80.0,Santo Amaro,BA,429.0,0.921,0.0,-5.0,-0.289,-3.502,36.96,-43.04,True,35.22,-44.78,True,15.95,-64.05,True
2928703,33.47,40.9,80.0,Santo Antônio de Jesus,BA,568.0,0.822,1.0,5.0,-0.289,3.623,40.9,-39.1,True,39.16,-40.84,True,62.64,-17.36,True
2928802,32.65,31.86,80.0,Santo Estêvão,BA,538.0,0.928,0.0,-0.79,-0.289,-0.654,31.86,-48.14,True,30.12,-49.88,True,27.93,-52.07,True
2928901,44.69,54.07,80.0,São Desidério,BA,317.0,0.968,0.0,5.0,-0.289,2.954,54.07,-25.93,True,52.33,-27.67,True,71.79,-8.21,True
2928950,25.27,52.94,80.0,São Domingos,BA,56.0,0.911,0.0,5.0,-0.289,0.868,52.94,-27.06,True,51.2,-28.8,True,58.15,-21.85,True
2929008,32.07,31.33,80.0,São Félix,BA,87.0,0.954,0.0,-0.74,-0.289,-0.426,31.33,-48.67,True,29.59,-50.41,True,28.77,-51.23,True
2929057,54.89,36.59,80.0,São Félix do Coribe,BA,171.0,0.959,0.0,-5.0,-0.289,-2.461,36.59,-43.41,True,34.85,-45.15,True,21.83,-58.17,True
2929107,45.9,41.13,80.0,São Felipe,BA,157.0,0.898,0.0,-4.77,-0.289,-2.26,41.13,-38.87,True,39.39,-40.61,True,27.57,-52.43,True
2929206,30.02,25.66,80.0,São Francisco do Conde,BA,390.0,0.877,1.0,-4.36,-0.289,-2.98,25.66,-54.34,True,23.92,-56.08,True,7.78,-72.22,True
2929255,33.19,33.54,80.0,São Gabriel,BA,179.0,0.883,0.0,0.35,-0.289,0.013,33.54,-46.46,True,31.8,-48.2,True,33.62,-46.38,True
2929305,36.4,24.63,80.0,São Gonçalo dos Campos,BA,236.0,0.86,0.0,-5.0,-0.289,-2.839,24.63,-55.37,True,22.89,-57.11,True,7.6,-72.4,True
2929354,31.3,27.27,80.0,São José da Vitória,BA,82.0,0.939,0.0,-4.03,-0.289,-1.377,27.27,-52.73,True,25.53,-54.47,True,19.01,-60.99,True
2929370,23.18,28.41,80.0,São José do Jacuípe,BA,93.0,0.946,0.0,5.0,-0.289,1.39,28.41,-51.59,True,26.67,-53.33,True,36.75,-43.25,True
2929404,28.76,36.76,80.0,São Miguel das Matas,BA,73.0,0.932,0.0,5.0,-0.289,1.125,36.76,-43.24,True,35.02,-44.98,True,43.51,-36.49,True
2929503,49.95,46.1,80.0,São Sebastião do Passé,BA,306.0,0.879,0.0,-3.85,-0.289,-2.443,46.1,-33.9,True,44.36,-35.64,True,31.44,-48.56,True
2929602,56.84,64.52,80.0,Sapeaçu,BA,127.0,0.969,0.0,5.0,-0.289,1.765,64.52,-15.48,True,62.78,-17.22,True,75.11,-4.89,True
2929701,15.36,30.68,80.0,Sátiro Dias,BA,96.0,0.917,0.0,5.0,-0.289,1.426,30.68,-49.32,True,28.94,-51.06,True,39.24,-40.76,True
2929750,43.18,52.63,80.0,Saubara,BA,81.0,0.938,0.0,5.0,-0.289,1.235,52.63,-27.37,True,50.89,-29.11,True,60.04,-19.96,True
2929800,15.02,20.73,80.0,Saúde,BA,87.0,0.943,0.0,5.0,-0.289,1.314,20.73,-59.27,True,18.99,-61.01,True,28.61,-51.39,True
2929909,48.67,34.98,80.0,Seabra,BA,474.0,0.857,0.0,-5.0,-0.289,-3.602,34.98,-45.02,True,33.24,-46.76,True,13.37,-66.63,True
2930006,59.03,42.37,80.0,Sebastião Laranjeiras,BA,59.0,1.0,0.0,-5.0,-0.289,-1.362,42.37,-37.63,True,40.63,-39.37,True,34.2,-45.8,True
2930105,19.93,24.02,80.0,Senhor do Bonfim,BA,508.0,0.959,0.0,4.09,-0.289,2.853,24.02,-55.98,True,22.28,-57.72,True,41.14,-38.86,True
2930154,36.17,26.65,80.0,Serra do Ramalho,BA,451.0,0.973,0.0,-5.0,-0.289,-3.553,26.65,-53.35,True,24.91,-55.09,True,5.33,-74.67,True
2930204,26.41,24.24,80.0,Sento Sé,BA,489.0,0.877,0.0,-2.17,-0.289,-1.624,24.24,-55.76,True,22.5,-57.5,True,14.5,-65.5,True
2930303,28.99,33.09,80.0,Serra Dourada,BA,151.0,0.901,0.0,4.1,-0.289,1.599,33.09,-46.91,True,31.35,-48.65,True,42.68,-37.32,True
2930402,31.84,36.67,80.0,Serra Preta,BA,95.0,0.947,0.0,4.83,-0.289,1.359,36.67,-43.33,True,34.93,-45.07,True,44.83,-35.17,True
2930501,25.2,19.92,80.0,Serrinha,BA,525.0,0.928,0.0,-5.0,-0.289,-3.7,19.92,-60.08,True,18.18,-61.82,True,0.0,-80.0,True
2930600,32.84,25.69,80.0,Serrolândia,BA,152.0,0.947,0.0,-5.0,-0.289,-2.323,25.69,-54.31,True,23.95,-56.05,True,11.75,-68.25,True
2930709,42.62,42.14,80.0,Simões Filho,BA,1239.0,0.929,1.0,-0.48,-0.289,-0.453,42.14,-37.86,True,40.4,-39.6,True,39.42,-40.58,True
2930766,44.05,42.47,80.0,Sítio do Quinto,BA,75.0,0.973,0.0,-1.58,-0.289,-0.641,42.47,-37.53,True,40.73,-39.27,True,38.62,-41.38,True
2930774,26.44,34.44,80.0,Sobradinho,BA,310.0,0.974,0.0,5.0,-0.289,2.926,34.44,-45.56,True,32.7,-47.3,True,51.99,-28.01,True
2930808,25.49,31.82,80.0,Souto Soares,BA,136.0,0.971,0.0,5.0,-0.289,1.852,31.82,-48.18,True,30.08,-49.92,True,42.93,-37.07,True
2930907,35.84,43.31,80.0,Tabocas do Brejo Velho,BA,132.0,0.962,0.0,5.0,-0.289,1.814,43.31,-36.69,True,41.57,-38.43,True,54.19,-25.81,True
2931004,58.73,47.42,80.0,Tanhaçu,BA,104.0,0.933,0.0,-5.0,-0.289,-1.901,47.42,-32.58,True,45.68,-34.32,True,36.02,-43.98,True
2931053,63.45,61.8,80.0,Tanque Novo,BA,188.0,0.947,0.0,-1.65,-0.289,-0.949,61.8,-18.2,True,60.06,-19.94,True,56.11,-23.89,True
2931103,18.93,30.67,80.0,Tanquinho,BA,78.0,0.962,0.0,5.0,-0.289,1.195,30.67,-49.33,True,28.93,-51.07,True,37.84,-42.16,True
2931202,38.83,47.52,80.0,Taperoá,BA,148.0,0.953,0.0,5.0,-0.289,1.96,47.52,-32.48,True,45.78,-34.22,True,59.28,-20.72,True
2931301,33.06,41.82,80.0,Tapiramutá,BA,115.0,0.957,0.0,5.0,-0.289,1.642,41.82,-38.18,True,40.08,-39.92,True,51.67,-28.33,True
2931350,51.85,35.04,80.0,Teixeira de Freitas,BA,1486.0,0.92,1.0,-5.0,-0.289,-4.441,35.04,-44.96,True,33.3,-46.7,True,8.39,-71.61,True
2931400,41.03,30.56,80.0,Teodoro Sampaio,BA,76.0,0.947,0.0,-5.0,-0.289,-1.586,30.56,-49.44,True,28.82,-51.18,True,21.04,-58.96,True
2931509,28.06,29.57,80.0,Teofilândia,BA,210.0,0.886,0.0,1.51,-0.289,0.632,29.57,-50.43,True,27.83,-52.17,True,33.36,-46.64,True
2931608,47.32,44.76,80.0,Teolândia,BA,151.0,0.947,0.0,-2.56,-0.289,-1.266,44.76,-35.24,True,43.02,-36.98,True,37.16,-42.84,True
2931707,23.25,28.42,80.0,Terra Nova,BA,102.0,0.931,0.0,5.0,-0.289,1.497,28.42,-51.58,True,26.68,-53.32,True,37.4,-42.6,True
2931806,49.49,42.86,80.0,Tremedal,BA,78.0,0.987,0.0,-5.0,-0.289,-1.611,42.86,-37.14,True,41.12,-38.88,True,33.19,-46.81,True
2931905,28.98,35.55,80.0,Tucano,BA,352.0,0.727,0.0,5.0,-0.289,3.084,35.55,-44.45,True,33.81,-46.19,True,54.05,-25.95,True
2932002,44.93,40.28,80.0,Uauá,BA,224.0,0.964,0.0,-4.65,-0.289,-2.593,40.28,-39.72,True,38.54,-41.46,True,24.72,-55.28,True
2932101,47.39,38.93,80.0,Ubaíra,BA,139.0,0.942,0.0,-5.0,-0.289,-2.221,38.93,-41.07,True,37.19,-42.81,True,25.61,-54.39,True
2932200,29.79,31.13,80.0,Ubaitaba,BA,175.0,0.863,0.0,1.34,-0.289,0.471,31.13,-48.87,True,29.39,-50.61,True,33.96,-46.04,True
2932309,31.43,41.9,80.0,Ubatã,BA,133.0,0.789,0.0,5.0,-0.289,1.823,41.9,-38.1,True,40.16,-39.84,True,52.84,-27.16,True
2932408,33.09,27.71,80.0,Uibaí,BA,91.0,0.912,0.0,-5.0,-0.289,-1.762,27.71,-52.29,True,25.97,-54.03,True,17.14,-62.86,True
2932457,21.31,22.95,80.0,Umburanas,BA,132.0,0.924,0.0,1.64,-0.289,0.478,22.95,-57.05,True,21.21,-58.79,True,25.82,-54.18,True
2932507,37.89,58.16,80.0,Una,BA,212.0,0.925,0.0,5.0,-0.289,2.432,58.16,-21.84,True,56.42,-23.58,True,72.75,-7.25,True
2932606,59.24,40.54,80.0,Urandi,BA,153.0,0.967,0.0,-5.0,-0.289,-2.331,40.54,-39.46,True,38.8,-41.2,True,26.55,-53.45,True
2932705,30.01,26.42,80.0,Uruçuca,BA,193.0,0.824,0.0,-3.59,-0.289,-1.91,26.42,-53.58,True,24.68,-55.32,True,14.96,-65.04,True
2932804,33.84,33.04,80.0,Utinga,BA,121.0,0.95,0.0,-0.8,-0.289,-0.482,33.04,-46.96,True,31.3,-48.7,True,30.15,-49.85,True
2932903,31.04,31.89,80.0,Valença,BA,479.0,0.871,0.0,0.85,-0.289,0.514,31.89,-48.11,True,30.15,-49.85,True,34.98,-45.02,True
2933000,32.24,37.25,80.0,Valente,BA,112.0,0.911,0.0,5.0,-0.289,1.609,37.25,-42.75,True,35.51,-44.49,True,46.91,-33.09,True
2933059,32.58,20.73,80.0,Várzea da Roça,BA,89.0,0.921,0.0,-5.0,-0.289,-1.74,20.73,-59.27,True,18.99,-61.01,True,10.29,-69.71,True
2933109,44.82,43.64,80.0,Várzea do Poço,BA,63.0,0.873,0.0,-1.18,-0.289,-0.503,43.64,-36.36,True,41.9,-38.1,True,40.62,-39.38,True
2933158,32.8,17.95,80.0,Várzea Nova,BA,161.0,0.969,0.0,-5.0,-0.289,-2.39,17.95,-62.05,True,16.21,-63.79,True,3.61,-76.39,True
2933174,44.14,40.0,80.0,Varzedo,BA,72.0,0.972,0.0,-4.14,-0.289,-1.309,40.0,-40.0,True,38.26,-41.74,True,32.15,-47.85,True
2933208,39.14,38.27,80.0,Vera Cruz,BA,438.0,0.925,0.0,-0.87,-0.289,-0.688,38.27,-41.73,True,36.53,-43.47,True,34.14,-45.86,True
2933257,67.84,35.85,80.0,Vereda,BA,55.0,0.964,0.0,-5.0,-0.289,-1.305,35.85,-44.15,True,34.11,-45.89,True,28.02,-51.98,True
2933307,47.86,42.75,80.0,Vitória da Conquista,BA,3092.0,0.914,0.0,-5.0,-0.289,-4.714,42.75,-37.25,True,41.01,-38.99,True,14.47,-65.53,True
2933406,53.42,45.0,80.0,Wagner,BA,104.0,0.962,0.0,-5.0,-0.289,-1.901,45.0,-35.0,True,43.26,-36.74,True,33.6,-46.4,True
2933455,54.03,55.37,80.0,Wanderley,BA,125.0,0.968,0.0,1.34,-0.289,0.337,55.37,-24.63,True,53.63,-26.37,True,57.39,-22.61,True
2933505,38.38,31.17,80.0,Wenceslau Guimarães,BA,197.0,0.782,0.0,-5.0,-0.289,-2.627,31.17,-48.83,True,29.43,-50.57,True,15.41,-64.59,True
2933604,31.02,32.25,80.0,Xique-Xique,BA,563.0,0.931,0.0,1.23,-0.289,0.832,32.25,-47.75,True,30.51,-49.49,True,37.24,-42.76,True
3100104,61.41,96.07,80.0,Abadia dos Dourados,MG,56.0,0.929,1.0,5.0,3.13,3.539,96.07,16.07,False,100.0,20.0,False,100.0,20.0,False
3100203,52.32,73.11,80.0,Abaeté,MG,202.0,0.916,1.0,5.0,3.13,4.069,73.11,-6.89,True,91.89,11.89,False,97.53,17.53,False
3100302,85.71,86.67,80.0,Abre Campo,MG,113.0,0.903,1.0,0.96,3.13,2.346,86.67,6.67,False,100.0,20.0,False,100.0,20.0,False
3100807,100.0,88.68,80.0,Aguanil,MG,53.0,0.868,1.0,-5.0,3.13,1.426,88.68,8.68,False,100.0,20.0,False,97.24,17.24,False
3100906,77.78,69.23,80.0,Águas Formosas,MG,198.0,0.955,0.0,-5.0,3.13,-0.915,69.23,-10.77,True,88.01,8.01,False,63.74,-16.26,True
3101003,42.77,74.46,80.0,Águas Vermelhas,MG,137.0,0.898,0.0,5.0,3.13,3.89,74.46,-5.54,True,93.24,13.24,False,97.8,17.8,False
3101102,48.78,57.63,80.0,Aimorés,MG,261.0,0.889,1.0,5.0,3.13,4.189,57.63,-22.37,True,76.41,-3.59,True,82.76,2.76,False
3101201,55.3,85.71,80.0,Aiuruoca,MG,59.0,0.949,1.0,5.0,3.13,3.556,85.71,5.71,False,100.0,20.0,False,100.0,20.0,False
3101508,68.94,55.1,80.0,Além Paraíba,MG,295.0,0.878,1.0,-5.0,3.13,-1.715,55.1,-24.9,True,73.88,-6.12,True,44.81,-35.19,True
3101607,59.05,76.61,80.0,Alfenas,MG,710.0,0.92,1.0,5.0,3.13,4.589,76.61,-3.39,True,95.39,15.39,False,100.0,20.0,False
3101631,72.01,78.08,80.0,Alfredo Vasconcelos,MG,97.0,0.948,1.0,5.0,3.13,3.74,78.08,-1.92,True,96.86,16.86,False,100.0,20.0,False
3101706,39.24,55.06,80.0,Almenara,MG,467.0,0.874,0.0,5.0,3.13,4.439,55.06,-24.94,True,73.84,-6.16,True,81.69,1.69,False
3101805,46.13,70.83,80.0,Alpercata,MG,71.0,0.873,1.0,5.0,3.13,3.62,70.83,-9.17,True,89.61,9.61,False,92.55,12.55,False
3101904,42.26,78.56,80.0,Alpinópolis,MG,165.0,0.939,1.0,5.0,3.13,3.975,78.56,-1.44,True,97.34,17.34,False,100.0,20.0,False
3102001,61.55,85.54,80.0,Alterosa,MG,153.0,0.941,1.0,5.0,3.13,3.94,85.54,5.54,False,100.0,20.0,False,100.0,20.0,False
3102050,93.75,87.17,80.0,Alto Caparaó,MG,99.0,0.939,1.0,-5.0,3.13,0.438,87.17,7.17,False,100.0,20.0,False,89.8,9.8,False
3102308,49.04,72.33,80.0,Alvinópolis,MG,121.0,0.893,1.0,5.0,3.13,3.835,72.33,-7.67,True,91.11,11.11,False,95.34,15.34,False
3102407,41.82,83.33,80.0,Alvorada de Minas,MG,72.0,0.931,0.0,5.0,3.13,3.625,83.33,3.33,False,100.0,20.0,False,100.0,20.0,False
3102605,56.29,75.04,80.0,Andradas,MG,359.0,0.891,1.0,5.0,3.13,4.331,75.04,-4.96,True,93.82,13.82,False,100.0,20.0,False
3102704,60.31,77.96,80.0,Cachoeira de Pajeú,MG,62.0,0.952,0.0,5.0,3.13,3.572,77.96,-2.04,True,96.74,16.74,False,99.39,19.39,False
3102852,59.72,84.97,80.0,Angelândia,MG,91.0,0.956,0.0,5.0,3.13,3.714,84.97,4.97,False,100.0,20.0,False,100.0,20.0,False
3102902,78.03,71.37,80.0,Antônio Carlos,MG,98.0,0.929,1.0,-5.0,3.13,0.456,71.37,-8.63,True,90.15,10.15,False,74.11,-5.89,True
3103405,44.27,50.75,80.0,Araçuaí,MG,294.0,0.942,0.0,5.0,3.13,4.243,50.75,-29.25,True,69.53,-10.47,True,76.21,-3.79,True
3103504,47.93,64.76,80.0,Araguari,MG,1143.0,0.903,1.0,5.0,3.13,4.721,64.76,-15.24,True,83.54,3.54,False,93.09,13.09,False
3103702,47.06,91.67,80.0,Araponga,MG,64.0,0.922,0.0,5.0,3.13,3.583,91.67,11.67,False,100.0,20.0,False,100.0,20.0,False
3103751,62.72,73.61,80.0,Araporã,MG,128.0,0.914,1.0,5.0,3.13,3.859,73.61,-6.39,True,92.39,12.39,False,96.77,16.77,False
3103900,74.0,88.5,80.0,Araújos,MG,100.0,0.93,1.0,5.0,3.13,3.753,88.5,8.5,False,100.0,20.0,False,100.0,20.0,False
3104007,68.79,75.35,80.0,Araxá,MG,1219.0,0.883,1.0,5.0,3.13,4.736,75.35,-4.65,True,94.13,14.13,False,100.0,20.0,False
3104106,86.77,82.63,80.0,Arceburgo,MG,60.0,0.933,1.0,-4.14,3.13,1.452,82.63,2.63,False,100.0,20.0,False,91.34,11.34,False
3104205,78.83,88.86,80.0,Arcos,MG,395.0,0.922,1.0,5.0,3.13,4.371,88.86,8.86,False,100.0,20.0,False,100.0,20.0,False
3104304,70.75,88.09,80.0,Areado,MG,167.0,0.922,1.0,5.0,3.13,3.981,88.09,8.09,False,100.0,20.0,False,100.0,20.0,False
3104452,56.47,84.87,80.0,Aricanduva,MG,66.0,0.909,0.0,5.0,3.13,3.594,84.87,4.87,False,100.0,20.0,False,100.0,20.0,False
3104502,45.28,46.89,80.0,Arinos,MG,204.0,0.897,0.0,1.61,3.13,2.362,46.89,-33.11,True,65.67,-14.33,True,61.06,-18.94,True
3104601,74.88,88.29,80.0,Astolfo Dutra,MG,130.0,0.946,1.0,5.0,3.13,3.866,88.29,8.29,False,100.0,20.0,False,100.0,20.0,False
3104700,67.11,66.4,80.0,Ataléia,MG,111.0,0.874,0.0,-0.71,3.13,1.759,66.4,-13.6,True,85.18,5.18,False,76.95,-3.05,True
3104809,48.19,48.8,80.0,Augusto de Lima,MG,50.0,0.98,1.0,0.61,3.13,2.626,48.8,-31.2,True,67.58,-12.42,True,64.55,-15.45,True
3104908,70.29,77.43,80.0,Baependi,MG,128.0,0.938,1.0,5.0,3.13,3.859,77.43,-2.57,True,96.21,16.21,False,100.0,20.0,False
3105004,74.25,89.89,80.0,Baldim,MG,56.0,0.893,1.0,5.0,3.13,3.539,89.89,9.89,False,100.0,20.0,False,100.0,20.0,False
3105103,65.95,80.48,80.0,Bambuí,MG,181.0,0.89,1.0,5.0,3.13,4.018,80.48,0.48,False,99.26,19.26,False,100.0,20.0,False
3105301,73.41,94.51,80.0,Bandeira do Sul,MG,80.0,0.9,1.0,5.0,3.13,3.664,94.51,14.51,False,100.0,20.0,False,100.0,20.0,False
3105400,58.76,62.71,80.0,Barão de Cocais,MG,381.0,0.879,1.0,3.95,3.13,3.668,62.71,-17.29,True,81.49,1.49,False,84.72,4.72,False
3105608,59.28,81.97,80.0,Barbacena,MG,957.0,0.899,1.0,5.0,3.13,4.677,81.97,1.97,False,100.0,20.0,False,100.0,20.0,False
3105905,73.7,83.24,80.0,Barroso,MG,167.0,0.922,1.0,5.0,3.13,3.981,83.24,3.24,False,100.0,20.0,False,100.0,20.0,False
3106002,63.8,73.62,80.0,Bela Vista de Minas,MG,119.0,0.941,1.0,5.0,3.13,3.827,73.62,-6.38,True,92.4,12.4,False,96.58,16.58,False
3106200,57.61,68.58,80.0,Belo Horizonte,MG,18910.0,0.847,1.0,5.0,3.13,4.98,68.58,-11.42,True,87.36,7.36,False,98.46,18.46,False
3106309,57.1,65.94,80.0,Belo Oriente,MG,277.0,0.903,1.0,5.0,3.13,4.216,65.94,-14.06,True,84.72,4.72,False,91.23,11.23,False
3106408,93.05,97.32,80.0,Belo Vale,MG,80.0,0.975,1.0,4.27,3.13,3.455,97.32,17.32,False,100.0,20.0,False,100.0,20.0,False
3106606,59.47,85.02,80.0,Bertópolis,MG,72.0,0.556,0.0,5.0,3.13,3.625,85.02,5.02,False,100.0,20.0,False,100.0,20.0,False
3106705,53.93,66.62,80.0,Betim,MG,4827.0,0.877,1.0,5.0,3.13,4.926,66.62,-13.38,True,85.4,5.4,False,96.17,16.17,False
3106903,45.18,70.71,80.0,Bicas,MG,123.0,0.87,1.0,5.0,3.13,3.842,70.71,-9.29,True,89.49,9.49,False,93.76,13.76,False
3107109,53.83,74.5,80.0,Boa Esperança,MG,471.0,0.949,1.0,5.0,3.13,4.442,74.5,-5.5,True,93.28,13.28,False,100.0,20.0,False
3107208,50.0,73.33,80.0,Bocaina de Minas,MG,55.0,0.964,1.0,5.0,3.13,3.533,73.33,-6.67,True,92.11,12.11,False,94.53,14.53,False
3107307,68.82,68.42,80.0,Bocaiúva,MG,559.0,0.919,1.0,-0.4,3.13,0.53,68.42,-11.58,True,87.2,7.2,False,71.6,-8.4,True
3107406,42.86,65.88,80.0,Bom Despacho,MG,524.0,0.891,1.0,5.0,3.13,4.483,65.88,-14.12,True,84.66,4.66,False,92.78,12.78,False
3107505,47.71,60.13,80.0,Bom Jardim de Minas,MG,92.0,0.902,1.0,5.0,3.13,3.719,60.13,-19.87,True,78.91,-1.09,True,82.44,2.44,False
3107604,51.25,87.21,80.0,Bom Jesus da Penha,MG,55.0,0.855,1.0,5.0,3.13,3.533,87.21,7.21,False,100.0,20.0,False,100.0,20.0,False
3107802,93.18,75.91,80.0,Bom Jesus do Galho,MG,151.0,0.947,1.0,-5.0,3.13,-0.368,75.91,-4.09,True,94.69,14.69,False,73.7,-6.3,True
3107901,56.55,68.27,80.0,Bom Repouso,MG,159.0,0.912,1.0,5.0,3.13,3.958,68.27,-11.73,True,87.05,7.05,False,92.02,12.02,False
3108008,67.28,83.73,80.0,Bom Sucesso,MG,137.0,0.905,1.0,5.0,3.13,3.89,83.73,3.73,False,100.0,20.0,False,100.0,20.0,False
3108107,69.27,85.95,80.0,Bonfim,MG,69.0,0.899,1.0,5.0,3.13,3.609,85.95,5.95,False,100.0,20.0,False,100.0,20.0,False
3108206,81.81,71.88,80.0,Bonfinópolis de Minas,MG,58.0,0.931,1.0,-5.0,3.13,1.302,71.88,-8.12,True,90.66,10.66,False,79.69,-0.31,True
3108255,64.3,49.15,80.0,Bonito de Minas,MG,95.0,0.811,0.0,-5.0,3.13,0.512,49.15,-30.85,True,67.93,-12.07,True,52.22,-27.78,True
3108305,65.55,81.21,80.0,Borda da Mata,MG,175.0,0.949,1.0,5.0,3.13,4.002,81.21,1.21,False,99.99,19.99,False,100.0,20.0,False
3108404,65.49,87.53,80.0,Botelhos,MG,150.0,0.96,1.0,5.0,3.13,3.931,87.53,7.53,False,100.0,20.0,False,100.0,20.0,False
3108552,76.74,76.71,80.0,Brasilândia de Minas,MG,225.0,0.916,1.0,-0.03,3.13,1.457,76.71,-3.29,True,95.49,15.49,False,85.45,5.45,False
3108602,75.06,76.32,80.0,Brasília de Minas,MG,304.0,0.931,0.0,1.26,3.13,2.002,76.32,-3.68,True,95.1,15.1,False,88.33,8.33,False
3108909,50.86,79.14,80.0,Brazópolis,MG,168.0,0.887,1.0,5.0,3.13,3.983,79.14,-0.86,True,97.92,17.92,False,100.0,20.0,False
3109006,70.28,87.73,80.0,Brumadinho,MG,452.0,0.872,1.0,5.0,3.13,4.426,87.73,7.73,False,100.0,20.0,False,100.0,20.0,False
3109105,63.01,82.56,80.0,Bueno Brandão,MG,101.0,0.921,1.0,5.0,3.13,3.757,82.56,2.56,False,100.0,20.0,False,100.0,20.0,False
3109204,82.01,75.91,80.0,Buenópolis,MG,82.0,0.927,1.0,-5.0,3.13,0.766,75.91,-4.09,True,94.69,14.69,False,80.5,0.5,False
3109303,52.14,62.9,80.0,Buritis,MG,347.0,0.879,1.0,5.0,3.13,4.316,62.9,-17.1,True,81.68,1.68,False,88.8,8.8,False
3109402,37.7,62.63,80.0,Buritizeiro,MG,293.0,0.915,0.0,5.0,3.13,4.241,62.63,-17.37,True,81.41,1.41,False,88.08,8.08,False
3109451,40.49,54.59,80.0,Cabeceira Grande,MG,109.0,0.899,1.0,5.0,3.13,3.789,54.59,-25.41,True,73.37,-6.63,True,77.33,-2.67,True
3109501,71.99,86.58,80.0,Cabo Verde,MG,112.0,0.848,1.0,5.0,3.13,3.801,86.58,6.58,False,100.0,20.0,False,100.0,20.0,False
3109709,61.69,81.11,80.0,Cachoeira de Minas,MG,151.0,0.914,1.0,5.0,3.13,3.934,81.11,1.11,False,99.89,19.89,False,100.0,20.0,False
3109907,55.11,72.48,80.0,Caetanópolis,MG,105.0,0.943,1.0,5.0,3.13,3.773,72.48,-7.52,True,91.26,11.26,False,95.12,15.12,False
3110004,73.48,70.95,80.0,Caeté,MG,395.0,0.873,1.0,-2.53,3.13,-0.628,70.95,-9.05,True,89.73,9.73,False,67.18,-12.82,True
3110301,51.38,72.95,80.0,Caldas,MG,136.0,0.89,1.0,5.0,3.13,3.887,72.95,-7.05,True,91.73,11.73,False,96.27,16.27,False
3110509,54.64,58.56,80.0,Camanducaia,MG,356.0,0.812,1.0,3.92,3.13,3.636,58.56,-21.44,True,77.34,-2.66,True,80.37,0.37,False
3110608,65.17,81.94,80.0,Cambuí,MG,278.0,0.906,1.0,5.0,3.13,4.217,81.94,1.94,False,100.0,20.0,False,100.0,20.0,False
3110707,69.29,85.08,80.0,Cambuquira,MG,121.0,0.909,1.0,5.0,3.13,3.835,85.08,5.08,False,100.0,20.0,False,100.0,20.0,False
3110905,41.96,64.8,80.0,Campanha,MG,167.0,0.94,1.0,5.0,3.13,3.981,64.8,-15.2,True,83.58,3.58,False,88.68,8.68,False
3111002,69.98,81.73,80.0,Campestre,MG,201.0,0.91,1.0,5.0,3.13,4.067,81.73,1.73,False,100.0,20.0,False,100.0,20.0,False
3111101,77.26,75.03,80.0,Campina Verde,MG,134.0,0.896,1.0,-2.23,3.13,0.979,75.03,-4.97,True,93.81,13.81,False,80.91,0.91,False
3111200,69.49,85.57,80.0,Campo Belo,MG,407.0,0.953,1.0,5.0,3.13,4.384,85.57,5.57,False,100.0,20.0,False,100.0,20.0,False
3111309,67.54,76.54,80.0,Campo do Meio,MG,106.0,0.84,1.0,5.0,3.13,3.777,76.54,-3.46,True,95.32,15.32,False,99.2,19.2,False
3111408,75.96,52.14,80.0,Campo Florido,MG,120.0,0.808,1.0,-5.0,3.13,0.081,52.14,-27.86,True,70.92,-9.08,True,52.63,-27.37,True
3111507,58.27,65.27,80.0,Campos Altos,MG,182.0,0.852,1.0,5.0,3.13,4.021,65.27,-14.73,True,84.05,4.05,False,89.39,9.39,False
3111606,65.56,71.94,80.0,Campos Gerais,MG,246.0,0.829,1.0,5.0,3.13,4.161,71.94,-8.06,True,90.72,10.72,False,96.91,16.91,False
3111705,75.97,87.5,80.0,Canaã,MG,57.0,0.982,0.0,5.0,3.13,3.544,87.5,7.5,False,100.0,20.0,False,100.0,20.0,False
3111804,45.48,76.49,80.0,Canápolis,MG,99.0,0.98,1.0,5.0,3.13,3.749,76.49,-3.51,True,95.27,15.27,False,98.98,18.98,False
3112000,88.88,90.37,80.0,Candeias,MG,96.0,0.969,1.0,1.49,3.13,2.598,90.37,10.37,False,100.0,20.0,False,100.0,20.0,False
3112109,60.15,67.92,80.0,Caparaó,MG,74.0,0.892,1.0,5.0,3.13,3.635,67.92,-12.08,True,86.7,6.7,False,89.73,9.73,False
3112307,56.35,80.94,80.0,Capelinha,MG,495.0,0.97,1.0,5.0,3.13,4.462,80.94,0.94,False,99.72,19.72,False,100.0,20.0,False
3112604,51.19,73.04,80.0,Capinópolis,MG,190.0,0.911,1.0,5.0,3.13,4.041,73.04,-6.96,True,91.82,11.82,False,97.28,17.28,False
3112703,61.87,63.8,80.0,Capitão Enéas,MG,173.0,0.861,0.0,1.93,3.13,2.573,63.8,-16.2,True,82.58,2.58,False,79.24,-0.76,True
3112802,83.44,78.93,80.0,Capitólio,MG,118.0,0.89,1.0,-4.51,3.13,0.295,78.93,-1.07,True,97.71,17.71,False,80.7,0.7,False
3112901,59.39,83.3,80.0,Caputira,MG,83.0,0.94,0.0,5.0,3.13,3.678,83.3,3.3,False,100.0,20.0,False,100.0,20.0,False
3113008,42.04,71.52,80.0,Caraí,MG,173.0,0.919,0.0,5.0,3.13,3.997,71.52,-8.48,True,90.3,10.3,False,95.5,15.5,False
3113206,71.8,80.43,80.0,Carandaí,MG,238.0,0.878,1.0,5.0,3.13,4.146,80.43,0.43,False,99.21,19.21,False,100.0,20.0,False
3113305,50.83,52.42,80.0,Carangola,MG,304.0,0.849,1.0,1.59,3.13,2.201,52.42,-27.58,True,71.2,-8.8,True,65.63,-14.37,True
3113404,50.26,67.42,80.0,Caratinga,MG,962.0,0.889,1.0,5.0,3.13,4.678,67.42,-12.58,True,86.2,6.2,False,95.49,15.49,False
3113503,64.55,70.78,80.0,Carbonita,MG,110.0,0.782,0.0,5.0,3.13,3.793,70.78,-9.22,True,89.56,9.56,False,93.54,13.54,False
3113602,97.42,74.18,80.0,Careaçu,MG,71.0,0.986,1.0,-5.0,3.13,1.0,74.18,-5.82,True,92.96,12.96,False,80.18,0.18,False
3113701,56.45,55.83,80.0,Carlos Chagas,MG,150.0,0.927,1.0,-0.62,3.13,1.523,55.83,-24.17,True,74.61,-5.39,True,64.97,-15.03,True
3113909,74.34,78.88,80.0,Carmo da Cachoeira,MG,143.0,0.923,1.0,4.54,3.13,3.718,78.88,-1.12,True,97.66,17.66,False,100.0,20.0,False
3114006,79.05,68.1,80.0,Carmo da Mata,MG,73.0,0.986,1.0,-5.0,3.13,0.956,68.1,-11.9,True,86.88,6.88,False,73.83,-6.17,True
3114105,56.53,71.02,80.0,Carmo de Minas,MG,149.0,0.973,1.0,5.0,3.13,3.928,71.02,-8.98,True,89.8,9.8,False,94.59,14.59,False
3114204,67.21,72.37,80.0,Carmo do Cajuru,MG,225.0,0.911,1.0,5.0,3.13,4.12,72.37,-7.63,True,91.15,11.15,False,97.09,17.09,False
3114303,70.42,86.19,80.0,Carmo do Paranaíba,MG,306.0,0.931,1.0,5.0,3.13,4.261,86.19,6.19,False,100.0,20.0,False,100.0,20.0,False
3114402,63.2,68.35,80.0,Carmo do Rio Claro,MG,182.0,0.896,1.0,5.0,3.13,4.021,68.35,-11.65,True,87.13,7.13,False,92.47,12.47,False
3114501,76.93,81.68,80.0,Carmópolis de Minas,MG,179.0,0.944,1.0,4.75,3.13,3.895,81.68,1.68,False,100.0,20.0,False,100.0,20.0,False
3114550,52.21,64.51,80.0,Carneirinho,MG,121.0,0.901,1.0,5.0,3.13,3.835,64.51,-15.49,True,83.29,3.29,False,87.52,7.52,False
3114600,70.36,89.76,80.0,Carrancas,MG,53.0,0.925,1.0,5.0,3.13,3.521,89.76,9.76,False,100.0,20.0,False,100.0,20.0,False
3115102,70.66,76.99,80.0,Cássia,MG,183.0,0.929,1.0,5.0,3.13,4.023,76.99,-3.01,True,95.77,15.77,False,100.0,20.0,False
3115300,36.0,60.22,80.0,Cataguases,MG,493.0,0.846,1.0,5.0,3.13,4.46,60.22,-19.78,True,79.0,-1.0,True,86.98,6.98,False
3115359,67.35,71.35,80.0,Catas Altas,MG,61.0,0.967,1.0,4.0,3.13,3.333,71.35,-8.65,True,90.13,10.13,False,91.35,11.35,False
3115458,35.9,66.72,80.0,Catuji,MG,124.0,0.919,0.0,5.0,3.13,3.845,66.72,-13.28,True,85.5,5.5,False,89.79,9.79,False
3115474,61.25,75.75,80.0,Catuti,MG,59.0,0.949,0.0,5.0,3.13,3.556,75.75,-4.25,True,94.53,14.53,False,97.08,17.08,False
3115508,76.39,78.2,80.0,Caxambu,MG,181.0,0.884,1.0,1.81,3.13,2.503,78.2,-1.8,True,96.98,16.98,False,93.22,13.22,False
3115706,71.27,72.79,80.0,Central de Minas,MG,58.0,0.948,1.0,1.52,3.13,2.768,72.79,-7.21,True,91.57,11.57,False,89.4,9.4,False
3115805,78.29,89.95,80.0,Centralina,MG,104.0,0.923,1.0,5.0,3.13,3.769,89.95,9.95,False,100.0,20.0,False,100.0,20.0,False
3115904,28.81,44.9,80.0,Chácara,MG,57.0,0.86,1.0,5.0,3.13,3.544,44.9,-35.1,True,63.68,-16.32,True,66.17,-13.83,True
3116001,89.1,70.09,80.0,Chalé,MG,61.0,0.918,0.0,-5.0,3.13,1.23,70.09,-9.91,True,88.87,8.87,False,77.47,-2.53,True
3116100,41.12,66.15,80.0,Chapada do Norte,MG,75.0,0.96,0.0,5.0,3.13,3.64,66.15,-13.85,True,84.93,4.93,False,87.99,7.99,False
3116159,49.17,69.39,80.0,Chapada Gaúcha,MG,225.0,0.924,0.0,5.0,3.13,4.12,69.39,-10.61,True,88.17,8.17,False,94.11,14.11,False
3116209,77.53,76.01,80.0,Chiador,MG,53.0,0.868,1.0,-1.52,3.13,2.156,76.01,-3.99,True,94.79,14.79,False,88.94,8.94,False
3116308,73.1,92.31,80.0,Cipotânea,MG,50.0,0.94,0.0,5.0,3.13,3.504,92.31,12.31,False,100.0,20.0,False,100.0,20.0,False
3116407,74.97,84.7,80.0,Claraval,MG,75.0,0.907,1.0,5.0,3.13,3.64,84.7,4.7,False,100.0,20.0,False,100.0,20.0,False
3116506,70.05,68.63,80.0,Claro dos Poções,MG,67.0,0.955,1.0,-1.42,3.13,1.988,68.63,-11.37,True,87.41,7.41,False,80.56,0.56,False
3116605,61.05,82.99,80.0,Cláudio,MG,314.0,0.936,1.0,5.0,3.13,4.272,82.99,2.99,False,100.0,20.0,False,100.0,20.0,False
3116704,76.92,83.5,80.0,Coimbra,MG,80.0,0.962,1.0,5.0,3.13,3.664,83.5,3.5,False,100.0,20.0,False,100.0,20.0,False
3116803,64.06,91.21,80.0,Coluna,MG,82.0,0.939,0.0,5.0,3.13,3.673,91.21,11.21,False,100.0,20.0,False,100.0,20.0,False
3117108,70.87,78.53,80.0,Conceição da Aparecida,MG,106.0,0.915,1.0,5.0,3.13,3.777,78.53,-1.47,True,97.31,17.31,False,100.0,20.0,False
3117306,55.38,58.64,80.0,Conceição das Alagoas,MG,354.0,0.879,1.0,3.26,3.13,3.213,58.64,-21.36,True,77.42,-2.58,True,77.92,-2.08,True
3117504,58.74,82.33,80.0,Conceição do Mato Dentro,MG,246.0,0.837,0.0,5.0,3.13,4.161,82.33,2.33,False,100.0,20.0,False,100.0,20.0,False
3117702,89.94,78.17,80.0,Conceição do Rio Verde,MG,134.0,0.963,1.0,-5.0,3.13,-0.132,78.17,-1.83,True,96.95,16.95,False,77.38,-2.62,True
3117801,61.94,77.03,80.0,Conceição dos Ouros,MG,125.0,0.848,1.0,5.0,3.13,3.849,77.03,-2.97,True,95.81,15.81,False,100.0,20.0,False
3117876,52.52,69.15,80.0,Confins,MG,105.0,0.705,1.0,5.0,3.13,3.773,69.15,-10.85,True,87.93,7.93,False,91.79,11.79,False
3117900,73.46,83.44,80.0,Congonhal,MG,128.0,0.914,1.0,5.0,3.13,3.859,83.44,3.44,False,100.0,20.0,False,100.0,20.0,False
3118007,56.15,74.01,80.0,Congonhas,MG,628.0,0.877,1.0,5.0,3.13,4.548,74.01,-5.99,True,92.79,12.79,False,100.0,20.0,False
3118205,68.73,65.5,80.0,Conquista,MG,88.0,0.852,1.0,-3.23,3.13,1.186,65.5,-14.5,True,84.28,4.28,False,72.62,-7.38,True
3118304,64.98,82.19,80.0,Conselheiro Lafaiete,MG,1360.0,0.901,1.0,5.0,3.13,4.76,82.19,2.19,False,100.0,20.0,False,100.0,20.0,False
3118403,66.9,57.14,80.0,Conselheiro Pena,MG,228.0,0.912,1.0,-5.0,3.13,-1.201,57.14,-22.86,True,75.92,-4.08,True,49.93,-30.07,True
3118601,53.73,69.05,80.0,Contagem,MG,5639.0,0.816,1.0,5.0,3.13,4.936,69.05,-10.95,True,87.83,7.83,False,98.67,18.67,False
3118700,71.3,82.47,80.0,Coqueiral,MG,84.0,0.881,1.0,5.0,3.13,3.683,82.47,2.47,False,100.0,20.0,False,100.0,20.0,False
3118809,65.6,68.05,80.0,Coração de Jesus,MG,203.0,0.926,0.0,2.45,3.13,2.787,68.05,-11.95,True,86.83,6.83,False,84.77,4.77,False
3119104,40.03,85.75,80.0,Corinto,MG,244.0,0.947,1.0,5.0,3.13,4.157,85.75,5.75,False,100.0,20.0,False,100.0,20.0,False
3119203,56.22,73.42,80.0,Coroaci,MG,68.0,0.941,0.0,5.0,3.13,3.604,73.42,-6.58,True,92.2,12.2,False,95.04,15.04,False
3119302,41.88,63.22,80.0,Coromandel,MG,312.0,0.926,1.0,5.0,3.13,4.269,63.22,-16.78,True,82.0,2.0,False,88.84,8.84,False
3119401,47.39,64.1,80.0,Coronel Fabriciano,MG,796.0,0.839,1.0,5.0,3.13,4.624,64.1,-15.9,True,82.88,2.88,False,91.85,11.85,False
3119500,65.72,67.56,80.0,Coronel Murta,MG,65.0,0.969,0.0,1.84,3.13,2.813,67.56,-12.44,True,86.34,6.34,False,84.44,4.44,False
3119708,72.49,92.31,80.0,Coronel Xavier Chaves,MG,53.0,0.962,1.0,5.0,3.13,3.521,92.31,12.31,False,100.0,20.0,False,100.0,20.0,False
3119906,73.8,100.0,80.0,Córrego do Bom Jesus,MG,53.0,0.962,1.0,5.0,3.13,3.521,100.0,20.0,False,100.0,20.0,False,100.0,20.0,False
3119955,69.55,96.07,80.0,Córrego Fundo,MG,59.0,0.881,1.0,5.0,3.13,3.556,96.07,16.07,False,100.0,20.0,False,100.0,20.0,False
3120102,48.47,77.52,80.0,Couto de Magalhães de Minas,MG,51.0,0.98,1.0,5.0,3.13,3.51,77.52,-2.48,True,96.3,16.3,False,98.58,18.58,False
3120151,52.99,48.66,80.0,Crisólita,MG,70.0,0.9,0.0,-4.33,3.13,1.196,48.66,-31.34,True,67.44,-12.56,True,55.83,-24.17,True
3120201,67.27,86.07,80.0,Cristais,MG,125.0,0.976,1.0,5.0,3.13,3.849,86.07,6.07,False,100.0,20.0,False,100.0,20.0,False
3120300,26.36,54.17,80.0,Cristália,MG,54.0,0.944,0.0,5.0,3.13,3.527,54.17,-25.83,True,72.95,-7.05,True,75.33,-4.67,True
3120409,72.12,89.96,80.0,Cristiano Otoni,MG,62.0,0.952,1.0,5.0,3.13,3.572,89.96,9.96,False,100.0,20.0,False,100.0,20.0,False
3120508,55.83,81.73,80.0,Cristina,MG,131.0,0.977,1.0,5.0,3.13,3.87,81.73,1.73,False,100.0,20.0,False,100.0,20.0,False
3120607,81.48,90.23,80.0,Crucilândia,MG,54.0,0.963,1.0,5.0,3.13,3.527,90.23,10.23,False,100.0,20.0,False,100.0,20.0,False
3120706,62.42,80.92,80.0,Cruzeiro da Fortaleza,MG,77.0,0.948,1.0,5.0,3.13,3.649,80.92,0.92,False,99.7,19.7,False,100.0,20.0,False
3120805,97.18,75.3,80.0,Cruzília,MG,143.0,0.958,1.0,-5.0,3.13,-0.26,75.3,-4.7,True,94.08,14.08,False,73.74,-6.26,True
3120839,98.0,69.0,80.0,Cuparaque,MG,61.0,0.852,0.0,-5.0,3.13,1.23,69.0,-11.0,True,87.78,7.78,False,76.38,-3.62,True
3120870,79.25,80.36,80.0,Curral de Dentro,MG,107.0,0.953,0.0,1.11,3.13,2.426,80.36,0.36,False,99.14,19.14,False,94.91,14.91,False
3120904,65.34,71.71,80.0,Curvelo,MG,808.0,0.899,1.0,5.0,3.13,4.629,71.71,-8.29,True,90.49,10.49,False,99.48,19.48,False
3121001,80.04,90.32,80.0,Datas,MG,74.0,0.973,1.0,5.0,3.13,3.635,90.32,10.32,False,100.0,20.0,False,100.0,20.0,False
3121209,79.23,68.3,80.0,Delfinópolis,MG,105.0,0.838,1.0,-5.0,3.13,0.331,68.3,-11.7,True,87.08,7.08,False,70.28,-9.72,True
3121258,50.98,47.77,80.0,Delta,MG,125.0,0.88,1.0,-3.21,3.13,0.691,47.77,-32.23,True,66.55,-13.45,True,51.92,-28.08,True
3121407,80.91,79.93,80.0,Desterro de Entre Rios,MG,65.0,0.892,1.0,-0.98,3.13,2.122,79.93,-0.07,True,98.71,18.71,False,92.66,12.66,False
3121605,59.54,70.61,80.0,Diamantina,MG,519.0,0.933,1.0,5.0,3.13,4.48,70.61,-9.39,True,89.39,9.39,False,97.49,17.49,False
3121803,82.4,72.13,80.0,Dionísio,MG,61.0,1.0,1.0,-5.0,3.13,1.23,72.13,-7.87,True,90.91,10.91,False,79.51,-0.49,True
3121902,43.0,75.0,80.0,Divinésia,MG,52.0,1.0,1.0,5.0,3.13,3.515,75.0,-5.0,True,93.78,13.78,False,96.09,16.09,False
3122009,49.17,67.15,80.0,Divino,MG,208.0,0.894,0.0,5.0,3.13,4.083,67.15,-12.85,True,85.93,5.93,False,91.65,11.65,False
3122108,41.39,85.71,80.0,Divino das Laranjeiras,MG,50.0,0.94,1.0,5.0,3.13,3.504,85.71,5.71,False,100.0,20.0,False,100.0,20.0,False
3122207,67.53,87.1,80.0,Divinolândia de Minas,MG,93.0,1.0,1.0,5.0,3.13,3.723,87.1,7.1,False,100.0,20.0,False,100.0,20.0,False
3122306,64.73,73.79,80.0,Divinópolis,MG,1915.0,0.923,1.0,5.0,3.13,4.823,73.79,-6.21,True,92.57,12.57,False,100.0,20.0,False
3122355,50.93,62.69,80.0,Divisa Alegre,MG,102.0,0.971,0.0,5.0,3.13,3.761,62.69,-17.31,True,81.47,1.47,False,85.26,5.26,False
3122405,64.28,67.64,80.0,Divisa Nova,MG,82.0,0.927,1.0,3.36,3.13,3.197,67.64,-12.36,True,86.42,6.42,False,86.82,6.82,False
3122454,42.46,72.43,80.0,Divisópolis,MG,86.0,0.907,0.0,5.0,3.13,3.692,72.43,-7.57,True,91.21,11.21,False,94.58,14.58,False
3122504,74.74,73.35,80.0,Dom Cavati,MG,52.0,0.885,1.0,-1.39,3.13,2.197,73.35,-6.65,True,92.13,12.13,False,86.53,6.53,False
3122900,47.11,95.71,80.0,Dona Eusébia,MG,74.0,0.932,1.0,5.0,3.13,3.635,95.71,15.71,False,100.0,20.0,False,100.0,20.0,False
3123007,54.67,76.43,80.0,Dores de Campos,MG,103.0,0.981,1.0,5.0,3.13,3.765,76.43,-3.57,True,95.21,15.21,False,99.02,19.02,False
3123106,42.55,72.49,80.0,Dores de Guanhães,MG,59.0,0.864,1.0,5.0,3.13,3.556,72.49,-7.51,True,91.27,11.27,False,93.82,13.82,False
3123205,65.78,85.44,80.0,Dores do Indaiá,MG,124.0,0.944,1.0,5.0,3.13,3.845,85.44,5.44,False,100.0,20.0,False,100.0,20.0,False
3123304,76.7,95.99,80.0,Dores do Turvo,MG,57.0,0.877,1.0,5.0,3.13,3.544,95.99,15.99,False,100.0,20.0,False,100.0,20.0,False
3123528,78.2,71.43,80.0,Durandé,MG,79.0,0.899,0.0,-5.0,3.13,0.828,71.43,-8.57,True,90.21,10.21,False,76.4,-3.6,True
3123601,57.91,64.98,80.0,Elói Mendes,MG,283.0,0.88,1.0,5.0,3.13,4.225,64.98,-15.02,True,83.76,3.76,False,90.33,10.33,False
3123700,58.22,63.03,80.0,Engenheiro Caldas,MG,94.0,0.904,1.0,4.81,3.13,3.667,63.03,-16.97,True,81.81,1.81,False,85.03,5.03,False
3123809,44.66,76.22,80.0,Engenheiro Navarro,MG,97.0,0.959,1.0,5.0,3.13,3.74,76.22,-3.78,True,95.0,15.0,False,98.66,18.66,False
3123858,78.64,77.45,80.0,Entre Folhas,MG,66.0,0.939,1.0,-1.19,3.13,2.058,77.45,-2.55,True,96.23,16.23,False,89.8,9.8,False
3123908,83.15,91.72,80.0,Entre Rios de Minas,MG,142.0,0.951,1.0,5.0,3.13,3.906,91.72,11.72,False,100.0,20.0,False,100.0,20.0,False
3124005,54.48,85.0,80.0,Ervália,MG,178.0,0.848,1.0,5.0,3.13,4.01,85.0,5.0,False,100.0,20.0,False,100.0,20.0,False
3124104,50.73,67.38,80.0,Esmeraldas,MG,1096.0,0.834,1.0,5.0,3.13,4.711,67.38,-12.62,True,86.16,6.16,False,95.65,15.65,False
3124203,71.63,61.52,80.0,Espera Feliz,MG,242.0,0.86,1.0,-5.0,3.13,-1.321,61.52,-18.48,True,80.3,0.3,False,53.59,-26.41,True
3124302,64.25,62.4,80.0,Espinosa,MG,312.0,0.962,0.0,-1.85,3.13,0.095,62.4,-17.6,True,81.18,1.18,False,62.97,-17.03,True
3124401,66.49,66.53,80.0,Espírito Santo do Dourado,MG,106.0,0.906,1.0,0.04,3.13,2.059,66.53,-13.47,True,85.31,5.31,False,78.89,-1.11,True
3124500,72.45,91.03,80.0,Estiva,MG,105.0,0.943,1.0,5.0,3.13,3.773,91.03,11.03,False,100.0,20.0,False,100.0,20.0,False
3124807,46.84,69.36,80.0,Estrela do Sul,MG,64.0,0.969,1.0,5.0,3.13,3.583,69.36,-10.64,True,88.14,8.14,False,90.86,10.86,False
3124906,56.5,68.59,80.0,Eugenópolis,MG,95.0,0.747,1.0,5.0,3.13,3.732,68.59,-11.41,True,87.37,7.37,False,90.98,10.98,False
3125002,35.65,64.41,80.0,Ewbank da Câmara,MG,59.0,1.0,1.0,5.0,3.13,3.556,64.41,-15.59,True,83.19,3.19,False,85.74,5.74,False
3125101,57.68,69.33,80.0,Extrema,MG,841.0,0.862,1.0,5.0,3.13,4.641,69.33,-10.67,True,88.11,8.11,False,97.17,17.17,False
3125408,82.12,79.38,80.0,Felício dos Santos,MG,76.0,0.961,1.0,-2.74,3.13,1.513,79.38,-0.62,True,98.16,18.16,False,88.46,8.46,False
3125606,52.21,70.2,80.0,Felisburgo,MG,98.0,0.939,0.0,5.0,3.13,3.745,70.2,-9.8,True,88.98,8.98,False,92.67,12.67,False
3125705,52.03,75.1,80.0,Felixlândia,MG,120.0,0.9,1.0,5.0,3.13,3.831,75.1,-4.9,True,93.88,13.88,False,98.09,18.09,False
3125903,38.1,70.78,80.0,Ferros,MG,54.0,0.944,0.0,5.0,3.13,3.527,70.78,-9.22,True,89.56,9.56,False,91.94,11.94,False
3125952,66.12,76.31,80.0,Fervedouro,MG,155.0,0.826,0.0,5.0,3.13,3.946,76.31,-3.69,True,95.09,15.09,False,99.99,19.99,False
3126000,57.15,85.73,80.0,Florestal,MG,83.0,0.94,1.0,5.0,3.13,3.678,85.73,5.73,False,100.0,20.0,False,100.0,20.0,False
3126109,66.93,86.89,80.0,Formiga,MG,535.0,0.877,1.0,5.0,3.13,4.491,86.89,6.89,False,100.0,20.0,False,100.0,20.0,False
3126208,61.08,74.9,80.0,Formoso,MG,105.0,0.981,0.0,5.0,3.13,3.773,74.9,-5.1,True,93.68,13.68,False,97.54,17.54,False
3126703,41.63,35.05,80.0,Francisco Sá,MG,204.0,0.863,0.0,-5.0,3.13,-0.975,35.05,-44.95,True,53.83,-26.17,True,29.2,-50.8,True
3126752,88.58,63.78,80.0,Franciscópolis,MG,52.0,0.885,0.0,-5.0,3.13,1.452,63.78,-16.22,True,82.56,2.56,False,72.49,-7.51,True
3126802,51.82,69.89,80.0,Frei Gaspar,MG,77.0,0.987,0.0,5.0,3.13,3.649,69.89,-10.11,True,88.67,8.67,False,91.79,11.79,False
3126901,53.11,64.71,80.0,Frei Inocêncio,MG,107.0,0.869,1.0,5.0,3.13,3.781,64.71,-15.29,True,83.49,3.49,False,87.4,7.4,False
3127008,52.87,76.16,80.0,Fronteira,MG,144.0,0.938,1.0,5.0,3.13,3.913,76.16,-3.84,True,94.94,14.94,False,99.64,19.64,False
3127107,53.92,73.59,80.0,Frutal,MG,596.0,0.881,1.0,5.0,3.13,4.53,73.59,-6.41,True,92.37,12.37,False,100.0,20.0,False
3127206,51.4,69.2,80.0,Funilândia,MG,63.0,0.857,1.0,5.0,3.13,3.578,69.2,-10.8,True,87.98,7.98,False,90.67,10.67,False
3127305,47.26,62.07,80.0,Galiléia,MG,73.0,0.932,1.0,5.0,3.13,3.63,62.07,-17.93,True,80.85,0.85,False,83.85,3.85,False
3127339,41.67,53.85,80.0,Gameleiras,MG,50.0,0.98,0.0,5.0,3.13,3.504,53.85,-26.15,True,72.63,-7.37,True,74.87,-5.13,True
3127602,74.24,91.11,80.0,Gouveia,MG,139.0,0.964,1.0,5.0,3.13,3.896,91.11,11.11,False,100.0,20.0,False,100.0,20.0,False
3127701,52.06,68.07,80.0,Governador Valadares,MG,2474.0,0.865,1.0,5.0,3.13,4.86,68.07,-11.93,True,86.85,6.85,False,97.23,17.23,False
3127800,71.57,86.04,80.0,Grão Mogol,MG,139.0,0.935,0.0,5.0,3.13,3.896,86.04,6.04,False,100.0,20.0,False,100.0,20.0,False
3128006,57.63,68.68,80.0,Guanhães,MG,335.0,0.913,1.0,5.0,3.13,4.301,68.68,-11.32,True,87.46,7.46,False,94.48,14.48,False
3128105,58.55,80.4,80.0,Guapé,MG,155.0,0.923,1.0,5.0,3.13,3.946,80.4,0.4,False,99.18,19.18,False,100.0,20.0,False
3128253,42.0,80.7,80.0,Guaraciama,MG,61.0,0.852,1.0,5.0,3.13,3.567,80.7,0.7,False,99.48,19.48,False,100.0,20.0,False
3128303,73.63,65.21,80.0,Guaranésia,MG,219.0,0.959,1.0,-5.0,3.13,-1.12,65.21,-14.79,True,83.99,3.99,False,58.49,-21.51,True
3128402,80.48,77.84,80.0,Guarani,MG,78.0,0.923,1.0,-2.64,3.13,1.511,77.84,-2.16,True,96.62,16.62,False,86.9,6.9,False
3128600,79.05,51.62,80.0,Guarda-Mor,MG,79.0,0.823,1.0,-5.0,3.13,0.828,51.62,-28.38,True,70.4,-9.6,True,56.59,-23.41,True
3128709,53.45,66.93,80.0,Guaxupé,MG,488.0,0.93,1.0,5.0,3.13,4.456,66.93,-13.07,True,85.71,5.71,False,93.67,13.67,False
3128808,61.83,58.58,80.0,Guidoval,MG,86.0,0.942,1.0,-3.25,3.13,1.211,58.58,-21.42,True,77.36,-2.64,True,65.85,-14.15,True
3128907,60.59,85.1,80.0,Guimarânia,MG,101.0,0.921,1.0,5.0,3.13,3.757,85.1,5.1,False,100.0,20.0,False,100.0,20.0,False
3129202,48.35,67.59,80.0,Heliodora,MG,77.0,0.87,1.0,5.0,3.13,3.649,67.59,-12.41,True,86.37,6.37,False,89.49,9.49,False
3129301,37.09,67.68,80.0,Iapu,MG,96.0,0.938,1.0,5.0,3.13,3.736,67.68,-12.32,True,86.46,6.46,False,90.1,10.1,False
3129400,89.43,87.87,80.0,Ibertioga,MG,55.0,0.909,1.0,-1.56,3.13,2.118,87.87,7.87,False,100.0,20.0,False,100.0,20.0,False
3129509,52.52,78.1,80.0,Ibiá,MG,256.0,0.797,1.0,5.0,3.13,4.18,78.1,-1.9,True,96.88,16.88,False,100.0,20.0,False
3129608,56.95,76.41,80.0,Ibiaí,MG,62.0,0.968,0.0,5.0,3.13,3.572,76.41,-3.59,True,95.19,15.19,False,97.84,17.84,False
3129657,64.3,37.74,80.0,Ibiracatu,MG,52.0,0.942,0.0,-5.0,3.13,1.452,37.74,-42.26,True,56.52,-23.48,True,46.45,-33.55,True
3129707,32.8,73.86,80.0,Ibiraci,MG,181.0,0.912,1.0,5.0,3.13,4.018,73.86,-6.14,True,92.64,12.64,False,97.97,17.97,False
3129806,51.6,63.66,80.0,Ibirité,MG,1941.0,0.849,1.0,5.0,3.13,4.825,63.66,-16.34,True,82.44,2.44,False,92.61,12.61,False
3130051,53.99,77.42,80.0,Icaraí de Minas,MG,129.0,0.93,0.0,5.0,3.13,3.863,77.42,-2.58,True,96.2,16.2,False,100.0,20.0,False
3130101,51.87,73.84,80.0,Igarapé,MG,601.0,0.885,1.0,5.0,3.13,4.533,73.84,-6.16,True,92.62,12.62,False,100.0,20.0,False
3130200,68.89,79.48,80.0,Igaratinga,MG,147.0,0.857,1.0,5.0,3.13,3.922,79.48,-0.52,True,98.26,18.26,False,100.0,20.0,False
3130309,98.44,94.08,80.0,Iguatama,MG,75.0,0.88,1.0,-4.36,3.13,1.087,94.08,14.08,False,100.0,20.0,False,100.0,20.0,False
3130408,72.8,82.9,80.0,Ijaci,MG,63.0,0.825,1.0,5.0,3.13,3.578,82.9,2.9,False,100.0,20.0,False,100.0,20.0,False
3130507,45.97,65.15,80.0,Ilicínea,MG,155.0,0.923,1.0,5.0,3.13,3.946,65.15,-14.85,True,83.93,3.93,False,88.83,8.83,False
3130556,65.59,88.46,80.0,Imbé de Minas,MG,52.0,0.942,0.0,5.0,3.13,3.515,88.46,8.46,False,100.0,20.0,False,100.0,20.0,False
3130606,81.42,86.18,80.0,Inconfidentes,MG,55.0,0.891,1.0,4.76,3.13,3.481,86.18,6.18,False,100.0,20.0,False,100.0,20.0,False
3130705,43.12,53.9,80.0,Indianópolis,MG,82.0,0.841,1.0,5.0,3.13,3.673,53.9,-26.1,True,72.68,-7.32,True,75.94,-4.06,True
3130903,68.56,84.81,80.0,Inhapim,MG,160.0,0.944,0.0,5.0,3.13,3.961,84.81,4.81,False,100.0,20.0,False,100.0,20.0,False
3131000,46.98,77.62,80.0,Inhaúma,MG,75.0,0.907,1.0,5.0,3.13,3.64,77.62,-2.38,True,96.4,16.4,False,99.46,19.46,False
3131109,40.65,77.8,80.0,Inimutaba,MG,82.0,0.927,1.0,5.0,3.13,3.673,77.8,-2.2,True,96.58,16.58,False,99.84,19.84,False
3131158,62.96,77.71,80.0,Ipaba,MG,196.0,0.969,1.0,5.0,3.13,4.055,77.71,-2.29,True,96.49,16.49,False,100.0,20.0,False
3131208,78.85,77.67,80.0,Ipanema,MG,199.0,0.899,1.0,-1.18,3.13,0.98,77.67,-2.33,True,96.45,16.45,False,83.55,3.55,False
3131307,64.66,70.92,80.0,Ipatinga,MG,2182.0,0.885,1.0,5.0,3.13,4.843,70.92,-9.08,True,89.7,9.7,False,99.98,19.98,False
3131505,52.86,63.82,80.0,Ipuiúna,MG,79.0,0.937,1.0,5.0,3.13,3.659,63.82,-16.18,True,82.6,2.6,False,85.77,5.77,False
3131604,38.41,77.81,80.0,Iraí de Minas,MG,79.0,0.975,1.0,5.0,3.13,3.659,77.81,-2.19,True,96.59,16.59,False,99.76,19.76,False
3131703,57.17,68.15,80.0,Itabira,MG,1125.0,0.879,1.0,5.0,3.13,4.718,68.15,-11.85,True,86.93,6.93,False,96.46,16.46,False
3131802,64.78,83.44,80.0,Itabirinha,MG,108.0,0.944,0.0,5.0,3.13,3.785,83.44,3.44,False,100.0,20.0,False,100.0,20.0,False
3131901,59.98,80.44,80.0,Itabirito,MG,732.0,0.928,1.0,5.0,3.13,4.599,80.44,0.44,False,99.22,19.22,False,100.0,20.0,False
3132107,49.49,72.78,80.0,Itacarambi,MG,177.0,0.932,1.0,5.0,3.13,4.008,72.78,-7.22,True,91.56,11.56,False,96.83,16.83,False
3132206,56.99,90.91,80.0,Itaguara,MG,148.0,0.959,1.0,5.0,3.13,3.925,90.91,10.91,False,100.0,20.0,False,100.0,20.0,False
3132305,57.48,55.18,80.0,Itaipé,MG,143.0,0.874,0.0,-2.3,3.13,0.866,55.18,-24.82,True,73.96,-6.04,True,60.38,-19.62,True
3132404,59.76,79.1,80.0,Itajubá,MG,812.0,0.872,1.0,5.0,3.13,4.63,79.1,-0.9,True,97.88,17.88,False,100.0,20.0,False
3132503,59.11,81.25,80.0,Itamarandiba,MG,363.0,0.942,0.0,5.0,3.13,4.336,81.25,1.25,False,100.0,20.0,False,100.0,20.0,False
3132701,51.6,56.95,80.0,Itambacuri,MG,228.0,0.917,0.0,5.0,3.13,4.126,56.95,-23.05,True,75.73,-4.27,True,81.71,1.71,False
3132909,61.13,80.11,80.0,Itamogi,MG,113.0,0.92,1.0,5.0,3.13,3.805,80.11,0.11,False,98.89,18.89,False,100.0,20.0,False
3133006,57.59,81.86,80.0,Itamonte,MG,134.0,0.881,1.0,5.0,3.13,3.88,81.86,1.86,False,100.0,20.0,False,100.0,20.0,False
3133105,89.82,84.24,80.0,Itanhandu,MG,115.0,0.93,1.0,-5.0,3.13,0.162,84.24,4.24,False,100.0,20.0,False,85.21,5.21,False
3133204,41.07,85.64,80.0,Itanhomi,MG,121.0,0.917,1.0,5.0,3.13,3.835,85.64,5.64,False,100.0,20.0,False,100.0,20.0,False
3133303,49.69,49.62,80.0,Itaobim,MG,204.0,0.882,0.0,-0.07,3.13,1.514,49.62,-30.38,True,68.4,-11.6,True,58.7,-21.3,True
3133402,63.86,77.3,80.0,Itapagipe,MG,125.0,0.92,1.0,5.0,3.13,3.849,77.3,-2.7,True,96.08,16.08,False,100.0,20.0,False
3133501,72.37,84.46,80.0,Itapecerica,MG,160.0,0.888,1.0,5.0,3.13,3.961,84.46,4.46,False,100.0,20.0,False,100.0,20.0,False
3133600,52.0,67.89,80.0,Itapeva,MG,177.0,0.859,1.0,5.0,3.13,4.008,67.89,-12.11,True,86.67,6.67,False,91.94,11.94,False
3133709,72.38,80.42,80.0,Itatiaiuçu,MG,192.0,0.844,1.0,5.0,3.13,4.046,80.42,0.42,False,99.2,19.2,False,100.0,20.0,False
3133758,74.33,89.46,80.0,Itaú de Minas,MG,127.0,0.976,1.0,5.0,3.13,3.856,89.46,9.46,False,100.0,20.0,False,100.0,20.0,False
3133808,69.8,88.76,80.0,Itaúna,MG,756.0,0.881,1.0,5.0,3.13,4.609,88.76,8.76,False,100.0,20.0,False,100.0,20.0,False
3134004,52.26,64.84,80.0,Itinga,MG,119.0,0.908,0.0,5.0,3.13,3.827,64.84,-15.16,True,83.62,3.62,False,87.8,7.8,False
3134103,55.54,79.92,80.0,Itueta,MG,78.0,0.808,1.0,5.0,3.13,3.654,79.92,-0.08,True,98.7,18.7,False,100.0,20.0,False
3134202,62.99,66.72,80.0,Ituiutaba,MG,961.0,0.93,1.0,3.73,3.13,3.627,66.72,-13.28,True,85.5,5.5,False,88.48,8.48,False
3134301,59.21,73.75,80.0,Itumirim,MG,54.0,0.963,1.0,5.0,3.13,3.527,73.75,-6.25,True,92.53,12.53,False,94.91,14.91,False
3134400,55.84,69.61,80.0,Iturama,MG,401.0,0.89,1.0,5.0,3.13,4.378,69.61,-10.39,True,88.39,8.39,False,95.88,15.88,False
3134608,69.36,75.36,80.0,Jaboticatubas,MG,230.0,0.857,1.0,5.0,3.13,4.13,75.36,-4.64,True,94.14,14.14,False,100.0,20.0,False
3134707,45.37,55.44,80.0,Jacinto,MG,129.0,0.845,0.0,5.0,3.13,3.863,55.44,-24.56,True,74.22,-5.78,True,78.62,-1.38,True
3134806,70.85,85.13,80.0,Jacuí,MG,93.0,0.903,1.0,5.0,3.13,3.723,85.13,5.13,False,100.0,20.0,False,100.0,20.0,False
3134905,59.84,79.14,80.0,Jacutinga,MG,280.0,0.871,1.0,5.0,3.13,4.221,79.14,-0.86,True,97.92,17.92,False,100.0,20.0,False
3135050,42.81,63.5,80.0,Jaíba,MG,595.0,0.901,1.0,5.0,3.13,4.529,63.5,-16.5,True,82.28,2.28,False,90.68,10.68,False
3135100,49.64,61.68,80.0,Janaúba,MG,780.0,0.951,1.0,5.0,3.13,4.618,61.68,-18.32,True,80.46,0.46,False,89.39,9.39,False
3135209,20.14,47.12,80.0,Januária,MG,740.0,0.912,0.0,5.0,3.13,4.602,47.12,-32.88,True,65.9,-14.1,True,74.73,-5.27,True
3135308,71.03,78.49,80.0,Japaraíba,MG,58.0,0.914,1.0,5.0,3.13,3.55,78.49,-1.51,True,97.27,17.27,False,99.79,19.79,False
3135357,74.95,60.75,80.0,Japonvar,MG,75.0,0.947,0.0,-5.0,3.13,0.912,60.75,-19.25,True,79.53,-0.47,True,66.22,-13.78,True
3135407,67.57,88.66,80.0,Jeceaba,MG,73.0,0.959,1.0,5.0,3.13,3.63,88.66,8.66,False,100.0,20.0,False,100.0,20.0,False
3135506,57.46,84.89,80.0,Jequeri,MG,137.0,0.891,1.0,5.0,3.13,3.89,84.89,4.89,False,100.0,20.0,False,100.0,20.0,False
3135605,39.93,70.71,80.0,Jequitaí,MG,86.0,0.953,0.0,5.0,3.13,3.692,70.71,-9.29,True,89.49,9.49,False,92.86,12.86,False
3135704,52.44,65.96,80.0,Jequitibá,MG,64.0,0.859,1.0,5.0,3.13,3.583,65.96,-14.04,True,84.74,4.74,False,87.46,7.46,False
3135803,43.97,55.65,80.0,Jequitinhonha,MG,189.0,0.91,0.0,5.0,3.13,4.038,55.65,-24.35,True,74.43,-5.57,True,79.88,-0.12,True
3135902,62.05,81.14,80.0,Jesuânia,MG,66.0,0.909,1.0,5.0,3.13,3.594,81.14,1.14,False,99.92,19.92,False,100.0,20.0,False
3136009,43.01,64.1,80.0,Joaíma,MG,146.0,0.911,0.0,5.0,3.13,3.919,64.1,-15.9,True,82.88,2.88,False,87.61,7.61,False
3136207,60.91,79.74,80.0,João Monlevade,MG,707.0,0.922,1.0,5.0,3.13,4.588,79.74,-0.26,True,98.52,18.52,False,100.0,20.0,False
3136306,60.09,69.87,80.0,João Pinheiro,MG,577.0,0.945,1.0,5.0,3.13,4.519,69.87,-10.13,True,88.65,8.65,False,96.98,16.98,False
3136603,47.99,92.79,80.0,Nova União,MG,74.0,0.946,1.0,5.0,3.13,3.635,92.79,12.79,False,100.0,20.0,False,100.0,20.0,False
3136652,47.58,68.53,80.0,Juatuba,MG,393.0,0.901,1.0,5.0,3.13,4.369,68.53,-11.47,True,87.31,7.31,False,94.74,14.74,False
3136702,43.63,49.55,80.0,Juiz de Fora,MG,4070.0,0.821,1.0,5.0,3.13,4.912,49.55,-30.45,True,68.33,-11.67,True,79.02,-0.98,True
3136900,78.5,82.69,80.0,Juruaia,MG,133.0,0.917,1.0,4.19,3.13,3.553,82.69,2.69,False,100.0,20.0,False,100.0,20.0,False
3137007,23.8,54.47,80.0,Ladainha,MG,102.0,0.833,0.0,5.0,3.13,3.761,54.47,-25.53,True,73.25,-6.75,True,77.04,-2.96,True
3137205,72.57,79.9,80.0,Lagoa da Prata,MG,526.0,0.962,1.0,5.0,3.13,4.485,79.9,-0.1,True,98.68,18.68,False,100.0,20.0,False
3137403,63.91,87.23,80.0,Lagoa Dourada,MG,144.0,0.917,1.0,5.0,3.13,3.913,87.23,7.23,False,100.0,20.0,False,100.0,20.0,False
3137502,60.53,82.01,80.0,Lagoa Formosa,MG,205.0,0.971,1.0,5.0,3.13,4.076,82.01,2.01,False,100.0,20.0,False,100.0,20.0,False
3137536,81.75,76.48,80.0,Lagoa Grande,MG,105.0,0.924,1.0,-5.0,3.13,0.331,76.48,-3.52,True,95.26,15.26,False,78.46,-1.54,True
3137601,61.7,72.24,80.0,Lagoa Santa,MG,667.0,0.801,1.0,5.0,3.13,4.569,72.24,-7.76,True,91.02,11.02,False,99.65,19.65,False
3137700,72.03,69.27,80.0,Lajinha,MG,228.0,0.917,0.0,-2.76,3.13,-0.008,69.27,-10.73,True,88.05,8.05,False,69.22,-10.78,True
3137809,65.73,74.76,80.0,Lambari,MG,207.0,0.899,1.0,5.0,3.13,4.081,74.76,-5.24,True,93.54,13.54,False,99.25,19.25,False
3138005,40.25,82.11,80.0,Laranjal,MG,58.0,0.862,1.0,5.0,3.13,3.55,82.11,2.11,False,100.0,20.0,False,100.0,20.0,False
3138104,80.16,48.0,80.0,Lassance,MG,50.0,1.0,0.0,-5.0,3.13,1.504,48.0,-32.0,True,66.78,-13.22,True,57.02,-22.98,True
3138203,56.24,67.11,80.0,Lavras,MG,901.0,0.867,1.0,5.0,3.13,4.66,67.11,-12.89,True,85.89,5.89,False,95.07,15.07,False
3138351,52.94,92.39,80.0,Leme do Prado,MG,64.0,0.984,1.0,5.0,3.13,3.583,92.39,12.39,False,100.0,20.0,False,100.0,20.0,False
3138401,58.67,65.18,80.0,Leopoldina,MG,441.0,0.907,1.0,5.0,3.13,4.416,65.18,-14.82,True,83.96,3.96,False,91.68,11.68,False
3138609,46.49,69.51,80.0,Lima Duarte,MG,147.0,0.878,1.0,5.0,3.13,3.922,69.51,-10.49,True,88.29,8.29,False,93.04,13.04,False
3138625,65.19,59.7,80.0,Limeira do Oeste,MG,127.0,0.937,1.0,-5.0,3.13,-0.028,59.7,-20.3,True,78.48,-1.52,True,59.53,-20.47,True
3138658,64.02,78.07,80.0,Lontra,MG,96.0,0.938,1.0,5.0,3.13,3.736,78.07,-1.93,True,96.85,16.85,False,100.0,20.0,False
3138674,81.62,87.7,80.0,Luisburgo,MG,84.0,0.952,0.0,5.0,3.13,3.683,87.7,7.7,False,100.0,20.0,False,100.0,20.0,False
3138682,50.0,85.0,80.0,Luislândia,MG,67.0,0.97,0.0,5.0,3.13,3.599,85.0,5.0,False,100.0,20.0,False,100.0,20.0,False
3138807,54.44,87.21,80.0,Luz,MG,153.0,0.941,1.0,5.0,3.13,3.94,87.21,7.21,False,100.0,20.0,False,100.0,20.0,False
3138906,62.01,65.94,80.0,Machacalis,MG,65.0,0.954,1.0,3.93,3.13,3.326,65.94,-14.06,True,84.72,4.72,False,85.9,5.9,False
3139003,59.94,87.02,80.0,Machado,MG,332.0,0.949,1.0,5.0,3.13,4.297,87.02,7.02,False,100.0,20.0,False,100.0,20.0,False
3139102,69.45,71.05,80.0,Madre de Deus de Minas,MG,65.0,0.908,1.0,1.6,3.13,2.754,71.05,-8.95,True,89.83,9.83,False,87.58,7.58,False
3139201,77.21,77.47,80.0,Malacacheta,MG,197.0,0.949,0.0,0.26,3.13,1.706,77.47,-2.53,True,96.25,16.25,False,87.7,7.7,False
3139250,40.12,65.94,80.0,Mamonas,MG,73.0,0.932,0.0,5.0,3.13,3.63,65.94,-14.06,True,84.72,4.72,False,87.72,7.72,False
3139300,24.02,41.04,80.0,Manga,MG,229.0,0.878,0.0,5.0,3.13,4.128,41.04,-38.96,True,59.82,-20.18,True,65.81,-14.19,True
3139409,48.41,71.73,80.0,Manhuaçu,MG,1055.0,0.916,1.0,5.0,3.13,4.702,71.73,-8.27,True,90.51,10.51,False,99.94,19.94,False
3139508,68.6,68.84,80.0,Manhumirim,MG,235.0,0.881,1.0,0.24,3.13,1.569,68.84,-11.16,True,87.62,7.62,False,78.25,-1.75,True
3139607,49.94,71.17,80.0,Mantena,MG,256.0,0.867,1.0,5.0,3.13,4.18,71.17,-8.83,True,89.95,9.95,False,96.25,16.25,False
3139706,70.06,76.79,80.0,Maravilhas,MG,79.0,0.886,1.0,5.0,3.13,3.659,76.79,-3.21,True,95.57,15.57,False,98.74,18.74,False
3139805,54.82,49.4,80.0,Mar de Espanha,MG,163.0,0.957,1.0,-5.0,3.13,-0.521,49.4,-30.6,True,68.18,-11.82,True,46.27,-33.73,True
3139904,60.99,78.16,80.0,Maria da Fé,MG,144.0,0.951,1.0,5.0,3.13,3.913,78.16,-1.84,True,96.94,16.94,False,100.0,20.0,False
3140001,53.77,65.6,80.0,Mariana,MG,670.0,0.897,1.0,5.0,3.13,4.57,65.6,-14.4,True,84.38,4.38,False,93.02,13.02,False
3140100,63.09,56.14,80.0,Marilac,MG,59.0,0.898,1.0,-5.0,3.13,1.278,56.14,-23.86,True,74.92,-5.08,True,63.81,-16.19,True
3140159,70.35,74.09,80.0,Mário Campos,MG,169.0,0.882,1.0,3.74,3.13,3.409,74.09,-5.91,True,92.87,12.87,False,94.54,14.54,False
3140506,56.02,70.72,80.0,Martinho Campos,MG,164.0,0.976,1.0,5.0,3.13,3.972,70.72,-9.28,True,89.5,9.5,False,94.55,14.55,False
3140530,76.55,83.69,80.0,Martins Soares,MG,102.0,0.912,1.0,5.0,3.13,3.761,83.69,3.69,False,100.0,20.0,False,100.0,20.0,False
3140555,54.87,70.1,80.0,Mata Verde,MG,105.0,0.924,1.0,5.0,3.13,3.773,70.1,-9.9,True,88.88,8.88,False,92.74,12.74,False
3140704,56.77,75.26,80.0,Mateus Leme,MG,470.0,0.883,1.0,5.0,3.13,4.442,75.26,-4.74,True,94.04,14.04,False,100.0,20.0,False
3140803,58.84,78.82,80.0,Matias Barbosa,MG,125.0,0.912,1.0,5.0,3.13,3.849,78.82,-1.18,True,97.6,17.6,False,100.0,20.0,False
3140852,37.68,31.08,80.0,Matias Cardoso,MG,130.0,0.862,0.0,-5.0,3.13,-0.073,31.08,-48.92,True,49.86,-30.14,True,30.64,-49.36,True
3140902,85.52,65.0,80.0,Matipó,MG,252.0,0.98,0.0,-5.0,3.13,-1.403,65.0,-15.0,True,83.78,3.78,False,56.58,-23.42,True
3141009,69.02,61.37,80.0,Mato Verde,MG,143.0,0.944,1.0,-5.0,3.13,-0.26,61.37,-18.63,True,80.15,0.15,False,59.81,-20.19,True
3141108,47.48,57.88,80.0,Matozinhos,MG,422.0,0.905,1.0,5.0,3.13,4.399,57.88,-22.12,True,76.66,-3.34,True,84.27,4.27,False
3141405,70.27,65.7,80.0,Medina,MG,203.0,0.956,0.0,-4.57,3.13,-0.749,65.7,-14.3,True,84.48,4.48,False,61.21,-18.79,True
3141504,79.65,60.0,80.0,Mendes Pimentel,MG,55.0,1.0,0.0,-5.0,3.13,1.376,60.0,-20.0,True,78.78,-1.22,True,68.26,-11.74,True
3141603,98.41,84.85,80.0,Mercês,MG,82.0,0.902,1.0,-5.0,3.13,0.766,84.85,4.85,False,100.0,20.0,False,89.44,9.44,False
3141702,53.17,63.47,80.0,Mesquita,MG,72.0,0.875,1.0,5.0,3.13,3.625,63.47,-16.53,True,82.25,2.25,False,85.22,5.22,False
3141801,70.15,78.82,80.0,Minas Novas,MG,248.0,0.96,0.0,5.0,3.13,4.165,78.82,-1.18,True,97.6,17.6,False,100.0,20.0,False
3142007,58.98,48.06,80.0,Mirabela,MG,126.0,0.952,1.0,-5.0,3.13,-0.013,48.06,-31.94,True,66.84,-13.16,True,47.98,-32.02,True
3142106,47.26,75.29,80.0,Miradouro,MG,77.0,0.818,1.0,5.0,3.13,3.649,75.29,-4.71,True,94.07,14.07,False,97.19,17.19,False
3142205,96.19,79.2,80.0,Miraí,MG,110.0,0.855,1.0,-5.0,3.13,0.245,79.2,-0.8,True,97.98,17.98,False,80.67,0.67,False
3142304,77.89,90.58,80.0,Moeda,MG,58.0,0.914,1.0,5.0,3.13,3.55,90.58,10.58,False,100.0,20.0,False,100.0,20.0,False
3142403,81.44,81.94,80.0,Moema,MG,99.0,0.909,1.0,0.5,3.13,2.259,81.94,1.94,False,100.0,20.0,False,95.49,15.49,False
3142601,62.69,78.89,80.0,Monsenhor Paulo,MG,95.0,0.937,1.0,5.0,3.13,3.732,78.89,-1.11,True,97.67,17.67,False,100.0,20.0,False
3142700,48.49,60.75,80.0,Montalvânia,MG,162.0,0.944,0.0,5.0,3.13,3.967,60.75,-19.25,True,79.53,-0.47,True,84.55,4.55,False
3142809,74.78,56.72,80.0,Monte Alegre de Minas,MG,237.0,0.92,1.0,-5.0,3.13,-1.279,56.72,-23.28,True,75.5,-4.5,True,49.04,-30.96,True
3142908,80.0,66.67,80.0,Monte Azul,MG,143.0,0.965,0.0,-5.0,3.13,-0.26,66.67,-13.33,True,85.45,5.45,False,65.11,-14.89,True
3143005,50.21,80.85,80.0,Monte Belo,MG,153.0,0.922,1.0,5.0,3.13,3.94,80.85,0.85,False,99.63,19.63,False,100.0,20.0,False
3143104,63.64,84.51,80.0,Monte Carmelo,MG,454.0,0.93,1.0,5.0,3.13,4.428,84.51,4.51,False,100.0,20.0,False,100.0,20.0,False
3143203,42.15,61.59,80.0,Monte Santo de Minas,MG,184.0,0.946,1.0,5.0,3.13,4.026,61.59,-18.41,True,80.37,0.37,False,85.74,5.74,False
3143302,61.58,75.18,80.0,Montes Claros,MG,3983.0,0.877,1.0,5.0,3.13,4.911,75.18,-4.82,True,93.96,13.96,False,100.0,20.0,False
3143401,53.93,74.18,80.0,Monte Sião,MG,216.0,0.875,1.0,5.0,3.13,4.101,74.18,-5.82,True,92.96,12.96,False,98.78,18.78,False
3143450,54.21,88.98,80.0,Montezuma,MG,70.0,0.929,0.0,5.0,3.13,3.614,88.98,8.98,False,100.0,20.0,False,100.0,20.0,False
3143500,86.32,64.5,80.0,Morada Nova de Minas,MG,82.0,0.927,1.0,-5.0,3.13,0.766,64.5,-15.5,True,83.28,3.28,False,69.09,-10.91,True
3143807,77.93,82.36,80.0,Munhoz,MG,95.0,0.958,1.0,4.43,3.13,3.548,82.36,2.36,False,100.0,20.0,False,100.0,20.0,False
3143906,58.49,73.13,80.0,Muriaé,MG,1098.0,0.844,1.0,5.0,3.13,4.712,73.13,-6.87,True,91.91,11.91,False,100.0,20.0,False
3144003,61.47,76.73,80.0,Mutum,MG,269.0,0.911,0.0,5.0,3.13,4.202,76.73,-3.27,True,95.51,15.51,False,100.0,20.0,False
3144102,43.36,75.51,80.0,Muzambinho,MG,205.0,0.883,1.0,5.0,3.13,4.076,75.51,-4.49,True,94.29,14.29,False,99.97,19.97,False
3144300,51.97,57.67,80.0,Nanuque,MG,349.0,0.888,1.0,5.0,3.13,4.319,57.67,-22.33,True,76.45,-3.55,True,83.58,3.58,False
3144359,79.54,64.96,80.0,Naque,MG,76.0,0.934,1.0,-5.0,3.13,0.891,64.96,-15.04,True,83.74,3.74,False,70.31,-9.69,True
3144375,49.23,64.21,80.0,Natalândia,MG,51.0,0.941,1.0,5.0,3.13,3.51,64.21,-15.79,True,82.99,2.99,False,85.27,5.27,False
3144508,87.42,85.36,80.0,Nazareno,MG,90.0,0.978,1.0,-2.06,3.13,1.519,85.36,5.36,False,100.0,20.0,False,94.47,14.47,False
3144607,53.67,77.99,80.0,Nepomuceno,MG,199.0,0.925,1.0,5.0,3.13,4.062,77.99,-2.01,True,96.77,16.77,False,100.0,20.0,False
3144656,49.26,77.17,80.0,Ninheira,MG,69.0,0.957,0.0,5.0,3.13,3.609,77.17,-2.83,True,95.95,15.95,False,98.83,18.83,False
3144706,60.32,72.22,80.0,Nova Era,MG,196.0,0.903,1.0,5.0,3.13,4.055,72.22,-7.78,True,91.0,11.0,False,96.55,16.55,False
3144805,56.76,79.6,80.0,Nova Lima,MG,937.0,0.912,1.0,5.0,3.13,4.671,79.6,-0.4,True,98.38,18.38,False,100.0,20.0,False
3145000,72.34,78.86,80.0,Nova Ponte,MG,189.0,0.905,1.0,5.0,3.13,4.038,78.86,-1.14,True,97.64,17.64,False,100.0,20.0,False
3145059,41.56,51.93,80.0,Nova Porteirinha,MG,67.0,0.806,1.0,5.0,3.13,3.599,51.93,-28.07,True,70.71,-9.29,True,73.52,-6.48,True
3145109,69.3,86.57,80.0,Nova Resende,MG,198.0,0.879,1.0,5.0,3.13,4.06,86.57,6.57,False,100.0,20.0,False,100.0,20.0,False
3145208,54.95,72.47,80.0,Nova Serrana,MG,1489.0,0.938,1.0,5.0,3.13,4.779,72.47,-7.53,True,91.25,11.25,False,100.0,20.0,False
3145307,75.6,81.88,80.0,Novo Cruzeiro,MG,305.0,0.948,0.0,5.0,3.13,4.259,81.88,1.88,False,100.0,20.0,False,100.0,20.0,False
3145356,44.96,62.37,80.0,Novo Oriente de Minas,MG,93.0,0.968,0.0,5.0,3.13,3.723,62.37,-17.63,True,81.15,1.15,False,84.71,4.71,False
3145455,68.23,90.16,80.0,Olhos-d'Água,MG,64.0,0.969,0.0,5.0,3.13,3.583,90.16,10.16,False,100.0,20.0,False,100.0,20.0,False
3145604,49.74,80.67,80.0,Oliveira,MG,371.0,0.938,1.0,5.0,3.13,4.345,80.67,0.67,False,99.45,19.45,False,100.0,20.0,False
3145851,73.86,82.24,80.0,Oratórios,MG,52.0,0.769,1.0,5.0,3.13,3.515,82.24,2.24,False,100.0,20.0,False,100.0,20.0,False
3145877,62.75,75.97,80.0,Orizânia,MG,141.0,0.865,0.0,5.0,3.13,3.903,75.97,-4.03,True,94.75,14.75,False,99.39,19.39,False
3145901,65.37,81.33,80.0,Ouro Branco,MG,416.0,0.93,1.0,5.0,3.13,4.393,81.33,1.33,False,100.0,20.0,False,100.0,20.0,False
3146008,63.84,84.81,80.0,Ouro Fino,MG,255.0,0.902,1.0,5.0,3.13,4.178,84.81,4.81,False,100.0,20.0,False,100.0,20.0,False
3146107,55.48,71.36,80.0,Ouro Preto,MG,679.0,0.894,1.0,5.0,3.13,4.574,71.36,-8.64,True,90.14,10.14,False,98.81,18.81,False
3146206,51.25,78.41,80.0,Ouro Verde de Minas,MG,94.0,0.936,0.0,5.0,3.13,3.728,78.41,-1.59,True,97.19,17.19,False,100.0,20.0,False
3146255,47.09,64.75,80.0,Padre Carvalho,MG,61.0,0.951,0.0,5.0,3.13,3.567,64.75,-15.25,True,83.53,3.53,False,86.15,6.15,False
3146305,48.95,48.96,80.0,Padre Paraíso,MG,198.0,0.96,0.0,0.01,3.13,1.578,48.96,-31.04,True,67.74,-12.26,True,58.43,-21.57,True
3146404,78.95,82.34,80.0,Paineiras,MG,51.0,0.922,1.0,3.39,3.13,3.182,82.34,2.34,False,100.0,20.0,False,100.0,20.0,False
3146503,67.53,86.83,80.0,Pains,MG,71.0,0.986,1.0,5.0,3.13,3.62,86.83,6.83,False,100.0,20.0,False,100.0,20.0,False
3146552,62.52,76.4,80.0,Pai Pedro,MG,57.0,0.982,0.0,5.0,3.13,3.544,76.4,-3.6,True,95.18,15.18,False,97.67,17.67,False
3146750,38.71,69.41,80.0,Palmópolis,MG,68.0,0.882,0.0,5.0,3.13,3.604,69.41,-10.59,True,88.19,8.19,False,91.03,11.03,False
3146909,47.1,88.48,80.0,Papagaios,MG,151.0,0.887,1.0,5.0,3.13,3.934,88.48,8.48,False,100.0,20.0,False,100.0,20.0,False
3147006,65.69,63.56,80.0,Paracatu,MG,1053.0,0.903,1.0,-2.13,3.13,-1.29,63.56,-16.44,True,82.34,2.34,False,55.82,-24.18,True
3147105,53.51,69.52,80.0,Pará de Minas,MG,945.0,0.904,1.0,5.0,3.13,4.673,69.52,-10.48,True,88.3,8.3,False,97.56,17.56,False
3147204,62.45,69.21,80.0,Paraguaçu,MG,203.0,0.906,1.0,5.0,3.13,4.072,69.21,-10.79,True,87.99,7.99,False,93.64,13.64,False
3147303,60.77,81.68,80.0,Paraisópolis,MG,200.0,0.93,1.0,5.0,3.13,4.065,81.68,1.68,False,100.0,20.0,False,100.0,20.0,False
3147402,48.84,71.27,80.0,Paraopeba,MG,245.0,0.918,1.0,5.0,3.13,4.159,71.27,-8.73,True,90.05,10.05,False,96.23,16.23,False
3147600,85.63,75.75,80.0,Passa Quatro,MG,149.0,0.946,1.0,-5.0,3.13,-0.341,75.75,-4.25,True,94.53,14.53,False,73.7,-6.3,True
3147709,80.61,78.42,80.0,Passa Tempo,MG,95.0,0.937,1.0,-2.19,3.13,1.416,78.42,-1.58,True,97.2,17.2,False,86.92,6.92,False
3147907,65.45,86.17,80.0,Passos,MG,1173.0,0.922,1.0,5.0,3.13,4.728,86.17,6.17,False,100.0,20.0,False,100.0,20.0,False
3147956,76.92,97.25,80.0,Patis,MG,61.0,0.984,0.0,5.0,3.13,3.567,97.25,17.25,False,100.0,20.0,False,100.0,20.0,False
3148004,69.14,76.9,80.0,Patos de Minas,MG,1416.0,0.904,1.0,5.0,3.13,4.769,76.9,-3.1,True,95.68,15.68,False,100.0,20.0,False
3148103,61.83,76.21,80.0,Patrocínio,MG,1071.0,0.924,1.0,5.0,3.13,4.706,76.21,-3.79,True,94.99,14.99,False,100.0,20.0,False
3148202,72.64,80.53,80.0,Patrocínio do Muriaé,MG,60.0,0.9,1.0,5.0,3.13,3.561,80.53,0.53,False,99.31,19.31,False,100.0,20.0,False
3148301,53.79,89.89,80.0,Paula Cândido,MG,83.0,0.952,1.0,5.0,3.13,3.678,89.89,9.89,False,100.0,20.0,False,100.0,20.0,False
3148509,86.92,81.4,80.0,Pavão,MG,82.0,0.963,0.0,-5.0,3.13,0.766,81.4,1.4,False,100.0,20.0,False,85.99,5.99,False
3148608,64.65,61.48,80.0,Peçanha,MG,121.0,0.909,0.0,-3.17,3.13,0.755,61.48,-18.52,True,80.26,0.26,False,66.01,-13.99,True
3148707,57.01,60.74,80.0,Pedra Azul,MG,236.0,0.911,0.0,3.73,3.13,3.455,60.74,-19.26,True,79.52,-0.48,True,81.47,1.47,False
3148756,61.37,91.18,80.0,Pedra Bonita,MG,64.0,0.984,0.0,5.0,3.13,3.583,91.18,11.18,False,100.0,20.0,False,100.0,20.0,False
3149101,50.09,85.5,80.0,Pedralva,MG,101.0,0.891,1.0,5.0,3.13,3.757,85.5,5.5,False,100.0,20.0,False,100.0,20.0,False
3149150,28.66,46.09,80.0,Pedras de Maria da Cruz,MG,87.0,0.862,0.0,5.0,3.13,3.697,46.09,-33.91,True,64.87,-15.13,True,68.27,-11.73,True
3149309,59.02,69.22,80.0,Pedro Leopoldo,MG,662.0,0.909,1.0,5.0,3.13,4.566,69.22,-10.78,True,88.0,8.0,False,96.62,16.62,False
3149606,64.18,81.37,80.0,Pequi,MG,60.0,0.95,1.0,5.0,3.13,3.561,81.37,1.37,False,100.0,20.0,False,100.0,20.0,False
3149705,80.06,80.71,80.0,Perdigão,MG,166.0,0.904,1.0,0.65,3.13,2.005,80.71,0.71,False,99.49,19.49,False,92.74,12.74,False
3149804,67.9,83.41,80.0,Perdizes,MG,260.0,0.881,1.0,5.0,3.13,4.187,83.41,3.41,False,100.0,20.0,False,100.0,20.0,False
3149903,71.24,79.12,80.0,Perdões,MG,176.0,0.955,1.0,5.0,3.13,4.005,79.12,-0.88,True,97.9,17.9,False,100.0,20.0,False
3149952,45.31,44.47,80.0,Periquito,MG,86.0,0.872,1.0,-0.84,3.13,1.936,44.47,-35.53,True,63.25,-16.75,True,56.09,-23.91,True
3150000,88.06,77.59,80.0,Pescador,MG,61.0,0.951,1.0,-5.0,3.13,1.23,77.59,-2.41,True,96.37,16.37,False,84.97,4.97,False
3150158,52.84,74.09,80.0,Piedade de Caratinga,MG,152.0,0.928,1.0,5.0,3.13,3.937,74.09,-5.91,True,92.87,12.87,False,97.71,17.71,False
3150307,29.38,63.16,80.0,Piedade do Rio Grande,MG,57.0,0.965,1.0,5.0,3.13,3.544,63.16,-16.84,True,81.94,1.94,False,84.43,4.43,False
3150406,71.95,83.86,80.0,Piedade dos Gerais,MG,54.0,0.963,0.0,5.0,3.13,3.527,83.86,3.86,False,100.0,20.0,False,100.0,20.0,False
3150505,72.81,94.39,80.0,Pimenta,MG,74.0,0.959,1.0,5.0,3.13,3.635,94.39,14.39,False,100.0,20.0,False,100.0,20.0,False
3150539,34.7,81.43,80.0,Pingo-d'Água,MG,52.0,0.923,1.0,5.0,3.13,3.515,81.43,1.43,False,100.0,20.0,False,100.0,20.0,False
3150570,47.97,64.82,80.0,Pintópolis,MG,106.0,0.896,0.0,5.0,3.13,3.777,64.82,-15.18,True,83.6,3.6,False,87.48,7.48,False
3150604,66.97,76.35,80.0,Piracema,MG,67.0,0.94,1.0,5.0,3.13,3.599,76.35,-3.65,True,95.13,15.13,False,97.94,17.94,False
3150703,63.4,76.8,80.0,Pirajuba,MG,113.0,0.876,1.0,5.0,3.13,3.805,76.8,-3.2,True,95.58,15.58,False,99.63,19.63,False
3150802,60.14,75.27,80.0,Piranga,MG,137.0,0.905,0.0,5.0,3.13,3.89,75.27,-4.73,True,94.05,14.05,False,98.61,18.61,False
3151008,69.35,85.01,80.0,Piranguinho,MG,105.0,0.962,1.0,5.0,3.13,3.773,85.01,5.01,False,100.0,20.0,False,100.0,20.0,False
3151107,62.67,66.15,80.0,Pirapetinga,MG,103.0,0.922,1.0,3.48,3.13,3.249,66.15,-13.85,True,84.93,4.93,False,85.64,5.64,False
3151206,49.51,69.81,80.0,Pirapora,MG,665.0,0.884,1.0,5.0,3.13,4.568,69.81,-10.19,True,88.59,8.59,False,97.22,17.22,False
3151305,74.74,87.11,80.0,Piraúba,MG,129.0,0.938,1.0,5.0,3.13,3.863,87.11,7.11,False,100.0,20.0,False,100.0,20.0,False
3151404,92.14,85.71,80.0,Pitangui,MG,280.0,0.961,1.0,-5.0,3.13,-1.613,85.71,5.71,False,100.0,20.0,False,76.03,-3.97,True
3151503,57.27,73.46,80.0,Piumhi,MG,354.0,0.873,1.0,5.0,3.13,4.325,73.46,-6.54,True,92.24,12.24,False,99.41,19.41,False
3151602,45.91,65.98,80.0,Planura,MG,160.0,0.888,1.0,5.0,3.13,3.961,65.98,-14.02,True,84.76,4.76,False,89.75,9.75,False
3151701,81.87,70.92,80.0,Poço Fundo,MG,158.0,0.886,1.0,-5.0,3.13,-0.458,70.92,-9.08,True,89.7,9.7,False,68.17,-11.83,True
3151800,58.1,79.39,80.0,Poços de Caldas,MG,1303.0,0.857,1.0,5.0,3.13,4.751,79.39,-0.61,True,98.17,18.17,False,100.0,20.0,False
3152006,65.2,56.14,80.0,Pompéu,MG,324.0,0.901,1.0,-5.0,3.13,-1.897,56.14,-23.86,True,74.92,-5.08,True,44.76,-35.24,True
3152105,52.65,81.27,80.0,Ponte Nova,MG,494.0,0.877,1.0,5.0,3.13,4.461,81.27,1.27,False,100.0,20.0,False,100.0,20.0,False
3152131,61.32,76.36,80.0,Ponto Chique,MG,53.0,0.962,0.0,5.0,3.13,3.521,76.36,-3.64,True,95.14,15.14,False,97.49,17.49,False
3152170,72.63,67.71,80.0,Ponto dos Volantes,MG,96.0,0.938,0.0,-4.92,3.13,0.519,67.71,-12.29,True,86.49,6.49,False,70.82,-9.18,True
3152204,63.54,70.05,80.0,Porteirinha,MG,343.0,0.974,0.0,5.0,3.13,4.311,70.05,-9.95,True,88.83,8.83,False,95.92,15.92,False
3152402,41.74,79.91,80.0,Poté,MG,119.0,0.933,0.0,5.0,3.13,3.827,79.91,-0.09,True,98.69,18.69,False,100.0,20.0,False
3152501,58.91,70.53,80.0,Pouso Alegre,MG,1341.0,0.89,1.0,5.0,3.13,4.757,70.53,-9.47,True,89.31,9.31,False,99.07,19.07,False
3152600,78.44,79.55,80.0,Pouso Alto,MG,66.0,0.924,1.0,1.11,3.13,2.628,79.55,-0.45,True,98.33,18.33,False,95.32,15.32,False
3152709,73.21,93.22,80.0,Prados,MG,61.0,0.951,1.0,5.0,3.13,3.567,93.22,13.22,False,100.0,20.0,False,100.0,20.0,False
3152808,55.38,50.5,80.0,Prata,MG,384.0,0.87,1.0,-4.88,3.13,-2.137,50.5,-29.5,True,69.28,-10.72,True,37.68,-42.32,True
3152907,62.59,88.36,80.0,Pratápolis,MG,89.0,0.955,1.0,5.0,3.13,3.706,88.36,8.36,False,100.0,20.0,False,100.0,20.0,False
3153004,85.44,52.8,80.0,Pratinha,MG,55.0,0.891,1.0,-5.0,3.13,1.376,52.8,-27.2,True,71.58,-8.42,True,61.06,-18.94,True
3153400,77.37,78.27,80.0,Presidente Olegário,MG,168.0,0.905,1.0,0.9,3.13,2.112,78.27,-1.73,True,97.05,17.05,False,90.94,10.94,False
3153509,50.82,78.73,80.0,Alto Jequitibá,MG,90.0,0.889,0.0,5.0,3.13,3.71,78.73,-1.27,True,97.51,17.51,False,100.0,20.0,False
3153608,52.93,60.98,80.0,Prudente de Morais,MG,126.0,0.96,1.0,5.0,3.13,3.852,60.98,-19.02,True,79.76,-0.24,True,84.09,4.09,False
3153905,48.4,69.66,80.0,Raposos,MG,157.0,0.93,1.0,5.0,3.13,3.952,69.66,-10.34,True,88.44,8.44,False,93.37,13.37,False
3154002,67.06,84.96,80.0,Raul Soares,MG,188.0,0.894,1.0,5.0,3.13,4.036,84.96,4.96,False,100.0,20.0,False,100.0,20.0,False
3154101,72.18,64.51,80.0,Recreio,MG,85.0,0.894,1.0,-5.0,3.13,0.705,64.51,-15.49,True,83.29,3.29,False,68.74,-11.26,True
3154150,39.44,83.87,80.0,Reduto,MG,99.0,0.929,0.0,5.0,3.13,3.749,83.87,3.87,False,100.0,20.0,False,100.0,20.0,False
3154200,57.85,82.11,80.0,Resende Costa,MG,88.0,0.955,1.0,5.0,3.13,3.701,82.11,2.11,False,100.0,20.0,False,100.0,20.0,False
3154309,71.54,61.12,80.0,Resplendor,MG,165.0,0.782,1.0,-5.0,3.13,-0.545,61.12,-18.88,True,79.9,-0.1,True,57.85,-22.15,True
3154457,69.58,72.81,80.0,Riachinho,MG,98.0,0.908,0.0,3.23,3.13,3.163,72.81,-7.19,True,91.59,11.59,False,91.79,11.79,False
3154507,67.54,70.0,80.0,Riacho dos Machados,MG,90.0,1.0,0.0,2.46,3.13,2.922,70.0,-10.0,True,88.78,8.78,False,87.53,7.53,False
3154606,54.99,59.36,80.0,Ribeirão das Neves,MG,3989.0,0.858,1.0,4.37,3.13,4.311,59.36,-20.64,True,78.14,-1.86,True,85.22,5.22,False
3154804,40.74,72.91,80.0,Rio Acima,MG,123.0,0.902,1.0,5.0,3.13,3.842,72.91,-7.09,True,91.69,11.69,False,95.96,15.96,False
3154903,59.63,62.76,80.0,Rio Casca,MG,125.0,0.928,1.0,3.13,3.13,3.13,62.76,-17.24,True,81.54,1.54,False,81.54,1.54,False
3155108,52.94,76.19,80.0,Rio do Prado,MG,57.0,0.965,0.0,5.0,3.13,3.544,76.19,-3.81,True,94.97,14.97,False,97.46,17.46,False
3155306,71.24,98.05,80.0,Rio Manso,MG,54.0,0.907,1.0,5.0,3.13,3.527,98.05,18.05,False,100.0,20.0,False,100.0,20.0,False
3155405,39.03,65.4,80.0,Rio Novo,MG,103.0,0.864,1.0,5.0,3.13,3.765,65.4,-14.6,True,84.18,4.18,False,87.99,7.99,False
3155504,78.7,60.21,80.0,Rio Paranaíba,MG,222.0,0.869,1.0,-5.0,3.13,-1.147,60.21,-19.79,True,78.99,-1.01,True,53.33,-26.67,True
3155603,73.36,85.31,80.0,Rio Pardo de Minas,MG,278.0,0.964,0.0,5.0,3.13,4.217,85.31,5.31,False,100.0,20.0,False,100.0,20.0,False
3155702,77.01,76.96,80.0,Rio Piracicaba,MG,141.0,0.957,1.0,-0.05,3.13,1.815,76.96,-3.04,True,95.74,15.74,False,87.85,7.85,False
3155801,65.31,78.55,80.0,Rio Pomba,MG,160.0,0.881,1.0,5.0,3.13,3.961,78.55,-1.45,True,97.33,17.33,False,100.0,20.0,False
3156007,43.86,59.95,80.0,Rio Vermelho,MG,115.0,0.896,0.0,5.0,3.13,3.812,59.95,-20.05,True,78.73,-1.27,True,82.82,2.82,False
3156304,44.73,81.95,80.0,Rodeiro,MG,128.0,0.953,1.0,5.0,3.13,3.859,81.95,1.95,False,100.0,20.0,False,100.0,20.0,False
3156601,86.74,63.6,80.0,Rubim,MG,67.0,0.91,1.0,-5.0,3.13,1.09,63.6,-16.4,True,82.38,2.38,False,70.14,-9.86,True
3156700,57.15,71.68,80.0,Sabará,MG,1272.0,0.871,1.0,5.0,3.13,4.746,71.68,-8.32,True,90.46,10.46,False,100.0,20.0,False
3156809,40.58,60.64,80.0,Sabinópolis,MG,130.0,0.938,0.0,5.0,3.13,3.866,60.64,-19.36,True,79.42,-0.58,True,83.84,3.84,False
3156908,64.01,79.62,80.0,Sacramento,MG,369.0,0.875,1.0,5.0,3.13,4.343,79.62,-0.38,True,98.4,18.4,False,100.0,20.0,False
3157005,73.01,77.08,80.0,Salinas,MG,411.0,0.954,1.0,4.07,3.13,3.762,77.08,-2.92,True,95.86,15.86,False,99.65,19.65,False
3157104,43.75,59.15,80.0,Salto da Divisa,MG,80.0,0.925,0.0,5.0,3.13,3.664,59.15,-20.85,True,77.93,-2.07,True,81.13,1.13,False
3157203,69.91,66.55,80.0,Santa Bárbara,MG,342.0,0.909,1.0,-3.36,3.13,-0.965,66.55,-13.45,True,85.33,5.33,False,60.76,-19.24,True
3157252,61.75,70.45,80.0,Santa Bárbara do Leste,MG,109.0,0.872,0.0,5.0,3.13,3.789,70.45,-9.55,True,89.23,9.23,False,93.19,13.19,False
3157336,63.86,43.82,80.0,Santa Cruz de Minas,MG,85.0,0.929,1.0,-5.0,3.13,0.705,43.82,-36.18,True,62.6,-17.4,True,48.05,-31.95,True
3157500,43.34,75.81,80.0,Santa Efigênia de Minas,MG,54.0,0.926,0.0,5.0,3.13,3.527,75.81,-4.19,True,94.59,14.59,False,96.97,16.97,False
3157658,59.32,90.81,80.0,Santa Helena de Minas,MG,83.0,0.771,0.0,5.0,3.13,3.678,90.81,10.81,False,100.0,20.0,False,100.0,20.0,False
3157708,62.9,58.13,80.0,Santa Juliana,MG,226.0,0.929,1.0,-4.77,3.13,-1.061,58.13,-21.87,True,76.91,-3.09,True,51.76,-28.24,True
3157807,51.5,72.16,80.0,Santa Luzia,MG,2644.0,0.87,1.0,5.0,3.13,4.868,72.16,-7.84,True,90.94,10.94,False,100.0,20.0,False
3157906,71.98,60.93,80.0,Santa Margarida,MG,193.0,0.881,0.0,-5.0,3.13,-0.863,60.93,-19.07,True,79.71,-0.29,True,55.75,-24.25,True
3158003,54.64,77.79,80.0,Santa Maria de Itabira,MG,120.0,0.858,1.0,5.0,3.13,3.831,77.79,-2.21,True,96.57,16.57,False,100.0,20.0,False
3158102,47.31,60.65,80.0,Santa Maria do Salto,MG,72.0,0.875,0.0,5.0,3.13,3.625,60.65,-19.35,True,79.43,-0.57,True,82.4,2.4,False
3158201,61.58,66.73,80.0,Santa Maria do Suaçuí,MG,132.0,0.894,0.0,5.0,3.13,3.873,66.73,-13.27,True,85.51,5.51,False,89.97,9.97,False
3158300,64.87,87.45,80.0,Santana da Vargem,MG,63.0,0.921,1.0,5.0,3.13,3.578,87.45,7.45,False,100.0,20.0,False,100.0,20.0,False
3158904,90.59,77.24,80.0,Santana do Manhuaçu,MG,74.0,0.946,0.0,-5.0,3.13,0.934,77.24,-2.76,True,96.02,16.02,False,82.84,2.84,False
3158953,69.78,69.95,80.0,Santana do Paraíso,MG,352.0,0.932,1.0,0.17,3.13,1.242,69.95,-10.05,True,88.73,8.73,False,77.4,-2.6,True
3159001,60.89,80.15,80.0,Santana do Riacho,MG,65.0,0.908,1.0,5.0,3.13,3.588,80.15,0.15,False,98.93,18.93,False,100.0,20.0,False
3159209,86.83,92.49,80.0,Santa Rita de Caldas,MG,68.0,0.971,1.0,5.0,3.13,3.604,92.49,12.49,False,100.0,20.0,False,100.0,20.0,False
3159308,41.62,77.68,80.0,Santa Rita de Jacutinga,MG,58.0,0.931,1.0,5.0,3.13,3.55,77.68,-2.32,True,96.46,16.46,False,98.98,18.98,False
3159506,83.38,87.19,80.0,Santa Rita do Itueto,MG,62.0,0.71,0.0,3.81,3.13,3.291,87.19,7.19,False,100.0,20.0,False,100.0,20.0,False
3159605,49.69,72.16,80.0,Santa Rita do Sapucaí,MG,418.0,0.89,1.0,5.0,3.13,4.395,72.16,-7.84,True,90.94,10.94,False,98.53,18.53,False
3159704,72.97,79.88,80.0,Santa Rosa da Serra,MG,57.0,0.842,1.0,5.0,3.13,3.544,79.88,-0.12,True,98.66,18.66,False,100.0,20.0,False
3159803,70.78,59.6,80.0,Santa Vitória,MG,272.0,0.926,1.0,-5.0,3.13,-1.555,59.6,-20.4,True,78.38,-1.62,True,50.27,-29.73,True
3159902,83.75,80.3,80.0,Santo Antônio do Amparo,MG,174.0,0.925,1.0,-3.45,3.13,0.068,80.3,0.3,False,99.08,19.08,False,80.71,0.71,False
3160108,82.71,94.3,80.0,Santo Antônio do Grama,MG,55.0,0.945,1.0,5.0,3.13,3.533,94.3,14.3,False,100.0,20.0,False,100.0,20.0,False
3160306,62.95,65.72,80.0,Santo Antônio do Jacinto,MG,117.0,0.863,0.0,2.77,3.13,2.997,65.72,-14.28,True,84.5,4.5,False,83.7,3.7,False
3160405,82.37,81.35,80.0,Santo Antônio do Monte,MG,293.0,0.969,1.0,-1.02,3.13,0.663,81.35,1.35,False,100.0,20.0,False,85.33,5.33,False
3160454,78.11,65.69,80.0,Santo Antônio do Retiro,MG,60.0,0.983,0.0,-5.0,3.13,1.253,65.69,-14.31,True,84.47,4.47,False,73.21,-6.79,True
3160702,55.96,69.94,80.0,Santos Dumont,MG,325.0,0.942,1.0,5.0,3.13,4.287,69.94,-10.06,True,88.72,8.72,False,95.66,15.66,False
3160801,58.23,76.67,80.0,São Bento Abade,MG,60.0,1.0,1.0,5.0,3.13,3.561,76.67,-3.33,True,95.45,15.45,False,98.04,18.04,False
3160959,90.7,93.62,80.0,São Domingos das Dores,MG,94.0,1.0,1.0,2.92,3.13,3.063,93.62,13.62,False,100.0,20.0,False,100.0,20.0,False
3161007,69.05,84.25,80.0,São Domingos do Prata,MG,131.0,0.924,1.0,5.0,3.13,3.87,84.25,4.25,False,100.0,20.0,False,100.0,20.0,False
3161106,46.23,58.24,80.0,São Francisco,MG,657.0,0.932,0.0,5.0,3.13,4.563,58.24,-21.76,True,77.02,-2.98,True,85.62,5.62,False
3161205,78.67,90.73,80.0,São Francisco de Paula,MG,72.0,0.889,1.0,5.0,3.13,3.625,90.73,10.73,False,100.0,20.0,False,100.0,20.0,False
3161304,76.55,73.5,80.0,São Francisco de Sales,MG,77.0,0.87,1.0,-3.05,3.13,1.412,73.5,-6.5,True,92.28,12.28,False,81.97,1.97,False
3161403,59.41,78.59,80.0,São Francisco do Glória,MG,50.0,0.92,1.0,5.0,3.13,3.504,78.59,-1.41,True,97.37,17.37,False,99.61,19.61,False
3161502,81.24,92.77,80.0,São Geraldo,MG,110.0,0.964,1.0,5.0,3.13,3.793,92.77,12.77,False,100.0,20.0,False,100.0,20.0,False
3161700,86.36,82.95,80.0,São Gonçalo do Abaeté,MG,61.0,0.951,1.0,-3.41,3.13,1.601,82.95,2.95,False,100.0,20.0,False,92.56,12.56,False
3161809,61.12,78.82,80.0,São Gonçalo do Pará,MG,100.0,0.95,1.0,5.0,3.13,3.753,78.82,-1.18,True,97.6,17.6,False,100.0,20.0,False
3161908,80.53,91.6,80.0,São Gonçalo do Rio Abaixo,MG,169.0,0.97,1.0,5.0,3.13,3.986,91.6,11.6,False,100.0,20.0,False,100.0,20.0,False
3162005,76.27,76.14,80.0,São Gonçalo do Sapucaí,MG,262.0,0.912,1.0,-0.13,3.13,1.281,76.14,-3.86,True,94.92,14.92,False,83.83,3.83,False
3162104,53.04,75.49,80.0,São Gotardo,MG,599.0,0.881,1.0,5.0,3.13,4.532,75.49,-4.51,True,94.27,14.27,False,100.0,20.0,False
3162203,82.43,84.26,80.0,São João Batista do Glória,MG,95.0,0.926,1.0,1.83,3.13,2.711,84.26,4.26,False,100.0,20.0,False,100.0,20.0,False
3162252,49.97,77.83,80.0,São João da Lagoa,MG,53.0,0.962,0.0,5.0,3.13,3.521,77.83,-2.17,True,96.61,16.61,False,98.96,18.96,False
3162401,65.62,63.51,80.0,São João da Ponte,MG,185.0,0.957,0.0,-2.11,3.13,0.612,63.51,-16.49,True,82.29,2.29,False,67.18,-12.82,True
3162500,55.63,74.0,80.0,São João del Rei,MG,763.0,0.928,1.0,5.0,3.13,4.612,74.0,-6.0,True,92.78,12.78,False,100.0,20.0,False
3162559,76.73,71.72,80.0,São João do Manhuaçu,MG,160.0,0.95,1.0,-5.0,3.13,-0.484,71.72,-8.28,True,90.5,10.5,False,68.82,-11.18,True
3162575,79.89,71.7,80.0,São João do Manteninha,MG,61.0,0.967,1.0,-5.0,3.13,1.23,71.7,-8.3,True,90.48,10.48,False,79.08,-0.92,True
3162609,83.42,67.66,80.0,São João do Oriente,MG,79.0,0.962,1.0,-5.0,3.13,0.828,67.66,-12.34,True,86.44,6.44,False,72.63,-7.37,True
3162708,70.47,87.33,80.0,São João do Paraíso,MG,233.0,0.914,0.0,5.0,3.13,4.136,87.33,7.33,False,100.0,20.0,False,100.0,20.0,False
3162807,92.58,70.27,80.0,São João Evangelista,MG,171.0,0.883,1.0,-5.0,3.13,-0.618,70.27,-9.73,True,89.05,9.05,False,66.56,-13.44,True
3162906,68.55,69.83,80.0,São João Nepomuceno,MG,232.0,0.884,1.0,1.28,3.13,2.136,69.83,-10.17,True,88.61,8.61,False,82.65,2.65,False
3162922,48.19,82.15,80.0,São Joaquim de Bicas,MG,490.0,0.871,1.0,5.0,3.13,4.458,82.15,2.15,False,100.0,20.0,False,100.0,20.0,False
3162948,85.61,75.22,80.0,São José da Barra,MG,115.0,0.791,1.0,-5.0,3.13,0.162,75.22,-4.78,True,94.0,14.0,False,76.19,-3.81,True
3162955,62.41,75.09,80.0,São José da Lapa,MG,345.0,0.951,1.0,5.0,3.13,4.314,75.09,-4.91,True,93.87,13.87,False,100.0,20.0,False
3163201,77.36,86.26,80.0,São José do Alegre,MG,54.0,0.926,1.0,5.0,3.13,3.527,86.26,6.26,False,100.0,20.0,False,100.0,20.0,False
3163508,55.27,81.45,80.0,São José do Jacuri,MG,57.0,0.965,0.0,5.0,3.13,3.544,81.45,1.45,False,100.0,20.0,False,100.0,20.0,False
3163706,64.13,85.37,80.0,São Lourenço,MG,403.0,0.911,1.0,5.0,3.13,4.38,85.37,5.37,False,100.0,20.0,False,100.0,20.0,False
3163805,74.87,78.02,80.0,São Miguel do Anta,MG,69.0,0.986,1.0,3.15,3.13,3.135,78.02,-1.98,True,96.8,16.8,False,96.83,16.83,False
3163904,76.97,97.05,80.0,São Pedro da União,MG,76.0,0.921,1.0,5.0,3.13,3.645,97.05,17.05,False,100.0,20.0,False,100.0,20.0,False
3164001,81.45,68.34,80.0,São Pedro dos Ferros,MG,80.0,0.962,1.0,-5.0,3.13,0.807,68.34,-11.66,True,87.12,7.12,False,73.18,-6.82,True
3164209,50.94,77.76,80.0,São Romão,MG,93.0,0.925,0.0,5.0,3.13,3.723,77.76,-2.24,True,96.54,16.54,False,100.0,20.0,False
3164308,71.16,77.02,80.0,São Roque de Minas,MG,51.0,0.784,1.0,5.0,3.13,3.51,77.02,-2.98,True,95.8,15.8,False,98.08,18.08,False
3164407,66.97,90.92,80.0,São Sebastião da Bela Vista,MG,80.0,0.938,1.0,5.0,3.13,3.664,90.92,10.92,False,100.0,20.0,False,100.0,20.0,False
3164472,58.19,81.32,80.0,São Sebastião do Anta,MG,81.0,0.901,1.0,5.0,3.13,3.669,81.32,1.32,False,100.0,20.0,False,100.0,20.0,False
3164605,71.5,76.46,80.0,São Sebastião do Oeste,MG,146.0,0.89,1.0,4.96,3.13,3.902,76.46,-3.54,True,95.24,15.24,False,99.87,19.87,False
3164704,65.48,81.09,80.0,São Sebastião do Paraíso,MG,716.0,0.933,1.0,5.0,3.13,4.592,81.09,1.09,False,99.87,19.87,False,100.0,20.0,False
3165008,90.52,94.92,80.0,São Tiago,MG,98.0,0.959,1.0,4.4,3.13,3.547,94.92,14.92,False,100.0,20.0,False,100.0,20.0,False
3165107,68.13,82.09,80.0,São Tomás de Aquino,MG,87.0,0.966,1.0,5.0,3.13,3.697,82.09,2.09,False,100.0,20.0,False,100.0,20.0,False
3165206,86.0,88.25,80.0,São Thomé das Letras,MG,79.0,0.899,1.0,2.25,3.13,2.88,88.25,8.25,False,100.0,20.0,False,100.0,20.0,False
3165305,60.1,81.64,80.0,São Vicente de Minas,MG,79.0,0.899,1.0,5.0,3.13,3.659,81.64,1.64,False,100.0,20.0,False,100.0,20.0,False
3165404,52.93,75.07,80.0,Sapucaí-Mirim,MG,80.0,0.862,1.0,5.0,3.13,3.664,75.07,-4.93,True,93.85,13.85,False,97.05,17.05,False
3165503,45.8,85.12,80.0,Sardoá,MG,63.0,0.952,1.0,5.0,3.13,3.578,85.12,5.12,False,100.0,20.0,False,100.0,20.0,False
3165537,80.06,82.39,80.0,Sarzedo,MG,525.0,0.905,1.0,2.33,3.13,2.551,82.39,2.39,False,100.0,20.0,False,97.69,17.69,False
3165552,48.72,60.0,80.0,Setubinha,MG,126.0,0.968,0.0,5.0,3.13,3.852,60.0,-20.0,True,78.78,-1.22,True,83.11,3.11,False
3165578,70.19,76.97,80.0,Senador Amaral,MG,134.0,0.866,1.0,5.0,3.13,3.88,76.97,-3.03,True,95.75,15.75,False,100.0,20.0,False
3165701,66.34,91.79,80.0,Senador Firmino,MG,86.0,0.988,1.0,5.0,3.13,3.692,91.79,11.79,False,100.0,20.0,False,100.0,20.0,False
3166006,79.29,86.42,80.0,Senhora de Oliveira,MG,52.0,0.981,1.0,5.0,3.13,3.515,86.42,6.42,False,100.0,20.0,False,100.0,20.0,False
3166204,100.0,77.94,80.0,Senhora dos Remédios,MG,85.0,0.976,0.0,-5.0,3.13,0.705,77.94,-2.06,True,96.72,16.72,False,82.17,2.17,False
3166303,68.55,84.85,80.0,Sericita,MG,66.0,0.985,0.0,5.0,3.13,3.594,84.85,4.85,False,100.0,20.0,False,100.0,20.0,False
3166709,51.8,65.83,80.0,Serra dos Aimorés,MG,100.0,0.84,0.0,5.0,3.13,3.753,65.83,-14.17,True,84.61,4.61,False,88.35,8.35,False
3166808,59.88,72.87,80.0,Serra do Salitre,MG,194.0,0.835,1.0,5.0,3.13,4.051,72.87,-7.13,True,91.65,11.65,False,97.17,17.17,False
3166907,63.81,80.88,80.0,Serrania,MG,81.0,0.951,1.0,5.0,3.13,3.669,80.88,0.88,False,99.66,19.66,False,100.0,20.0,False
3167202,53.59,60.35,80.0,Sete Lagoas,MG,1835.0,0.912,1.0,5.0,3.13,4.816,60.35,-19.65,True,79.13,-0.87,True,89.25,9.25,False
3167400,54.05,87.91,80.0,Silvianópolis,MG,71.0,0.915,1.0,5.0,3.13,3.62,87.91,7.91,False,100.0,20.0,False,100.0,20.0,False
3167608,65.64,68.54,80.0,Simonésia,MG,245.0,0.837,0.0,2.9,3.13,3.003,68.54,-11.46,True,87.32,7.32,False,86.56,6.56,False
3167806,73.12,88.35,80.0,Soledade de Minas,MG,69.0,0.913,1.0,5.0,3.13,3.609,88.35,8.35,False,100.0,20.0,False,100.0,20.0,False
3168002,69.28,86.34,80.0,Taiobeiras,MG,396.0,0.96,1.0,5.0,3.13,4.372,86.34,6.34,False,100.0,20.0,False,100.0,20.0,False
3168101,56.1,79.68,80.0,Tapira,MG,75.0,0.853,1.0,5.0,3.13,3.64,79.68,-0.32,True,98.46,18.46,False,100.0,20.0,False
3168309,66.07,94.4,80.0,Taquaraçu de Minas,MG,62.0,0.855,1.0,5.0,3.13,3.572,94.4,14.4,False,100.0,20.0,False,100.0,20.0,False
3168408,70.0,77.47,80.0,Tarumirim,MG,102.0,0.941,1.0,5.0,3.13,3.761,77.47,-2.53,True,96.25,16.25,False,100.0,20.0,False
3168507,75.5,75.97,80.0,Teixeiras,MG,91.0,0.967,1.0,0.47,3.13,2.298,75.97,-4.03,True,94.75,14.75,False,89.76,9.76,False
3168606,50.75,67.28,80.0,Teófilo Otoni,MG,1314.0,0.906,1.0,5.0,3.13,4.753,67.28,-12.72,True,86.06,6.06,False,95.8,15.8,False
3168705,55.91,70.28,80.0,Timóteo,MG,710.0,0.923,1.0,5.0,3.13,4.589,70.28,-9.72,True,89.06,9.06,False,97.81,17.81,False
3168804,62.26,68.34,80.0,Tiradentes,MG,72.0,0.875,1.0,5.0,3.13,3.625,68.34,-11.66,True,87.12,7.12,False,90.09,10.09,False
3168903,59.26,81.76,80.0,Tiros,MG,65.0,0.954,1.0,5.0,3.13,3.588,81.76,1.76,False,100.0,20.0,False,100.0,20.0,False
3169000,58.37,71.46,80.0,Tocantins,MG,168.0,0.905,1.0,5.0,3.13,3.983,71.46,-8.54,True,90.24,10.24,False,95.36,15.36,False
3169109,63.11,89.2,80.0,Toledo,MG,120.0,0.908,1.0,5.0,3.13,3.831,89.2,9.2,False,100.0,20.0,False,100.0,20.0,False
3169208,56.82,80.55,80.0,Tombos,MG,69.0,0.971,1.0,5.0,3.13,3.609,80.55,0.55,False,99.33,19.33,False,100.0,20.0,False
3169307,50.69,70.26,80.0,Três Corações,MG,617.0,0.94,1.0,5.0,3.13,4.542,70.26,-9.74,True,89.04,9.04,False,97.51,17.51,False
3169356,68.34,83.86,80.0,Três Marias,MG,316.0,0.896,1.0,5.0,3.13,4.275,83.86,3.86,False,100.0,20.0,False,100.0,20.0,False
3169406,61.16,81.66,80.0,Três Pontas,MG,574.0,0.941,1.0,5.0,3.13,4.517,81.66,1.66,False,100.0,20.0,False,100.0,20.0,False
3169505,45.36,74.58,80.0,Tumiritinga,MG,62.0,0.823,1.0,5.0,3.13,3.572,74.58,-5.42,True,93.36,13.36,False,96.01,16.01,False
3169604,39.03,58.34,80.0,Tupaciguara,MG,255.0,0.89,1.0,5.0,3.13,4.178,58.34,-21.66,True,77.12,-2.88,True,83.41,3.41,False
3169703,53.94,73.78,80.0,Turmalina,MG,197.0,0.944,1.0,5.0,3.13,4.058,73.78,-6.22,True,92.56,12.56,False,98.13,18.13,False
3169802,61.67,67.31,80.0,Turvolândia,MG,73.0,0.959,1.0,5.0,3.13,3.63,67.31,-12.69,True,86.09,6.09,False,89.09,9.09,False
3169901,64.51,79.09,80.0,Ubá,MG,909.0,0.89,1.0,5.0,3.13,4.663,79.09,-0.91,True,97.87,17.87,False,100.0,20.0,False
3170008,70.25,58.55,80.0,Ubaí,MG,99.0,0.949,0.0,-5.0,3.13,0.438,58.55,-21.45,True,77.33,-2.67,True,61.18,-18.82,True
3170057,68.47,70.42,80.0,Ubaporanga,MG,169.0,0.964,1.0,1.95,3.13,2.589,70.42,-9.58,True,89.2,9.2,False,85.96,5.96,False
3170107,45.77,57.68,80.0,Uberaba,MG,3431.0,0.833,1.0,5.0,3.13,4.897,57.68,-22.32,True,76.46,-3.54,True,87.06,7.06,False
3170206,50.92,62.63,80.0,Uberlândia,MG,7109.0,0.838,1.0,5.0,3.13,4.949,62.63,-17.37,True,81.41,1.41,False,92.32,12.32,False
3170404,56.42,59.06,80.0,Unaí,MG,851.0,0.898,1.0,2.64,3.13,2.733,59.06,-20.94,True,77.84,-2.16,True,75.46,-4.54,True
3170503,55.56,81.15,80.0,Urucânia,MG,110.0,0.873,1.0,5.0,3.13,3.793,81.15,1.15,False,99.93,19.93,False,100.0,20.0,False
3170529,56.93,67.15,80.0,Urucuia,MG,97.0,0.979,0.0,5.0,3.13,3.74,67.15,-12.85,True,85.93,5.93,False,89.59,9.59,False
3170578,82.74,83.44,80.0,Vargem Alegre,MG,64.0,0.938,1.0,0.7,3.13,2.541,83.44,3.44,False,100.0,20.0,False,98.68,18.68,False
3170651,61.64,89.89,80.0,Vargem Grande do Rio Pardo,MG,50.0,0.98,0.0,5.0,3.13,3.504,89.89,9.89,False,100.0,20.0,False,100.0,20.0,False
3170701,50.68,71.53,80.0,Varginha,MG,1157.0,0.888,1.0,5.0,3.13,4.724,71.53,-8.47,True,90.31,10.31,False,99.88,19.88,False
3170750,57.22,93.29,80.0,Varjão de Minas,MG,110.0,0.955,1.0,5.0,3.13,3.793,93.29,13.29,False,100.0,20.0,False,100.0,20.0,False
3170800,61.71,70.34,80.0,Várzea da Palma,MG,324.0,0.932,1.0,5.0,3.13,4.286,70.34,-9.66,True,89.12,9.12,False,96.06,16.06,False
3170909,46.77,73.78,80.0,Varzelândia,MG,189.0,0.915,0.0,5.0,3.13,4.038,73.78,-6.22,True,92.56,12.56,False,98.01,18.01,False
3171006,43.84,71.85,80.0,Vazante,MG,191.0,0.911,1.0,5.0,3.13,4.043,71.85,-8.15,True,90.63,10.63,False,96.11,16.11,False
3171071,62.13,77.02,80.0,Veredinha,MG,68.0,0.956,1.0,5.0,3.13,3.604,77.02,-2.98,True,95.8,15.8,False,98.64,18.64,False
3171204,54.07,70.35,80.0,Vespasiano,MG,1623.0,0.9,1.0,5.0,3.13,4.795,70.35,-9.65,True,89.13,9.13,False,99.12,19.12,False
3171303,62.67,72.11,80.0,Viçosa,MG,581.0,0.919,1.0,5.0,3.13,4.521,72.11,-7.89,True,90.89,10.89,False,99.24,19.24,False
3171600,50.12,85.1,80.0,Virgem da Lapa,MG,79.0,0.924,0.0,5.0,3.13,3.659,85.1,5.1,False,100.0,20.0,False,100.0,20.0,False
3171709,57.94,74.66,80.0,Virgínia,MG,105.0,0.8,1.0,5.0,3.13,3.773,74.66,-5.34,True,93.44,13.44,False,97.3,17.3,False
3171808,44.13,65.62,80.0,Virginópolis,MG,133.0,0.932,1.0,5.0,3.13,3.877,65.62,-14.38,True,84.4,4.4,False,88.88,8.88,False
3172004,56.33,65.77,80.0,Visconde do Rio Branco,MG,380.0,0.953,1.0,5.0,3.13,4.355,65.77,-14.23,True,84.55,4.55,False,91.9,11.9,False
3200102,86.5,95.4,80.0,Afonso Cláudio,ES,293.0,0.945,1.0,5.0,2.083,3.817,95.4,15.4,False,100.0,20.0,False,100.0,20.0,False
3200136,92.32,94.55,80.0,Águia Branca,ES,157.0,0.93,1.0,2.23,2.083,2.148,94.55,14.55,False,100.0,20.0,False,100.0,20.0,False
3200169,77.35,81.68,80.0,Água Doce do Norte,ES,162.0,0.938,1.0,4.33,2.083,3.089,81.68,1.68,False,94.18,14.18,False,100.0,20.0,False
3200201,66.87,83.48,80.0,Alegre,ES,272.0,0.952,1.0,5.0,2.083,3.764,83.48,3.48,False,95.98,15.98,False,100.0,20.0,False
3200300,74.51,87.55,80.0,Alfredo Chaves,ES,110.0,0.927,1.0,5.0,2.083,3.118,87.55,7.55,False,100.0,20.0,False,100.0,20.0,False
3200359,64.65,83.48,80.0,Alto Rio Novo,ES,95.0,0.968,0.0,5.0,2.083,3.023,83.48,3.48,False,95.98,15.98,False,100.0,20.0,False
3200409,81.82,88.41,80.0,Anchieta,ES,418.0,0.921,1.0,5.0,2.083,4.056,88.41,8.41,False,100.0,20.0,False,100.0,20.0,False
3200508,58.4,62.88,80.0,Apiacá,ES,76.0,0.921,1.0,4.48,2.083,2.743,62.88,-17.12,True,75.38,-4.62,True,79.34,-0.66,True
3200607,70.92,74.36,80.0,Aracruz,ES,1409.0,0.882,1.0,3.44,2.083,3.271,74.36,-5.64,True,86.86,6.86,False,93.99,13.99,False
3200706,74.57,77.52,80.0,Atilio Vivacqua,ES,124.0,0.911,1.0,2.95,2.083,2.415,77.52,-2.48,True,90.02,10.02,False,92.01,12.01,False
3200805,68.83,74.59,80.0,Baixo Guandu,ES,310.0,0.887,1.0,5.0,2.083,3.856,74.59,-5.41,True,87.09,7.09,False,97.73,17.73,False
3200904,78.43,87.39,80.0,Barra de São Francisco,ES,504.0,0.931,1.0,5.0,2.083,4.171,87.39,7.39,False,99.89,19.89,False,100.0,20.0,False
3201001,76.69,84.92,80.0,Boa Esperança,ES,201.0,0.97,1.0,5.0,2.083,3.545,84.92,4.92,False,97.42,17.42,False,100.0,20.0,False
3201100,67.14,67.33,80.0,Bom Jesus do Norte,ES,123.0,0.878,1.0,0.19,2.083,1.362,67.33,-12.67,True,79.83,-0.17,True,75.5,-4.5,True
3201159,67.35,87.96,80.0,Brejetuba,ES,240.0,0.908,1.0,5.0,2.083,3.674,87.96,7.96,False,100.0,20.0,False,100.0,20.0,False
3201209,65.3,71.69,80.0,Cachoeiro de Itapemirim,ES,2012.0,0.899,1.0,5.0,2.083,4.736,71.69,-8.31,True,84.19,4.19,False,100.0,20.0,False
3201308,57.15,64.57,80.0,Cariacica,ES,5076.0,0.874,1.0,5.0,2.083,4.889,64.57,-15.43,True,77.07,-2.93,True,93.91,13.91,False
3201407,72.21,82.7,80.0,Castelo,ES,328.0,0.924,1.0,5.0,2.083,3.895,82.7,2.7,False,95.2,15.2,False,100.0,20.0,False
3201506,73.76,77.5,80.0,Colatina,ES,1218.0,0.913,1.0,3.74,2.083,3.506,77.5,-2.5,True,90.0,10.0,False,98.54,18.54,False
3201605,73.7,68.12,80.0,Conceição da Barra,ES,422.0,0.938,1.0,-5.0,2.083,-2.722,68.12,-11.88,True,80.62,0.62,False,51.79,-28.21,True
3201704,77.46,84.19,80.0,Conceição do Castelo,ES,153.0,0.993,1.0,5.0,2.083,3.347,84.19,4.19,False,96.69,16.69,False,100.0,20.0,False
3201803,46.09,82.15,80.0,Divino de São Lourenço,ES,59.0,0.949,1.0,5.0,2.083,2.748,82.15,2.15,False,94.65,14.65,False,98.64,18.64,False
3201902,80.64,81.13,80.0,Domingos Martins,ES,419.0,0.912,1.0,0.49,2.083,1.005,81.13,1.13,False,93.63,13.63,False,87.16,7.16,False
3202009,84.32,81.34,80.0,Dores do Rio Preto,ES,108.0,0.954,1.0,-2.98,2.083,0.308,81.34,1.34,False,93.84,13.84,False,83.19,3.19,False
3202108,69.21,94.7,80.0,Ecoporanga,ES,220.0,0.9,1.0,5.0,2.083,3.611,94.7,14.7,False,100.0,20.0,False,100.0,20.0,False
3202207,61.33,62.28,80.0,Fundão,ES,214.0,0.893,1.0,0.95,2.083,1.498,62.28,-17.72,True,74.78,-5.22,True,71.27,-8.73,True
3202256,64.12,77.12,80.0,Governador Lindenberg,ES,119.0,0.891,1.0,5.0,2.083,3.171,77.12,-2.88,True,89.62,9.62,False,96.15,16.15,False
3202306,74.04,76.71,80.0,Guaçuí,ES,373.0,0.922,1.0,2.67,2.083,2.465,76.71,-3.29,True,89.21,9.21,False,91.5,11.5,False
3202405,71.81,75.99,80.0,Guarapari,ES,1684.0,0.893,1.0,4.18,2.083,3.957,75.99,-4.01,True,88.49,8.49,False,99.73,19.73,False
3202454,80.52,82.36,80.0,Ibatiba,ES,368.0,0.929,1.0,1.84,2.083,1.926,82.36,2.36,False,94.86,14.86,False,93.91,13.91,False
3202504,67.71,81.16,80.0,Ibiraçu,ES,127.0,0.913,1.0,5.0,2.083,3.216,81.16,1.16,False,93.66,13.66,False,100.0,20.0,False
3202553,73.91,79.56,80.0,Ibitirama,ES,178.0,0.966,1.0,5.0,2.083,3.457,79.56,-0.44,True,92.06,12.06,False,100.0,20.0,False
3202603,76.34,75.87,80.0,Iconha,ES,141.0,0.95,1.0,-0.47,2.083,1.028,75.87,-4.13,True,88.37,8.37,False,82.04,2.04,False
3202652,67.41,81.49,80.0,Irupi,ES,155.0,0.916,0.0,5.0,2.083,3.357,81.49,1.49,False,93.99,13.99,False,100.0,20.0,False
3202702,73.95,87.99,80.0,Itaguaçu,ES,154.0,0.922,1.0,5.0,2.083,3.352,87.99,7.99,False,100.0,20.0,False,100.0,20.0,False
3202801,60.92,75.42,80.0,Itapemirim,ES,555.0,0.93,1.0,5.0,2.083,4.227,75.42,-4.58,True,87.92,7.92,False,100.0,20.0,False
3202900,78.04,82.15,80.0,Itarana,ES,85.0,0.953,1.0,4.11,2.083,2.688,82.15,2.15,False,94.65,14.65,False,98.28,18.28,False
3203007,71.93,67.97,80.0,Iúna,ES,395.0,0.937,1.0,-3.96,2.083,-1.929,67.97,-12.03,True,80.47,0.47,False,56.4,-23.6,True
3203056,72.19,80.31,80.0,Jaguaré,ES,479.0,0.902,1.0,5.0,2.083,4.141,80.31,0.31,False,92.81,12.81,False,100.0,20.0,False
3203106,70.14,77.2,80.0,Jerônimo Monteiro,ES,160.0,0.962,1.0,5.0,2.083,3.38,77.2,-2.8,True,89.7,9.7,False,97.48,17.48,False
3203130,71.84,77.28,80.0,João Neiva,ES,137.0,0.912,1.0,5.0,2.083,3.269,77.28,-2.72,True,89.78,9.78,False,96.89,16.89,False
3203163,87.53,87.5,80.0,Laranja da Terra,ES,69.0,1.0,1.0,-0.03,2.083,1.541,87.5,7.5,False,100.0,20.0,False,96.75,16.75,False
3203205,64.16,67.59,80.0,Linhares,ES,2303.0,0.894,1.0,3.43,2.083,3.322,67.59,-12.41,True,80.09,0.09,False,87.52,7.52,False
3203304,91.73,95.06,80.0,Mantenópolis,ES,173.0,0.942,1.0,3.33,2.083,2.662,95.06,15.06,False,100.0,20.0,False,100.0,20.0,False
3203320,73.28,69.4,80.0,Marataízes,ES,656.0,0.866,1.0,-3.88,2.083,-2.487,69.4,-10.6,True,81.9,1.9,False,54.48,-25.52,True
3203346,78.21,86.57,80.0,Marechal Floriano,ES,211.0,0.934,1.0,5.0,2.083,3.581,86.57,6.57,False,99.07,19.07,False,100.0,20.0,False
3203353,78.51,78.31,80.0,Marilândia,ES,147.0,0.844,1.0,-0.2,2.083,1.116,78.31,-1.69,True,90.81,10.81,False,85.01,5.01,False
3203403,68.04,65.32,80.0,Mimoso do Sul,ES,209.0,0.943,1.0,-2.72,2.083,-0.371,65.32,-14.68,True,77.82,-2.18,True,63.09,-16.91,True
3203502,63.05,80.21,80.0,Montanha,ES,236.0,0.932,1.0,5.0,2.083,3.662,80.21,0.21,False,92.71,12.71,False,100.0,20.0,False
3203601,83.71,84.09,80.0,Mucurici,ES,72.0,0.958,1.0,0.38,2.083,1.632,84.09,4.09,False,96.59,16.59,False,93.88,13.88,False
3203700,88.17,82.24,80.0,Muniz Freire,ES,184.0,0.951,1.0,-5.0,2.083,-1.311,82.24,2.24,False,94.74,14.74,False,74.38,-5.62,True
3203809,63.47,75.56,80.0,Muqui,ES,145.0,0.966,1.0,5.0,2.083,3.309,75.56,-4.44,True,88.06,8.06,False,95.42,15.42,False
3203908,83.51,83.24,80.0,Nova Venécia,ES,538.0,0.939,1.0,-0.27,2.083,0.368,83.24,3.24,False,95.74,15.74,False,85.45,5.45,False
3204005,83.04,85.86,80.0,Pancas,ES,156.0,0.936,0.0,2.82,2.083,2.406,85.86,5.86,False,98.36,18.36,False,100.0,20.0,False
3204054,69.28,80.91,80.0,Pedro Canário,ES,338.0,0.926,1.0,5.0,2.083,3.916,80.91,0.91,False,93.41,13.41,False,100.0,20.0,False
3204104,77.29,82.38,80.0,Pinheiros,ES,298.0,0.946,1.0,5.0,2.083,3.829,82.38,2.38,False,94.88,14.88,False,100.0,20.0,False
3204203,62.47,70.65,80.0,Piúma,ES,341.0,0.938,1.0,5.0,2.083,3.922,70.65,-9.35,True,83.15,3.15,False,94.18,14.18,False
3204252,81.8,80.01,80.0,Ponto Belo,ES,98.0,0.867,1.0,-1.79,2.083,0.81,80.01,0.01,False,92.51,12.51,False,84.87,4.87,False
3204302,68.35,69.85,80.0,Presidente Kennedy,ES,201.0,0.905,1.0,1.5,2.083,1.791,69.85,-10.15,True,82.35,2.35,False,80.6,0.6,False
3204351,74.62,83.06,80.0,Rio Bananal,ES,266.0,0.906,1.0,5.0,2.083,3.748,83.06,3.06,False,95.56,15.56,False,100.0,20.0,False
3204401,78.04,77.38,80.0,Rio Novo do Sul,ES,143.0,0.937,1.0,-0.66,2.083,0.94,77.38,-2.62,True,89.88,9.88,False,83.02,3.02,False
3204500,83.8,74.54,80.0,Santa Leopoldina,ES,103.0,0.961,0.0,-5.0,2.083,-0.325,74.54,-5.46,True,87.04,7.04,False,72.59,-7.41,True
3204559,85.82,79.8,80.0,Santa Maria de Jetibá,ES,541.0,0.952,1.0,-5.0,2.083,-3.088,79.8,-0.2,True,92.3,12.3,False,61.27,-18.73,True
3204609,84.05,82.16,80.0,Santa Teresa,ES,254.0,0.925,1.0,-1.89,2.083,-0.14,82.16,2.16,False,94.66,14.66,False,81.32,1.32,False
3204658,88.07,84.74,80.0,São Domingos do Norte,ES,106.0,0.906,1.0,-3.33,2.083,0.208,84.74,4.74,False,97.24,17.24,False,85.99,5.99,False
3204708,72.46,80.69,80.0,São Gabriel da Palha,ES,369.0,0.916,1.0,5.0,2.083,3.975,80.69,0.69,False,93.19,13.19,False,100.0,20.0,False
3204807,74.52,62.35,80.0,São José do Calçado,ES,113.0,0.894,1.0,-5.0,2.083,-0.474,62.35,-17.65,True,74.85,-5.15,True,59.51,-20.49,True
3204906,67.19,69.53,80.0,São Mateus,ES,1679.0,0.902,1.0,2.34,2.083,2.313,69.53,-10.47,True,82.03,2.03,False,83.41,3.41,False
3204955,74.56,89.65,80.0,São Roque do Canaã,ES,117.0,0.88,1.0,5.0,2.083,3.16,89.65,9.65,False,100.0,20.0,False,100.0,20.0,False
3205002,59.07,57.12,80.0,Serra,ES,7433.0,0.86,1.0,-1.95,2.083,-1.844,57.12,-22.88,True,69.62,-10.38,True,46.05,-33.95,True
3205010,67.21,70.81,80.0,Sooretama,ES,470.0,0.917,1.0,3.6,2.083,3.147,70.81,-9.19,True,83.31,3.31,False,89.69,9.69,False
3205036,70.93,72.05,80.0,Vargem Alta,ES,240.0,0.933,1.0,1.12,2.083,1.558,72.05,-7.95,True,84.55,4.55,False,81.4,1.4,False
3205069,83.02,82.2,80.0,Venda Nova do Imigrante,ES,302.0,0.93,1.0,-0.82,2.083,0.337,82.2,2.2,False,94.7,14.7,False,84.22,4.22,False
3205101,70.14,68.8,80.0,Viana,ES,1184.0,0.912,1.0,-1.34,2.083,-0.845,68.8,-11.2,True,81.3,1.3,False,63.73,-16.27,True
3205150,74.58,61.4,80.0,Vila Pavão,ES,68.0,0.912,1.0,-5.0,2.083,0.286,61.4,-18.6,True,73.9,-6.1,True,63.12,-16.88,True
3205176,83.46,76.41,80.0,Vila Valério,ES,243.0,0.934,1.0,-5.0,2.083,-1.802,76.41,-3.59,True,88.91,8.91,False,65.6,-14.4,True
3205200,68.08,67.75,80.0,Vila Velha,ES,4767.0,0.89,1.0,-0.33,2.083,-0.233,67.75,-12.25,True,80.25,0.25,False,66.35,-13.65,True
3205309,65.88,73.2,80.0,Vitória,ES,2932.0,0.92,1.0,5.0,2.083,4.814,73.2,-6.8,True,85.7,5.7,False,100.0,20.0,False
3300100,57.0,60.8,80.0,Angra dos Reis,RJ,2075.0,0.856,1.0,3.8,1.708,3.616,60.8,-19.2,True,71.05,-8.95,True,82.5,2.5,False
3300159,59.34,68.41,80.0,Aperibé,RJ,99.0,0.919,1.0,5.0,1.708,2.798,68.41,-11.59,True,78.66,-1.34,True,85.2,5.2,False
3300209,50.86,55.89,80.0,Araruama,RJ,1702.0,0.781,1.0,5.0,1.708,4.654,55.89,-24.11,True,66.14,-13.86,True,83.81,3.81,False
3300225,62.45,63.64,80.0,Areal,RJ,161.0,0.857,1.0,1.19,1.708,1.477,63.64,-16.36,True,73.89,-6.11,True,72.5,-7.5,True
3300233,67.2,68.56,80.0,Armação dos Búzios,RJ,787.0,0.806,1.0,1.36,1.708,1.431,68.56,-11.44,True,78.81,-1.19,True,77.14,-2.86,True
3300258,50.49,58.05,80.0,Arraial do Cabo,RJ,486.0,0.776,1.0,5.0,1.708,4.04,58.05,-21.95,True,68.3,-11.7,True,82.29,2.29,False
3300308,45.28,48.01,80.0,Barra do Piraí,RJ,918.0,0.776,1.0,2.73,1.708,2.547,48.01,-31.99,True,58.26,-21.74,True,63.29,-16.71,True
3300407,59.19,63.88,80.0,Barra Mansa,RJ,1546.0,0.85,1.0,4.69,1.708,4.348,63.88,-16.12,True,74.13,-5.87,True,89.97,9.97,False
3300456,34.73,38.9,80.0,Belford Roxo,RJ,4533.0,0.7,1.0,4.17,1.708,4.066,38.9,-41.1,True,49.15,-30.85,True,63.3,-16.7,True
3300506,50.43,66.67,80.0,Bom Jardim,RJ,258.0,0.88,1.0,5.0,1.708,3.562,66.67,-13.33,True,76.92,-3.08,True,88.04,8.04,False
3300605,57.91,70.64,80.0,Bom Jesus do Itabapoana,RJ,291.0,0.856,1.0,5.0,1.708,3.659,70.64,-9.36,True,80.89,0.89,False,92.59,12.59,False
3300704,54.58,55.08,80.0,Cabo Frio,RJ,2913.0,0.759,1.0,0.5,1.708,0.578,55.08,-24.92,True,65.33,-14.67,True,58.55,-21.45,True
3300803,50.58,49.28,80.0,Cachoeiras de Macacu,RJ,602.0,0.787,1.0,-1.3,1.708,-0.55,49.28,-30.72,True,59.53,-20.47,True,45.98,-34.02,True
3300902,69.0,64.38,80.0,Cambuci,RJ,117.0,0.932,1.0,-4.62,1.708,-0.628,64.38,-15.62,True,74.63,-5.37,True,60.61,-19.39,True
3300936,51.01,59.54,80.0,Carapebus,RJ,171.0,0.807,1.0,5.0,1.708,3.225,59.54,-20.46,True,69.79,-10.21,True,78.89,-1.11,True
3300951,51.64,66.11,80.0,Comendador Levy Gasparian,RJ,110.0,0.909,1.0,5.0,1.708,2.876,66.11,-13.89,True,76.36,-3.64,True,83.37,3.37,False
3301009,38.69,38.33,80.0,Campos dos Goytacazes,RJ,4796.0,0.824,1.0,-0.36,1.708,-0.277,38.33,-41.67,True,48.58,-31.42,True,36.67,-43.33,True
3301108,55.75,52.0,80.0,Cantagalo,RJ,191.0,0.848,1.0,-3.75,1.708,-0.958,52.0,-28.0,True,62.25,-17.75,True,46.25,-33.75,True
3301157,31.94,34.97,80.0,Cardoso Moreira,RJ,192.0,0.849,1.0,3.03,1.708,2.356,34.97,-45.03,True,45.22,-34.78,True,49.1,-30.9,True
3301207,43.6,67.98,80.0,Carmo,RJ,166.0,0.843,1.0,5.0,1.708,3.201,67.98,-12.02,True,78.23,-1.77,True,87.19,7.19,False
3301306,54.93,58.33,80.0,Casimiro de Abreu,RJ,615.0,0.813,1.0,3.4,1.708,2.985,58.33,-21.67,True,68.58,-11.42,True,76.24,-3.76,True
3301405,49.73,56.17,80.0,Conceição de Macabu,RJ,205.0,0.873,1.0,5.0,1.708,3.374,56.17,-23.83,True,66.42,-13.58,True,76.42,-3.58,True
3301504,59.21,64.16,80.0,Cordeiro,RJ,201.0,0.935,1.0,4.95,1.708,3.333,64.16,-15.84,True,74.41,-5.59,True,84.16,4.16,False
3301603,57.85,65.4,80.0,Duas Barras,RJ,155.0,0.89,1.0,5.0,1.708,3.145,65.4,-14.6,True,75.65,-4.35,True,84.27,4.27,False
3301702,47.15,45.37,80.0,Duque de Caxias,RJ,8257.0,0.797,1.0,-1.78,1.708,-1.698,45.37,-34.63,True,55.62,-24.38,True,35.18,-44.82,True
3301801,63.0,55.56,80.0,Engenheiro Paulo de Frontin,RJ,102.0,0.824,1.0,-5.0,1.708,-0.558,55.56,-24.44,True,65.81,-14.19,True,52.21,-27.79,True
3301850,50.19,47.75,80.0,Guapimirim,RJ,712.0,0.833,1.0,-2.44,1.708,-1.53,47.75,-32.25,True,58.0,-22.0,True,38.57,-41.43,True
3301876,62.45,70.32,80.0,Iguaba Grande,RJ,370.0,0.824,1.0,5.0,1.708,3.845,70.32,-9.68,True,80.57,0.57,False,93.39,13.39,False
3301900,51.3,50.45,80.0,Itaboraí,RJ,2988.0,0.816,1.0,-0.85,1.708,-0.69,50.45,-29.55,True,60.7,-19.3,True,46.31,-33.69,True
3302007,42.05,41.61,80.0,Itaguaí,RJ,1762.0,0.826,1.0,-0.44,1.708,-0.221,41.61,-38.39,True,51.86,-28.14,True,40.28,-39.72,True
3302056,54.49,61.79,80.0,Italva,RJ,117.0,0.889,1.0,5.0,1.708,2.923,61.79,-18.21,True,72.04,-7.96,True,79.33,-0.67,True
3302106,65.31,70.09,80.0,Itaocara,RJ,223.0,0.843,1.0,4.78,1.708,3.328,70.09,-9.91,True,80.34,0.34,False,90.06,10.06,False
3302205,68.63,65.26,80.0,Itaperuna,RJ,761.0,0.892,1.0,-3.37,1.708,-2.313,65.26,-14.74,True,75.51,-4.49,True,51.38,-28.62,True
3302254,65.0,67.6,80.0,Itatiaia,RJ,456.0,0.763,1.0,2.6,1.708,2.328,67.6,-12.4,True,77.85,-2.15,True,81.57,1.57,False
3302270,39.09,36.88,80.0,Japeri,RJ,1348.0,0.805,1.0,-2.21,1.708,-1.704,36.88,-43.12,True,47.13,-32.87,True,26.66,-53.34,True
3302304,45.19,48.41,80.0,Laje do Muriaé,RJ,77.0,0.831,1.0,3.22,1.708,2.128,48.41,-31.59,True,58.66,-21.34,True,61.18,-18.82,True
3302403,59.86,59.46,80.0,Macaé,RJ,3487.0,0.78,1.0,-0.4,1.708,-0.286,59.46,-20.54,True,69.71,-10.29,True,57.75,-22.25,True
3302452,63.62,77.99,80.0,Macuco,RJ,114.0,0.921,1.0,5.0,1.708,2.903,77.99,-2.01,True,88.24,8.24,False,95.41,15.41,False
3302502,46.26,46.66,80.0,Magé,RJ,3485.0,0.852,1.0,0.4,1.708,0.471,46.66,-33.34,True,56.91,-23.09,True,49.49,-30.51,True
3302601,47.54,40.95,80.0,Mangaratiba,RJ,564.0,0.761,1.0,-5.0,1.708,-3.244,40.95,-39.05,True,51.2,-28.8,True,21.49,-58.51,True
3302700,56.64,59.97,80.0,Maricá,RJ,2345.0,0.83,1.0,3.33,1.708,3.203,59.97,-20.03,True,70.22,-9.78,True,79.19,-0.81,True
3302809,58.36,56.89,80.0,Mendes,RJ,163.0,0.902,1.0,-1.47,1.708,0.281,56.89,-23.11,True,67.14,-12.86,True,58.58,-21.42,True
3302858,37.82,35.09,80.0,Mesquita,RJ,1462.0,0.839,1.0,-2.73,1.708,-2.196,35.09,-44.91,True,45.34,-34.66,True,21.91,-58.09,True
3302908,57.4,70.49,80.0,Miguel Pereira,RJ,272.0,0.82,1.0,5.0,1.708,3.605,70.49,-9.51,True,80.74,0.74,False,92.12,12.12,False
3303005,67.56,69.51,80.0,Miracema,RJ,268.0,0.862,1.0,1.95,1.708,1.847,69.51,-10.49,True,79.76,-0.24,True,80.59,0.59,False
3303104,60.3,56.91,80.0,Natividade,RJ,136.0,0.809,1.0,-3.39,1.708,-0.355,56.91,-23.09,True,67.16,-12.84,True,54.78,-25.22,True
3303203,44.36,47.32,80.0,Nilópolis,RJ,991.0,0.859,1.0,2.96,1.708,2.75,47.32,-32.68,True,57.57,-22.43,True,63.82,-16.18,True
3303302,51.92,51.2,80.0,Niterói,RJ,2965.0,0.796,1.0,-0.72,1.708,-0.567,51.2,-28.8,True,61.45,-18.55,True,47.8,-32.2,True
3303401,65.29,68.84,80.0,Nova Friburgo,RJ,1808.0,0.848,1.0,3.55,1.708,3.367,68.84,-11.16,True,79.09,-0.91,True,89.04,9.04,False
3303500,33.23,33.42,80.0,Nova Iguaçu,RJ,7789.0,0.819,1.0,0.19,1.708,0.228,33.42,-46.58,True,43.67,-36.33,True,34.79,-45.21,True
3303609,64.31,69.98,80.0,Paracambi,RJ,428.0,0.857,1.0,5.0,1.708,3.952,69.98,-10.02,True,80.23,0.23,False,93.69,13.69,False
3303708,49.95,51.96,80.0,Paraíba do Sul,RJ,434.0,0.804,1.0,2.01,1.708,1.915,51.96,-28.04,True,62.21,-17.79,True,63.45,-16.55,True
3303807,50.72,48.89,80.0,Paraty,RJ,556.0,0.746,1.0,-1.83,1.708,-0.894,48.89,-31.11,True,59.14,-20.86,True,43.53,-36.47,True
3303856,66.48,75.96,80.0,Paty do Alferes,RJ,378.0,0.772,1.0,5.0,1.708,3.861,75.96,-4.04,True,86.21,6.21,False,99.13,19.13,False
3303906,62.52,64.81,80.0,Petrópolis,RJ,2693.0,0.838,1.0,2.29,1.708,2.25,64.81,-15.19,True,75.06,-4.94,True,78.31,-1.69,True
3303955,51.35,63.28,80.0,Pinheiral,RJ,322.0,0.876,1.0,5.0,1.708,3.739,63.28,-16.72,True,73.53,-6.47,True,85.71,5.71,False
3304003,58.8,60.43,80.0,Piraí,RJ,332.0,0.834,1.0,1.63,1.708,1.659,60.43,-19.57,True,70.68,-9.32,True,70.39,-9.61,True
3304102,35.38,52.38,80.0,Porciúncula,RJ,139.0,0.885,1.0,5.0,1.708,3.058,52.38,-27.62,True,62.63,-17.37,True,70.73,-9.27,True
3304110,60.8,63.3,80.0,Porto Real,RJ,262.0,0.859,1.0,2.5,1.708,2.157,63.3,-16.7,True,73.55,-6.45,True,76.24,-3.76,True
3304128,48.93,60.05,80.0,Quatis,RJ,134.0,0.851,1.0,5.0,1.708,3.029,60.05,-19.95,True,70.3,-9.7,True,78.22,-1.78,True
3304144,38.08,37.63,80.0,Queimados,RJ,1564.0,0.806,1.0,-0.45,1.708,-0.205,37.63,-42.37,True,47.88,-32.12,True,36.4,-43.6,True
3304151,66.22,70.11,80.0,Quissamã,RJ,333.0,0.787,1.0,3.89,1.708,3.071,70.11,-9.89,True,80.36,0.36,False,88.54,8.54,False
3304201,68.62,72.48,80.0,Resende,RJ,1157.0,0.85,1.0,3.86,1.708,3.543,72.48,-7.52,True,82.73,2.73,False,93.74,13.74,False
3304300,55.86,57.46,80.0,Rio Bonito,RJ,646.0,0.817,1.0,1.6,1.708,1.626,57.46,-22.54,True,67.71,-12.29,True,67.21,-12.79,True
3304409,65.58,65.54,80.0,Rio Claro,RJ,169.0,0.87,1.0,-0.04,1.708,0.907,65.54,-14.46,True,75.79,-4.21,True,70.98,-9.02,True
3304508,59.69,67.73,80.0,Rio das Flores,RJ,88.0,0.852,1.0,5.0,1.708,2.714,67.73,-12.27,True,77.98,-2.02,True,84.01,4.01,False
3304524,65.82,68.67,80.0,Rio das Ostras,RJ,1905.0,0.832,1.0,2.85,1.708,2.741,68.67,-11.33,True,78.92,-1.08,True,85.12,5.12,False
3304557,56.19,63.75,80.0,Rio de Janeiro,RJ,49962.0,0.869,1.0,5.0,1.708,4.987,63.75,-16.25,True,74.0,-6.0,True,93.67,13.67,False
3304607,64.53,65.02,80.0,Santa Maria Madalena,RJ,80.0,0.875,1.0,0.49,1.708,1.36,65.02,-14.98,True,75.27,-4.73,True,73.18,-6.82,True
3304706,66.37,73.82,80.0,Santo Antônio de Pádua,RJ,363.0,0.912,1.0,5.0,1.708,3.831,73.82,-6.18,True,84.07,4.07,False,96.8,16.8,False
3304755,43.51,47.47,80.0,São Francisco de Itabapoana,RJ,555.0,0.877,0.0,3.96,1.708,3.363,47.47,-32.53,True,57.72,-22.28,True,67.65,-12.35,True
3304805,39.79,48.7,80.0,São Fidélis,RJ,403.0,0.839,1.0,5.0,1.708,3.908,48.7,-31.3,True,58.95,-21.05,True,72.15,-7.85,True
3304904,45.67,43.71,80.0,São Gonçalo,RJ,5659.0,0.78,1.0,-1.96,1.708,-1.835,43.71,-36.29,True,53.96,-26.04,True,32.7,-47.3,True
3305000,52.12,58.22,80.0,São João da Barra,RJ,698.0,0.794,1.0,5.0,1.708,4.267,58.22,-21.78,True,68.47,-11.53,True,83.82,3.82,False
3305109,37.6,35.97,80.0,São João de Meriti,RJ,3195.0,0.796,1.0,-1.63,1.708,-1.433,35.97,-44.03,True,46.22,-33.78,True,27.37,-52.63,True
3305158,71.41,76.78,80.0,São José do Vale do Rio Preto,RJ,298.0,0.846,1.0,5.0,1.708,3.678,76.78,-3.22,True,87.03,7.03,False,98.85,18.85,False
3305208,56.22,55.74,80.0,São Pedro da Aldeia,RJ,1400.0,0.823,1.0,-0.48,1.708,-0.206,55.74,-24.26,True,65.99,-14.01,True,54.5,-25.5,True
3305307,63.7,49.68,80.0,São Sebastião do Alto,RJ,68.0,0.868,1.0,-5.0,1.708,0.006,49.68,-30.32,True,59.93,-20.07,True,49.72,-30.28,True
3305406,65.59,65.37,80.0,Sapucaia,RJ,236.0,0.839,1.0,-0.22,1.708,0.664,65.37,-14.63,True,75.62,-4.38,True,69.36,-10.64,True
3305505,63.54,62.51,80.0,Saquarema,RJ,1442.0,0.822,1.0,-1.03,1.708,-0.697,62.51,-17.49,True,72.76,-7.24,True,58.33,-21.67,True
3305554,46.5,50.53,80.0,Seropédica,RJ,1216.0,0.806,1.0,4.03,1.708,3.702,50.53,-29.47,True,60.78,-19.22,True,72.74,-7.26,True
3305604,55.39,57.35,80.0,Silva Jardim,RJ,316.0,0.823,1.0,1.96,1.708,1.862,57.35,-22.65,True,67.6,-12.4,True,68.52,-11.48,True
3305703,61.17,75.43,80.0,Sumidouro,RJ,154.0,0.87,0.0,5.0,1.708,3.14,75.43,-4.57,True,85.68,5.68,False,94.27,14.27,False
3305752,55.41,54.46,80.0,Tanguá,RJ,398.0,0.852,1.0,-0.95,1.708,-0.061,54.46,-25.54,True,64.71,-15.29,True,54.09,-25.91,True
3305802,59.73,64.17,80.0,Teresópolis,RJ,1769.0,0.827,1.0,4.44,1.708,4.163,64.17,-15.83,True,74.42,-5.58,True,89.15,9.15,False
3305901,77.24,79.23,80.0,Trajano de Moraes,RJ,73.0,0.836,0.0,1.99,1.708,1.783,79.23,-0.77,True,89.48,9.48,False,89.93,9.93,False
3306008,53.49,51.43,80.0,Três Rios,RJ,721.0,0.882,1.0,-2.06,1.708,-1.242,51.43,-28.57,True,61.68,-18.32,True,43.98,-36.02,True
3306107,58.36,55.84,80.0,Valença,RJ,860.0,0.835,1.0,-2.52,1.708,-1.722,55.84,-24.16,True,66.09,-13.91,True,45.51,-34.49,True
3306156,92.37,82.96,80.0,Varre-Sai,RJ,74.0,0.811,0.0,-5.0,1.708,-0.104,82.96,2.96,False,93.21,13.21,False,82.34,2.34,False
3306206,65.42,60.33,80.0,Vassouras,RJ,407.0,0.855,1.0,-5.0,1.708,-2.79,60.33,-19.67,True,70.58,-9.42,True,43.59,-36.41,True
3306305,60.12,63.25,80.0,Volta Redonda,RJ,2961.0,0.832,1.0,3.13,1.708,3.04,63.25,-16.75,True,73.5,-6.5,True,81.49,1.49,False
3500105,67.41,66.06,80.0,Adamantina,SP,215.0,0.93,1.0,-1.35,1.241,-0.101,66.06,-13.94,True,73.51,-6.49,True,65.45,-14.55,True
3500303,47.01,58.41,80.0,Aguaí,SP,407.0,0.872,1.0,5.0,1.241,3.761,58.41,-21.59,True,65.86,-14.14,True,80.98,0.98,False
3500402,64.77,61.82,80.0,Águas da Prata,SP,55.0,0.964,1.0,-2.95,1.241,0.337,61.82,-18.18,True,69.27,-10.73,True,63.84,-16.16,True
3500501,61.38,43.65,80.0,Águas de Lindóia,SP,206.0,0.883,1.0,-5.0,1.241,-1.926,43.65,-36.35,True,51.1,-28.9,True,32.1,-47.9,True
3500550,50.04,48.99,80.0,Águas de Santa Bárbara,SP,110.0,0.945,1.0,-1.05,1.241,0.428,48.99,-31.01,True,56.44,-23.56,True,51.56,-28.44,True
3500709,57.23,64.6,80.0,Agudos,SP,363.0,0.909,1.0,5.0,1.241,3.665,64.6,-15.4,True,72.05,-7.95,True,86.59,6.59,False
3500758,71.59,61.45,80.0,Alambari,SP,71.0,0.873,1.0,-5.0,1.241,-0.394,61.45,-18.55,True,68.9,-11.1,True,59.09,-20.91,True
3501004,68.51,67.78,80.0,Altinópolis,SP,176.0,0.932,1.0,-0.73,1.241,0.318,67.78,-12.22,True,75.23,-4.77,True,69.69,-10.31,True
3501152,48.56,53.68,80.0,Alumínio,SP,206.0,0.917,1.0,5.0,1.241,3.148,53.68,-26.32,True,61.13,-18.87,True,72.57,-7.43,True
3501301,53.91,72.19,80.0,Álvares Machado,SP,268.0,0.922,1.0,5.0,1.241,3.394,72.19,-7.81,True,79.64,-0.36,True,92.55,12.55,False
3501608,58.55,64.36,80.0,Americana,SP,1638.0,0.926,1.0,5.0,1.241,4.591,64.36,-15.64,True,71.81,-8.19,True,91.91,11.91,False
3501707,66.43,71.18,80.0,Américo Brasiliense,SP,396.0,0.907,1.0,4.75,1.241,3.573,71.18,-8.82,True,78.63,-1.37,True,92.62,12.62,False
3501905,52.41,59.94,80.0,Amparo,SP,538.0,0.894,1.0,5.0,1.241,3.981,59.94,-20.06,True,67.39,-12.61,True,83.83,3.83,False
3502002,44.62,68.65,80.0,Analândia,SP,69.0,0.928,1.0,5.0,1.241,2.205,68.65,-11.35,True,76.1,-3.9,True,81.88,1.88,False
3502101,56.97,65.48,80.0,Andradina,SP,516.0,0.944,1.0,5.0,1.241,3.95,65.48,-14.52,True,72.93,-7.07,True,89.18,9.18,False
3502200,48.25,59.71,80.0,Angatuba,SP,263.0,0.882,1.0,5.0,1.241,3.376,59.71,-20.29,True,67.16,-12.84,True,79.97,-0.03,True
3502309,38.57,45.69,80.0,Anhembi,SP,77.0,0.857,1.0,5.0,1.241,2.286,45.69,-34.31,True,53.14,-26.86,True,59.41,-20.59,True
3502507,43.48,53.75,80.0,Aparecida,SP,346.0,0.928,1.0,5.0,1.241,3.623,53.75,-26.25,True,61.2,-18.8,True,75.49,-4.51,True
3502705,68.43,88.38,80.0,Apiaí,SP,274.0,0.96,1.0,5.0,1.241,3.414,88.38,8.38,False,95.83,15.83,False,100.0,20.0,False
3502754,50.13,54.04,80.0,Araçariguama,SP,251.0,0.9,1.0,3.91,1.241,2.726,54.04,-25.96,True,61.49,-18.51,True,70.4,-9.6,True
3502804,65.78,74.22,80.0,Araçatuba,SP,1715.0,0.862,1.0,5.0,1.241,4.607,74.22,-5.78,True,81.67,1.67,False,100.0,20.0,False
3502903,49.39,56.16,80.0,Araçoiaba da Serra,SP,422.0,0.886,1.0,5.0,1.241,3.791,56.16,-23.84,True,63.61,-16.39,True,78.91,-1.09,True
3503000,43.28,72.03,80.0,Aramina,SP,57.0,0.947,1.0,5.0,1.241,2.075,72.03,-7.97,True,79.48,-0.52,True,84.48,4.48,False
3503109,54.21,56.61,80.0,Arandu,SP,90.0,0.9,1.0,2.4,1.241,1.601,56.61,-23.39,True,64.06,-15.94,True,66.21,-13.79,True
3503208,55.9,62.01,80.0,Araraquara,SP,2043.0,0.907,1.0,5.0,1.241,4.665,62.01,-17.99,True,69.46,-10.54,True,90.0,10.0,False
3503307,58.1,59.68,80.0,Araras,SP,1121.0,0.93,1.0,1.58,1.241,1.529,59.68,-20.32,True,67.13,-12.87,True,68.85,-11.15,True
3503406,72.62,79.38,80.0,Arealva,SP,95.0,0.905,1.0,5.0,1.241,2.452,79.38,-0.62,True,86.83,6.83,False,94.09,14.09,False
3503604,72.32,75.02,80.0,Areiópolis,SP,136.0,0.963,1.0,2.7,1.241,1.832,75.02,-4.98,True,82.47,2.47,False,86.01,6.01,False
3503703,63.77,87.22,80.0,Ariranha,SP,67.0,0.91,1.0,5.0,1.241,2.184,87.22,7.22,False,94.67,14.67,False,100.0,20.0,False
3503802,50.11,54.41,80.0,Artur Nogueira,SP,541.0,0.933,1.0,4.3,1.241,3.474,54.41,-25.59,True,61.86,-18.14,True,75.26,-4.74,True
3503901,50.85,60.67,80.0,Arujá,SP,1099.0,0.924,1.0,5.0,1.241,4.421,60.67,-19.33,True,68.12,-11.88,True,87.2,7.2,False
3504008,43.37,54.85,80.0,Assis,SP,959.0,0.906,1.0,5.0,1.241,4.351,54.85,-25.15,True,62.3,-17.7,True,80.96,0.96,False
3504107,70.55,65.46,80.0,Atibaia,SP,1841.0,0.922,1.0,-5.0,1.241,-4.388,65.46,-14.54,True,72.91,-7.09,True,39.13,-40.87,True
3504206,68.6,77.87,80.0,Auriflama,SP,111.0,0.901,1.0,5.0,1.241,2.583,77.87,-2.13,True,85.32,5.32,False,93.37,13.37,False
3504305,55.32,65.24,80.0,Avaí,SP,57.0,0.772,1.0,5.0,1.241,2.075,65.24,-14.76,True,72.69,-7.31,True,77.69,-2.31,True
3504404,70.93,77.37,80.0,Avanhandava,SP,128.0,0.922,1.0,5.0,1.241,2.708,77.37,-2.63,True,84.82,4.82,False,93.62,13.62,False
3504503,57.49,52.47,80.0,Avaré,SP,911.0,0.892,1.0,-5.0,1.241,-3.876,52.47,-27.53,True,59.92,-20.08,True,29.21,-50.79,True
3504602,55.64,61.39,80.0,Bady Bassitt,SP,282.0,0.904,1.0,5.0,1.241,3.44,61.39,-18.61,True,68.84,-11.16,True,82.03,2.03,False
3504800,81.58,83.51,80.0,Bálsamo,SP,84.0,0.857,1.0,1.93,1.241,1.445,83.51,3.51,False,90.96,10.96,False,92.18,12.18,False
3504909,47.78,58.62,80.0,Bananal,SP,82.0,0.854,1.0,5.0,1.241,2.334,58.62,-21.38,True,66.07,-13.93,True,72.62,-7.38,True
3505104,64.82,65.05,80.0,Barbosa,SP,87.0,0.851,1.0,0.23,1.241,0.935,65.05,-14.95,True,72.5,-7.5,True,70.66,-9.34,True
3505203,64.82,72.3,80.0,Bariri,SP,277.0,0.935,1.0,5.0,1.241,3.424,72.3,-7.7,True,79.75,-0.25,True,92.84,12.84,False
3505302,57.61,80.01,80.0,Barra Bonita,SP,228.0,0.921,1.0,5.0,1.241,3.243,80.01,0.01,False,87.46,7.46,False,99.47,19.47,False
3505351,65.06,65.29,80.0,Barra do Chapéu,SP,56.0,0.875,0.0,0.23,1.241,1.02,65.29,-14.71,True,72.74,-7.26,True,71.41,-8.59,True
3505401,87.5,34.89,80.0,Barra do Turvo,SP,59.0,0.932,0.0,-5.0,1.241,-0.181,34.89,-45.11,True,42.34,-37.66,True,33.81,-46.19,True
3505500,59.67,58.42,80.0,Barretos,SP,1272.0,0.878,1.0,-1.25,1.241,-0.912,58.42,-21.58,True,65.87,-14.13,True,52.95,-27.05,True
3505609,55.45,51.43,80.0,Barrinha,SP,400.0,0.89,1.0,-4.02,1.241,-2.266,51.43,-28.57,True,58.88,-21.12,True,37.83,-42.17,True
3505708,62.8,68.13,80.0,Barueri,SP,4990.0,0.861,1.0,5.0,1.241,4.855,68.13,-11.87,True,75.58,-4.42,True,97.26,17.26,False
3505807,51.88,46.89,80.0,Bastos,SP,236.0,0.936,1.0,-4.99,1.241,-2.132,46.89,-33.11,True,54.34,-25.66,True,34.1,-45.9,True
3505906,60.92,55.68,80.0,Batatais,SP,505.0,0.941,1.0,-5.0,1.241,-3.229,55.68,-24.32,True,63.13,-16.87,True,36.3,-43.7,True
3506003,43.75,50.56,80.0,Bauru,SP,3189.0,0.874,1.0,5.0,1.241,4.778,50.56,-29.44,True,58.01,-21.99,True,79.23,-0.77,True
3506102,48.69,55.75,80.0,Bebedouro,SP,634.0,0.894,1.0,5.0,1.241,4.099,55.75,-24.25,True,63.2,-16.8,True,80.34,0.34,False
3506300,68.33,47.5,80.0,Bernardino de Campos,SP,102.0,0.902,1.0,-5.0,1.241,-0.867,47.5,-32.5,True,54.95,-25.05,True,42.3,-37.7,True
3506359,54.67,69.58,80.0,Bertioga,SP,1050.0,0.917,1.0,5.0,1.241,4.399,69.58,-10.42,True,77.03,-2.97,True,95.97,15.97,False
3506409,59.99,74.74,80.0,Bilac,SP,72.0,0.944,1.0,5.0,1.241,2.236,74.74,-5.26,True,82.19,2.19,False,88.16,8.16,False
3506508,71.09,78.13,80.0,Birigui,SP,1087.0,0.954,1.0,5.0,1.241,4.416,78.13,-1.87,True,85.58,5.58,False,100.0,20.0,False
3506607,42.57,52.19,80.0,Biritiba-Mirim,SP,363.0,0.832,1.0,5.0,1.241,3.665,52.19,-27.81,True,59.64,-20.36,True,74.18,-5.82,True
3506706,42.1,55.34,80.0,Boa Esperança do Sul,SP,150.0,0.94,1.0,5.0,1.241,2.852,55.34,-24.66,True,62.79,-17.21,True,72.45,-7.55,True
3506805,32.75,49.59,80.0,Bocaina,SP,80.0,0.862,1.0,5.0,1.241,2.315,49.59,-30.41,True,57.04,-22.96,True,63.48,-16.52,True
3506904,45.78,69.75,80.0,Bofete,SP,127.0,0.906,1.0,5.0,1.241,2.701,69.75,-10.25,True,77.2,-2.8,True,85.96,5.96,False
3507001,61.62,69.83,80.0,Boituva,SP,718.0,0.901,1.0,5.0,1.241,4.181,69.83,-10.17,True,77.28,-2.72,True,94.92,14.92,False
3507100,69.87,53.92,80.0,Bom Jesus dos Perdões,SP,320.0,0.912,1.0,-5.0,1.241,-2.6,53.92,-26.08,True,61.37,-18.63,True,38.32,-41.68,True
3507159,56.32,55.46,80.0,Bom Sucesso de Itararé,SP,56.0,0.964,1.0,-0.86,1.241,0.781,55.46,-24.54,True,62.91,-17.09,True,60.15,-19.85,True
3507308,71.15,66.62,80.0,Boracéia,SP,70.0,0.943,1.0,-4.53,1.241,-0.255,66.62,-13.38,True,74.07,-5.93,True,65.09,-14.91,True
3507407,93.18,70.83,80.0,Borborema,SP,123.0,0.959,1.0,-5.0,1.241,-1.136,70.83,-9.17,True,78.28,-1.72,True,64.02,-15.98,True
3507456,61.11,53.42,80.0,Borebi,SP,55.0,0.945,1.0,-5.0,1.241,-0.105,53.42,-26.58,True,60.87,-19.13,True,52.79,-27.21,True
3507506,59.1,57.09,80.0,Botucatu,SP,1272.0,0.906,1.0,-2.01,1.241,-1.568,57.09,-22.91,True,64.54,-15.46,True,47.68,-32.32,True
3507605,52.01,53.36,80.0,Bragança Paulista,SP,1647.0,0.865,1.0,1.35,1.241,1.338,53.36,-26.64,True,60.81,-19.19,True,61.39,-18.61,True
3507704,93.87,73.18,80.0,Braúna,SP,66.0,0.818,1.0,-5.0,1.241,-0.307,73.18,-6.82,True,80.63,0.63,False,71.34,-8.66,True
3507803,53.67,54.27,80.0,Brodowski,SP,271.0,0.882,1.0,0.6,1.241,0.872,54.27,-25.73,True,61.72,-18.28,True,59.5,-20.5,True
3507902,61.91,56.01,80.0,Brotas,SP,220.0,0.982,1.0,-5.0,1.241,-2.028,56.01,-23.99,True,63.46,-16.54,True,43.84,-36.16,True
3508009,48.89,63.24,80.0,Buri,SP,294.0,0.946,1.0,5.0,1.241,3.478,63.24,-16.76,True,70.69,-9.31,True,84.11,4.11,False
3508108,64.02,67.83,80.0,Buritama,SP,177.0,0.91,1.0,3.81,1.241,2.447,67.83,-12.17,True,75.28,-4.72,True,82.51,2.51,False
3508207,96.13,56.29,80.0,Buritizal,SP,56.0,0.875,1.0,-5.0,1.241,-0.124,56.29,-23.71,True,63.74,-16.26,True,55.54,-24.46,True
3508306,79.41,78.11,80.0,Cabrália Paulista,SP,52.0,0.942,1.0,-1.3,1.241,0.717,78.11,-1.89,True,85.56,5.56,False,82.41,2.41,False
3508405,49.11,64.6,80.0,Cabreúva,SP,737.0,0.906,1.0,5.0,1.241,4.198,64.6,-15.4,True,72.05,-7.95,True,89.79,9.79,False
3508504,53.05,44.26,80.0,Caçapava,SP,888.0,0.847,1.0,-5.0,1.241,-3.853,44.26,-35.74,True,51.71,-28.29,True,21.14,-58.86,True
3508603,50.09,41.8,80.0,Cachoeira Paulista,SP,247.0,0.927,1.0,-5.0,1.241,-2.208,41.8,-38.2,True,49.25,-30.75,True,28.55,-51.45,True
3508702,70.23,75.94,80.0,Caconde,SP,177.0,0.927,1.0,5.0,1.241,3.006,75.94,-4.06,True,83.39,3.39,False,93.98,13.98,False
3508801,61.19,61.51,80.0,Cafelândia,SP,191.0,0.932,1.0,0.32,1.241,0.791,61.51,-18.49,True,68.96,-11.04,True,66.26,-13.74,True
3509007,43.89,52.21,80.0,Caieiras,SP,1092.0,0.939,1.0,5.0,1.241,4.418,52.21,-27.79,True,59.66,-20.34,True,78.72,-1.28,True
3509205,50.91,53.17,80.0,Cajamar,SP,1111.0,0.87,1.0,2.26,1.241,2.105,53.17,-26.83,True,60.62,-19.38,True,65.8,-14.2,True
3509254,58.94,57.52,80.0,Cajati,SP,405.0,0.951,1.0,-1.42,1.241,-0.54,57.52,-22.48,True,64.97,-15.03,True,54.28,-25.72,True
3509304,61.22,60.42,80.0,Cajobi,SP,102.0,0.941,1.0,-0.8,1.241,0.552,60.42,-19.58,True,67.87,-12.13,True,63.73,-16.27,True
3509403,71.78,54.99,80.0,Cajuru,SP,247.0,0.883,1.0,-5.0,1.241,-2.208,54.99,-25.01,True,62.44,-17.56,True,41.74,-38.26,True
3509452,45.77,43.46,80.0,Campina do Monte Alegre,SP,69.0,0.942,1.0,-2.31,1.241,0.33,43.46,-36.54,True,50.91,-29.09,True,45.44,-34.56,True
3509502,41.69,41.49,80.0,Campinas,SP,9852.0,0.903,1.0,-0.2,1.241,-0.171,41.49,-38.51,True,48.94,-31.06,True,40.46,-39.54,True
3509601,49.85,48.77,80.0,Campo Limpo Paulista,SP,980.0,0.863,1.0,-1.08,1.241,-0.687,48.77,-31.23,True,56.22,-23.78,True,44.65,-35.35,True
3509700,51.23,57.12,80.0,Campos do Jordão,SP,495.0,0.893,1.0,5.0,1.241,3.918,57.12,-22.88,True,64.57,-15.43,True,80.63,0.63,False
3509809,32.08,86.59,80.0,Campos Novos Paulista,SP,65.0,0.938,1.0,5.0,1.241,2.163,86.59,6.59,False,94.04,14.04,False,99.57,19.57,False
3509908,64.85,59.72,80.0,Cananéia,SP,129.0,0.93,1.0,-5.0,1.241,-1.206,59.72,-20.28,True,67.17,-12.83,True,52.48,-27.52,True
3509957,53.57,48.15,80.0,Canas,SP,64.0,0.828,1.0,-5.0,1.241,-0.272,48.15,-31.85,True,55.6,-24.4,True,46.52,-33.48,True
3510005,72.74,65.51,80.0,Cândido Mota,SP,282.0,0.95,1.0,-5.0,1.241,-2.41,65.51,-14.49,True,72.96,-7.04,True,51.05,-28.95,True
3510153,81.73,79.49,80.0,Canitar,SP,94.0,0.926,1.0,-2.24,1.241,0.128,79.49,-0.51,True,86.94,6.94,False,80.26,0.26,False
3510203,62.4,74.63,80.0,Capão Bonito,SP,544.0,0.926,1.0,5.0,1.241,3.99,74.63,-5.37,True,82.08,2.08,False,98.57,18.57,False
3510302,47.52,47.64,80.0,Capela do Alto,SP,308.0,0.922,1.0,0.12,1.241,0.561,47.64,-32.36,True,55.09,-24.91,True,51.01,-28.99,True
3510401,64.47,66.48,80.0,Capivari,SP,600.0,0.947,1.0,2.01,1.241,1.818,66.48,-13.52,True,73.93,-6.07,True,77.39,-2.61,True
3510500,54.34,58.19,80.0,Caraguatatuba,SP,1690.0,0.89,1.0,3.85,1.241,3.574,58.19,-21.81,True,65.64,-14.36,True,79.63,-0.37,True
3510609,45.21,44.8,80.0,Carapicuíba,SP,4469.0,0.89,1.0,-0.41,1.241,-0.339,44.8,-35.2,True,52.25,-27.75,True,42.76,-37.24,True
3510708,68.94,59.86,80.0,Cardoso,SP,101.0,0.96,1.0,-5.0,1.241,-0.853,59.86,-20.14,True,67.31,-12.69,True,54.74,-25.26,True
3510807,44.98,61.98,80.0,Casa Branca,SP,244.0,0.889,1.0,5.0,1.241,3.307,61.98,-18.02,True,69.43,-10.57,True,81.82,1.82,False
3511003,47.85,45.42,80.0,Castilho,SP,223.0,0.937,1.0,-2.43,1.241,-0.694,45.42,-34.58,True,52.87,-27.13,True,41.25,-38.75,True
3511102,54.37,70.27,80.0,Catanduva,SP,814.0,0.91,1.0,5.0,1.241,4.259,70.27,-9.73,True,77.72,-2.28,True,95.82,15.82,False
3511201,54.28,84.7,80.0,Catiguá,SP,69.0,0.957,1.0,5.0,1.241,2.205,84.7,4.7,False,92.15,12.15,False,97.93,17.93,False
3511300,72.92,55.73,80.0,Cedral,SP,162.0,0.883,1.0,-5.0,1.241,-1.552,55.73,-24.27,True,63.18,-16.82,True,46.42,-33.58,True
3511409,44.01,39.99,80.0,Cerqueira César,SP,251.0,0.94,1.0,-4.02,1.241,-1.687,39.99,-40.01,True,47.44,-32.56,True,29.87,-50.13,True
3511508,60.93,69.15,80.0,Cerquilho,SP,433.0,0.915,1.0,5.0,1.241,3.812,69.15,-10.85,True,76.6,-3.4,True,92.02,12.02,False
3511607,55.7,51.32,80.0,Cesário Lange,SP,288.0,0.917,1.0,-4.38,1.241,-2.076,51.32,-28.68,True,58.77,-21.23,True,38.86,-41.14,True
3511706,44.6,62.5,80.0,Charqueada,SP,198.0,0.924,1.0,5.0,1.241,3.111,62.5,-17.5,True,69.95,-10.05,True,81.17,1.17,False
3511904,51.06,54.12,80.0,Clementina,SP,74.0,0.892,1.0,3.06,1.241,1.732,54.12,-25.88,True,61.57,-18.43,True,64.51,-15.49,True
3512001,43.8,57.89,80.0,Colina,SP,200.0,0.94,1.0,5.0,1.241,3.121,57.89,-22.11,True,65.34,-14.66,True,76.61,-3.39,True
3512100,90.59,72.63,80.0,Colômbia,SP,119.0,0.899,1.0,-5.0,1.241,-1.087,72.63,-7.37,True,80.08,0.08,False,66.11,-13.89,True
3512209,53.98,55.54,80.0,Conchal,SP,375.0,0.899,1.0,1.56,1.241,1.449,55.54,-24.46,True,62.99,-17.01,True,64.23,-15.77,True
3512308,47.34,69.48,80.0,Conchas,SP,170.0,0.847,1.0,5.0,1.241,2.968,69.48,-10.52,True,76.93,-3.07,True,87.29,7.29,False
3512407,74.43,69.6,80.0,Cordeirópolis,SP,341.0,0.95,1.0,-4.83,1.241,-2.586,69.6,-10.4,True,77.05,-2.95,True,54.09,-25.91,True
3512506,69.43,72.95,80.0,Coroados,SP,67.0,0.851,1.0,3.52,1.241,1.813,72.95,-7.05,True,80.4,0.4,False,83.83,3.83,False
3512803,52.95,59.61,80.0,Cosmópolis,SP,558.0,0.948,1.0,5.0,1.241,4.008,59.61,-20.39,True,67.06,-12.94,True,83.66,3.66,False
3512902,94.57,56.46,80.0,Cosmorama,SP,77.0,0.883,1.0,-5.0,1.241,-0.494,56.46,-23.54,True,63.91,-16.09,True,53.5,-26.5,True
3513009,50.67,49.49,80.0,Cotia,SP,3351.0,0.865,1.0,-1.18,1.241,-1.044,49.49,-30.51,True,56.94,-23.06,True,43.23,-36.77,True
3513108,41.9,59.0,80.0,Cravinhos,SP,391.0,0.857,1.0,5.0,1.241,3.728,59.0,-21.0,True,66.45,-13.55,True,81.37,1.37,False
3513207,49.97,49.46,80.0,Cristais Paulista,SP,98.0,0.918,1.0,-0.51,1.241,0.665,49.46,-30.54,True,56.91,-23.09,True,53.45,-26.55,True
3513405,39.34,55.99,80.0,Cruzeiro,SP,486.0,0.93,1.0,5.0,1.241,3.904,55.99,-24.01,True,63.44,-16.56,True,79.41,-0.59,True
3513504,48.49,45.43,80.0,Cubatão,SP,1263.0,0.865,1.0,-3.06,1.241,-2.472,45.43,-34.57,True,52.88,-27.12,True,30.6,-49.4,True
3513603,49.94,58.09,80.0,Cunha,SP,145.0,0.931,0.0,5.0,1.241,2.821,58.09,-21.91,True,65.54,-14.46,True,75.02,-4.98,True
3513702,59.36,80.62,80.0,Descalvado,SP,251.0,0.928,1.0,5.0,1.241,3.333,80.62,0.62,False,88.07,8.07,False,100.0,20.0,False
3513801,40.88,48.02,80.0,Diadema,SP,4153.0,0.907,1.0,5.0,1.241,4.827,48.02,-31.98,True,55.47,-24.53,True,76.98,-3.02,True
3513900,52.32,61.36,80.0,Divinolândia,SP,88.0,0.943,1.0,5.0,1.241,2.39,61.36,-18.64,True,68.81,-11.19,True,75.7,-4.3,True
3514106,61.44,57.41,80.0,Dois Córregos,SP,267.0,0.933,1.0,-4.03,1.241,-1.773,57.41,-22.59,True,64.86,-15.14,True,46.77,-33.23,True
3514304,71.5,71.85,80.0,Dourado,SP,86.0,0.919,1.0,0.35,1.241,0.973,71.85,-8.15,True,79.3,-0.7,True,77.69,-2.31,True
3514403,63.13,62.74,80.0,Dracena,SP,346.0,0.945,1.0,-0.39,1.241,0.207,62.74,-17.26,True,70.19,-9.81,True,63.98,-16.02,True
3514502,81.82,77.0,80.0,Duartina,SP,125.0,0.88,1.0,-4.82,1.241,-1.09,77.0,-3.0,True,84.45,4.45,False,70.46,-9.54,True
3514601,76.77,64.5,80.0,Dumont,SP,96.0,0.906,1.0,-5.0,1.241,-0.783,64.5,-15.5,True,71.95,-8.05,True,59.8,-20.2,True
3514700,77.86,95.07,80.0,Echaporã,SP,88.0,0.943,1.0,5.0,1.241,2.39,95.07,15.07,False,100.0,20.0,False,100.0,20.0,False
3514809,62.33,75.19,80.0,Eldorado,SP,97.0,0.876,0.0,5.0,1.241,2.469,75.19,-4.81,True,82.64,2.64,False,90.0,10.0,False
3514908,55.13,56.28,80.0,Elias Fausto,SP,221.0,0.937,1.0,1.15,1.241,1.193,56.28,-23.72,True,63.73,-16.27,True,63.44,-16.56,True
3515004,32.6,40.5,80.0,Embu das Artes,SP,3359.0,0.862,1.0,5.0,1.241,4.789,40.5,-39.5,True,47.95,-32.05,True,69.23,-10.77,True
3515103,46.49,45.34,80.0,Embu-Guaçu,SP,832.0,0.909,1.0,-1.15,1.241,-0.687,45.34,-34.66,True,52.79,-27.21,True,41.22,-38.78,True
3515152,53.33,47.86,80.0,Engenheiro Coelho,SP,214.0,0.846,1.0,-5.0,1.241,-1.985,47.86,-32.14,True,55.31,-24.69,True,35.95,-44.05,True
3515186,65.42,61.16,80.0,Espírito Santo do Pinhal,SP,310.0,0.942,1.0,-4.26,1.241,-2.103,61.16,-18.84,True,68.61,-11.39,True,48.54,-31.46,True
3515194,58.56,56.14,80.0,Espírito Santo do Turvo,SP,52.0,0.923,1.0,-2.42,1.241,0.486,56.14,-23.86,True,63.59,-16.41,True,59.05,-20.95,True
3515202,53.96,58.91,80.0,Estrela d'Oeste,SP,89.0,0.888,1.0,4.95,1.241,2.383,58.91,-21.09,True,66.36,-13.64,True,73.21,-6.79,True
3515350,75.97,69.86,80.0,Euclides da Cunha Paulista,SP,73.0,0.863,1.0,-5.0,1.241,-0.428,69.86,-10.14,True,77.31,-2.69,True,67.29,-12.71,True
3515400,62.71,82.78,80.0,Fartura,SP,170.0,0.929,1.0,5.0,1.241,2.968,82.78,2.78,False,90.23,10.23,False,100.0,20.0,False
3515509,57.61,61.01,80.0,Fernandópolis,SP,571.0,0.893,1.0,3.4,1.241,2.84,61.01,-18.99,True,68.46,-11.54,True,78.05,-1.95,True
3515608,97.93,85.99,80.0,Fernando Prestes,SP,66.0,0.97,1.0,-5.0,1.241,-0.307,85.99,5.99,False,93.44,13.44,False,84.15,4.15,False
3515707,52.72,65.07,80.0,Ferraz de Vasconcelos,SP,2071.0,0.947,1.0,5.0,1.241,4.669,65.07,-14.93,True,72.52,-7.48,True,93.08,13.08,False
3516002,82.92,54.56,80.0,Flórida Paulista,SP,87.0,0.966,1.0,-5.0,1.241,-0.651,54.56,-25.44,True,62.01,-17.99,True,50.66,-29.34,True
3516200,57.72,64.54,80.0,Franca,SP,3595.0,0.93,1.0,5.0,1.241,4.802,64.54,-15.46,True,71.99,-8.01,True,93.35,13.35,False
3516309,50.64,50.49,80.0,Francisco Morato,SP,2498.0,0.865,1.0,-0.15,1.241,-0.047,50.49,-29.51,True,57.94,-22.06,True,50.21,-29.79,True
3516408,50.89,46.57,80.0,Franco da Rocha,SP,1996.0,0.898,1.0,-4.32,1.241,-3.814,46.57,-33.43,True,54.02,-25.98,True,23.69,-56.31,True
3516606,78.91,66.68,80.0,Gália,SP,73.0,0.932,1.0,-5.0,1.241,-0.428,66.68,-13.32,True,74.13,-5.87,True,64.11,-15.89,True
3516705,51.91,57.27,80.0,Garça,SP,328.0,0.924,1.0,5.0,1.241,3.576,57.27,-22.73,True,64.72,-15.28,True,78.73,-1.27,True
3516853,66.86,73.65,80.0,Gavião Peixoto,SP,64.0,0.953,1.0,5.0,1.241,2.152,73.65,-6.35,True,81.1,1.1,False,86.56,6.56,False
3516903,60.8,67.35,80.0,General Salgado,SP,102.0,0.941,1.0,5.0,1.241,2.511,67.35,-12.65,True,74.8,-5.2,True,82.41,2.41,False
3517000,49.54,68.1,80.0,Getulina,SP,60.0,0.8,1.0,5.0,1.241,2.109,68.1,-11.9,True,75.55,-4.45,True,80.75,0.75,False
3517208,50.64,60.0,80.0,Guaiçara,SP,137.0,0.92,1.0,5.0,1.241,2.769,60.0,-20.0,True,67.45,-12.55,True,76.62,-3.38,True
3517307,82.7,83.39,80.0,Guaimbê,SP,54.0,0.907,1.0,0.69,1.241,1.124,83.39,3.39,False,90.84,10.84,False,90.13,10.13,False
3517406,54.86,53.49,80.0,Guaíra,SP,322.0,0.95,1.0,-1.37,1.241,-0.37,53.49,-26.51,True,60.94,-19.06,True,51.27,-28.73,True
3517505,56.31,70.54,80.0,Guapiaçu,SP,234.0,0.795,1.0,5.0,1.241,3.268,70.54,-9.46,True,77.99,-2.01,True,90.15,10.15,False
3517604,66.94,60.31,80.0,Guapiara,SP,153.0,0.941,0.0,-5.0,1.241,-1.464,60.31,-19.69,True,67.76,-12.24,True,51.53,-28.47,True
3517703,67.39,76.27,80.0,Guará,SP,197.0,0.914,1.0,5.0,1.241,3.106,76.27,-3.73,True,83.72,3.72,False,94.91,14.91,False
3517901,73.82,73.02,80.0,Guaraci,SP,105.0,0.962,1.0,-0.8,1.241,0.538,73.02,-6.98,True,80.47,0.47,False,76.25,-3.75,True
3518107,66.92,47.49,80.0,Guarantã,SP,63.0,0.873,1.0,-5.0,1.241,-0.254,47.49,-32.51,True,54.94,-25.06,True,45.97,-34.03,True
3518206,58.19,71.91,80.0,Guararapes,SP,253.0,0.953,1.0,5.0,1.241,3.34,71.91,-8.09,True,79.36,-0.64,True,91.95,11.95,False
3518305,64.75,76.97,80.0,Guararema,SP,419.0,0.919,1.0,5.0,1.241,3.785,76.97,-3.03,True,84.42,4.42,False,99.68,19.68,False
3518404,56.82,55.83,80.0,Guaratinguetá,SP,978.0,0.924,1.0,-0.99,1.241,-0.611,55.83,-24.17,True,63.28,-16.72,True,52.16,-27.84,True
3518503,62.27,68.52,80.0,Guareí,SP,164.0,0.921,1.0,5.0,1.241,2.935,68.52,-11.48,True,75.97,-4.03,True,86.13,6.13,False
3518602,69.71,78.67,80.0,Guariba,SP,412.0,0.922,1.0,5.0,1.241,3.772,78.67,-1.33,True,86.12,6.12,False,100.0,20.0,False
3518701,48.23,44.13,80.0,Guarujá,SP,3477.0,0.869,1.0,-4.1,1.241,-3.809,44.13,-35.87,True,51.58,-28.42,True,21.27,-58.73,True
3518800,39.42,44.19,80.0,Guarulhos,SP,15374.0,0.854,1.0,4.77,1.241,4.725,44.19,-35.81,True,51.64,-28.36,True,72.54,-7.46,True
3518859,64.55,33.82,80.0,Guatapará,SP,68.0,0.868,1.0,-5.0,1.241,-0.342,33.82,-46.18,True,41.27,-38.73,True,31.77,-48.23,True
3519006,85.15,81.08,80.0,Herculândia,SP,91.0,0.945,1.0,-4.07,1.241,-0.42,81.08,1.08,False,88.53,8.53,False,78.56,-1.44,True
3519055,58.34,62.59,80.0,Holambra,SP,155.0,0.923,1.0,4.25,1.241,2.555,62.59,-17.41,True,70.04,-9.96,True,77.92,-2.08,True
3519071,58.0,55.05,80.0,Hortolândia,SP,2714.0,0.889,1.0,-2.95,1.241,-2.662,55.05,-24.95,True,62.5,-17.5,True,39.08,-40.92,True
3519105,100.0,97.67,80.0,Iacanga,SP,111.0,0.793,1.0,-2.33,1.241,-0.033,97.67,17.67,False,100.0,20.0,False,97.47,17.47,False
3519253,42.55,42.77,80.0,Iaras,SP,61.0,0.885,1.0,0.22,1.241,1.002,42.77,-37.23,True,50.22,-29.78,True,48.78,-31.22,True
3519303,52.81,68.78,80.0,Ibaté,SP,431.0,0.914,1.0,5.0,1.241,3.809,68.78,-11.22,True,76.23,-3.77,True,91.63,11.63,False
3519402,71.16,61.64,80.0,Ibirá,SP,125.0,0.936,1.0,-5.0,1.241,-1.159,61.64,-18.36,True,69.09,-10.91,True,54.68,-25.32,True
3519501,89.02,71.85,80.0,Ibirarema,SP,73.0,0.89,1.0,-5.0,1.241,-0.428,71.85,-8.15,True,79.3,-0.7,True,69.28,-10.72,True
3519600,49.72,49.2,80.0,Ibitinga,SP,570.0,0.896,1.0,-0.52,1.241,-0.063,49.2,-30.8,True,56.65,-23.35,True,48.82,-31.18,True
3519709,44.73,53.06,80.0,Ibiúna,SP,1041.0,0.925,1.0,5.0,1.241,4.394,53.06,-26.94,True,60.51,-19.49,True,79.43,-0.57,True
3519808,73.35,81.32,80.0,Icém,SP,57.0,0.877,1.0,5.0,1.241,2.075,81.32,1.32,False,88.77,8.77,False,93.77,13.77,False
3519907,51.77,53.84,80.0,Iepê,SP,85.0,0.965,1.0,2.07,1.241,1.488,53.84,-26.16,True,61.29,-18.71,True,62.77,-17.23,True
3520004,68.56,77.29,80.0,Igaraçu do Tietê,SP,218.0,0.959,1.0,5.0,1.241,3.201,77.29,-2.71,True,84.74,4.74,False,96.5,16.5,False
3520103,47.11,55.6,80.0,Igarapava,SP,236.0,0.886,1.0,5.0,1.241,3.276,55.6,-24.4,True,63.05,-16.95,True,75.25,-4.75,True
3520202,61.45,50.61,80.0,Igaratá,SP,144.0,0.903,1.0,-5.0,1.241,-1.371,50.61,-29.39,True,58.06,-21.94,True,42.38,-37.62,True
3520301,57.18,61.67,80.0,Iguape,SP,311.0,0.932,1.0,4.49,1.241,3.218,61.67,-18.33,True,69.12,-10.88,True,80.98,0.98,False
3520400,44.16,43.27,80.0,Ilhabela,SP,476.0,0.861,1.0,-0.89,1.241,-0.26,43.27,-36.73,True,50.72,-29.28,True,41.71,-38.29,True
3520426,52.02,67.6,80.0,Ilha Comprida,SP,182.0,0.918,1.0,5.0,1.241,3.032,67.6,-12.4,True,75.05,-4.95,True,85.79,5.79,False
3520442,66.53,80.76,80.0,Ilha Solteira,SP,240.0,0.871,1.0,5.0,1.241,3.291,80.76,0.76,False,88.21,8.21,False,100.0,20.0,False
3520509,58.5,62.82,80.0,Indaiatuba,SP,2724.0,0.883,1.0,4.32,1.241,4.109,62.82,-17.18,True,70.27,-9.73,True,87.48,7.48,False
3520905,55.77,54.96,80.0,Ipaussu,SP,149.0,0.94,1.0,-0.81,1.241,0.365,54.96,-25.04,True,62.41,-17.59,True,57.15,-22.85,True
3521002,40.9,44.75,80.0,Iperó,SP,436.0,0.872,1.0,3.85,1.241,3.03,44.75,-35.25,True,52.2,-27.8,True,62.93,-17.07,True
3521101,44.03,62.62,80.0,Ipeúna,SP,102.0,0.971,1.0,5.0,1.241,2.511,62.62,-17.38,True,70.07,-9.93,True,77.68,-2.32,True
3521150,48.0,43.3,80.0,Ipiguá,SP,75.0,0.907,1.0,-4.7,1.241,-0.379,43.3,-36.7,True,50.75,-29.25,True,41.02,-38.98,True
3521309,77.09,63.8,80.0,Ipuã,SP,148.0,0.966,1.0,-5.0,1.241,-1.413,63.8,-16.2,True,71.25,-8.75,True,55.32,-24.68,True
3521408,59.58,62.26,80.0,Iracemápolis,SP,256.0,0.926,1.0,2.68,1.241,2.049,62.26,-17.74,True,69.71,-10.29,True,74.55,-5.45,True
3521507,69.58,76.62,80.0,Irapuã,SP,81.0,0.938,1.0,5.0,1.241,2.325,76.62,-3.38,True,84.07,4.07,False,90.57,10.57,False
3521606,97.18,96.0,80.0,Irapuru,SP,50.0,0.94,1.0,-1.18,1.241,0.757,96.0,16.0,False,100.0,20.0,False,100.0,20.0,False
3521804,47.41,46.71,80.0,Itaí,SP,306.0,0.922,1.0,-0.7,1.241,0.067,46.71,-33.29,True,54.16,-25.84,True,47.11,-32.89,True
3521903,85.09,82.74,80.0,Itajobi,SP,153.0,0.961,1.0,-2.35,1.241,-0.315,82.74,2.74,False,90.19,10.19,False,80.85,0.85,False
3522109,54.33,48.05,80.0,Itanhaém,SP,1543.0,0.837,1.0,-5.0,1.241,-4.284,48.05,-31.95,True,55.5,-24.5,True,22.35,-57.65,True
3522208,53.35,54.9,80.0,Itapecerica da Serra,SP,2073.0,0.906,1.0,1.55,1.241,1.523,54.9,-25.1,True,62.35,-17.65,True,64.04,-15.96,True
3522307,42.15,50.81,80.0,Itapetininga,SP,1665.0,0.912,1.0,5.0,1.241,4.597,50.81,-29.19,True,58.26,-21.74,True,78.39,-1.61,True
3522406,53.35,56.2,80.0,Itapeva,SP,1116.0,0.878,1.0,2.85,1.241,2.605,56.2,-23.8,True,63.65,-16.35,True,71.83,-8.17,True
3522505,50.26,55.46,80.0,Itapevi,SP,3568.0,0.912,1.0,5.0,1.241,4.8,55.46,-24.54,True,62.91,-17.09,True,84.26,4.26,False
3522604,60.48,62.18,80.0,Itapira,SP,568.0,0.915,1.0,1.7,1.241,1.58,62.18,-17.82,True,69.63,-10.37,True,71.66,-8.34,True
3522653,45.73,29.85,80.0,Itapirapuã Paulista,SP,62.0,0.919,0.0,-5.0,1.241,-0.236,29.85,-50.15,True,37.3,-42.7,True,28.44,-51.56,True
3522703,66.67,77.38,80.0,Itápolis,SP,341.0,0.953,1.0,5.0,1.241,3.61,77.38,-2.62,True,84.83,4.83,False,99.04,19.04,False
3522802,36.36,70.1,80.0,Itaporanga,SP,134.0,0.91,1.0,5.0,1.241,2.749,70.1,-9.9,True,77.55,-2.45,True,86.59,6.59,False
3522901,35.02,53.04,80.0,Itapuí,SP,164.0,0.896,1.0,5.0,1.241,2.935,53.04,-26.96,True,60.49,-19.51,True,70.65,-9.35,True
3523008,49.6,79.05,80.0,Itapura,SP,51.0,0.922,1.0,5.0,1.241,2.005,79.05,-0.95,True,86.5,6.5,False,91.08,11.08,False
3523107,42.98,57.19,80.0,Itaquaquecetuba,SP,5080.0,0.924,1.0,5.0,1.241,4.858,57.19,-22.81,True,64.64,-15.36,True,86.34,6.34,False
3523206,55.9,53.17,80.0,Itararé,SP,518.0,0.938,1.0,-2.73,1.241,-1.624,53.17,-26.83,True,60.62,-19.38,True,43.43,-36.57,True
3523305,61.61,70.98,80.0,Itariri,SP,220.0,0.914,1.0,5.0,1.241,3.21,70.98,-9.02,True,78.43,-1.57,True,90.24,10.24,False
3523404,65.1,73.47,80.0,Itatiba,SP,1110.0,0.907,1.0,5.0,1.241,4.426,73.47,-6.53,True,80.92,0.92,False,100.0,20.0,False
3523503,61.7,54.18,80.0,Itatinga,SP,224.0,0.938,1.0,-5.0,1.241,-2.056,54.18,-25.82,True,61.63,-18.37,True,41.84,-38.16,True
3523602,59.11,69.9,80.0,Itirapina,SP,169.0,0.947,1.0,5.0,1.241,2.963,69.9,-10.1,True,77.35,-2.65,True,87.68,7.68,False
3523701,73.92,82.38,80.0,Itirapuã,SP,61.0,0.787,1.0,5.0,1.241,2.12,82.38,2.38,False,89.83,9.83,False,95.1,15.1,False
3523909,65.25,61.67,80.0,Itu,SP,1783.0,0.884,1.0,-3.58,1.241,-3.094,61.67,-18.33,True,69.12,-10.88,True,43.11,-36.89,True
3524006,44.88,48.94,80.0,Itupeva,SP,781.0,0.828,1.0,4.06,1.241,3.485,48.94,-31.06,True,56.39,-23.61,True,69.85,-10.15,True
3524105,48.38,49.94,80.0,Ituverava,SP,312.0,0.913,1.0,1.56,1.241,1.435,49.94,-30.06,True,57.39,-22.61,True,58.55,-21.45,True
3524204,82.62,67.19,80.0,Jaborandi,SP,72.0,0.931,1.0,-5.0,1.241,-0.411,67.19,-12.81,True,74.64,-5.36,True,64.72,-15.28,True
3524303,53.01,57.94,80.0,Jaboticabal,SP,487.0,0.922,1.0,4.93,1.241,3.856,57.94,-22.06,True,65.39,-14.61,True,81.08,1.08,False
3524402,45.56,51.48,80.0,Jacareí,SP,2384.0,0.859,1.0,5.0,1.241,4.709,51.48,-28.52,True,58.93,-21.07,True,79.73,-0.27,True
3524501,55.84,68.06,80.0,Jaci,SP,107.0,0.907,1.0,5.0,1.241,2.551,68.06,-11.94,True,75.51,-4.49,True,83.37,3.37,False
3524600,63.85,54.8,80.0,Jacupiranga,SP,143.0,0.902,1.0,-5.0,1.241,-1.361,54.8,-25.2,True,62.25,-17.75,True,46.63,-33.37,True
3524709,62.82,70.22,80.0,Jaguariúna,SP,649.0,0.841,1.0,5.0,1.241,4.115,70.22,-9.78,True,77.67,-2.33,True,94.91,14.91,False
3524808,55.33,70.53,80.0,Jales,SP,407.0,0.946,1.0,5.0,1.241,3.761,70.53,-9.47,True,77.98,-2.02,True,93.1,13.1,False
3524907,58.85,56.89,80.0,Jambeiro,SP,68.0,0.926,1.0,-1.96,1.241,0.429,56.89,-23.11,True,64.34,-15.66,True,59.46,-20.54,True
3525003,44.87,51.39,80.0,Jandira,SP,1036.0,0.88,1.0,5.0,1.241,4.392,51.39,-28.61,True,58.84,-21.16,True,77.74,-2.26,True
3525102,58.3,45.42,80.0,Jardinópolis,SP,473.0,0.85,1.0,-5.0,1.241,-3.145,45.42,-34.58,True,52.87,-27.13,True,26.55,-53.45,True
3525201,48.78,44.07,80.0,Jarinu,SP,529.0,0.958,1.0,-4.71,1.241,-3.077,44.07,-35.93,True,51.52,-28.48,True,25.61,-54.39,True
3525300,59.77,54.89,80.0,Jaú,SP,1108.0,0.924,1.0,-4.88,1.241,-3.944,54.89,-25.11,True,62.34,-17.66,True,31.23,-48.77,True
3525508,71.87,57.3,80.0,Joanópolis,SP,153.0,0.876,1.0,-5.0,1.241,-1.464,57.3,-22.7,True,64.75,-15.25,True,48.52,-31.48,True
3525607,81.82,65.42,80.0,João Ramalho,SP,68.0,0.882,1.0,-5.0,1.241,-0.342,65.42,-14.58,True,72.87,-7.13,True,63.37,-16.63,True
3525706,55.78,54.93,80.0,José Bonifácio,SP,339.0,0.944,1.0,-0.85,1.241,-0.074,54.93,-25.07,True,62.38,-17.62,True,54.49,-25.51,True
3525805,66.76,55.26,80.0,Júlio Mesquita,SP,54.0,0.907,1.0,-5.0,1.241,-0.086,55.26,-24.74,True,62.71,-17.29,True,54.75,-25.25,True
3525904,69.22,70.49,80.0,Jundiaí,SP,3851.0,0.909,1.0,1.27,1.241,1.269,70.49,-9.51,True,77.94,-2.06,True,78.1,-1.9,True
3526001,76.94,80.44,80.0,Junqueirópolis,SP,199.0,0.96,1.0,3.5,1.241,2.368,80.44,0.44,False,87.89,7.89,False,94.65,14.65,False
3526100,54.87,55.18,80.0,Juquiá,SP,206.0,0.942,1.0,0.31,1.241,0.769,55.18,-24.82,True,62.63,-17.37,True,59.79,-20.21,True
3526209,60.14,55.99,80.0,Juquitiba,SP,379.0,0.921,1.0,-4.15,1.241,-2.288,55.99,-24.01,True,63.44,-16.56,True,42.26,-37.74,True
3526308,48.73,65.02,80.0,Lagoinha,SP,64.0,0.984,1.0,5.0,1.241,2.152,65.02,-14.98,True,72.47,-7.53,True,77.93,-2.07,True
3526407,54.22,59.37,80.0,Laranjal Paulista,SP,294.0,0.922,1.0,5.0,1.241,3.478,59.37,-20.63,True,66.82,-13.18,True,80.24,0.24,False
3526605,52.66,46.14,80.0,Lavrinhas,SP,88.0,0.943,1.0,-5.0,1.241,-0.666,46.14,-33.86,True,53.59,-26.41,True,42.14,-37.86,True
3526704,52.84,61.7,80.0,Leme,SP,1066.0,0.932,1.0,5.0,1.241,4.406,61.7,-18.3,True,69.15,-10.85,True,88.14,8.14,False
3526803,61.31,63.65,80.0,Lençóis Paulista,SP,644.0,0.943,1.0,2.34,1.241,2.08,63.65,-16.35,True,71.1,-8.9,True,76.13,-3.87,True
3526902,62.38,62.75,80.0,Limeira,SP,2690.0,0.901,1.0,0.37,1.241,0.43,62.75,-17.25,True,70.2,-9.8,True,65.33,-14.67,True
3527009,77.11,61.13,80.0,Lindóia,SP,84.0,0.917,1.0,-5.0,1.241,-0.605,61.13,-18.87,True,68.58,-11.42,True,57.5,-22.5,True
3527108,74.25,92.23,80.0,Lins,SP,676.0,0.933,1.0,5.0,1.241,4.142,92.23,12.23,False,99.68,19.68,False,100.0,20.0,False
3527207,42.48,47.82,80.0,Lorena,SP,731.0,0.899,1.0,5.0,1.241,4.192,47.82,-32.18,True,55.27,-24.73,True,72.97,-7.03,True
3527306,54.63,58.25,80.0,Louveira,SP,719.0,0.868,1.0,3.62,1.241,3.102,58.25,-21.75,True,65.7,-14.3,True,76.86,-3.14,True
3527405,64.53,68.26,80.0,Lucélia,SP,156.0,0.974,1.0,3.73,1.241,2.332,68.26,-11.74,True,75.71,-4.29,True,82.25,2.25,False
3527603,41.53,43.03,80.0,Luís Antônio,SP,131.0,0.939,1.0,1.5,1.241,1.344,43.03,-36.97,True,50.48,-29.52,True,51.09,-28.91,True
3527702,54.64,54.95,80.0,Luiziânia,SP,51.0,0.922,1.0,0.31,1.241,1.052,54.95,-25.05,True,62.4,-17.6,True,61.26,-18.74,True
3528007,65.03,62.4,80.0,Macatuba,SP,197.0,0.924,1.0,-2.63,1.241,-0.68,62.4,-17.6,True,69.85,-10.15,True,58.32,-21.68,True
3528106,81.53,96.3,80.0,Macaubal,SP,57.0,0.947,1.0,5.0,1.241,2.075,96.3,16.3,False,100.0,20.0,False,100.0,20.0,False
3528403,56.21,49.33,80.0,Mairinque,SP,561.0,0.831,1.0,-5.0,1.241,-3.36,49.33,-30.67,True,56.78,-23.22,True,29.17,-50.83,True
3528502,55.0,63.31,80.0,Mairiporã,SP,974.0,0.922,1.0,5.0,1.241,4.36,63.31,-16.69,True,70.76,-9.24,True,89.47,9.47,False
3528601,62.2,65.64,80.0,Manduri,SP,120.0,0.933,1.0,3.44,1.241,2.066,65.64,-14.36,True,73.09,-6.91,True,78.03,-1.97,True
3528809,84.81,91.17,80.0,Maracaí,SP,118.0,0.932,1.0,5.0,1.241,2.636,91.17,11.17,False,98.62,18.62,False,100.0,20.0,False
3529005,59.16,64.28,80.0,Marília,SP,1898.0,0.878,1.0,5.0,1.241,4.642,64.28,-15.72,True,71.73,-8.27,True,92.13,12.13,False
3529203,53.03,63.56,80.0,Martinópolis,SP,204.0,0.946,1.0,5.0,1.241,3.139,63.56,-16.44,True,71.01,-8.99,True,82.39,2.39,False
3529302,64.39,62.33,80.0,Matão,SP,724.0,0.93,1.0,-2.06,1.241,-1.345,62.33,-17.67,True,69.78,-10.22,True,54.26,-25.74,True
3529401,45.74,46.04,80.0,Mauá,SP,4043.0,0.946,1.0,0.3,1.241,0.344,46.04,-33.96,True,53.49,-26.51,True,48.11,-31.89,True
3529500,69.95,77.56,80.0,Mendonça,SP,68.0,0.956,1.0,5.0,1.241,2.195,77.56,-2.44,True,85.01,5.01,False,90.73,10.73,False
3529708,64.31,29.09,80.0,Miguelópolis,SP,195.0,0.795,1.0,-5.0,1.241,-1.84,29.09,-50.91,True,36.54,-43.46,True,18.05,-61.95,True
3529807,45.76,68.18,80.0,Mineiros do Tietê,SP,126.0,0.77,1.0,5.0,1.241,2.694,68.18,-11.82,True,75.63,-4.37,True,84.34,4.34,False
3529906,43.55,65.52,80.0,Miracatu,SP,253.0,0.909,1.0,5.0,1.241,3.34,65.52,-14.48,True,72.97,-7.03,True,85.56,5.56,False
3530102,53.42,54.13,80.0,Mirandópolis,SP,185.0,0.876,1.0,0.71,1.241,0.986,54.13,-25.87,True,61.58,-18.42,True,60.05,-19.95,True
3530201,98.04,87.52,80.0,Mirante do Paranapanema,SP,128.0,0.906,1.0,-5.0,1.241,-1.194,87.52,7.52,False,94.97,14.97,False,80.35,0.35,False
3530300,67.6,61.57,80.0,Mirassol,SP,520.0,0.94,1.0,-5.0,1.241,-3.266,61.57,-18.43,True,69.02,-10.98,True,41.97,-38.03,True
3530409,59.21,55.96,80.0,Mirassolândia,SP,50.0,0.96,1.0,-3.25,1.241,0.343,55.96,-24.04,True,63.41,-16.59,True,58.02,-21.98,True
3530508,46.41,61.52,80.0,Mococa,SP,543.0,0.934,1.0,5.0,1.241,3.988,61.52,-18.48,True,68.97,-11.03,True,85.45,5.45,False
3530607,46.57,47.88,80.0,Mogi das Cruzes,SP,4768.0,0.897,1.0,1.31,1.241,1.307,47.88,-32.12,True,55.33,-24.67,True,55.72,-24.28,True
3530706,51.4,63.47,80.0,Mogi Guaçu,SP,1466.0,0.922,1.0,5.0,1.241,4.549,63.47,-16.53,True,70.92,-9.08,True,90.76,10.76,False
3530805,53.79,57.7,80.0,Mogi Mirim,SP,745.0,0.882,1.0,3.91,1.241,3.345,57.7,-22.3,True,65.15,-14.85,True,77.77,-2.23,True
3530904,55.83,74.25,80.0,Mombuca,SP,64.0,0.875,1.0,5.0,1.241,2.152,74.25,-5.75,True,81.7,1.7,False,87.16,7.16,False
3531100,48.6,41.39,80.0,Mongaguá,SP,898.0,0.834,1.0,-5.0,1.241,-3.863,41.39,-38.61,True,48.84,-31.16,True,18.21,-61.79,True
3531209,55.12,56.59,80.0,Monte Alegre do Sul,SP,64.0,0.938,1.0,1.47,1.241,1.297,56.59,-23.41,True,64.04,-15.96,True,64.37,-15.63,True
3531308,67.07,59.0,80.0,Monte Alto,SP,329.0,0.924,1.0,-5.0,1.241,-2.64,59.0,-21.0,True,66.45,-13.55,True,43.16,-36.84,True
3531407,73.54,65.44,80.0,Monte Aprazível,SP,184.0,0.837,1.0,-5.0,1.241,-1.749,65.44,-14.56,True,72.89,-7.11,True,54.94,-25.06,True
3531506,72.91,55.38,80.0,Monte Azul Paulista,SP,161.0,0.776,1.0,-5.0,1.241,-1.542,55.38,-24.62,True,62.83,-17.17,True,46.13,-33.87,True
3531704,66.6,50.9,80.0,Monteiro Lobato,SP,58.0,0.879,1.0,-5.0,1.241,-0.162,50.9,-29.1,True,58.35,-21.65,True,49.93,-30.07,True
3531803,49.58,46.98,80.0,Monte Mor,SP,906.0,0.832,1.0,-2.6,1.241,-1.905,46.98,-33.02,True,54.43,-25.57,True,35.55,-44.45,True
3531902,55.19,45.3,80.0,Morro Agudo,SP,319.0,0.875,1.0,-5.0,1.241,-2.595,45.3,-34.7,True,52.75,-27.25,True,29.73,-50.27,True
3532009,46.95,47.32,80.0,Morungaba,SP,142.0,0.901,1.0,0.37,1.241,0.879,47.32,-32.68,True,54.77,-25.23,True,52.6,-27.4,True
3532207,53.17,60.6,80.0,Narandiba,SP,91.0,0.934,1.0,5.0,1.241,2.417,60.6,-19.4,True,68.05,-11.95,True,75.1,-4.9,True
3532306,40.32,57.89,80.0,Natividade da Serra,SP,73.0,0.877,0.0,5.0,1.241,2.246,57.89,-22.11,True,65.34,-14.66,True,71.37,-8.63,True
3532405,46.83,62.5,80.0,Nazaré Paulista,SP,231.0,0.913,1.0,5.0,1.241,3.256,62.5,-17.5,True,69.95,-10.05,True,82.03,2.03,False
3532504,90.57,74.47,80.0,Neves Paulista,SP,82.0,0.951,1.0,-5.0,1.241,-0.574,74.47,-5.53,True,81.92,1.92,False,71.03,-8.97,True
3532603,66.5,67.47,80.0,Nhandeara,SP,76.0,0.921,1.0,0.97,1.241,1.166,67.47,-12.53,True,74.92,-5.08,True,74.47,-5.53,True
3532702,93.79,80.24,80.0,Nipoã,SP,70.0,0.814,1.0,-5.0,1.241,-0.377,80.24,0.24,False,87.69,7.69,False,77.98,-2.02,True
3532801,57.65,73.75,80.0,Nova Aliança,SP,69.0,0.884,1.0,5.0,1.241,2.205,73.75,-6.25,True,81.2,1.2,False,86.98,6.98,False
3532827,45.1,61.55,80.0,Nova Campina,SP,113.0,0.965,1.0,5.0,1.241,2.598,61.55,-18.45,True,69.0,-11.0,True,77.14,-2.86,True
3532900,50.61,68.76,80.0,Nova Europa,SP,97.0,0.887,1.0,5.0,1.241,2.469,68.76,-11.24,True,76.21,-3.79,True,83.57,3.57,False
3533007,61.21,59.94,80.0,Nova Granada,SP,190.0,0.953,1.0,-1.27,1.241,0.018,59.94,-20.06,True,67.39,-12.61,True,60.05,-19.95,True
3533254,68.58,63.99,80.0,Novais,SP,80.0,0.975,1.0,-4.59,1.241,-0.425,63.99,-16.01,True,71.44,-8.56,True,61.44,-18.56,True
3533403,54.93,57.96,80.0,Nova Odessa,SP,529.0,0.928,1.0,3.03,1.241,2.539,57.96,-22.04,True,65.41,-14.59,True,73.2,-6.8,True
3533502,61.56,75.66,80.0,Novo Horizonte,SP,376.0,0.949,1.0,5.0,1.241,3.695,75.66,-4.34,True,83.11,3.11,False,97.83,17.83,False
3533601,69.45,64.88,80.0,Nuporanga,SP,83.0,0.928,1.0,-4.57,1.241,-0.463,64.88,-15.12,True,72.33,-7.67,True,62.1,-17.9,True
3533700,83.74,90.38,80.0,Ocauçu,SP,60.0,0.867,1.0,5.0,1.241,2.109,90.38,10.38,False,97.83,17.83,False,100.0,20.0,False
3533908,61.15,74.72,80.0,Olímpia,SP,591.0,0.915,1.0,5.0,1.241,4.05,74.72,-5.28,True,82.17,2.17,False,99.02,19.02,False
3534203,43.55,48.15,80.0,Orindiúva,SP,82.0,0.939,1.0,4.6,1.241,2.218,48.15,-31.85,True,55.6,-24.4,True,61.46,-18.54,True
3534302,44.94,57.15,80.0,Orlândia,SP,325.0,0.902,1.0,5.0,1.241,3.568,57.15,-22.85,True,64.6,-15.4,True,78.56,-1.44,True
3534401,45.95,49.13,80.0,Osasco,SP,7799.0,0.855,1.0,3.18,1.241,3.132,49.13,-30.87,True,56.58,-23.42,True,67.92,-12.08,True
3534609,58.32,59.23,80.0,Osvaldo Cruz,SP,233.0,0.957,1.0,0.91,1.241,1.063,59.23,-20.77,True,66.68,-13.32,True,65.61,-14.39,True
3534708,50.37,53.67,80.0,Ourinhos,SP,994.0,0.925,1.0,3.3,1.241,2.955,53.67,-26.33,True,61.12,-18.88,True,71.4,-8.6,True
3534757,99.27,89.21,80.0,Ouroeste,SP,129.0,0.938,1.0,-5.0,1.241,-1.206,89.21,9.21,False,96.66,16.66,False,81.97,1.97,False
3534807,82.02,76.07,80.0,Ouro Verde,SP,90.0,0.978,1.0,-5.0,1.241,-0.696,76.07,-3.93,True,83.52,3.52,False,71.9,-8.1,True
3534906,64.61,53.27,80.0,Pacaembu,SP,86.0,0.93,1.0,-5.0,1.241,-0.636,53.27,-26.73,True,60.72,-19.28,True,49.46,-30.54,True
3535002,57.98,72.03,80.0,Palestina,SP,133.0,0.977,1.0,5.0,1.241,2.742,72.03,-7.97,True,79.48,-0.52,True,88.48,8.48,False
3535101,82.65,77.46,80.0,Palmares Paulista,SP,100.0,0.98,1.0,-5.0,1.241,-0.839,77.46,-2.54,True,84.91,4.91,False,72.42,-7.58,True
3535200,67.6,83.91,80.0,Palmeira d'Oeste,SP,80.0,0.95,1.0,5.0,1.241,2.315,83.91,3.91,False,91.36,11.36,False,97.8,17.8,False
3535309,46.45,60.32,80.0,Palmital,SP,184.0,0.929,1.0,5.0,1.241,3.042,60.32,-19.68,True,67.77,-12.23,True,78.57,-1.43,True
3535408,85.96,92.54,80.0,Panorama,SP,175.0,0.977,1.0,5.0,1.241,2.995,92.54,12.54,False,99.99,19.99,False,100.0,20.0,False
3535507,48.18,56.93,80.0,Paraguaçu Paulista,SP,454.0,0.89,1.0,5.0,1.241,3.85,56.93,-23.07,True,64.38,-15.62,True,80.03,0.03,False
3535606,63.5,58.56,80.0,Paraibuna,SP,201.0,0.91,1.0,-4.94,1.241,-1.857,58.56,-21.44,True,66.01,-13.99,True,47.42,-32.58,True
3535705,76.84,87.14,80.0,Paraíso,SP,52.0,0.885,1.0,5.0,1.241,2.017,87.14,7.14,False,94.59,14.59,False,99.24,19.24,False
3535804,49.33,42.59,80.0,Paranapanema,SP,241.0,0.88,1.0,-5.0,1.241,-2.17,42.59,-37.41,True,50.04,-29.96,True,29.57,-50.43,True
3535903,32.42,82.89,80.0,Paranapuã,SP,60.0,0.967,1.0,5.0,1.241,2.109,82.89,2.89,False,90.34,10.34,False,95.54,15.54,False
3536000,75.58,73.38,80.0,Parapuã,SP,104.0,0.942,1.0,-2.2,1.241,0.064,73.38,-6.62,True,80.83,0.83,False,73.76,-6.24,True
3536109,57.74,56.51,80.0,Pardinho,SP,107.0,0.888,1.0,-1.23,1.241,0.38,56.51,-23.49,True,63.96,-16.04,True,58.79,-21.21,True
3536208,64.45,61.36,80.0,Pariquera-Açu,SP,194.0,0.892,1.0,-3.09,1.241,-0.891,61.36,-18.64,True,68.81,-11.19,True,56.01,-23.99,True
3536307,44.66,67.0,80.0,Patrocínio Paulista,SP,202.0,0.941,1.0,5.0,1.241,3.13,67.0,-13.0,True,74.45,-5.55,True,85.78,5.78,False
3536406,67.24,75.86,80.0,Paulicéia,SP,117.0,0.957,1.0,5.0,1.241,2.628,75.86,-4.14,True,83.31,3.31,False,91.63,11.63,False
3536505,48.49,61.39,80.0,Paulínia,SP,1147.0,0.907,1.0,5.0,1.241,4.442,61.39,-18.61,True,68.84,-11.16,True,88.04,8.04,False
3536604,50.36,80.89,80.0,Paulo de Faria,SP,67.0,0.896,1.0,5.0,1.241,2.184,80.89,0.89,False,88.34,8.34,False,94.0,14.0,False
3536703,36.42,46.77,80.0,Pederneiras,SP,435.0,0.92,1.0,5.0,1.241,3.816,46.77,-33.23,True,54.22,-25.78,True,69.67,-10.33,True
3537008,60.85,51.67,80.0,Pedregulho,SP,177.0,0.96,1.0,-5.0,1.241,-1.689,51.67,-28.33,True,59.12,-20.88,True,41.54,-38.46,True
3537107,94.37,94.25,80.0,Pedreira,SP,421.0,0.976,1.0,-0.12,1.241,0.318,94.25,14.25,False,100.0,20.0,False,96.16,16.16,False
3537206,35.12,45.97,80.0,Pedro de Toledo,SP,119.0,0.891,1.0,5.0,1.241,2.643,45.97,-34.03,True,53.42,-26.58,True,61.83,-18.17,True
3537305,60.58,61.01,80.0,Penápolis,SP,566.0,0.945,1.0,0.43,1.241,0.642,61.01,-18.99,True,68.46,-11.54,True,64.86,-15.14,True
3537404,66.13,83.47,80.0,Pereira Barreto,SP,222.0,0.923,1.0,5.0,1.241,3.219,83.47,3.47,False,90.92,10.92,False,100.0,20.0,False
3537503,51.39,66.7,80.0,Pereiras,SP,108.0,0.907,1.0,5.0,1.241,2.559,66.7,-13.3,True,74.15,-5.85,True,82.05,2.05,False
3537602,39.63,46.81,80.0,Peruíbe,SP,796.0,0.898,1.0,5.0,1.241,4.245,46.81,-33.19,True,54.26,-25.74,True,72.28,-7.72,True
3537701,83.2,76.68,80.0,Piacatu,SP,65.0,0.954,1.0,-5.0,1.241,-0.29,76.68,-3.32,True,84.13,4.13,False,74.94,-5.06,True
3537800,58.57,63.25,80.0,Piedade,SP,659.0,0.944,1.0,4.68,1.241,3.879,63.25,-16.75,True,70.7,-9.3,True,86.53,6.53,False
3537909,56.68,63.33,80.0,Pilar do Sul,SP,335.0,0.943,1.0,5.0,1.241,3.595,63.33,-16.67,True,70.78,-9.22,True,84.9,4.9,False
3538006,54.51,63.8,80.0,Pindamonhangaba,SP,1634.0,0.864,1.0,5.0,1.241,4.59,63.8,-16.2,True,71.25,-8.75,True,91.34,11.34,False
3538105,46.53,63.37,80.0,Pindorama,SP,125.0,0.904,1.0,5.0,1.241,2.687,63.37,-16.63,True,70.82,-9.18,True,79.49,-0.51,True
3538204,78.11,78.79,80.0,Pinhalzinho,SP,149.0,0.926,1.0,0.68,1.241,1.002,78.79,-1.21,True,86.24,6.24,False,84.8,4.8,False
3538501,65.49,69.56,80.0,Piquete,SP,96.0,0.906,1.0,4.07,1.241,2.159,69.56,-10.44,True,77.01,-2.99,True,82.51,2.51,False
3538600,58.49,57.46,80.0,Piracaia,SP,306.0,0.905,1.0,-1.03,1.241,-0.132,57.46,-22.54,True,64.91,-15.09,True,56.67,-23.33,True
3538709,54.74,55.08,80.0,Piracicaba,SP,3999.0,0.9,1.0,0.34,1.241,0.383,55.08,-24.92,True,62.53,-17.47,True,57.38,-22.62,True
3538808,64.72,71.36,80.0,Piraju,SP,298.0,0.943,1.0,5.0,1.241,3.49,71.36,-8.64,True,78.81,-1.19,True,92.3,12.3,False
3538907,53.49,46.03,80.0,Pirajuí,SP,161.0,0.901,1.0,-5.0,1.241,-1.542,46.03,-33.97,True,53.48,-26.52,True,36.78,-43.22,True
3539004,83.68,75.61,80.0,Pirangi,SP,112.0,0.92,1.0,-5.0,1.241,-0.999,75.61,-4.39,True,83.06,3.06,False,69.61,-10.39,True
3539103,43.48,40.79,80.0,Pirapora do Bom Jesus,SP,288.0,0.903,1.0,-2.69,1.241,-1.079,40.79,-39.21,True,48.24,-31.76,True,34.32,-45.68,True
3539202,75.08,69.44,80.0,Pirapozinho,SP,264.0,0.871,1.0,-5.0,1.241,-2.31,69.44,-10.56,True,76.89,-3.11,True,55.58,-24.42,True
3539301,45.9,56.4,80.0,Pirassununga,SP,508.0,0.906,1.0,5.0,1.241,3.938,56.4,-23.6,True,63.85,-16.15,True,80.03,0.03,False
3539400,48.91,44.37,80.0,Piratininga,SP,109.0,0.936,1.0,-4.54,1.241,-0.798,44.37,-35.63,True,51.82,-28.18,True,39.58,-40.42,True
3539509,62.9,67.24,80.0,Pitangueiras,SP,356.0,0.952,1.0,4.34,1.241,3.225,67.24,-12.76,True,74.69,-5.31,True,86.59,6.59,False
3539608,74.51,83.68,80.0,Planalto,SP,55.0,0.909,1.0,5.0,1.241,2.052,83.68,3.68,False,91.13,11.13,False,95.99,15.99,False
3539806,54.46,51.72,80.0,Poá,SP,1365.0,0.859,1.0,-2.74,1.241,-2.231,51.72,-28.28,True,59.17,-20.83,True,38.33,-41.67,True
3540002,62.09,60.32,80.0,Pompéia,SP,189.0,0.899,1.0,-1.77,1.241,-0.222,60.32,-19.68,True,67.77,-12.23,True,58.99,-21.01,True
3540200,60.04,64.47,80.0,Pontal,SP,405.0,0.928,1.0,4.43,1.241,3.376,64.47,-15.53,True,71.92,-8.08,True,84.72,4.72,False
3540507,69.9,60.38,80.0,Porangaba,SP,92.0,0.891,1.0,-5.0,1.241,-0.725,60.38,-19.62,True,67.83,-12.17,True,56.03,-23.97,True
3540606,73.63,70.08,80.0,Porto Feliz,SP,565.0,0.919,1.0,-3.55,1.241,-2.297,70.08,-9.92,True,77.53,-2.47,True,56.3,-23.7,True
3540705,48.9,50.08,80.0,Porto Ferreira,SP,504.0,0.913,1.0,1.18,1.241,1.197,50.08,-29.92,True,57.53,-22.47,True,57.26,-22.74,True
3540754,40.85,46.58,80.0,Potim,SP,234.0,0.842,1.0,5.0,1.241,3.268,46.58,-33.42,True,54.03,-25.97,True,66.19,-13.81,True
3540804,60.72,62.55,80.0,Potirendaba,SP,223.0,0.879,1.0,1.83,1.241,1.552,62.55,-17.45,True,70.0,-10.0,True,71.86,-8.14,True
3540903,74.24,62.53,80.0,Pradópolis,SP,202.0,0.946,1.0,-5.0,1.241,-1.895,62.53,-17.47,True,69.98,-10.02,True,51.16,-28.84,True
3541000,50.73,51.25,80.0,Praia Grande,SP,4640.0,0.831,1.0,0.52,1.241,0.55,51.25,-28.75,True,58.7,-21.3,True,54.55,-25.45,True
3541059,56.06,56.48,80.0,Pratânia,SP,91.0,0.901,1.0,0.42,1.241,0.984,56.48,-23.52,True,63.93,-16.07,True,62.39,-17.61,True
3541208,64.23,79.72,80.0,Presidente Bernardes,SP,72.0,0.889,1.0,5.0,1.241,2.236,79.72,-0.28,True,87.17,7.17,False,93.14,13.14,False
3541307,48.39,69.12,80.0,Presidente Epitácio,SP,429.0,0.949,1.0,5.0,1.241,3.805,69.12,-10.88,True,76.57,-3.43,True,91.95,11.95,False
3541406,54.07,61.12,80.0,Presidente Prudente,SP,1910.0,0.894,1.0,5.0,1.241,4.644,61.12,-18.88,True,68.57,-11.43,True,88.98,8.98,False
3541505,60.06,76.57,80.0,Presidente Venceslau,SP,264.0,0.962,1.0,5.0,1.241,3.38,76.57,-3.43,True,84.02,4.02,False,96.85,16.85,False
3541604,67.37,79.12,80.0,Promissão,SP,295.0,0.925,1.0,5.0,1.241,3.481,79.12,-0.88,True,86.57,6.57,False,100.0,20.0,False
3541653,50.65,65.39,80.0,Quadra,SP,68.0,0.868,1.0,5.0,1.241,2.195,65.39,-14.61,True,72.84,-7.16,True,78.56,-1.44,True
3541703,66.25,68.43,80.0,Quatá,SP,119.0,0.924,1.0,2.18,1.241,1.591,68.43,-11.57,True,75.88,-4.12,True,77.98,-2.02,True
3541901,61.94,68.79,80.0,Queluz,SP,105.0,0.905,1.0,5.0,1.241,2.535,68.79,-11.21,True,76.24,-3.76,True,84.0,4.0,False
3542008,51.71,64.71,80.0,Quintana,SP,70.0,0.971,1.0,5.0,1.241,2.216,64.71,-15.29,True,72.16,-7.84,True,78.0,-2.0,True
3542107,84.05,70.8,80.0,Rafard,SP,116.0,0.966,1.0,-5.0,1.241,-1.05,70.8,-9.2,True,78.25,-1.75,True,64.5,-15.5,True
3542206,60.04,60.02,80.0,Rancharia,SP,376.0,0.92,1.0,-0.02,1.241,0.418,60.02,-19.98,True,67.47,-12.53,True,62.53,-17.47,True
3542305,83.33,84.33,80.0,Redenção da Serra,SP,54.0,0.944,1.0,1.0,1.241,1.19,84.33,4.33,False,91.78,11.78,False,91.47,11.47,False
3542404,77.73,61.09,80.0,Regente Feijó,SP,184.0,0.924,1.0,-5.0,1.241,-1.749,61.09,-18.91,True,68.54,-11.46,True,50.59,-29.41,True
3542503,96.74,84.53,80.0,Reginópolis,SP,73.0,0.973,1.0,-5.0,1.241,-0.428,84.53,4.53,False,91.98,11.98,False,81.96,1.96,False
3542602,52.31,63.81,80.0,Registro,SP,564.0,0.911,1.0,5.0,1.241,4.016,63.81,-16.19,True,71.26,-8.74,True,87.91,7.91,False
3542701,70.28,55.18,80.0,Restinga,SP,107.0,0.981,1.0,-5.0,1.241,-0.934,55.18,-24.82,True,62.63,-17.37,True,49.58,-30.42,True
3542909,79.24,53.4,80.0,Ribeirão Bonito,SP,111.0,0.91,1.0,-5.0,1.241,-0.986,53.4,-26.6,True,60.85,-19.15,True,47.48,-32.52,True
3543006,53.11,64.79,80.0,Ribeirão Branco,SP,238.0,0.966,0.0,5.0,1.241,3.284,64.79,-15.21,True,72.24,-7.76,True,84.49,4.49,False
3543105,71.89,74.51,80.0,Ribeirão Corrente,SP,62.0,0.952,1.0,2.62,1.241,1.567,74.51,-5.49,True,81.96,1.96,False,83.91,3.91,False
3543253,63.69,60.84,80.0,Ribeirão Grande,SP,87.0,0.943,1.0,-2.85,1.241,0.001,60.84,-19.16,True,68.29,-11.71,True,60.85,-19.15,True
3543303,64.35,66.4,80.0,Ribeirão Pires,SP,1080.0,0.928,1.0,2.05,1.241,1.924,66.4,-13.6,True,73.85,-6.15,True,77.94,-2.06,True
3543402,39.11,45.01,80.0,Ribeirão Preto,SP,5397.0,0.893,1.0,5.0,1.241,4.866,45.01,-34.99,True,52.46,-27.54,True,74.2,-5.8,True
3543501,81.07,64.17,80.0,Riversul,SP,87.0,0.954,1.0,-5.0,1.241,-0.651,64.17,-15.83,True,71.62,-8.38,True,60.27,-19.73,True
3543709,58.93,74.83,80.0,Rincão,SP,99.0,0.899,1.0,5.0,1.241,2.486,74.83,-5.17,True,82.28,2.28,False,89.74,9.74,False
3543907,50.27,54.52,80.0,Rio Claro,SP,1822.0,0.905,1.0,4.25,1.241,3.952,54.52,-25.48,True,61.97,-18.03,True,78.23,-1.77,True
3544004,65.04,58.5,80.0,Rio das Pedras,SP,325.0,0.898,1.0,-5.0,1.241,-2.622,58.5,-21.5,True,65.95,-14.05,True,42.77,-37.23,True
3544103,31.67,57.14,80.0,Rio Grande da Serra,SP,423.0,0.931,1.0,5.0,1.241,3.793,57.14,-22.86,True,64.59,-15.41,True,79.9,-0.1,True
3544202,85.73,84.72,80.0,Riolândia,SP,89.0,0.955,1.0,-1.01,1.241,0.548,84.72,4.72,False,92.17,12.17,False,88.01,8.01,False
3544251,59.53,78.64,80.0,Rosana,SP,171.0,0.93,1.0,5.0,1.241,2.974,78.64,-1.36,True,86.09,6.09,False,96.48,16.48,False
3544301,63.56,67.2,80.0,Roseira,SP,143.0,0.902,1.0,3.64,1.241,2.241,67.2,-12.8,True,74.65,-5.35,True,80.65,0.65,False
3544806,67.97,68.37,80.0,Sales,SP,74.0,0.932,1.0,0.4,1.241,1.014,68.37,-11.63,True,75.82,-4.18,True,74.45,-5.55,True
3544905,58.46,50.04,80.0,Sales Oliveira,SP,110.0,0.864,1.0,-5.0,1.241,-0.974,50.04,-29.96,True,57.49,-22.51,True,44.2,-35.8,True
3545001,64.64,65.52,80.0,Salesópolis,SP,219.0,0.904,1.0,0.88,1.241,1.052,65.52,-14.48,True,72.97,-7.03,True,71.83,-8.17,True
3545100,57.11,61.69,80.0,Salmourão,SP,58.0,0.931,1.0,4.58,1.241,1.992,61.69,-18.31,True,69.14,-10.86,True,73.64,-6.36,True
3545159,65.6,64.45,80.0,Saltinho,SP,110.0,0.918,1.0,-1.15,1.241,0.393,64.45,-15.55,True,71.9,-8.1,True,66.81,-13.19,True
3545209,56.22,60.52,80.0,Salto,SP,1410.0,0.924,1.0,4.3,1.241,3.92,60.52,-19.48,True,67.97,-12.03,True,84.04,4.04,False
3545308,44.13,45.12,80.0,Salto de Pirapora,SP,505.0,0.927,1.0,0.99,1.241,1.061,45.12,-34.88,True,52.57,-27.43,True,51.49,-28.51,True
3545407,60.22,44.94,80.0,Salto Grande,SP,102.0,0.892,1.0,-5.0,1.241,-0.867,44.94,-35.06,True,52.39,-27.61,True,39.74,-40.26,True
3545506,79.1,89.83,80.0,Sandovalina,SP,53.0,0.943,1.0,5.0,1.241,2.029,89.83,9.83,False,97.28,17.28,False,100.0,20.0,False
3545605,60.7,64.33,80.0,Santa Adélia,SP,141.0,0.851,1.0,3.63,1.241,2.229,64.33,-15.67,True,71.78,-8.22,True,77.7,-2.3,True
3545704,65.6,58.21,80.0,Santa Albertina,SP,67.0,0.97,1.0,-5.0,1.241,-0.325,58.21,-21.79,True,65.66,-14.34,True,56.26,-23.74,True
3545803,54.63,64.2,80.0,Santa Bárbara d'Oeste,SP,1736.0,0.91,1.0,5.0,1.241,4.612,64.2,-15.8,True,71.65,-8.35,True,91.87,11.87,False
3546009,40.78,49.71,80.0,Santa Branca,SP,128.0,0.828,1.0,5.0,1.241,2.708,49.71,-30.29,True,57.16,-22.84,True,65.96,-14.04,True
3546306,49.45,59.69,80.0,Santa Cruz das Palmeiras,SP,319.0,0.871,1.0,5.0,1.241,3.551,59.69,-20.31,True,67.14,-12.86,True,81.0,1.0,False
3546405,52.74,72.25,80.0,Santa Cruz do Rio Pardo,SP,414.0,0.937,1.0,5.0,1.241,3.776,72.25,-7.75,True,79.7,-0.3,True,94.9,14.9,False
3546504,83.66,92.26,80.0,Santa Ernestina,SP,54.0,0.87,1.0,5.0,1.241,2.04,92.26,12.26,False,99.71,19.71,False,100.0,20.0,False
3546603,59.21,54.03,80.0,Santa Fé do Sul,SP,355.0,0.952,1.0,-5.0,1.241,-2.751,54.03,-25.97,True,61.48,-18.52,True,37.52,-42.48,True
3546702,59.66,64.05,80.0,Santa Gertrudes,SP,326.0,0.89,1.0,4.39,1.241,3.193,64.05,-15.95,True,71.5,-8.5,True,83.21,3.21,False
3546801,72.24,67.17,80.0,Santa Isabel,SP,574.0,0.882,1.0,-5.0,1.241,-3.387,67.17,-12.83,True,74.62,-5.38,True,46.85,-33.15,True
3546900,66.83,70.68,80.0,Santa Lúcia,SP,98.0,0.949,1.0,3.85,1.241,2.099,70.68,-9.32,True,78.13,-1.87,True,83.27,3.27,False
3547007,50.35,86.98,80.0,Santa Maria da Serra,SP,75.0,0.947,1.0,5.0,1.241,2.266,86.98,6.98,False,94.43,14.43,False,100.0,20.0,False
3547502,62.35,67.97,80.0,Santa Rita do Passa Quatro,SP,173.0,0.913,1.0,5.0,1.241,2.984,67.97,-12.03,True,75.42,-4.58,True,85.88,5.88,False
3547601,74.36,75.32,80.0,Santa Rosa de Viterbo,SP,211.0,0.943,1.0,0.96,1.241,1.097,75.32,-4.68,True,82.77,2.77,False,81.9,1.9,False
3547700,79.99,79.01,80.0,Santo Anastácio,SP,91.0,0.956,1.0,-0.98,1.241,0.547,79.01,-0.99,True,86.46,6.46,False,82.29,2.29,False
3547809,52.84,56.5,80.0,Santo André,SP,5175.0,0.871,1.0,3.66,1.241,3.57,56.5,-23.5,True,63.95,-16.05,True,77.92,-2.08,True
3547908,49.66,67.18,80.0,Santo Antônio da Alegria,SP,70.0,0.914,1.0,5.0,1.241,2.216,67.18,-12.82,True,74.63,-5.37,True,80.47,0.47,False
3548005,54.29,62.07,80.0,Santo Antônio de Posse,SP,236.0,0.903,1.0,5.0,1.241,3.276,62.07,-17.93,True,69.52,-10.48,True,81.72,1.72,False
3548054,50.15,62.22,80.0,Santo Antônio do Aracanguá,SP,94.0,0.926,1.0,5.0,1.241,2.443,62.22,-17.78,True,69.67,-10.33,True,76.88,-3.12,True
3548104,71.46,72.45,80.0,Santo Antônio do Jardim,SP,72.0,0.958,1.0,0.99,1.241,1.175,72.45,-7.55,True,79.9,-0.1,True,79.5,-0.5,True
3548203,42.87,73.68,80.0,Santo Antônio do Pinhal,SP,73.0,0.986,1.0,5.0,1.241,2.246,73.68,-6.32,True,81.13,1.13,False,87.16,7.16,False
3548401,73.87,77.36,80.0,Santópolis do Aguapeí,SP,64.0,0.969,1.0,3.49,1.241,1.786,77.36,-2.64,True,84.81,4.81,False,88.08,8.08,False
3548500,55.93,52.77,80.0,Santos,SP,2566.0,0.887,1.0,-3.16,1.241,-2.842,52.77,-27.23,True,60.22,-19.78,True,35.72,-44.28,True
3548609,61.94,57.89,80.0,São Bento do Sapucaí,SP,78.0,0.962,1.0,-4.05,1.241,-0.243,57.89,-22.11,True,65.34,-14.66,True,56.43,-23.57,True
3548708,55.57,54.16,80.0,São Bernardo do Campo,SP,7906.0,0.852,1.0,-1.41,1.241,-1.345,54.16,-25.84,True,61.61,-18.39,True,46.09,-33.91,True
3548807,60.95,66.12,80.0,São Caetano do Sul,SP,1239.0,0.885,1.0,5.0,1.241,4.478,66.12,-13.88,True,73.57,-6.43,True,92.99,12.99,False
3548906,51.56,50.27,80.0,São Carlos,SP,2259.0,0.907,1.0,-1.29,1.241,-1.084,50.27,-29.73,True,57.72,-22.28,True,43.77,-36.23,True
3549102,54.57,61.6,80.0,São João da Boa Vista,SP,696.0,0.901,1.0,5.0,1.241,4.161,61.6,-18.4,True,69.05,-10.95,True,86.57,6.57,False
3549409,45.54,50.24,80.0,São Joaquim da Barra,SP,444.0,0.937,1.0,4.7,1.241,3.626,50.24,-29.76,True,57.69,-22.31,True,71.99,-8.01,True
3549508,47.63,50.38,80.0,São José da Bela Vista,SP,89.0,0.91,1.0,2.75,1.241,1.706,50.38,-29.62,True,57.83,-22.17,True,60.61,-19.39,True
3549706,47.71,63.96,80.0,São José do Rio Pardo,SP,447.0,0.928,1.0,5.0,1.241,3.838,63.96,-16.04,True,71.41,-8.59,True,86.99,6.99,False
3549805,52.06,56.85,80.0,São José do Rio Preto,SP,3889.0,0.848,1.0,4.79,1.241,4.616,56.85,-23.15,True,64.3,-15.7,True,84.55,4.55,False
3549904,57.44,64.75,80.0,São José dos Campos,SP,7301.0,0.926,1.0,5.0,1.241,4.9,64.75,-15.25,True,72.2,-7.8,True,94.15,14.15,False
3549953,61.39,58.4,80.0,São Lourenço da Serra,SP,161.0,0.851,1.0,-2.99,1.241,-0.646,58.4,-21.6,True,65.85,-14.15,True,54.52,-25.48,True
3550001,73.42,59.66,80.0,São Luís do Paraitinga,SP,93.0,0.946,1.0,-5.0,1.241,-0.74,59.66,-20.34,True,67.11,-12.89,True,55.22,-24.78,True
3550100,59.7,60.53,80.0,São Manuel,SP,443.0,0.935,1.0,0.83,1.241,0.958,60.53,-19.47,True,67.98,-12.02,True,66.28,-13.72,True
3550209,56.99,73.78,80.0,São Miguel Arcanjo,SP,331.0,0.952,1.0,5.0,1.241,3.584,73.78,-6.22,True,81.23,1.23,False,95.29,15.29,False
3550308,37.87,48.25,80.0,São Paulo,SP,107729.0,0.876,1.0,5.0,1.241,4.993,48.25,-31.75,True,55.7,-24.3,True,78.21,-1.79,True
3550407,51.93,58.16,80.0,São Pedro,SP,372.0,0.876,1.0,5.0,1.241,3.686,58.16,-21.84,True,65.61,-14.39,True,80.27,0.27,False
3550506,69.21,71.42,80.0,São Pedro do Turvo,SP,88.0,0.955,1.0,2.21,1.241,1.537,71.42,-8.58,True,78.87,-1.13,True,80.64,0.64,False
3550605,52.32,51.51,80.0,São Roque,SP,797.0,0.91,1.0,-0.81,1.241,-0.399,51.51,-28.49,True,58.96,-21.04,True,49.12,-30.88,True
3550704,39.21,44.38,80.0,São Sebastião,SP,1075.0,0.916,1.0,5.0,1.241,4.41,44.38,-35.62,True,51.83,-28.17,True,70.84,-9.16,True
3550803,64.77,68.66,80.0,São Sebastião da Grama,SP,107.0,0.916,1.0,3.89,1.241,2.164,68.66,-11.34,True,76.11,-3.89,True,81.65,1.65,False
3550902,62.84,65.55,80.0,São Simão,SP,85.0,0.976,1.0,2.71,1.241,1.679,65.55,-14.45,True,73.0,-7.0,True,75.63,-4.37,True
3551009,43.11,47.93,80.0,São Vicente,SP,3426.0,0.89,1.0,4.82,1.241,4.623,47.93,-32.07,True,55.38,-24.62,True,75.67,-4.33,True
3551108,41.43,53.32,80.0,Sarapuí,SP,116.0,0.922,1.0,5.0,1.241,2.621,53.32,-26.68,True,60.77,-19.23,True,69.05,-10.95,True
3551405,23.94,44.65,80.0,Serra Azul,SP,112.0,0.812,1.0,5.0,1.241,2.59,44.65,-35.35,True,52.1,-27.9,True,60.19,-19.81,True
3551504,45.95,43.97,80.0,Serrana,SP,556.0,0.887,1.0,-1.98,1.241,-1.128,43.97,-36.03,True,51.42,-28.58,True,37.2,-42.8,True
3551702,53.71,54.16,80.0,Sertãozinho,SP,1525.0,0.909,1.0,0.45,1.241,0.542,54.16,-25.84,True,61.61,-18.39,True,57.41,-22.59,True
3551801,66.79,52.1,80.0,Sete Barras,SP,165.0,0.867,1.0,-5.0,1.241,-1.58,52.1,-27.9,True,59.55,-20.45,True,42.62,-37.38,True
3551900,42.14,61.65,80.0,Severínia,SP,180.0,0.894,1.0,5.0,1.241,3.022,61.65,-18.35,True,69.1,-10.9,True,79.78,-0.22,True
3552007,45.87,47.27,80.0,Silveiras,SP,75.0,0.933,1.0,1.4,1.241,1.284,47.27,-32.73,True,54.72,-25.28,True,54.98,-25.02,True
3552106,50.82,59.71,80.0,Socorro,SP,279.0,0.885,1.0,5.0,1.241,3.431,59.71,-20.29,True,67.16,-12.84,True,80.29,0.29,False
3552205,47.9,52.43,80.0,Sorocaba,SP,7137.0,0.888,1.0,4.53,1.241,4.44,52.43,-27.57,True,59.88,-20.12,True,79.07,-0.93,True
3552304,51.78,57.15,80.0,Sud Mennucci,SP,74.0,0.878,1.0,5.0,1.241,2.256,57.15,-22.85,True,64.6,-15.4,True,70.69,-9.31,True
3552403,52.91,50.61,80.0,Sumaré,SP,3041.0,0.889,1.0,-2.3,1.241,-2.081,50.61,-29.39,True,58.06,-21.94,True,38.12,-41.88,True
3552502,42.07,46.82,80.0,Suzano,SP,4082.0,0.891,1.0,4.75,1.241,4.586,46.82,-33.18,True,54.27,-25.73,True,74.34,-5.66,True
3552601,90.29,98.83,80.0,Tabapuã,SP,89.0,0.955,1.0,5.0,1.241,2.399,98.83,18.83,False,100.0,20.0,False,100.0,20.0,False
3552700,62.43,62.83,80.0,Tabatinga,SP,187.0,0.914,1.0,0.4,1.241,0.835,62.83,-17.17,True,70.28,-9.72,True,67.84,-12.16,True
3552809,45.59,49.01,80.0,Taboão da Serra,SP,2848.0,0.866,1.0,3.42,1.241,3.277,49.01,-30.99,True,56.46,-23.54,True,68.67,-11.33,True
3552908,79.93,67.0,80.0,Taciba,SP,80.0,0.95,1.0,-5.0,1.241,-0.542,67.0,-13.0,True,74.45,-5.55,True,63.75,-16.25,True
3553005,58.59,71.38,80.0,Taguaí,SP,146.0,0.918,1.0,5.0,1.241,2.827,71.38,-8.62,True,78.83,-1.17,True,88.34,8.34,False
3553104,67.19,38.71,80.0,Taiaçu,SP,52.0,0.885,1.0,-5.0,1.241,-0.047,38.71,-41.29,True,46.16,-33.84,True,38.43,-41.57,True
3553203,68.12,57.37,80.0,Taiúva,SP,64.0,0.953,1.0,-5.0,1.241,-0.272,57.37,-22.63,True,64.82,-15.18,True,55.74,-24.26,True
3553302,47.74,59.74,80.0,Tambaú,SP,201.0,0.94,1.0,5.0,1.241,3.125,59.74,-20.26,True,67.19,-12.81,True,78.49,-1.51,True
3553401,65.17,74.07,80.0,Tanabi,SP,254.0,0.917,1.0,5.0,1.241,3.344,74.07,-5.93,True,81.52,1.52,False,94.13,14.13,False
3553500,53.69,57.45,80.0,Tapiraí,SP,105.0,0.981,1.0,3.76,1.241,2.108,57.45,-22.55,True,64.9,-15.1,True,70.1,-9.9,True
3553609,53.51,79.51,80.0,Tapiratiba,SP,118.0,0.941,1.0,5.0,1.241,2.636,79.51,-0.49,True,86.96,6.96,False,95.33,15.33,False
3553708,62.12,72.83,80.0,Taquaritinga,SP,460.0,0.883,1.0,5.0,1.241,3.861,72.83,-7.17,True,80.28,0.28,False,96.0,16.0,False
3553807,52.53,56.67,80.0,Taquarituba,SP,257.0,0.891,1.0,4.14,1.241,2.871,56.67,-23.33,True,64.12,-15.88,True,73.9,-6.1,True
3553856,62.06,47.19,80.0,Taquarivaí,SP,94.0,0.883,1.0,-5.0,1.241,-0.754,47.19,-32.81,True,54.64,-25.36,True,42.66,-37.34,True
3553906,78.46,67.98,80.0,Tarabai,SP,80.0,0.975,1.0,-5.0,1.241,-0.542,67.98,-12.02,True,75.43,-4.57,True,64.73,-15.27,True
3553955,83.12,91.72,80.0,Tarumã,SP,206.0,0.932,1.0,5.0,1.241,3.148,91.72,11.72,False,99.17,19.17,False,100.0,20.0,False
3554003,51.1,53.92,80.0,Tatuí,SP,1306.0,0.946,1.0,2.82,1.241,2.61,53.92,-26.08,True,61.37,-18.63,True,69.58,-10.42,True
3554102,44.37,53.88,80.0,Taubaté,SP,2545.0,0.848,1.0,5.0,1.241,4.726,53.88,-26.12,True,61.33,-18.67,True,82.24,2.24,False
3554201,73.38,59.38,80.0,Tejupá,SP,64.0,1.0,1.0,-5.0,1.241,-0.272,59.38,-20.62,True,66.83,-13.17,True,57.75,-22.25,True
3554300,66.81,70.49,80.0,Teodoro Sampaio,SP,245.0,0.91,1.0,3.68,1.241,2.584,70.49,-9.51,True,77.94,-2.06,True,85.99,5.99,False
3554409,67.21,74.29,80.0,Terra Roxa,SP,77.0,0.948,1.0,5.0,1.241,2.286,74.29,-5.71,True,81.74,1.74,False,88.01,8.01,False
3554508,48.35,62.5,80.0,Tietê,SP,320.0,0.941,1.0,5.0,1.241,3.554,62.5,-17.5,True,69.95,-10.05,True,83.83,3.83,False
3554805,42.84,54.73,80.0,Tremembé,SP,352.0,0.886,1.0,5.0,1.241,3.638,54.73,-25.27,True,62.18,-17.82,True,76.56,-3.44,True
3554904,89.53,69.58,80.0,Três Fronteiras,SP,79.0,0.962,1.0,-5.0,1.241,-0.526,69.58,-10.42,True,77.03,-2.97,True,66.42,-13.58,True
3554953,65.71,55.64,80.0,Tuiuti,SP,69.0,0.942,1.0,-5.0,1.241,-0.36,55.64,-24.36,True,63.09,-16.91,True,53.48,-26.52,True
3555000,50.17,51.23,80.0,Tupã,SP,571.0,0.939,1.0,1.06,1.241,1.107,51.23,-28.77,True,58.68,-21.32,True,57.87,-22.13,True
3555109,93.45,93.46,80.0,Tupi Paulista,SP,129.0,0.946,1.0,0.01,1.241,0.758,93.46,13.46,False,100.0,20.0,False,98.01,18.01,False
3555356,60.64,74.44,80.0,Ubarana,SP,72.0,0.958,1.0,5.0,1.241,2.236,74.44,-5.56,True,81.89,1.89,False,87.86,7.86,False
3555406,41.31,36.64,80.0,Ubatuba,SP,1152.0,0.844,1.0,-4.67,1.241,-3.796,36.64,-43.36,True,44.09,-35.91,True,13.87,-66.13,True
3555505,48.79,56.25,80.0,Ubirajara,SP,70.0,0.943,1.0,5.0,1.241,2.216,56.25,-23.75,True,63.7,-16.3,True,69.54,-10.46,True
3555604,44.79,87.56,80.0,Uchoa,SP,112.0,0.875,1.0,5.0,1.241,2.59,87.56,7.56,False,95.01,15.01,False,100.0,20.0,False
3556008,80.62,65.68,80.0,Urupês,SP,126.0,0.905,1.0,-5.0,1.241,-1.171,65.68,-14.32,True,73.13,-6.87,True,58.65,-21.35,True
3556107,67.1,85.95,80.0,Valentim Gentil,SP,146.0,0.918,1.0,5.0,1.241,2.827,85.95,5.95,False,93.4,13.4,False,100.0,20.0,False
3556206,50.73,48.21,80.0,Valinhos,SP,907.0,0.914,1.0,-2.52,1.241,-1.84,48.21,-31.79,True,55.66,-24.34,True,37.17,-42.83,True
3556305,64.42,70.44,80.0,Valparaíso,SP,283.0,0.951,1.0,5.0,1.241,3.444,70.44,-9.56,True,77.89,-2.11,True,91.1,11.1,False
3556354,74.45,65.34,80.0,Vargem,SP,101.0,0.851,1.0,-5.0,1.241,-0.853,65.34,-14.66,True,72.79,-7.21,True,60.22,-19.78,True
3556404,69.48,61.51,80.0,Vargem Grande do Sul,SP,403.0,0.918,1.0,-5.0,1.241,-2.93,61.51,-18.49,True,68.96,-11.04,True,43.93,-36.07,True
3556453,56.05,64.59,80.0,Vargem Grande Paulista,SP,588.0,0.927,1.0,5.0,1.241,4.046,64.59,-15.41,True,72.04,-7.96,True,88.87,8.87,False
3556503,48.73,53.24,80.0,Várzea Paulista,SP,1309.0,0.908,1.0,4.51,1.241,4.077,53.24,-26.76,True,60.69,-19.31,True,77.7,-2.3,True
3556602,62.72,50.96,80.0,Vera Cruz,SP,100.0,0.94,1.0,-5.0,1.241,-0.839,50.96,-29.04,True,58.41,-21.59,True,45.92,-34.08,True
3556701,51.4,56.12,80.0,Vinhedo,SP,706.0,0.935,1.0,4.72,1.241,3.952,56.12,-23.88,True,63.57,-16.43,True,79.83,-0.17,True
3556800,63.55,60.23,80.0,Viradouro,SP,166.0,0.958,1.0,-3.32,1.241,-0.828,60.23,-19.77,True,67.68,-12.32,True,55.26,-24.74,True
3556909,81.39,52.86,80.0,Vista Alegre do Alto,SP,89.0,0.978,1.0,-5.0,1.241,-0.681,52.86,-27.14,True,60.31,-19.69,True,48.77,-31.23,True
3557006,48.87,54.69,80.0,Votorantim,SP,1220.0,0.904,1.0,5.0,1.241,4.471,54.69,-25.31,True,62.14,-17.86,True,81.51,1.51,False
3557105,49.7,61.66,80.0,Votuporanga,SP,790.0,0.941,1.0,5.0,1.241,4.241,61.66,-18.34,True,69.11,-10.89,True,87.1,7.1,False
3557204,38.04,51.58,80.0,Chavantes,SP,131.0,0.855,1.0,5.0,1.241,2.729,51.58,-28.42,True,59.03,-20.97,True,67.95,-12.05,True
3557303,45.14,51.48,80.0,Estiva Gerbi,SP,109.0,0.771,1.0,5.0,1.241,2.567,51.48,-28.52,True,58.93,-21.07,True,66.88,-13.12,True
4100103,56.08,57.74,80.0,Abatiá,PR,92.0,0.826,1.0,1.66,-1.052,-0.198,57.74,-22.26,True,51.43,-28.57,True,56.55,-23.45,True
4100202,60.08,60.95,80.0,Adrianópolis,PR,75.0,0.933,0.0,0.87,-1.052,-0.528,60.95,-19.05,True,54.64,-25.36,True,57.78,-22.22,True
4100301,75.84,87.51,80.0,Agudos do Sul,PR,157.0,0.892,1.0,5.0,-1.052,1.609,87.51,7.51,False,81.2,1.2,False,97.17,17.17,False
4100400,52.44,45.12,80.0,Almirante Tamandaré,PR,1336.0,0.824,1.0,-5.0,-1.052,-4.486,45.12,-34.88,True,38.81,-41.19,True,18.2,-61.8,True
4100509,70.4,78.17,80.0,Altônia,PR,250.0,0.916,1.0,5.0,-1.052,2.31,78.17,-1.83,True,71.86,-8.14,True,92.03,12.03,False
4100608,65.0,70.12,80.0,Alto Paraná,PR,183.0,0.852,1.0,5.0,-1.052,1.84,70.12,-9.88,True,63.81,-16.19,True,81.16,1.16,False
4100707,74.73,64.66,80.0,Alto Piquiri,PR,131.0,0.954,1.0,-5.0,-1.052,-2.615,64.66,-15.34,True,58.35,-21.65,True,48.97,-31.03,True
4100806,69.39,72.48,80.0,Alvorada do Sul,PR,125.0,0.848,1.0,3.09,-1.052,0.541,72.48,-7.52,True,66.17,-13.83,True,75.73,-4.27,True
4100905,71.89,76.71,80.0,Amaporã,PR,82.0,0.939,1.0,4.82,-1.052,0.655,76.71,-3.29,True,70.4,-9.6,True,80.64,0.64,False
4101002,65.51,70.06,80.0,Ampére,PR,260.0,0.888,1.0,4.55,-1.052,2.114,70.06,-9.94,True,63.75,-16.25,True,82.75,2.75,False
4101101,65.02,64.82,80.0,Andirá,PR,214.0,0.935,1.0,-0.2,-1.052,-0.612,64.82,-15.18,True,58.51,-21.49,True,61.15,-18.85,True
4101200,66.31,63.75,80.0,Antonina,PR,221.0,0.896,1.0,-2.56,-1.052,-1.844,63.75,-16.25,True,57.44,-22.56,True,52.69,-27.31,True
4101309,91.41,88.26,80.0,Antônio Olinto,PR,102.0,0.912,1.0,-3.15,-1.052,-1.761,88.26,8.26,False,81.95,1.95,False,77.7,-2.3,True
4101408,82.14,78.78,80.0,Apucarana,PR,1357.0,0.878,1.0,-3.36,-1.052,-3.064,78.78,-1.22,True,72.47,-7.53,True,60.4,-19.6,True
4101507,75.98,70.97,80.0,Arapongas,PR,1373.0,0.869,1.0,-5.0,-1.052,-4.498,70.97,-9.03,True,64.66,-15.34,True,43.98,-36.02,True
4101606,75.42,67.63,80.0,Arapoti,PR,380.0,0.9,1.0,-5.0,-1.052,-3.639,67.63,-12.37,True,61.32,-18.68,True,45.8,-34.2,True
4101655,54.39,76.31,80.0,Arapuã,PR,55.0,0.891,1.0,5.0,-1.052,0.253,76.31,-3.69,True,70.0,-10.0,True,77.83,-2.17,True
4101705,76.05,77.54,80.0,Araruna,PR,187.0,0.925,1.0,1.49,-1.052,0.176,77.54,-2.46,True,71.23,-8.77,True,78.6,-1.4,True
4101804,69.52,69.02,80.0,Araucária,PR,2316.0,0.839,1.0,-0.5,-1.052,-0.544,69.02,-10.98,True,62.71,-17.29,True,65.76,-14.24,True
4101903,88.72,80.24,80.0,Assaí,PR,177.0,0.904,1.0,-5.0,-1.052,-2.906,80.24,0.24,False,73.93,-6.07,True,62.81,-17.19,True
4102000,80.21,80.31,80.0,Assis Chateaubriand,PR,430.0,0.914,1.0,0.1,-1.052,-0.266,80.31,0.31,False,74.0,-6.0,True,78.72,-1.28,True
4102109,79.57,75.21,80.0,Astorga,PR,289.0,0.886,1.0,-4.36,-1.052,-3.007,75.21,-4.79,True,68.9,-11.1,True,57.17,-22.83,True
4102208,91.91,88.32,80.0,Atalaia,PR,51.0,0.863,1.0,-3.59,-1.052,-1.568,88.32,8.32,False,82.01,2.01,False,78.91,-1.09,True
4102307,75.83,75.18,80.0,Balsa Nova,PR,254.0,0.89,1.0,-0.65,-1.052,-0.827,75.18,-4.82,True,68.87,-11.13,True,70.22,-9.78,True
4102406,75.41,72.78,80.0,Bandeirantes,PR,336.0,0.899,1.0,-2.63,-1.052,-2.041,72.78,-7.22,True,66.47,-13.53,True,60.53,-19.47,True
4102505,91.0,77.65,80.0,Barbosa Ferraz,PR,110.0,0.845,1.0,-5.0,-1.052,-2.453,77.65,-2.35,True,71.34,-8.66,True,62.93,-17.07,True
4102604,72.57,73.99,80.0,Barracão,PR,143.0,0.874,1.0,1.42,-1.052,-0.022,73.99,-6.01,True,67.68,-12.32,True,73.86,-6.14,True
4102802,61.05,54.88,80.0,Bela Vista do Paraíso,PR,187.0,0.845,1.0,-5.0,-1.052,-2.96,54.88,-25.12,True,48.57,-31.43,True,37.12,-42.88,True
4102901,80.76,70.06,80.0,Bituruna,PR,275.0,0.833,1.0,-5.0,-1.052,-3.338,70.06,-9.94,True,63.75,-16.25,True,50.03,-29.97,True
4103008,93.75,92.95,80.0,Boa Esperança,PR,58.0,0.931,1.0,-0.8,-1.052,-0.996,92.95,12.95,False,86.64,6.64,False,86.98,6.98,False
4103040,74.78,60.49,80.0,Boa Ventura de São Roque,PR,73.0,0.877,0.0,-5.0,-1.052,-2.108,60.49,-19.51,True,54.18,-25.82,True,47.84,-32.16,True
4103057,72.39,53.35,80.0,Boa Vista da Aparecida,PR,96.0,0.938,1.0,-5.0,-1.052,-2.333,53.35,-26.65,True,47.04,-32.96,True,39.35,-40.65,True
4103107,49.13,57.37,80.0,Bocaiúva do Sul,PR,261.0,0.877,0.0,5.0,-1.052,2.374,57.37,-22.63,True,51.06,-28.94,True,71.62,-8.38,True
4103206,53.53,72.9,80.0,Bom Sucesso,PR,103.0,0.864,1.0,5.0,-1.052,1.005,72.9,-7.1,True,66.59,-13.41,True,78.93,-1.07,True
4103222,82.0,71.33,80.0,Bom Sucesso do Sul,PR,53.0,0.925,1.0,-5.0,-1.052,-1.879,71.33,-8.67,True,65.02,-14.98,True,60.05,-19.95,True
4103305,87.15,75.03,80.0,Borrazópolis,PR,89.0,0.865,1.0,-5.0,-1.052,-2.268,75.03,-4.97,True,68.72,-11.28,True,61.42,-18.58,True
4103354,84.89,85.11,80.0,Braganey,PR,58.0,0.828,1.0,0.22,-1.052,-0.766,85.11,5.11,False,78.8,-1.2,True,80.51,0.51,False
4103453,87.02,78.14,80.0,Cafelândia,PR,321.0,0.9,1.0,-5.0,-1.052,-3.485,78.14,-1.86,True,71.83,-8.17,True,57.23,-22.77,True
4103479,55.7,64.76,80.0,Cafezal do Sul,PR,56.0,0.875,1.0,5.0,-1.052,0.272,64.76,-15.24,True,58.45,-21.55,True,66.39,-13.61,True
4103503,81.85,69.28,80.0,Califórnia,PR,153.0,0.935,1.0,-5.0,-1.052,-2.763,69.28,-10.72,True,62.97,-17.03,True,52.7,-27.3,True
4103602,62.53,58.04,80.0,Cambará,PR,199.0,0.899,1.0,-4.49,-1.052,-2.767,58.04,-21.96,True,51.73,-28.27,True,41.44,-38.56,True
4103701,79.11,76.35,80.0,Cambé,PR,1290.0,0.868,1.0,-2.76,-1.052,-2.531,76.35,-3.65,True,70.04,-9.96,True,61.17,-18.83,True
4103800,86.17,83.63,80.0,Cambira,PR,103.0,0.883,1.0,-2.54,-1.052,-1.558,83.63,3.63,False,77.32,-2.68,True,74.28,-5.72,True
4103909,80.15,77.67,80.0,Campina da Lagoa,PR,247.0,0.919,1.0,-2.48,-1.052,-1.841,77.67,-2.33,True,71.36,-8.64,True,66.62,-13.38,True
4103958,85.54,84.25,80.0,Campina do Simão,PR,83.0,0.94,0.0,-1.29,-1.052,-1.122,84.25,4.25,False,77.94,-2.06,True,77.52,-2.48,True
4104006,70.42,66.84,80.0,Campina Grande do Sul,PR,789.0,0.885,1.0,-3.58,-1.052,-3.069,66.84,-13.16,True,60.53,-19.47,True,48.43,-31.57,True
4104055,72.87,78.31,80.0,Campo Bonito,PR,53.0,0.887,1.0,5.0,-1.052,0.216,78.31,-1.69,True,72.0,-8.0,True,79.6,-0.4,True
4104105,80.36,80.98,80.0,Campo do Tenente,PR,111.0,0.892,1.0,0.62,-1.052,-0.455,80.98,0.98,False,74.67,-5.33,True,78.25,-1.75,True
4104204,73.34,69.19,80.0,Campo Largo,PR,1825.0,0.864,1.0,-4.15,-1.052,-3.844,69.19,-10.81,True,62.88,-17.12,True,46.13,-33.87,True
4104253,59.84,57.97,80.0,Campo Magro,PR,397.0,0.869,1.0,-1.87,-1.052,-1.596,57.97,-22.03,True,51.66,-28.34,True,48.39,-31.61,True
4104303,77.59,76.77,80.0,Campo Mourão,PR,1214.0,0.875,1.0,-0.82,-1.052,-0.853,76.77,-3.23,True,70.46,-9.54,True,71.65,-8.35,True
4104402,83.34,85.54,80.0,Cândido de Abreu,PR,174.0,0.879,0.0,2.2,-1.052,0.461,85.54,5.54,False,79.23,-0.77,True,88.3,8.3,False
4104428,73.37,64.69,80.0,Candói,PR,242.0,0.893,1.0,-5.0,-1.052,-3.214,64.69,-15.31,True,58.38,-21.62,True,45.41,-34.59,True
4104451,65.68,71.81,80.0,Cantagalo,PR,193.0,0.953,1.0,5.0,-1.052,1.92,71.81,-8.19,True,65.5,-14.5,True,83.33,3.33,False
4104501,78.46,79.5,80.0,Capanema,PR,236.0,0.847,1.0,1.04,-1.052,0.08,79.5,-0.5,True,73.19,-6.81,True,79.98,-0.02,True
4104600,72.97,78.04,80.0,Capitão Leônidas Marques,PR,239.0,0.849,1.0,5.0,-1.052,2.243,78.04,-1.96,True,71.73,-8.27,True,91.5,11.5,False
4104659,75.09,69.2,80.0,Carambeí,PR,355.0,0.885,1.0,-5.0,-1.052,-3.577,69.2,-10.8,True,62.89,-17.11,True,47.74,-32.26,True
4104709,73.7,66.18,80.0,Carlópolis,PR,181.0,0.862,1.0,-5.0,-1.052,-2.928,66.18,-13.82,True,59.87,-20.13,True,48.61,-31.39,True
4104808,80.11,74.34,80.0,Cascavel,PR,3989.0,0.846,1.0,-5.0,-1.052,-4.812,74.34,-5.66,True,68.03,-11.97,True,45.47,-34.53,True
4104907,74.26,74.56,80.0,Castro,PR,998.0,0.901,1.0,0.3,-1.052,0.074,74.56,-5.44,True,68.25,-11.75,True,75.01,-4.99,True
4105003,66.05,56.16,80.0,Catanduvas,PR,139.0,0.842,1.0,-5.0,-1.052,-2.671,56.16,-23.84,True,49.85,-30.15,True,40.13,-39.87,True
4105102,54.26,74.15,80.0,Centenário do Sul,PR,115.0,0.817,1.0,5.0,-1.052,1.157,74.15,-5.85,True,67.84,-12.16,True,81.09,1.09,False
4105201,54.77,49.89,80.0,Cerro Azul,PR,208.0,0.885,0.0,-4.88,-1.052,-3.004,49.89,-30.11,True,43.58,-36.42,True,31.87,-48.13,True
4105300,81.6,84.56,80.0,Céu Azul,PR,145.0,0.897,1.0,2.96,-1.052,0.634,84.56,4.56,False,78.25,-1.75,True,88.36,8.36,False
4105409,80.73,70.85,80.0,Chopinzinho,PR,258.0,0.899,1.0,-5.0,-1.052,-3.276,70.85,-9.15,True,64.54,-15.46,True,51.19,-28.81,True
4105508,79.56,74.95,80.0,Cianorte,PR,959.0,0.934,1.0,-4.61,-1.052,-3.996,74.95,-5.05,True,68.64,-11.36,True,50.97,-29.03,True
4105607,64.72,63.42,80.0,Cidade Gaúcha,PR,169.0,0.917,1.0,-1.3,-1.052,-1.166,63.42,-16.58,True,57.11,-22.89,True,56.43,-23.57,True
4105706,73.11,74.84,80.0,Clevelândia,PR,228.0,0.873,1.0,1.73,-1.052,0.43,74.84,-5.16,True,68.53,-11.47,True,77.42,-2.58,True
4105805,64.92,60.67,80.0,Colombo,PR,3671.0,0.845,1.0,-4.25,-1.052,-4.085,60.67,-19.33,True,54.36,-25.64,True,36.16,-43.84,True
4105904,84.01,78.22,80.0,Colorado,PR,237.0,0.861,1.0,-5.0,-1.052,-3.193,78.22,-1.78,True,71.91,-8.09,True,59.06,-20.94,True
4106001,68.8,41.19,80.0,Congonhinhas,PR,119.0,0.866,1.0,-5.0,-1.052,-2.525,41.19,-38.81,True,34.88,-45.12,True,26.04,-53.96,True
4106100,51.52,69.16,80.0,Conselheiro Mairinck,PR,55.0,0.891,1.0,5.0,-1.052,0.253,69.16,-10.84,True,62.85,-17.15,True,70.68,-9.32,True
4106209,78.38,77.37,80.0,Contenda,PR,295.0,0.915,1.0,-1.01,-1.052,-1.027,77.37,-2.63,True,71.06,-8.94,True,71.21,-8.79,True
4106308,74.62,85.26,80.0,Corbélia,PR,265.0,0.864,1.0,5.0,-1.052,2.397,85.26,5.26,False,78.95,-1.05,True,99.64,19.64,False
4106407,76.78,73.21,80.0,Cornélio Procópio,PR,440.0,0.882,1.0,-3.57,-1.052,-2.783,73.21,-6.79,True,66.9,-13.1,True,56.51,-23.49,True
4106456,78.28,62.47,80.0,Coronel Domingos Soares,PR,94.0,0.83,0.0,-5.0,-1.052,-2.314,62.47,-17.53,True,56.16,-23.84,True,48.58,-31.42,True
4106506,80.52,74.6,80.0,Coronel Vivida,PR,327.0,0.92,1.0,-5.0,-1.052,-3.502,74.6,-5.4,True,68.29,-11.71,True,53.59,-26.41,True
4106555,87.28,87.98,80.0,Corumbataí do Sul,PR,60.0,0.967,1.0,0.7,-1.052,-0.648,87.98,7.98,False,81.67,1.67,False,84.09,4.09,False
4106605,74.06,73.47,80.0,Cruzeiro do Oeste,PR,256.0,0.941,1.0,-0.59,-1.052,-0.793,73.47,-6.53,True,67.16,-12.84,True,68.71,-11.29,True
4106704,71.43,71.42,80.0,Cruzeiro do Sul,PR,51.0,0.961,1.0,-0.01,-1.052,-0.84,71.42,-8.58,True,65.11,-14.89,True,66.38,-13.62,True
4106803,80.66,84.49,80.0,Cruz Machado,PR,198.0,0.924,1.0,3.83,-1.052,1.377,84.49,4.49,False,78.18,-1.82,True,92.75,12.75,False
4106902,70.41,65.96,80.0,Curitiba,PR,15873.0,0.814,1.0,-4.45,-1.052,-4.408,65.96,-14.04,True,59.65,-20.35,True,39.51,-40.49,True
4107009,80.2,68.88,80.0,Curiúva,PR,179.0,0.888,1.0,-5.0,-1.052,-2.917,68.88,-11.12,True,62.57,-17.43,True,51.38,-28.62,True
4107108,72.99,78.26,80.0,Diamante do Norte,PR,64.0,0.875,1.0,5.0,-1.052,0.415,78.26,-1.74,True,71.95,-8.05,True,80.75,0.75,False
4107157,67.21,74.32,80.0,Diamante D'Oeste,PR,84.0,0.881,1.0,5.0,-1.052,0.738,74.32,-5.68,True,68.01,-11.99,True,78.75,-1.25,True
4107207,83.75,82.56,80.0,Dois Vizinhos,PR,618.0,0.858,1.0,-1.19,-1.052,-1.156,82.56,2.56,False,76.25,-3.75,True,75.62,-4.38,True
4107256,50.3,68.96,80.0,Douradina,PR,114.0,0.965,1.0,5.0,-1.052,1.145,68.96,-11.04,True,62.65,-17.35,True,75.83,-4.17,True
4107306,79.12,60.84,80.0,Doutor Camargo,PR,67.0,0.896,1.0,-5.0,-1.052,-2.043,60.84,-19.16,True,54.53,-25.47,True,48.58,-31.42,True
4107405,83.61,85.24,80.0,Enéas Marques,PR,77.0,0.857,1.0,1.63,-1.052,-0.307,85.24,5.24,False,78.93,-1.07,True,83.4,3.4,False
4107504,87.33,82.06,80.0,Engenheiro Beltrão,PR,132.0,0.917,1.0,-5.0,-1.052,-2.622,82.06,2.06,False,75.75,-4.25,True,66.33,-13.67,True
4107538,88.83,96.25,80.0,Entre Rios do Oeste,PR,59.0,0.847,1.0,5.0,-1.052,0.326,96.25,16.25,False,89.94,9.94,False,98.21,18.21,False
4107546,71.95,81.78,80.0,Espigão Alto do Iguaçu,PR,81.0,0.963,0.0,5.0,-1.052,0.692,81.78,1.78,False,75.47,-4.53,True,85.93,5.93,False
4107553,75.96,96.3,80.0,Farol,PR,54.0,0.907,1.0,5.0,-1.052,0.234,96.3,16.3,False,89.99,9.99,False,97.71,17.71,False
4107603,83.44,71.76,80.0,Faxinal,PR,226.0,0.938,1.0,-5.0,-1.052,-3.147,71.76,-8.24,True,65.45,-14.55,True,52.88,-27.12,True
4107652,68.86,64.69,80.0,Fazenda Rio Grande,PR,2311.0,0.84,1.0,-4.17,-1.052,-3.922,64.69,-15.31,True,58.38,-21.62,True,41.16,-38.84,True
4107736,80.92,79.81,80.0,Fernandes Pinheiro,PR,90.0,0.878,1.0,-1.11,-1.052,-1.07,79.81,-0.19,True,73.5,-6.5,True,73.39,-6.61,True
4107751,82.1,77.82,80.0,Figueira,PR,101.0,0.911,1.0,-4.28,-1.052,-2.135,77.82,-2.18,True,71.51,-8.49,True,65.01,-14.99,True
4107801,77.34,85.2,80.0,Floraí,PR,62.0,0.871,1.0,5.0,-1.052,0.38,85.2,5.2,False,78.89,-1.11,True,87.48,7.48,False
4107850,85.72,85.55,80.0,Flor da Serra do Sul,PR,64.0,0.969,1.0,-0.17,-1.052,-0.838,85.55,5.55,False,79.24,-0.76,True,80.52,0.52,False
4107900,76.39,74.01,80.0,Floresta,PR,177.0,0.944,1.0,-2.38,-1.052,-1.676,74.01,-5.99,True,67.7,-12.3,True,63.96,-16.04,True
4108007,64.38,63.48,80.0,Florestópolis,PR,119.0,0.824,1.0,-0.9,-1.052,-0.995,63.48,-16.52,True,57.17,-22.83,True,57.51,-22.49,True
4108205,88.15,85.18,80.0,Formosa do Oeste,PR,73.0,0.918,1.0,-2.97,-1.052,-1.565,85.18,5.18,False,78.87,-1.13,True,75.79,-4.21,True
4108304,73.01,72.01,80.0,Foz do Iguaçu,PR,3793.0,0.813,1.0,-1.0,-1.052,-1.003,72.01,-7.99,True,65.7,-14.3,True,65.99,-14.01,True
4108320,68.71,80.22,80.0,Francisco Alves,PR,118.0,0.847,1.0,5.0,-1.052,1.194,80.22,0.22,False,73.91,-6.09,True,87.38,7.38,False
4108403,79.67,76.41,80.0,Francisco Beltrão,PR,1185.0,0.878,1.0,-3.26,-1.052,-2.941,76.41,-3.59,True,70.1,-9.9,True,58.76,-21.24,True
4108452,83.19,78.1,80.0,Foz do Jordão,PR,84.0,0.976,1.0,-5.0,-1.052,-2.22,78.1,-1.9,True,71.79,-8.21,True,64.78,-15.22,True
4108502,79.05,55.52,80.0,General Carneiro,PR,166.0,0.88,0.0,-5.0,-1.052,-2.843,55.52,-24.48,True,49.21,-30.79,True,38.46,-41.54,True
4108601,70.49,63.77,80.0,Goioerê,PR,306.0,0.856,1.0,-5.0,-1.052,-3.44,63.77,-16.23,True,57.46,-22.54,True,43.13,-36.87,True
4108650,92.63,90.42,80.0,Goioxim,PR,68.0,0.926,0.0,-2.21,-1.052,-1.346,90.42,10.42,False,84.11,4.11,False,82.34,2.34,False
4108700,65.01,61.6,80.0,Grandes Rios,PR,103.0,0.845,1.0,-3.41,-1.052,-1.854,61.6,-18.4,True,55.29,-24.71,True,50.48,-29.52,True
4108809,63.23,69.53,80.0,Guaíra,PR,444.0,0.854,1.0,5.0,-1.052,3.12,69.53,-10.47,True,63.22,-16.78,True,88.25,8.25,False
4108908,72.56,80.71,80.0,Guairaçá,PR,101.0,0.832,1.0,5.0,-1.052,0.979,80.71,0.71,False,74.4,-5.6,True,86.58,6.58,False
4108957,79.53,71.55,80.0,Guamiranga,PR,97.0,0.918,1.0,-5.0,-1.052,-2.342,71.55,-8.45,True,65.24,-14.76,True,57.5,-22.5,True
4109005,87.9,75.09,80.0,Guapirama,PR,73.0,0.945,1.0,-5.0,-1.052,-2.108,75.09,-4.91,True,68.78,-11.22,True,62.44,-17.56,True
4109302,80.03,71.17,80.0,Guaraniaçu,PR,208.0,0.88,1.0,-5.0,-1.052,-3.065,71.17,-8.83,True,64.86,-15.14,True,52.78,-27.22,True
4109401,74.41,67.0,80.0,Guarapuava,PR,2607.0,0.883,1.0,-5.0,-1.052,-4.719,67.0,-13.0,True,60.69,-19.31,True,38.69,-41.31,True
4109500,70.13,57.18,80.0,Guaraqueçaba,PR,87.0,0.724,0.0,-5.0,-1.052,-2.249,57.18,-22.82,True,50.87,-29.13,True,43.69,-36.31,True
4109609,67.35,66.9,80.0,Guaratuba,PR,742.0,0.848,1.0,-0.45,-1.052,-0.578,66.9,-13.1,True,60.59,-19.41,True,63.43,-16.57,True
4109658,55.98,73.2,80.0,Honório Serpa,PR,76.0,0.921,1.0,5.0,-1.052,0.614,73.2,-6.8,True,66.89,-13.11,True,76.89,-3.11,True
4109708,72.88,71.64,80.0,Ibaiti,PR,360.0,0.933,1.0,-1.24,-1.052,-1.173,71.64,-8.36,True,65.33,-14.67,True,64.6,-15.4,True
4109757,72.84,70.35,80.0,Ibema,PR,106.0,0.83,1.0,-2.49,-1.052,-1.55,70.35,-9.65,True,64.04,-15.96,True,61.05,-18.95,True
4109807,73.36,64.9,80.0,Ibiporã,PR,728.0,0.88,1.0,-5.0,-1.052,-4.149,64.9,-15.1,True,58.59,-21.41,True,40.0,-40.0,True
4109906,73.26,51.76,80.0,Icaraíma,PR,115.0,0.913,1.0,-5.0,-1.052,-2.493,51.76,-28.24,True,45.45,-34.55,True,36.8,-43.2,True
4110003,50.91,58.96,80.0,Iguaraçu,PR,81.0,0.827,1.0,5.0,-1.052,0.692,58.96,-21.04,True,52.65,-27.35,True,63.11,-16.89,True
4110078,71.92,70.26,80.0,Imbaú,PR,205.0,0.893,1.0,-1.66,-1.052,-1.36,70.26,-9.74,True,63.95,-16.05,True,62.1,-17.9,True
4110102,80.43,78.04,80.0,Imbituva,PR,532.0,0.88,1.0,-2.39,-1.052,-2.024,78.04,-1.96,True,71.73,-8.27,True,65.89,-14.11,True
4110201,73.43,70.03,80.0,Inácio Martins,PR,163.0,0.902,0.0,-3.4,-1.052,-2.106,70.03,-9.97,True,63.72,-16.28,True,57.39,-22.61,True
4110409,80.01,69.81,80.0,Indianópolis,PR,57.0,0.93,1.0,-5.0,-1.052,-1.928,69.81,-10.19,True,63.5,-16.5,True,58.24,-21.76,True
4110508,88.2,82.28,80.0,Ipiranga,PR,205.0,0.956,1.0,-5.0,-1.052,-3.05,82.28,2.28,False,75.97,-4.03,True,63.98,-16.02,True
4110607,64.15,68.95,80.0,Iporã,PR,146.0,0.884,1.0,4.8,-1.052,1.417,68.95,-11.05,True,62.64,-17.36,True,77.45,-2.55,True
4110706,82.74,88.31,80.0,Irati,PR,754.0,0.898,1.0,5.0,-1.052,3.731,88.31,8.31,False,82.0,2.0,False,100.0,20.0,False
4110805,87.59,80.07,80.0,Iretama,PR,170.0,0.9,1.0,-5.0,-1.052,-2.866,80.07,0.07,False,73.76,-6.24,True,62.87,-17.13,True
4110904,59.34,76.11,80.0,Itaguajé,PR,59.0,0.915,1.0,5.0,-1.052,0.326,76.11,-3.89,True,69.8,-10.2,True,78.07,-1.93,True
4110953,86.91,84.64,80.0,Itaipulândia,PR,202.0,0.856,1.0,-2.27,-1.052,-1.664,84.64,4.64,False,78.33,-1.67,True,74.66,-5.34,True
4111001,79.12,80.58,80.0,Itambaracá,PR,68.0,0.809,1.0,1.46,-1.052,-0.415,80.58,0.58,False,74.27,-5.73,True,78.09,-1.91,True
4111100,89.72,86.9,80.0,Itambé,PR,73.0,0.863,1.0,-2.82,-1.052,-1.525,86.9,6.9,False,80.59,0.59,False,77.75,-2.25,True
4111209,75.48,75.37,80.0,Itapejara d'Oeste,PR,202.0,0.941,1.0,-0.11,-1.052,-0.579,75.37,-4.63,True,69.06,-10.94,True,71.9,-8.1,True
4111258,56.44,52.37,80.0,Itaperuçu,PR,493.0,0.899,1.0,-4.07,-1.052,-3.199,52.37,-27.63,True,46.06,-33.94,True,33.18,-46.82,True
4111407,84.6,82.65,80.0,Ivaí,PR,186.0,0.93,1.0,-1.95,-1.052,-1.485,82.65,2.65,False,76.34,-3.66,True,73.74,-6.26,True
4111506,66.58,72.39,80.0,Ivaiporã,PR,298.0,0.862,1.0,5.0,-1.052,2.569,72.39,-7.61,True,66.08,-13.92,True,87.81,7.81,False
4111555,84.34,77.24,80.0,Ivaté,PR,93.0,0.892,1.0,-5.0,-1.052,-2.305,77.24,-2.76,True,70.93,-9.07,True,63.41,-16.59,True
4111704,82.7,73.86,80.0,Jaboti,PR,89.0,0.944,1.0,-5.0,-1.052,-2.268,73.86,-6.14,True,67.55,-12.45,True,60.25,-19.75,True
4111803,55.12,47.68,80.0,Jacarezinho,PR,436.0,0.782,1.0,-5.0,-1.052,-3.759,47.68,-32.32,True,41.37,-38.63,True,25.13,-54.87,True
4111902,76.25,62.26,80.0,Jaguapitã,PR,239.0,0.82,1.0,-5.0,-1.052,-3.201,62.26,-17.74,True,55.95,-24.05,True,43.05,-36.95,True
4112009,80.92,79.14,80.0,Jaguariaíva,PR,500.0,0.88,1.0,-1.78,-1.052,-1.572,79.14,-0.86,True,72.83,-7.17,True,69.71,-10.29,True
4112108,76.99,68.64,80.0,Jandaia do Sul,PR,204.0,0.902,1.0,-5.0,-1.052,-3.046,68.64,-11.36,True,62.33,-17.67,True,50.37,-29.63,True
4112207,82.58,77.3,80.0,Janiópolis,PR,61.0,0.918,1.0,-5.0,-1.052,-1.975,77.3,-2.7,True,70.99,-9.01,True,65.45,-14.55,True
4112306,75.69,64.46,80.0,Japira,PR,50.0,0.9,1.0,-5.0,-1.052,-1.842,64.46,-15.54,True,58.15,-21.85,True,53.41,-26.59,True
4112405,73.42,80.87,80.0,Japurá,PR,94.0,0.957,1.0,5.0,-1.052,0.883,80.87,0.87,False,74.56,-5.44,True,86.17,6.17,False
4112504,61.2,77.74,80.0,Jardim Alegre,PR,107.0,0.879,1.0,5.0,-1.052,1.057,77.74,-2.26,True,71.43,-8.57,True,84.08,4.08,False
4112702,62.4,60.93,80.0,Jataizinho,PR,154.0,0.857,1.0,-1.47,-1.052,-1.234,60.93,-19.07,True,54.62,-25.38,True,53.53,-26.47,True
4112751,85.83,89.98,80.0,Jesuítas,PR,70.0,0.886,1.0,4.15,-1.052,0.296,89.98,9.98,False,83.67,3.67,False,91.76,11.76,False
4112801,85.53,85.12,80.0,Joaquim Távora,PR,192.0,0.859,1.0,-0.41,-1.052,-0.738,85.12,5.12,False,78.81,-1.19,True,80.69,0.69,False
4112959,59.77,63.48,80.0,Juranda,PR,77.0,0.896,1.0,3.71,-1.052,0.272,63.48,-16.52,True,57.17,-22.83,True,65.11,-14.89,True
4113007,72.27,66.03,80.0,Jussara,PR,86.0,0.895,1.0,-5.0,-1.052,-2.239,66.03,-13.97,True,59.72,-20.28,True,52.59,-27.41,True
4113205,81.08,74.83,80.0,Lapa,PR,564.0,0.895,1.0,-5.0,-1.052,-3.967,74.83,-5.17,True,68.52,-11.48,True,51.03,-28.97,True
4113254,58.83,46.64,80.0,Laranjal,PR,109.0,0.853,0.0,-5.0,-1.052,-2.445,46.64,-33.36,True,40.33,-39.67,True,31.97,-48.03,True
4113304,72.14,68.0,80.0,Laranjeiras do Sul,PR,491.0,0.831,1.0,-4.14,-1.052,-3.246,68.0,-12.0,True,61.69,-18.31,True,48.52,-31.48,True
4113429,92.58,83.47,80.0,Lidianópolis,PR,54.0,0.796,1.0,-5.0,-1.052,-1.892,83.47,3.47,False,77.16,-2.84,True,72.12,-7.88,True
4113452,86.49,72.9,80.0,Lindoeste,PR,78.0,0.962,1.0,-5.0,-1.052,-2.16,72.9,-7.1,True,66.59,-13.41,True,59.94,-20.06,True
4113502,72.42,73.8,80.0,Loanda,PR,238.0,0.912,1.0,1.38,-1.052,0.269,73.8,-6.2,True,67.49,-12.51,True,75.42,-4.58,True
4113601,61.87,54.92,80.0,Lobato,PR,60.0,0.867,1.0,-5.0,-1.052,-1.963,54.92,-25.08,True,48.61,-31.39,True,43.14,-36.86,True
4113700,73.87,72.99,80.0,Londrina,PR,5687.0,0.839,1.0,-0.88,-1.052,-0.886,72.99,-7.01,True,66.68,-13.32,True,67.67,-12.33,True
4113734,85.27,86.61,80.0,Luiziana,PR,98.0,0.939,1.0,1.34,-1.052,-0.266,86.61,6.61,False,80.3,0.3,False,85.02,5.02,False
4113759,57.46,70.4,80.0,Lunardelli,PR,57.0,0.947,1.0,5.0,-1.052,0.29,70.4,-9.6,True,64.09,-15.91,True,72.14,-7.86,True
4113908,82.55,87.79,80.0,Mallet,PR,172.0,0.983,1.0,5.0,-1.052,1.746,87.79,7.79,False,81.48,1.48,False,98.27,18.27,False
4114005,93.95,74.68,80.0,Mamborê,PR,147.0,0.905,1.0,-5.0,-1.052,-2.725,74.68,-5.32,True,68.37,-11.63,True,58.33,-21.67,True
4114104,60.15,62.29,80.0,Mandaguaçu,PR,375.0,0.901,1.0,2.14,-1.052,1.03,62.29,-17.71,True,55.98,-24.02,True,68.47,-11.53,True
4114203,85.06,81.53,80.0,Mandaguari,PR,454.0,0.903,1.0,-3.53,-1.052,-2.772,81.53,1.53,False,75.22,-4.78,True,64.9,-15.1,True
4114302,79.38,64.48,80.0,Mandirituba,PR,381.0,0.861,1.0,-5.0,-1.052,-3.641,64.48,-15.52,True,58.17,-21.83,True,42.63,-37.37,True
4114401,72.22,66.1,80.0,Mangueirinha,PR,191.0,0.869,1.0,-5.0,-1.052,-2.981,66.1,-13.9,True,59.79,-20.21,True,48.22,-31.78,True
4114500,67.7,71.98,80.0,Manoel Ribas,PR,129.0,0.946,1.0,4.28,-1.052,1.039,71.98,-8.02,True,65.67,-14.33,True,78.21,-1.79,True
4114609,75.3,76.44,80.0,Marechal Cândido Rondon,PR,750.0,0.879,1.0,1.14,-1.052,0.678,76.44,-3.56,True,70.13,-9.87,True,80.51,0.51,False
4114708,64.7,49.96,80.0,Maria Helena,PR,63.0,0.889,1.0,-5.0,-1.052,-1.998,49.96,-30.04,True,43.65,-36.35,True,37.97,-42.03,True
4114807,73.24,73.09,80.0,Marialva,PR,574.0,0.862,1.0,-0.15,-1.052,-0.383,73.09,-6.91,True,66.78,-13.22,True,70.79,-9.21,True
4114906,72.1,84.99,80.0,Marilândia do Sul,PR,120.0,0.9,1.0,5.0,-1.052,1.217,84.99,4.99,False,78.68,-1.32,True,92.29,12.29,False
4115002,84.46,75.36,80.0,Marilena,PR,96.0,0.896,1.0,-5.0,-1.052,-2.333,75.36,-4.64,True,69.05,-10.95,True,61.36,-18.64,True
4115101,62.44,52.21,80.0,Mariluz,PR,131.0,0.809,1.0,-5.0,-1.052,-2.615,52.21,-27.79,True,45.9,-34.1,True,36.52,-43.48,True
4115200,80.49,78.37,80.0,Maringá,PR,3955.0,0.839,1.0,-2.12,-1.052,-2.069,78.37,-1.63,True,72.06,-7.94,True,65.96,-14.04,True
4115309,76.4,66.98,80.0,Mariópolis,PR,87.0,0.92,1.0,-5.0,-1.052,-2.249,66.98,-13.02,True,60.67,-19.33,True,53.49,-26.51,True
4115358,80.97,76.69,80.0,Maripá,PR,121.0,0.893,1.0,-4.28,-1.052,-2.269,76.69,-3.31,True,70.38,-9.62,True,63.08,-16.92,True
4115408,78.32,85.08,80.0,Marmeleiro,PR,204.0,0.838,1.0,5.0,-1.052,2.004,85.08,5.08,False,78.77,-1.23,True,97.1,17.1,False
4115457,73.99,82.18,80.0,Marquinho,PR,77.0,0.948,1.0,5.0,-1.052,0.63,82.18,2.18,False,75.87,-4.13,True,85.96,5.96,False
4115606,73.52,71.4,80.0,Matelândia,PR,281.0,0.868,1.0,-2.12,-1.052,-1.676,71.4,-8.6,True,65.09,-14.91,True,61.34,-18.66,True
4115705,70.38,63.15,80.0,Matinhos,PR,603.0,0.804,1.0,-5.0,-1.052,-4.017,63.15,-16.85,True,56.84,-23.16,True,39.05,-40.95,True
4115754,81.13,80.48,80.0,Mauá da Serra,PR,168.0,0.887,1.0,-0.65,-1.052,-0.869,80.48,0.48,False,74.17,-5.83,True,75.27,-4.73,True
4115804,79.22,79.1,80.0,Medianeira,PR,761.0,0.874,1.0,-0.12,-1.052,-0.314,79.1,-0.9,True,72.79,-7.21,True,77.22,-2.78,True
4115853,91.25,93.06,80.0,Mercedes,PR,106.0,0.972,1.0,1.81,-1.052,-0.061,93.06,13.06,False,86.75,6.75,False,92.7,12.7,False
4116059,88.67,83.28,80.0,Missal,PR,145.0,0.938,1.0,-5.0,-1.052,-2.711,83.28,3.28,False,76.97,-3.03,True,67.01,-12.99,True
4116109,79.33,78.01,80.0,Moreira Sales,PR,118.0,0.898,1.0,-1.32,-1.052,-1.152,78.01,-1.99,True,71.7,-8.3,True,71.1,-8.9,True
4116208,68.42,59.7,80.0,Morretes,PR,273.0,0.846,1.0,-5.0,-1.052,-3.331,59.7,-20.3,True,53.39,-26.61,True,39.72,-40.28,True
4116307,53.23,80.0,80.0,Munhoz de Melo,PR,63.0,0.952,1.0,5.0,-1.052,0.398,80.0,0.0,False,73.69,-6.31,True,82.39,2.39,False
4116703,82.25,74.99,80.0,Nova Aurora,PR,141.0,0.922,1.0,-5.0,-1.052,-2.685,74.99,-5.01,True,68.68,-11.32,True,58.88,-21.12,True
4116802,79.5,88.03,80.0,Nova Cantu,PR,113.0,0.876,1.0,5.0,-1.052,1.133,88.03,8.03,False,81.72,1.72,False,94.83,14.83,False
4116901,74.13,74.65,80.0,Nova Esperança,PR,269.0,0.855,1.0,0.52,-1.052,-0.15,74.65,-5.35,True,68.34,-11.66,True,73.75,-6.25,True
4116950,97.38,88.59,80.0,Nova Esperança do Sudoeste,PR,95.0,0.884,1.0,-5.0,-1.052,-2.324,88.59,8.59,False,82.28,2.28,False,74.65,-5.35,True
4117008,81.68,79.65,80.0,Nova Fátima,PR,76.0,0.908,1.0,-2.03,-1.052,-1.321,79.65,-0.35,True,73.34,-6.66,True,71.72,-8.28,True
4117057,77.48,68.33,80.0,Nova Laranjeiras,PR,83.0,0.94,0.0,-5.0,-1.052,-2.21,68.33,-11.67,True,62.02,-17.98,True,55.07,-24.93,True
4117107,77.67,74.05,80.0,Nova Londrina,PR,158.0,0.899,1.0,-3.62,-1.052,-2.186,74.05,-5.95,True,67.74,-12.26,True,60.94,-19.06,True
4117206,79.22,91.63,80.0,Nova Olímpia,PR,75.0,0.947,1.0,5.0,-1.052,0.598,91.63,11.63,False,85.32,5.32,False,95.22,15.22,False
4117214,84.94,79.18,80.0,Nova Santa Bárbara,PR,64.0,0.844,1.0,-5.0,-1.052,-2.009,79.18,-0.82,True,72.87,-7.13,True,67.12,-12.88,True
4117222,77.8,72.16,80.0,Nova Santa Rosa,PR,157.0,0.885,1.0,-5.0,-1.052,-2.788,72.16,-7.84,True,65.85,-14.15,True,55.43,-24.57,True
4117255,80.81,72.83,80.0,Nova Prata do Iguaçu,PR,140.0,0.943,1.0,-5.0,-1.052,-2.678,72.83,-7.17,True,66.52,-13.48,True,56.76,-23.24,True
4117305,62.63,58.43,80.0,Ortigueira,PR,305.0,0.803,0.0,-4.2,-1.052,-2.953,58.43,-21.57,True,52.12,-27.88,True,40.71,-39.29,True
4117453,86.73,90.05,80.0,Ouro Verde do Oeste,PR,84.0,0.845,1.0,3.32,-1.052,0.241,90.05,10.05,False,83.74,3.74,False,91.5,11.5,False
4117503,68.48,62.96,80.0,Paiçandu,PR,850.0,0.894,1.0,-5.0,-1.052,-4.248,62.96,-17.04,True,56.65,-23.35,True,37.47,-42.53,True
4117602,55.66,54.27,80.0,Palmas,PR,775.0,0.812,1.0,-1.39,-1.052,-1.321,54.27,-25.73,True,47.96,-32.04,True,46.35,-33.65,True
4117701,71.64,65.93,80.0,Palmeira,PR,431.0,0.905,1.0,-5.0,-1.052,-3.749,65.93,-14.07,True,59.62,-20.38,True,43.44,-36.56,True
4117800,74.27,69.5,80.0,Palmital,PR,152.0,0.862,0.0,-4.77,-1.052,-2.658,69.5,-10.5,True,63.19,-16.81,True,53.55,-26.45,True
4117909,69.03,74.33,80.0,Palotina,PR,440.0,0.918,1.0,5.0,-1.052,3.109,74.33,-5.67,True,68.02,-11.98,True,92.98,12.98,False
4118006,74.89,67.76,80.0,Paraíso do Norte,PR,173.0,0.873,1.0,-5.0,-1.052,-2.883,67.76,-12.24,True,61.45,-18.55,True,50.46,-29.54,True
4118105,83.27,80.03,80.0,Paranacity,PR,141.0,0.929,1.0,-3.24,-1.052,-1.957,80.03,0.03,False,73.72,-6.28,True,68.29,-11.71,True
4118204,61.91,61.71,80.0,Paranaguá,PR,1583.0,0.793,1.0,-0.2,-1.052,-0.296,61.71,-18.29,True,55.4,-24.6,True,59.94,-20.06,True
4118402,80.45,74.3,80.0,Paranavaí,PR,1113.0,0.893,1.0,-5.0,-1.052,-4.399,74.3,-5.7,True,67.99,-12.01,True,47.91,-32.09,True
4118451,90.47,90.41,80.0,Pato Bragado,PR,88.0,0.875,1.0,-0.06,-1.052,-0.749,90.41,10.41,False,84.1,4.1,False,85.92,5.92,False
4118501,78.22,71.14,80.0,Pato Branco,PR,1081.0,0.852,1.0,-5.0,-1.052,-4.384,71.14,-8.86,True,64.83,-15.17,True,44.84,-35.16,True
4118600,77.55,74.56,80.0,Paula Freitas,PR,64.0,0.891,1.0,-2.99,-1.052,-1.522,74.56,-5.44,True,68.25,-11.75,True,65.43,-14.57,True
4118709,90.71,84.51,80.0,Paulo Frontin,PR,88.0,0.943,1.0,-5.0,-1.052,-2.259,84.51,4.51,False,78.2,-1.8,True,70.96,-9.04,True
4118808,69.48,74.24,80.0,Peabiru,PR,173.0,0.902,1.0,4.76,-1.052,1.644,74.24,-5.76,True,67.93,-12.07,True,84.1,4.1,False
4118857,57.6,70.19,80.0,Perobal,PR,100.0,0.9,1.0,5.0,-1.052,0.965,70.19,-9.81,True,63.88,-16.12,True,75.98,-4.02,True
4118907,78.4,62.28,80.0,Pérola,PR,146.0,0.925,1.0,-5.0,-1.052,-2.718,62.28,-17.72,True,55.97,-24.03,True,45.97,-34.03,True
4119004,88.85,88.78,80.0,Pérola d'Oeste,PR,63.0,0.968,1.0,-0.07,-1.052,-0.817,88.78,8.78,False,82.47,2.47,False,83.88,3.88,False
4119103,85.9,83.34,80.0,Piên,PR,205.0,0.917,1.0,-2.56,-1.052,-1.815,83.34,3.34,False,77.03,-2.97,True,72.45,-7.55,True
4119152,62.74,57.37,80.0,Pinhais,PR,1509.0,0.871,1.0,-5.0,-1.052,-4.538,57.37,-22.63,True,51.06,-28.94,True,30.14,-49.86,True
4119202,73.96,76.88,80.0,Pinhalão,PR,98.0,0.898,1.0,2.92,-1.052,0.254,76.88,-3.12,True,70.57,-9.43,True,78.4,-1.6,True
4119301,61.89,61.33,80.0,Pinhão,PR,493.0,0.903,1.0,-0.56,-1.052,-0.702,61.33,-18.67,True,55.02,-24.98,True,57.12,-22.88,True
4119400,72.99,74.06,80.0,Piraí do Sul,PR,300.0,0.867,1.0,1.07,-1.052,0.221,74.06,-5.94,True,67.75,-12.25,True,75.39,-4.61,True
4119509,58.33,50.54,80.0,Piraquara,PR,1583.0,0.834,1.0,-5.0,-1.052,-4.557,50.54,-29.46,True,44.23,-35.77,True,23.2,-56.8,True
4119608,72.99,73.42,80.0,Pitanga,PR,384.0,0.911,1.0,0.43,-1.052,-0.078,73.42,-6.58,True,67.11,-12.89,True,72.95,-7.05,True
4119707,79.79,80.42,80.0,Planaltina do Paraná,PR,52.0,0.865,1.0,0.63,-1.052,-0.705,80.42,0.42,False,74.11,-5.89,True,76.19,-3.81,True
4119806,87.64,78.93,80.0,Planalto,PR,138.0,0.899,1.0,-5.0,-1.052,-2.664,78.93,-1.07,True,72.62,-7.38,True,62.95,-17.05,True
4119905,75.79,75.9,80.0,Ponta Grossa,PR,3718.0,0.858,1.0,0.11,-1.052,0.051,75.9,-4.1,True,69.59,-10.41,True,76.2,-3.8,True
4119954,71.19,61.28,80.0,Pontal do Paraná,PR,478.0,0.812,1.0,-5.0,-1.052,-3.835,61.28,-18.72,True,54.97,-25.03,True,38.27,-41.73,True
4120002,74.34,87.25,80.0,Porecatu,PR,91.0,0.956,1.0,5.0,-1.052,0.84,87.25,7.25,False,80.94,0.94,False,92.29,12.29,False
4120101,69.78,76.84,80.0,Porto Amazonas,PR,60.0,0.95,1.0,5.0,-1.052,0.344,76.84,-3.16,True,70.53,-9.47,True,78.91,-1.09,True
4120200,60.4,71.94,80.0,Porto Rico,PR,69.0,0.826,1.0,5.0,-1.052,0.5,71.94,-8.06,True,65.63,-14.37,True,74.94,-5.06,True
4120333,76.64,73.85,80.0,Prado Ferreira,PR,57.0,0.93,1.0,-2.79,-1.052,-1.438,73.85,-6.15,True,67.54,-12.46,True,65.22,-14.78,True
4120358,84.27,79.55,80.0,Pranchita,PR,59.0,0.932,1.0,-4.72,-1.052,-1.888,79.55,-0.45,True,73.24,-6.76,True,68.22,-11.78,True
4120408,76.24,62.98,80.0,Presidente Castelo Branco,PR,53.0,0.811,1.0,-5.0,-1.052,-1.879,62.98,-17.02,True,56.67,-23.33,True,51.7,-28.3,True
4120507,51.44,62.66,80.0,Primeiro de Maio,PR,121.0,0.702,1.0,5.0,-1.052,1.229,62.66,-17.34,True,56.35,-23.65,True,70.03,-9.97,True
4120606,82.7,82.91,80.0,Prudentópolis,PR,526.0,0.924,1.0,0.21,-1.052,-0.138,82.91,2.91,False,76.6,-3.4,True,82.08,2.08,False
4120705,91.58,90.26,80.0,Quatiguá,PR,101.0,0.931,1.0,-1.32,-1.052,-1.142,90.26,10.26,False,83.95,3.95,False,83.41,3.41,False
4120804,66.78,67.24,80.0,Quatro Barras,PR,357.0,0.908,1.0,0.46,-1.052,-0.083,67.24,-12.76,True,60.93,-19.07,True,66.74,-13.26,True
4120853,91.8,89.52,80.0,Quatro Pontes,PR,80.0,0.85,1.0,-2.28,-1.052,-1.403,89.52,9.52,False,83.21,3.21,False,81.1,1.1,False
4120903,71.7,62.11,80.0,Quedas do Iguaçu,PR,521.0,0.871,1.0,-5.0,-1.052,-3.905,62.11,-17.89,True,55.8,-24.2,True,38.68,-41.32,True
4121000,45.28,50.32,80.0,Querência do Norte,PR,162.0,0.889,1.0,5.0,-1.052,1.656,50.32,-29.68,True,44.01,-35.99,True,60.26,-19.74,True
4121109,76.75,74.15,80.0,Quinta do Sol,PR,52.0,0.865,1.0,-2.6,-1.052,-1.372,74.15,-5.85,True,67.84,-12.16,True,65.92,-14.08,True
4121208,71.76,75.8,80.0,Quitandinha,PR,264.0,0.924,1.0,4.04,-1.052,1.845,75.8,-4.2,True,69.49,-10.51,True,86.87,6.87,False
4121257,88.1,77.23,80.0,Ramilândia,PR,66.0,0.939,1.0,-5.0,-1.052,-2.032,77.23,-2.77,True,70.92,-9.08,True,65.04,-14.96,True
4121307,77.01,86.02,80.0,Rancho Alegre,PR,54.0,0.907,1.0,5.0,-1.052,0.234,86.02,6.02,False,79.71,-0.29,True,87.43,7.43,False
4121406,88.32,79.84,80.0,Realeza,PR,229.0,0.908,1.0,-5.0,-1.052,-3.16,79.84,-0.16,True,73.53,-6.47,True,60.88,-19.12,True
4121505,86.33,77.0,80.0,Rebouças,PR,207.0,0.932,1.0,-5.0,-1.052,-3.06,77.0,-3.0,True,70.69,-9.31,True,58.64,-21.36,True
4121604,70.83,82.55,80.0,Renascença,PR,95.0,0.863,1.0,5.0,-1.052,0.897,82.55,2.55,False,76.24,-3.76,True,87.93,7.93,False
4121703,72.87,81.08,80.0,Reserva,PR,356.0,0.846,0.0,5.0,-1.052,2.823,81.08,1.08,False,74.77,-5.23,True,98.02,18.02,False
4121752,77.91,83.13,80.0,Reserva do Iguaçu,PR,106.0,0.849,1.0,5.0,-1.052,1.044,83.13,3.13,False,76.82,-3.18,True,89.4,9.4,False
4121802,74.58,85.68,80.0,Ribeirão Claro,PR,158.0,0.905,1.0,5.0,-1.052,1.619,85.68,5.68,False,79.37,-0.63,True,95.39,15.39,False
4121901,86.67,84.51,80.0,Ribeirão do Pinhal,PR,181.0,0.862,1.0,-2.16,-1.052,-1.579,84.51,4.51,False,78.2,-1.8,True,75.04,-4.96,True
4122008,89.62,89.22,80.0,Rio Azul,PR,194.0,0.969,1.0,-0.4,-1.052,-0.731,89.22,9.22,False,82.91,2.91,False,84.83,4.83,False
4122156,81.41,80.25,80.0,Rio Bonito do Iguaçu,PR,269.0,0.855,1.0,-1.16,-1.052,-1.114,80.25,0.25,False,73.94,-6.06,True,73.57,-6.43,True
4122206,62.29,61.35,80.0,Rio Branco do Sul,PR,486.0,0.903,1.0,-0.94,-1.052,-0.973,61.35,-18.65,True,55.04,-24.96,True,55.51,-24.49,True
4122305,85.17,88.56,80.0,Rio Negro,PR,404.0,0.918,1.0,3.39,-1.052,1.919,88.56,8.56,False,82.25,2.25,False,100.0,20.0,False
4122404,73.4,71.84,80.0,Rolândia,PR,1005.0,0.86,1.0,-1.56,-1.052,-1.476,71.84,-8.16,True,65.53,-14.47,True,62.99,-17.01,True
4122503,83.73,76.32,80.0,Roncador,PR,154.0,0.916,1.0,-5.0,-1.052,-2.77,76.32,-3.68,True,70.01,-9.99,True,59.7,-20.3,True
4122602,68.42,41.63,80.0,Rondon,PR,110.0,0.882,1.0,-5.0,-1.052,-2.453,41.63,-38.37,True,35.32,-44.68,True,26.91,-53.09,True
4122651,69.4,77.0,80.0,Rosário do Ivaí,PR,73.0,0.959,0.0,5.0,-1.052,0.566,77.0,-3.0,True,70.69,-9.31,True,80.4,0.4,False
4122701,81.51,78.98,80.0,Sabáudia,PR,159.0,0.906,1.0,-2.53,-1.052,-1.707,78.98,-1.02,True,72.67,-7.33,True,68.74,-11.26,True
4122800,89.42,93.11,80.0,Salgado Filho,PR,61.0,0.951,1.0,3.69,-1.052,0.056,93.11,13.11,False,86.8,6.8,False,93.45,13.45,False
4122909,64.52,73.64,80.0,Salto do Itararé,PR,65.0,0.908,1.0,5.0,-1.052,0.432,73.64,-6.36,True,67.33,-12.67,True,76.23,-3.77,True
4123006,85.46,76.46,80.0,Salto do Lontra,PR,189.0,0.889,1.0,-5.0,-1.052,-2.97,76.46,-3.54,True,70.15,-9.85,True,58.64,-21.36,True
4123303,85.79,59.1,80.0,Santa Cruz de Monte Castelo,PR,119.0,0.899,1.0,-5.0,-1.052,-2.525,59.1,-20.9,True,52.79,-27.21,True,43.95,-36.05,True
4123402,58.68,64.71,80.0,Santa Fé,PR,146.0,0.87,1.0,5.0,-1.052,1.502,64.71,-15.29,True,58.4,-21.6,True,73.72,-6.28,True
4123501,79.21,79.37,80.0,Santa Helena,PR,380.0,0.903,1.0,0.16,-1.052,-0.258,79.37,-0.63,True,73.06,-6.94,True,77.82,-2.18,True
4123709,84.22,75.13,80.0,Santa Isabel do Ivaí,PR,129.0,0.829,1.0,-5.0,-1.052,-2.6,75.13,-4.87,True,68.82,-11.18,True,59.53,-20.47,True
4123808,82.42,82.63,80.0,Santa Izabel do Oeste,PR,130.0,0.892,1.0,0.21,-1.052,-0.555,82.63,2.63,False,76.32,-3.68,True,79.3,-0.7,True
4123857,76.25,70.26,80.0,Santa Maria do Oeste,PR,150.0,0.893,0.0,-5.0,-1.052,-2.744,70.26,-9.74,True,63.95,-16.05,True,53.8,-26.2,True
4123907,73.65,83.73,80.0,Santa Mariana,PR,113.0,0.858,1.0,5.0,-1.052,1.133,83.73,3.73,False,77.42,-2.58,True,90.53,10.53,False
4124004,78.27,54.43,80.0,Santana do Itararé,PR,65.0,0.846,1.0,-5.0,-1.052,-2.021,54.43,-25.57,True,48.12,-31.88,True,42.31,-37.69,True
4124020,73.31,77.75,80.0,Santa Tereza do Oeste,PR,260.0,0.865,1.0,4.44,-1.052,2.052,77.75,-2.25,True,71.44,-8.56,True,90.06,10.06,False
4124053,81.3,79.46,80.0,Santa Terezinha de Itaipu,PR,257.0,0.852,1.0,-1.84,-1.052,-1.495,79.46,-0.54,True,73.15,-6.85,True,70.49,-9.51,True
4124103,60.4,55.04,80.0,Santo Antônio da Platina,PR,637.0,0.87,1.0,-5.0,-1.052,-4.057,55.04,-24.96,True,48.73,-31.27,True,30.7,-49.3,True
4124400,79.51,81.43,80.0,Santo Antônio do Sudoeste,PR,274.0,0.891,1.0,1.92,-1.052,0.666,81.43,1.43,False,75.12,-4.88,True,85.43,5.43,False
4124509,91.05,80.07,80.0,Santo Inácio,PR,92.0,0.935,1.0,-5.0,-1.052,-2.296,80.07,0.07,False,73.76,-6.24,True,66.29,-13.71,True
4124608,78.29,73.36,80.0,São Carlos do Ivaí,PR,79.0,0.949,1.0,-4.93,-1.052,-2.15,73.36,-6.64,True,67.05,-12.95,True,60.46,-19.54,True
4124707,81.2,71.33,80.0,São Jerônimo da Serra,PR,94.0,0.936,0.0,-5.0,-1.052,-2.314,71.33,-8.67,True,65.02,-14.98,True,57.44,-22.56,True
4124806,87.03,87.16,80.0,São João,PR,147.0,0.912,1.0,0.13,-1.052,-0.551,87.16,7.16,False,80.85,0.85,False,83.85,3.85,False
4124905,93.33,93.06,80.0,São João do Caiuá,PR,62.0,0.935,1.0,-0.27,-1.052,-0.867,93.06,13.06,False,86.75,6.75,False,87.86,7.86,False
4125001,61.46,73.17,80.0,São João do Ivaí,PR,115.0,0.887,1.0,5.0,-1.052,1.157,73.17,-6.83,True,66.86,-13.14,True,80.11,0.11,False
4125100,78.58,79.45,80.0,São João do Triunfo,PR,215.0,0.888,1.0,0.87,-1.052,-0.056,79.45,-0.55,True,73.14,-6.86,True,79.11,-0.89,True
4125209,88.28,84.59,80.0,São Jorge d'Oeste,PR,116.0,0.853,1.0,-3.69,-1.052,-2.021,84.59,4.59,False,78.28,-1.72,True,72.47,-7.53,True
4125308,82.98,70.73,80.0,São Jorge do Ivaí,PR,56.0,0.982,1.0,-5.0,-1.052,-1.916,70.73,-9.27,True,64.42,-15.58,True,59.24,-20.76,True
4125357,74.33,90.23,80.0,São Jorge do Patrocínio,PR,79.0,0.899,1.0,5.0,-1.052,0.661,90.23,10.23,False,83.92,3.92,False,94.2,14.2,False
4125407,80.7,76.15,80.0,São José da Boa Vista,PR,75.0,0.893,1.0,-4.55,-1.052,-2.006,76.15,-3.85,True,69.84,-10.16,True,64.11,-15.89,True
4125456,83.2,74.36,80.0,São José das Palmeiras,PR,62.0,0.887,1.0,-5.0,-1.052,-1.986,74.36,-5.64,True,68.05,-11.95,True,62.44,-17.56,True
4125506,67.19,64.3,80.0,São José dos Pinhais,PR,4557.0,0.833,1.0,-2.89,-1.052,-2.813,64.3,-15.7,True,57.99,-22.01,True,47.42,-32.58,True
4125605,83.07,70.57,80.0,São Mateus do Sul,PR,552.0,0.918,1.0,-5.0,-1.052,-3.95,70.57,-9.43,True,64.26,-15.74,True,46.87,-33.13,True
4125704,73.58,77.84,80.0,São Miguel do Iguaçu,PR,354.0,0.944,1.0,4.26,-1.052,2.342,77.84,-2.16,True,71.53,-8.47,True,91.89,11.89,False
4125753,74.73,80.66,80.0,São Pedro do Iguaçu,PR,81.0,0.84,1.0,5.0,-1.052,0.692,80.66,0.66,False,74.35,-5.65,True,84.81,4.81,False
4125803,83.61,85.66,80.0,São Pedro do Ivaí,PR,86.0,0.837,1.0,2.05,-1.052,-0.119,85.66,5.66,False,79.35,-0.65,True,84.94,4.94,False
4126009,82.79,87.77,80.0,São Sebastião da Amoreira,PR,79.0,0.861,1.0,4.98,-1.052,0.656,87.77,7.77,False,81.46,1.46,False,91.7,11.7,False
4126108,88.97,69.88,80.0,São Tomé,PR,79.0,0.924,1.0,-5.0,-1.052,-2.17,69.88,-10.12,True,63.57,-16.43,True,56.86,-23.14,True
4126207,73.32,83.01,80.0,Sapopema,PR,96.0,0.927,0.0,5.0,-1.052,0.911,83.01,3.01,False,76.7,-3.3,True,88.47,8.47,False
4126256,57.98,56.55,80.0,Sarandi,PR,1778.0,0.824,1.0,-1.43,-1.052,-1.392,56.55,-23.45,True,50.24,-29.76,True,48.2,-31.8,True
4126272,92.53,85.49,80.0,Saudade do Iguaçu,PR,109.0,0.899,1.0,-5.0,-1.052,-2.445,85.49,5.49,False,79.18,-0.82,True,70.82,-9.18,True
4126306,80.66,81.96,80.0,Sengés,PR,246.0,0.919,1.0,1.3,-1.052,0.245,81.96,1.96,False,75.65,-4.35,True,83.43,3.43,False
4126355,100.0,82.66,80.0,Serranópolis do Iguaçu,PR,60.0,0.867,1.0,-5.0,-1.052,-1.963,82.66,2.66,False,76.35,-3.65,True,70.88,-9.12,True
4126405,92.04,90.98,80.0,Sertaneja,PR,74.0,0.878,1.0,-1.06,-1.052,-1.054,90.98,10.98,False,84.67,4.67,False,84.65,4.65,False
4126504,66.76,61.98,80.0,Sertanópolis,PR,166.0,0.801,1.0,-4.78,-1.052,-2.743,61.98,-18.02,True,55.67,-24.33,True,45.52,-34.48,True
4126603,85.7,82.88,80.0,Siqueira Campos,PR,281.0,0.947,1.0,-2.82,-1.052,-2.085,82.88,2.88,False,76.57,-3.43,True,70.37,-9.63,True
4126678,73.85,65.46,80.0,Tamarana,PR,145.0,0.883,0.0,-5.0,-1.052,-2.711,65.46,-14.54,True,59.15,-20.85,True,49.19,-30.81,True
4126702,47.6,46.83,80.0,Tamboara,PR,50.0,0.94,1.0,-0.77,-1.052,-0.996,46.83,-33.17,True,40.52,-39.48,True,40.86,-39.14,True
4126801,69.39,61.07,80.0,Tapejara,PR,169.0,0.882,1.0,-5.0,-1.052,-2.86,61.07,-18.93,True,54.76,-25.24,True,43.91,-36.09,True
4127007,77.31,88.2,80.0,Teixeira Soares,PR,143.0,0.951,1.0,5.0,-1.052,1.471,88.2,8.2,False,81.89,1.89,False,97.03,17.03,False
4127106,63.2,61.71,80.0,Telêmaco Borba,PR,1051.0,0.876,1.0,-1.49,-1.052,-1.42,61.71,-18.29,True,55.4,-24.6,True,53.19,-26.81,True
4127205,85.98,89.1,80.0,Terra Boa,PR,255.0,0.851,1.0,3.12,-1.052,1.286,89.1,9.1,False,82.79,2.79,False,96.82,16.82,False
4127304,69.02,81.46,80.0,Terra Rica,PR,192.0,0.906,1.0,5.0,-1.052,1.912,81.46,1.46,False,75.15,-4.85,True,92.93,12.93,False
4127403,68.55,76.19,80.0,Terra Roxa,PR,198.0,0.934,1.0,5.0,-1.052,1.959,76.19,-3.81,True,69.88,-10.12,True,87.94,7.94,False
4127502,77.76,77.79,80.0,Tibagi,PR,310.0,0.897,1.0,0.03,-1.052,-0.394,77.79,-2.21,True,71.48,-8.52,True,75.42,-4.58,True
4127601,78.76,68.4,80.0,Tijucas do Sul,PR,271.0,0.893,1.0,-5.0,-1.052,-3.324,68.4,-11.6,True,62.09,-17.91,True,48.46,-31.54,True
4127700,79.58,81.69,80.0,Toledo,PR,1829.0,0.869,1.0,2.11,-1.052,1.798,81.69,1.69,False,75.38,-4.62,True,92.48,12.48,False
4127809,91.65,83.7,80.0,Tomazina,PR,74.0,0.905,1.0,-5.0,-1.052,-2.118,83.7,3.7,False,77.39,-2.61,True,70.99,-9.01,True
4127858,79.37,75.42,80.0,Três Barras do Paraná,PR,145.0,0.883,1.0,-3.95,-1.052,-2.27,75.42,-4.58,True,69.11,-10.89,True,61.8,-18.2,True
4127882,63.46,75.01,80.0,Tunas do Paraná,PR,139.0,0.892,0.0,5.0,-1.052,1.429,75.01,-4.99,True,68.7,-11.3,True,83.59,3.59,False
4127908,71.46,68.12,80.0,Tuneiras do Oeste,PR,93.0,0.914,1.0,-3.34,-1.052,-1.778,68.12,-11.88,True,61.81,-18.19,True,57.45,-22.55,True
4127957,70.71,79.06,80.0,Tupãssi,PR,103.0,0.942,1.0,5.0,-1.052,1.005,79.06,-0.94,True,72.75,-7.25,True,85.09,5.09,False
4127965,82.63,84.81,80.0,Turvo,PR,245.0,0.869,1.0,2.18,-1.052,0.727,84.81,4.81,False,78.5,-1.5,True,89.17,9.17,False
4128005,85.59,77.6,80.0,Ubiratã,PR,285.0,0.891,1.0,-5.0,-1.052,-3.372,77.6,-2.4,True,71.29,-8.71,True,57.37,-22.63,True
4128104,64.14,63.1,80.0,Umuarama,PR,1251.0,0.886,1.0,-1.04,-1.052,-1.042,63.1,-16.9,True,56.79,-23.21,True,56.85,-23.15,True
4128203,74.94,73.17,80.0,União da Vitória,PR,627.0,0.864,1.0,-1.77,-1.052,-1.596,73.17,-6.83,True,66.86,-13.14,True,63.59,-16.41,True
4128401,76.55,66.07,80.0,Uraí,PR,72.0,0.903,1.0,-5.0,-1.052,-2.097,66.07,-13.93,True,59.76,-20.24,True,53.49,-26.51,True
4128500,81.05,74.37,80.0,Wenceslau Braz,PR,240.0,0.867,1.0,-5.0,-1.052,-3.206,74.37,-5.63,True,68.06,-11.94,True,55.14,-24.86,True
4128534,74.1,77.17,80.0,Ventania,PR,145.0,0.897,1.0,3.07,-1.052,0.68,77.17,-2.83,True,70.86,-9.14,True,81.25,1.25,False
4128559,52.37,76.11,80.0,Vera Cruz do Oeste,PR,125.0,0.888,1.0,5.0,-1.052,1.276,76.11,-3.89,True,69.8,-10.2,True,83.76,3.76,False
4128609,81.02,67.29,80.0,Verê,PR,106.0,0.906,1.0,-5.0,-1.052,-2.42,67.29,-12.71,True,60.98,-19.02,True,52.77,-27.23,True
4128633,76.32,69.45,80.0,Doutor Ulysses,PR,69.0,0.928,0.0,-5.0,-1.052,-2.065,69.45,-10.55,True,63.14,-16.86,True,57.06,-22.94,True
4128658,78.69,81.54,80.0,Virmond,PR,62.0,0.968,1.0,2.85,-1.052,-0.129,81.54,1.54,False,75.23,-4.77,True,80.77,0.77,False
4128708,71.38,70.19,80.0,Vitorino,PR,141.0,0.816,1.0,-1.19,-1.052,-1.109,70.19,-9.81,True,63.88,-16.12,True,63.53,-16.47,True
4128807,73.84,55.19,80.0,Xambrê,PR,83.0,0.892,1.0,-5.0,-1.052,-2.21,55.19,-24.81,True,48.88,-31.12,True,41.93,-38.07,True
4200101,64.82,59.88,80.0,Abelardo Luz,SC,298.0,0.839,1.0,-4.94,0.759,-2.651,59.88,-20.12,True,64.44,-15.56,True,43.97,-36.03,True
4200200,81.23,76.03,80.0,Agrolândia,SC,169.0,0.911,1.0,-5.0,0.759,-1.878,76.03,-3.97,True,80.59,0.59,False,64.76,-15.24,True
4200408,64.75,72.41,80.0,Água Doce,SC,99.0,0.758,1.0,5.0,0.759,2.164,72.41,-7.59,True,76.97,-3.03,True,85.39,5.39,False
4200507,72.27,75.76,80.0,Águas de Chapecó,SC,107.0,0.813,1.0,3.49,0.759,1.711,75.76,-4.24,True,80.32,0.32,False,86.03,6.03,False
4200606,81.28,79.3,80.0,Águas Mornas,SC,97.0,0.876,1.0,-1.98,0.759,-0.135,79.3,-0.7,True,83.86,3.86,False,78.49,-1.51,True
4200804,77.52,91.81,80.0,Anchieta,SC,76.0,0.868,1.0,5.0,0.759,1.927,91.81,11.81,False,96.37,16.37,False,100.0,20.0,False
4201000,66.05,77.33,80.0,Anita Garibaldi,SC,99.0,0.717,1.0,5.0,0.759,2.164,77.33,-2.67,True,81.89,1.89,False,90.31,10.31,False
4201208,74.47,74.89,80.0,Antônio Carlos,SC,191.0,0.89,1.0,0.42,0.759,0.594,74.89,-5.11,True,79.45,-0.55,True,78.45,-1.55,True
4201257,63.67,70.88,80.0,Apiúna,SC,108.0,0.861,1.0,5.0,0.759,2.246,70.88,-9.12,True,75.44,-4.56,True,84.36,4.36,False
4201273,79.39,96.31,80.0,Arabutã,SC,57.0,0.965,1.0,5.0,0.759,1.7,96.31,16.31,False,100.0,20.0,False,100.0,20.0,False
4201505,70.51,79.08,80.0,Armazém,SC,142.0,0.859,1.0,5.0,0.759,2.52,79.08,-0.92,True,83.64,3.64,False,94.2,14.2,False
4201604,92.0,76.24,80.0,Arroio Trinta,SC,56.0,0.804,1.0,-5.0,0.759,-0.5,76.24,-3.76,True,80.8,0.8,False,73.24,-6.76,True
4201703,81.99,94.83,80.0,Ascurra,SC,104.0,0.837,1.0,5.0,0.759,2.21,94.83,14.83,False,99.39,19.39,False,100.0,20.0,False
4201802,71.12,64.79,80.0,Atalanta,SC,50.0,0.82,1.0,-5.0,0.759,-0.392,64.79,-15.21,True,69.35,-10.65,True,62.44,-17.56,True
4201901,62.58,77.09,80.0,Aurora,SC,83.0,0.771,1.0,5.0,0.759,2.003,77.09,-2.91,True,81.65,1.65,False,89.11,9.11,False
4202057,60.27,51.19,80.0,Balneário Barra do Sul,SC,196.0,0.714,1.0,-5.0,0.759,-2.091,51.19,-28.81,True,55.75,-24.25,True,38.64,-41.36,True
4202073,51.47,49.21,80.0,Balneário Gaivota,SC,249.0,0.723,1.0,-2.26,0.759,-0.915,49.21,-30.79,True,53.77,-26.23,True,43.72,-36.28,True
4202131,86.2,81.95,80.0,Bela Vista do Toldo,SC,69.0,0.942,1.0,-4.25,0.759,-0.525,81.95,1.95,False,86.51,6.51,False,78.8,-1.2,True
4202206,61.4,71.71,80.0,Benedito Novo,SC,137.0,0.883,1.0,5.0,0.759,2.483,71.71,-8.29,True,76.27,-3.73,True,86.61,6.61,False
4202404,63.89,64.77,80.0,Blumenau,SC,3995.0,0.698,1.0,0.88,0.759,0.874,64.77,-15.23,True,69.33,-10.67,True,70.02,-9.98,True
4202438,39.12,28.06,80.0,Bocaina do Sul,SC,53.0,0.887,1.0,-5.0,0.759,-0.447,28.06,-51.94,True,32.62,-47.38,True,25.38,-54.62,True
4202503,40.62,28.72,80.0,Bom Jardim da Serra,SC,61.0,0.803,1.0,-5.0,0.759,-0.587,28.72,-51.28,True,33.28,-46.72,True,25.2,-54.8,True
4202602,32.45,47.34,80.0,Bom Retiro,SC,132.0,0.811,1.0,5.0,0.759,2.445,47.34,-32.66,True,51.9,-28.1,True,62.01,-17.99,True
4202701,69.33,65.2,80.0,Botuverá,SC,92.0,0.859,1.0,-4.13,0.759,-0.781,65.2,-14.8,True,69.76,-10.24,True,60.51,-19.49,True
4202800,60.64,59.36,80.0,Braço do Norte,SC,515.0,0.757,1.0,-1.28,0.759,-0.71,59.36,-20.64,True,63.92,-16.08,True,55.1,-24.9,True
4202859,62.17,64.21,80.0,Braço do Trombudo,SC,57.0,0.719,1.0,2.04,0.759,1.043,64.21,-15.79,True,68.77,-11.23,True,70.47,-9.53,True
4202909,68.68,67.18,80.0,Brusque,SC,1812.0,0.72,1.0,-1.5,0.759,-1.275,67.18,-12.82,True,71.74,-8.26,True,59.53,-20.47,True
4203006,69.87,65.51,80.0,Caçador,SC,1032.0,0.731,1.0,-4.36,0.759,-3.529,65.51,-14.49,True,70.07,-9.93,True,44.34,-35.66,True
4203105,75.47,27.3,80.0,Caibi,SC,80.0,0.8,1.0,-5.0,0.759,-0.886,27.3,-52.7,True,31.86,-48.14,True,21.98,-58.02,True
4203154,62.96,57.9,80.0,Calmon,SC,93.0,0.806,0.0,-5.0,0.759,-1.069,57.9,-22.1,True,62.46,-17.54,True,51.49,-28.51,True
4203303,66.48,59.82,80.0,Campo Alegre,SC,179.0,0.81,1.0,-5.0,0.759,-1.961,59.82,-20.18,True,64.38,-15.62,True,48.06,-31.94,True
4203402,41.77,53.29,80.0,Campo Belo do Sul,SC,74.0,0.851,1.0,5.0,0.759,1.905,53.29,-26.71,True,57.85,-22.15,True,64.72,-15.28,True
4203501,60.89,48.28,80.0,Campo Erê,SC,141.0,0.865,1.0,-5.0,0.759,-1.622,48.28,-31.72,True,52.84,-27.16,True,38.55,-41.45,True
4203600,64.29,64.77,80.0,Campos Novos,SC,505.0,0.782,1.0,0.48,0.759,0.559,64.77,-15.23,True,69.33,-10.67,True,68.13,-11.87,True
4203709,59.28,41.37,80.0,Canelinha,SC,94.0,0.84,1.0,-5.0,0.759,-1.082,41.37,-38.63,True,45.93,-34.07,True,34.88,-45.12,True
4203808,73.93,71.93,80.0,Canoinhas,SC,720.0,0.793,1.0,-2.0,0.759,-1.4,71.93,-8.07,True,76.49,-3.51,True,63.53,-16.47,True
4203907,72.28,69.54,80.0,Capinzal,SC,357.0,0.793,1.0,-2.74,0.759,-1.483,69.54,-10.46,True,74.1,-5.9,True,60.64,-19.36,True
4204004,68.3,72.43,80.0,Catanduvas,SC,181.0,0.785,1.0,4.13,0.759,2.361,72.43,-7.57,True,76.99,-3.01,True,86.59,6.59,False
4204194,52.44,65.91,80.0,Chapadão do Lageado,SC,50.0,0.94,1.0,5.0,0.759,1.608,65.91,-14.09,True,70.47,-9.53,True,75.56,-4.44,True
4204202,56.22,56.25,80.0,Chapecó,SC,3426.0,0.79,1.0,0.03,0.759,0.07,56.25,-23.75,True,60.81,-19.19,True,56.67,-23.33,True
4204301,76.4,75.26,80.0,Concórdia,SC,1137.0,0.836,1.0,-1.14,0.759,-0.856,75.26,-4.74,True,79.82,-0.18,True,70.12,-9.88,True
4204350,54.76,65.36,80.0,Cordilheira Alta,SC,101.0,0.931,1.0,5.0,0.759,2.182,65.36,-14.64,True,69.92,-10.08,True,78.45,-1.55,True
4204400,74.28,86.74,80.0,Coronel Freitas,SC,121.0,0.843,1.0,5.0,0.759,2.358,86.74,6.74,False,91.3,11.3,False,100.0,20.0,False
4204509,61.16,79.7,80.0,Corupá,SC,232.0,0.815,1.0,5.0,0.759,3.037,79.7,-0.3,True,84.26,4.26,False,97.92,17.92,False
4204558,59.62,56.53,80.0,Correia Pinto,SC,214.0,0.785,1.0,-3.09,0.759,-1.23,56.53,-23.47,True,61.09,-18.91,True,49.15,-30.85,True
4204608,59.07,59.75,80.0,Criciúma,SC,2449.0,0.826,1.0,0.68,0.759,0.686,59.75,-20.25,True,64.31,-15.69,True,63.87,-16.13,True
4204707,93.9,77.07,80.0,Cunha Porã,SC,148.0,0.831,1.0,-5.0,0.759,-1.69,77.07,-2.93,True,81.63,1.63,False,66.93,-13.07,True
4204806,48.56,53.48,80.0,Curitibanos,SC,568.0,0.725,1.0,4.92,0.759,3.837,53.48,-26.52,True,58.04,-21.96,True,76.5,-3.5,True
4204905,80.41,70.31,80.0,Descanso,SC,77.0,0.883,1.0,-5.0,0.759,-0.842,70.31,-9.69,True,74.87,-5.13,True,65.26,-14.74,True
4205001,59.65,66.23,80.0,Dionísio Cerqueira,SC,205.0,0.839,1.0,5.0,0.759,2.906,66.23,-13.77,True,70.79,-9.21,True,83.67,3.67,False
4205100,87.24,88.51,80.0,Dona Emma,SC,64.0,0.844,1.0,1.27,0.759,0.883,88.51,8.51,False,93.07,13.07,False,93.81,13.81,False
4205191,8.81,69.96,80.0,Ermo,SC,59.0,0.831,1.0,5.0,0.759,1.725,69.96,-10.04,True,74.52,-5.48,True,80.31,0.31,False
4205209,56.49,58.15,80.0,Erval Velho,SC,65.0,0.754,1.0,1.66,0.759,0.98,58.15,-21.85,True,62.71,-17.29,True,64.03,-15.97,True
4205308,52.68,66.52,80.0,Faxinal dos Guedes,SC,153.0,0.843,1.0,5.0,0.759,2.597,66.52,-13.48,True,71.08,-8.92,True,82.1,2.1,False
4205456,58.71,63.94,80.0,Forquilhinha,SC,535.0,0.757,1.0,5.0,0.759,3.846,63.94,-16.06,True,68.5,-11.5,True,87.02,7.02,False
4205506,66.55,77.72,80.0,Fraiburgo,SC,534.0,0.846,1.0,5.0,0.759,3.845,77.72,-2.28,True,82.28,2.28,False,100.0,20.0,False
4205605,80.83,70.47,80.0,Galvão,SC,52.0,0.904,1.0,-5.0,0.759,-0.429,70.47,-9.53,True,75.03,-4.97,True,67.9,-12.1,True
4205704,70.59,75.75,80.0,Garopaba,SC,445.0,0.769,1.0,5.0,0.759,3.685,75.75,-4.25,True,80.31,0.31,False,97.86,17.86,False
4205803,54.71,66.73,80.0,Garuva,SC,318.0,0.723,1.0,5.0,0.759,3.363,66.73,-13.27,True,71.29,-8.71,True,86.91,6.91,False
4206108,65.15,70.23,80.0,Grão Pará,SC,100.0,0.78,1.0,5.0,0.759,2.173,70.23,-9.77,True,74.79,-5.21,True,83.27,3.27,False
4206207,52.63,76.93,80.0,Gravatal,SC,153.0,0.745,1.0,5.0,0.759,2.597,76.93,-3.07,True,81.49,1.49,False,92.51,12.51,False
4206306,70.17,73.93,80.0,Guabiruba,SC,376.0,0.758,1.0,3.76,0.759,2.718,73.93,-6.07,True,78.49,-1.51,True,90.24,10.24,False
4206405,83.28,83.69,80.0,Guaraciaba,SC,96.0,0.885,1.0,0.41,0.759,0.646,83.69,3.69,False,88.25,8.25,False,87.57,7.57,False
4206504,70.33,64.09,80.0,Guaramirim,SC,692.0,0.705,1.0,-5.0,0.759,-3.709,64.09,-15.91,True,68.65,-11.35,True,41.84,-38.16,True
4206603,88.63,59.9,80.0,Guarujá do Sul,SC,95.0,0.979,1.0,-5.0,0.759,-1.095,59.9,-20.1,True,64.46,-15.54,True,53.33,-26.67,True
4206652,44.44,38.7,80.0,Guatambú,SC,156.0,0.801,1.0,-5.0,0.759,-1.764,38.7,-41.3,True,43.26,-36.74,True,28.11,-51.89,True
4206702,53.21,59.83,80.0,Herval d'Oeste,SC,277.0,0.812,1.0,5.0,0.759,3.222,59.83,-20.17,True,64.39,-15.61,True,79.16,-0.84,True
4206900,67.48,71.81,80.0,Ibirama,SC,247.0,0.822,1.0,4.33,0.759,2.732,71.81,-8.19,True,76.37,-3.63,True,88.2,8.2,False
4207007,69.76,69.72,80.0,Içara,SC,872.0,0.76,1.0,-0.04,0.759,0.109,69.72,-10.28,True,74.28,-5.72,True,70.37,-9.63,True
4207205,63.38,44.91,80.0,Imaruí,SC,143.0,0.776,1.0,-5.0,0.759,-1.642,44.91,-35.09,True,49.47,-30.53,True,35.06,-44.94,True
4207403,64.78,79.52,80.0,Imbuia,SC,92.0,0.913,1.0,5.0,0.759,2.096,79.52,-0.48,True,84.08,4.08,False,92.09,12.09,False
4207502,55.2,67.83,80.0,Indaial,SC,1071.0,0.825,1.0,5.0,0.759,4.333,67.83,-12.17,True,72.39,-7.61,True,93.83,13.83,False
4207601,83.23,84.43,80.0,Ipira,SC,62.0,0.839,1.0,1.2,0.759,0.864,84.43,4.43,False,88.99,8.99,False,89.61,9.61,False
4207650,86.65,92.28,80.0,Iporã do Oeste,SC,94.0,0.926,1.0,5.0,0.759,2.115,92.28,12.28,False,96.84,16.84,False,100.0,20.0,False
4207700,53.96,62.84,80.0,Ipumirim,SC,103.0,0.893,1.0,5.0,0.759,2.201,62.84,-17.16,True,67.4,-12.6,True,76.05,-3.95,True
4207809,73.89,71.4,80.0,Irani,SC,150.0,0.82,1.0,-2.49,0.759,-0.633,71.4,-8.6,True,75.96,-4.04,True,67.6,-12.4,True
4207908,71.82,79.25,80.0,Irineópolis,SC,145.0,0.89,1.0,5.0,0.759,2.542,79.25,-0.75,True,83.81,3.81,False,94.5,14.5,False
4208005,69.06,77.62,80.0,Itá,SC,117.0,0.821,1.0,5.0,0.759,2.325,77.62,-2.38,True,82.18,2.18,False,91.57,11.57,False
4208104,65.52,57.23,80.0,Itaiópolis,SC,324.0,0.762,1.0,-5.0,0.759,-2.802,57.23,-22.77,True,61.79,-18.21,True,40.42,-39.58,True
4208401,71.58,78.16,80.0,Itapiranga,SC,262.0,0.882,1.0,5.0,0.759,3.164,78.16,-1.84,True,82.72,2.72,False,97.15,17.15,False
4208500,64.17,77.25,80.0,Ituporanga,SC,364.0,0.819,1.0,5.0,0.759,3.496,77.25,-2.75,True,81.81,1.81,False,98.23,18.23,False
4208708,53.02,70.16,80.0,Jacinto Machado,SC,138.0,0.819,1.0,5.0,0.759,2.491,70.16,-9.84,True,74.72,-5.28,True,85.1,5.1,False
4208807,42.4,56.28,80.0,Jaguaruna,SC,414.0,0.729,1.0,5.0,0.759,3.619,56.28,-23.72,True,60.84,-19.16,True,77.99,-2.01,True
4208906,72.79,75.11,80.0,Jaraguá do Sul,SC,2239.0,0.746,1.0,2.32,0.759,2.192,75.11,-4.89,True,79.67,-0.33,True,88.26,8.26,False
4209003,59.16,70.42,80.0,Joaçaba,SC,254.0,0.728,1.0,5.0,0.759,3.132,70.42,-9.58,True,74.98,-5.02,True,89.21,9.21,False
4209102,65.94,68.79,80.0,Joinville,SC,7519.0,0.706,1.0,2.85,0.759,2.796,68.79,-11.21,True,73.35,-6.65,True,85.57,5.57,False
4209151,37.11,52.77,80.0,José Boiteux,SC,119.0,0.613,1.0,5.0,0.759,2.341,52.77,-27.23,True,57.33,-22.67,True,66.82,-13.18,True
4209300,48.56,55.85,80.0,Lages,SC,2025.0,0.73,1.0,5.0,0.759,4.619,55.85,-24.15,True,60.41,-19.59,True,83.56,3.56,False
4209409,33.26,34.29,80.0,Laguna,SC,421.0,0.684,1.0,1.03,0.759,0.943,34.29,-45.71,True,38.85,-41.15,True,39.95,-40.05,True
4209508,64.28,60.32,80.0,Laurentino,SC,111.0,0.757,1.0,-3.96,0.759,-0.925,60.32,-19.68,True,64.88,-15.12,True,54.77,-25.23,True
4209607,63.3,72.59,80.0,Lauro Muller,SC,224.0,0.723,1.0,5.0,0.759,3.0,72.59,-7.41,True,77.15,-2.85,True,90.59,10.59,False
4209706,40.87,56.41,80.0,Lebon Régis,SC,188.0,0.734,1.0,5.0,0.759,2.814,56.41,-23.59,True,60.97,-19.03,True,73.29,-6.71,True
4209854,87.38,84.61,80.0,Lindóia do Sul,SC,54.0,0.852,1.0,-2.77,0.759,0.009,84.61,4.61,False,89.17,9.17,False,84.66,4.66,False
4209904,59.83,58.41,80.0,Lontras,SC,215.0,0.833,1.0,-1.42,0.759,-0.37,58.41,-21.59,True,62.97,-17.03,True,56.19,-23.81,True
4210001,80.43,76.19,80.0,Luiz Alves,SC,222.0,0.838,1.0,-4.24,0.759,-1.871,76.19,-3.81,True,80.75,0.75,False,64.97,-15.03,True
4210035,72.91,79.74,80.0,Luzerna,SC,72.0,0.819,1.0,5.0,0.759,1.882,79.74,-0.26,True,84.3,4.3,False,91.03,11.03,False
4210100,72.98,77.41,80.0,Mafra,SC,656.0,0.805,1.0,4.43,0.759,3.572,77.41,-2.59,True,81.97,1.97,False,98.84,18.84,False
4210308,69.07,74.01,80.0,Major Vieira,SC,108.0,0.824,1.0,4.94,0.759,2.225,74.01,-5.99,True,78.57,-1.43,True,87.36,7.36,False
4210407,58.51,61.81,80.0,Maracajá,SC,130.0,0.762,1.0,3.3,0.759,1.76,61.81,-18.19,True,66.37,-13.63,True,72.37,-7.63,True
4210506,84.42,76.03,80.0,Maravilha,SC,419.0,0.835,1.0,-5.0,0.759,-3.139,76.03,-3.97,True,80.59,0.59,False,57.2,-22.8,True
4210605,70.98,77.07,80.0,Massaranduba,SC,250.0,0.872,1.0,5.0,0.759,3.115,77.07,-2.93,True,81.63,1.63,False,95.76,15.76,False
4210704,70.5,37.3,80.0,Matos Costa,SC,52.0,0.75,1.0,-5.0,0.759,-0.429,37.3,-42.7,True,41.86,-38.14,True,34.73,-45.27,True
4210803,54.81,48.04,80.0,Meleiro,SC,100.0,0.83,1.0,-5.0,0.759,-1.16,48.04,-31.96,True,52.6,-27.4,True,41.08,-38.92,True
4211009,68.6,56.85,80.0,Mondaí,SC,120.0,0.867,1.0,-5.0,0.759,-1.4,56.85,-23.15,True,61.41,-18.59,True,48.45,-31.55,True
4211058,63.76,52.67,80.0,Monte Carlo,SC,156.0,0.756,1.0,-5.0,0.759,-1.764,52.67,-27.33,True,57.23,-22.77,True,42.08,-37.92,True
4211108,58.78,43.19,80.0,Monte Castelo,SC,144.0,0.75,1.0,-5.0,0.759,-1.651,43.19,-36.81,True,47.75,-32.25,True,33.28,-46.72,True
4211207,68.02,68.09,80.0,Morro da Fumaça,SC,298.0,0.886,1.0,0.07,0.759,0.347,68.09,-11.91,True,72.65,-7.35,True,70.17,-9.83,True
4211405,69.15,72.86,80.0,Nova Erechim,SC,74.0,0.946,1.0,3.71,0.759,1.556,72.86,-7.14,True,77.42,-2.58,True,82.2,2.2,False
4211454,67.4,71.17,80.0,Nova Itaberaba,SC,52.0,0.865,1.0,3.77,0.759,1.381,71.17,-8.83,True,75.73,-4.27,True,79.45,-0.55,True
4211603,69.57,79.48,80.0,Nova Veneza,SC,170.0,0.894,1.0,5.0,0.759,2.708,79.48,-0.52,True,84.04,4.04,False,95.73,15.73,False
4211702,65.83,68.14,80.0,Orleans,SC,298.0,0.795,1.0,2.31,0.759,1.687,68.14,-11.86,True,72.7,-7.3,True,78.26,-1.74,True
4211751,55.06,70.95,80.0,Otacílio Costa,SC,296.0,0.851,1.0,5.0,0.759,3.29,70.95,-9.05,True,75.51,-4.49,True,90.69,10.69,False
4211801,72.58,82.18,80.0,Ouro,SC,76.0,0.776,1.0,5.0,0.759,1.927,82.18,2.18,False,86.74,6.74,False,93.74,13.74,False
4212007,80.08,79.92,80.0,Palma Sola,SC,107.0,0.832,1.0,-0.16,0.759,0.439,79.92,-0.08,True,84.48,4.48,False,82.55,2.55,False
4212106,58.21,64.41,80.0,Palmitos,SC,184.0,0.886,1.0,5.0,0.759,2.791,64.41,-15.59,True,68.97,-11.03,True,81.16,1.16,False
4212205,70.53,64.15,80.0,Papanduva,SC,219.0,0.808,1.0,-5.0,0.759,-2.251,64.15,-15.85,True,68.71,-11.29,True,50.64,-29.36,True
4212254,56.11,59.86,80.0,Passo de Torres,SC,226.0,0.704,1.0,3.75,0.759,2.346,59.86,-20.14,True,64.42,-15.58,True,73.94,-6.06,True
4212270,49.26,60.0,80.0,Passos Maia,SC,57.0,0.895,1.0,5.0,0.759,1.7,60.0,-20.0,True,64.56,-15.44,True,70.2,-9.8,True
4212304,63.06,40.02,80.0,Paulo Lopes,SC,133.0,0.887,1.0,-5.0,0.759,-1.541,40.02,-39.98,True,44.58,-35.42,True,30.77,-49.23,True
4212650,40.37,45.95,80.0,Pescaria Brava,SC,132.0,0.909,1.0,5.0,0.759,2.445,45.95,-34.05,True,50.51,-29.49,True,60.62,-19.38,True
4212700,62.16,66.84,80.0,Petrolândia,SC,86.0,0.884,1.0,4.68,0.759,1.938,66.84,-13.16,True,71.4,-8.6,True,78.47,-1.53,True
4212809,61.5,53.84,80.0,Balneário Piçarras,SC,534.0,0.7,1.0,-5.0,0.759,-3.431,53.84,-26.16,True,58.4,-21.6,True,33.26,-46.74,True
4212908,78.25,78.35,80.0,Pinhalzinho,SC,295.0,0.831,1.0,0.1,0.759,0.366,78.35,-1.65,True,82.91,2.91,False,80.55,0.55,False
4213005,59.28,79.31,80.0,Pinheiro Preto,SC,61.0,0.852,1.0,5.0,0.759,1.751,79.31,-0.69,True,83.87,3.87,False,89.81,9.81,False
4213104,81.43,83.99,80.0,Piratuba,SC,84.0,0.798,1.0,2.56,0.759,1.292,83.99,3.99,False,88.55,8.55,False,91.74,11.74,False
4213203,63.17,70.85,80.0,Pomerode,SC,408.0,0.873,1.0,5.0,0.759,3.605,70.85,-9.15,True,75.41,-4.59,True,92.48,12.48,False
4213302,40.98,60.53,80.0,Ponte Alta,SC,62.0,0.823,1.0,5.0,0.759,1.763,60.53,-19.47,True,65.09,-14.91,True,71.11,-8.89,True
4213351,64.09,70.19,80.0,Ponte Alta do Norte,SC,59.0,0.797,1.0,5.0,0.759,1.725,70.19,-9.81,True,74.75,-5.25,True,80.54,0.54,False
4213401,53.07,66.76,80.0,Ponte Serrada,SC,199.0,0.824,1.0,5.0,0.759,2.874,66.76,-13.24,True,71.32,-8.68,True,84.01,4.01,False
4213609,70.51,59.53,80.0,Porto União,SC,314.0,0.793,1.0,-5.0,0.759,-2.759,59.53,-20.47,True,64.09,-15.91,True,42.98,-37.02,True
4213708,66.5,60.13,80.0,Pouso Redondo,SC,319.0,0.768,1.0,-5.0,0.759,-2.781,60.13,-19.87,True,64.69,-15.31,True,43.45,-36.55,True
4213807,65.61,69.36,80.0,Praia Grande,SC,136.0,0.809,1.0,3.75,0.759,1.97,69.36,-10.64,True,73.92,-6.08,True,81.18,1.18,False
4214003,62.2,55.72,80.0,Presidente Getúlio,SC,303.0,0.736,1.0,-5.0,0.759,-2.71,55.72,-24.28,True,60.28,-19.72,True,39.46,-40.54,True
4214201,67.13,70.08,80.0,Quilombo,SC,138.0,0.855,1.0,2.95,0.759,1.654,70.08,-9.92,True,74.64,-5.36,True,80.0,0.0,False
4214508,68.01,74.29,80.0,Rio do Campo,SC,70.0,0.814,1.0,5.0,0.759,1.859,74.29,-5.71,True,78.85,-1.15,True,85.44,5.44,False
4214607,81.39,70.6,80.0,Rio do Oeste,SC,94.0,0.67,1.0,-5.0,0.759,-1.082,70.6,-9.4,True,75.16,-4.84,True,64.11,-15.89,True
4214706,60.74,68.59,80.0,Rio dos Cedros,SC,131.0,0.802,1.0,5.0,0.759,2.438,68.59,-11.41,True,73.15,-6.85,True,83.22,3.22,False
4214904,78.36,68.78,80.0,Rio Fortuna,SC,72.0,0.875,1.0,-5.0,0.759,-0.765,68.78,-11.22,True,73.34,-6.66,True,64.19,-15.81,True
4215000,60.13,66.96,80.0,Rio Negrinho,SC,581.0,0.836,1.0,5.0,0.759,3.914,66.96,-13.04,True,71.52,-8.48,True,90.44,10.44,False
4215075,83.43,72.07,80.0,Riqueza,SC,54.0,0.722,1.0,-5.0,0.759,-0.465,72.07,-7.93,True,76.63,-3.37,True,69.28,-10.72,True
4215109,57.06,68.35,80.0,Rodeio,SC,156.0,0.769,1.0,5.0,0.759,2.618,68.35,-11.65,True,72.91,-7.09,True,84.06,4.06,False
4215307,78.0,68.23,80.0,Salete,SC,126.0,0.873,1.0,-5.0,0.759,-1.467,68.23,-11.77,True,72.79,-7.21,True,59.43,-20.57,True
4215406,85.44,72.08,80.0,Salto Veloso,SC,60.0,0.85,1.0,-5.0,0.759,-0.57,72.08,-7.92,True,76.64,-3.36,True,68.66,-11.34,True
4215455,69.26,68.6,80.0,Sangão,SC,224.0,0.701,1.0,-0.66,0.759,0.01,68.6,-11.4,True,73.16,-6.84,True,68.66,-11.34,True
4215505,66.38,57.41,80.0,Santa Cecília,SC,258.0,0.891,1.0,-5.0,0.759,-2.485,57.41,-22.59,True,61.97,-18.03,True,42.5,-37.5,True
4215653,55.48,74.56,80.0,Santa Rosa do Sul,SC,157.0,0.739,1.0,5.0,0.759,2.624,74.56,-5.44,True,79.12,-0.88,True,90.31,10.31,False
4215679,83.61,69.26,80.0,Santa Terezinha,SC,105.0,0.943,1.0,-5.0,0.759,-1.223,69.26,-10.74,True,73.82,-6.18,True,61.92,-18.08,True
4215703,58.19,60.42,80.0,Santo Amaro da Imperatriz,SC,367.0,0.714,1.0,2.23,0.759,1.711,60.42,-19.58,True,64.98,-15.02,True,70.69,-9.31,True
4215802,73.1,76.73,80.0,São Bento do Sul,SC,1044.0,0.76,1.0,3.63,0.759,3.168,76.73,-3.27,True,81.29,1.29,False,95.74,15.74,False
4216008,62.12,80.35,80.0,São Carlos,SC,154.0,0.831,1.0,5.0,0.759,2.604,80.35,0.35,False,84.91,4.91,False,95.98,15.98,False
4216107,78.45,76.94,80.0,São Domingos,SC,89.0,0.865,1.0,-1.51,0.759,0.061,76.94,-3.06,True,81.5,1.5,False,77.3,-2.7,True
4216255,96.02,92.42,80.0,São João do Oeste,SC,70.0,0.929,1.0,-3.6,0.759,-0.371,92.42,12.42,False,96.98,16.98,False,90.2,10.2,False
4216354,55.09,64.01,80.0,São João do Itaperiú,SC,66.0,0.97,1.0,5.0,0.759,1.812,64.01,-15.99,True,68.57,-11.43,True,74.88,-5.12,True
4216404,77.85,76.69,80.0,São João do Sul,SC,145.0,0.793,1.0,-1.16,0.759,-0.047,76.69,-3.31,True,81.25,1.25,False,76.41,-3.59,True
4216503,34.45,43.26,80.0,São Joaquim,SC,337.0,0.846,1.0,5.0,0.759,3.421,43.26,-36.74,True,47.82,-32.18,True,63.78,-16.22,True
4216701,76.38,82.26,80.0,São José do Cedro,SC,177.0,0.898,1.0,5.0,0.759,2.75,82.26,2.26,False,86.82,6.82,False,98.76,18.76,False
4216800,76.47,65.03,80.0,São José do Cerrito,SC,93.0,0.796,0.0,-5.0,0.759,-1.069,65.03,-14.97,True,69.59,-10.41,True,58.62,-21.38,True
4216909,71.41,71.25,80.0,São Lourenço do Oeste,SC,381.0,0.793,1.0,-0.16,0.759,0.157,71.25,-8.75,True,75.81,-4.19,True,72.19,-7.81,True
4217006,65.85,68.64,80.0,São Ludgero,SC,216.0,0.875,1.0,2.79,0.759,1.814,68.64,-11.36,True,73.2,-6.8,True,79.52,-0.48,True
4217204,68.64,75.64,80.0,São Miguel do Oeste,SC,524.0,0.836,1.0,5.0,0.759,3.829,75.64,-4.36,True,80.2,0.2,False,98.61,18.61,False
4217253,73.98,59.93,80.0,São Pedro de Alcântara,SC,74.0,0.838,1.0,-5.0,0.759,-0.796,59.93,-20.07,True,64.49,-15.51,True,55.15,-24.85,True
4217303,81.64,80.9,80.0,Saudades,SC,150.0,0.933,1.0,-0.74,0.759,0.117,80.9,0.9,False,85.46,5.46,False,81.6,1.6,False
4217402,63.05,75.91,80.0,Schroeder,SC,317.0,0.83,1.0,5.0,0.759,3.36,75.91,-4.09,True,80.47,0.47,False,96.07,16.07,False
4217501,83.55,70.92,80.0,Seara,SC,298.0,0.802,1.0,-5.0,0.759,-2.687,70.92,-9.08,True,75.48,-4.52,True,54.8,-25.2,True
4217600,61.68,53.57,80.0,Siderópolis,SC,140.0,0.879,1.0,-5.0,0.759,-1.612,53.57,-26.43,True,58.13,-21.87,True,43.9,-36.1,True
4217709,64.93,49.72,80.0,Sombrio,SC,436.0,0.761,1.0,-5.0,0.759,-3.189,49.72,-30.28,True,54.28,-25.72,True,30.59,-49.41,True
4217808,72.79,70.32,80.0,Taió,SC,221.0,0.796,1.0,-2.47,0.759,-0.936,70.32,-9.68,True,74.88,-5.12,True,64.71,-15.29,True
4218103,71.29,80.2,80.0,Timbé do Sul,SC,87.0,0.747,1.0,5.0,0.759,2.045,80.2,0.2,False,84.76,4.76,False,92.47,12.47,False
4218202,69.86,77.99,80.0,Timbó,SC,525.0,0.821,1.0,5.0,0.759,3.83,77.99,-2.01,True,82.55,2.55,False,100.0,20.0,False
4218301,49.8,47.98,80.0,Três Barras,SC,328.0,0.713,1.0,-1.82,0.759,-0.843,47.98,-32.02,True,52.54,-27.46,True,42.92,-37.08,True
4218400,71.87,62.38,80.0,Treze de Maio,SC,102.0,0.882,1.0,-5.0,0.759,-1.186,62.38,-17.62,True,66.94,-13.06,True,55.27,-24.73,True
4218509,74.33,71.92,80.0,Treze Tílias,SC,166.0,0.831,1.0,-2.41,0.759,-0.678,71.92,-8.08,True,76.48,-3.52,True,67.85,-12.15,True
4218608,68.13,63.31,80.0,Trombudo Central,SC,96.0,0.906,1.0,-4.82,0.759,-1.05,63.31,-16.69,True,67.87,-12.13,True,57.01,-22.99,True
4218707,70.32,68.26,80.0,Tubarão,SC,1201.0,0.719,1.0,-2.06,0.759,-1.658,68.26,-11.74,True,72.82,-7.18,True,58.31,-21.69,True
4218756,79.86,73.65,80.0,Tunápolis,SC,54.0,0.926,1.0,-5.0,0.759,-0.465,73.65,-6.35,True,78.21,-1.79,True,70.86,-9.14,True
4218806,59.25,69.98,80.0,Turvo,SC,159.0,0.811,1.0,5.0,0.759,2.638,69.98,-10.02,True,74.54,-5.46,True,85.81,5.81,False
4218905,60.18,76.9,80.0,Urubici,SC,159.0,0.711,1.0,5.0,0.759,2.638,76.9,-3.1,True,81.46,1.46,False,92.73,12.73,False
4218954,80.15,36.34,80.0,Urupema,SC,55.0,0.782,1.0,-5.0,0.759,-0.483,36.34,-43.66,True,40.9,-39.1,True,33.44,-46.56,True
4219002,68.86,71.86,80.0,Urussanga,SC,244.0,0.885,1.0,3.0,0.759,1.991,71.86,-8.14,True,76.42,-3.58,True,83.8,3.8,False
4219176,64.24,67.69,80.0,Vargem Bonita,SC,83.0,0.916,1.0,3.45,0.759,1.549,67.69,-12.31,True,72.25,-7.75,True,76.98,-3.02,True
4219200,73.28,83.76,80.0,Vidal Ramos,SC,80.0,0.85,1.0,5.0,0.759,1.971,83.76,3.76,False,88.32,8.32,False,95.59,15.59,False
4219309,57.29,64.11,80.0,Videira,SC,751.0,0.778,1.0,5.0,0.759,4.108,64.11,-15.89,True,68.67,-11.33,True,88.76,8.76,False
4219358,44.55,76.12,80.0,Vitor Meireles,SC,61.0,0.852,1.0,5.0,0.759,1.751,76.12,-3.88,True,80.68,0.68,False,86.62,6.62,False
4219408,79.96,77.27,80.0,Witmarsum,SC,52.0,0.846,1.0,-2.69,0.759,0.048,77.27,-2.73,True,81.83,1.83,False,77.56,-2.44,True
4219507,66.62,72.14,80.0,Xanxerê,SC,597.0,0.76,1.0,5.0,0.759,3.936,72.14,-7.86,True,76.7,-3.3,True,95.76,15.76,False
4219705,66.61,59.5,80.0,Xaxim,SC,526.0,0.806,1.0,-5.0,0.759,-3.413,59.5,-20.5,True,64.06,-15.94,True,39.02,-40.98,True
4219853,65.06,57.58,80.0,Zortéa,SC,90.0,0.833,1.0,-5.0,0.759,-1.028,57.58,-22.42,True,62.14,-17.86,True,51.41,-28.59,True
4220000,50.34,54.65,80.0,Balneário Rincão,SC,274.0,0.763,1.0,4.31,0.759,2.812,54.65,-25.35,True,59.21,-20.79,True,71.52,-8.48,True
4300034,69.95,52.5,80.0,Aceguá,RS,53.0,0.868,1.0,-5.0,-4.368,-4.5,52.5,-27.5,True,26.29,-53.71,True,25.5,-54.5,True
4300109,56.12,56.9,80.0,Agudo,RS,177.0,0.915,1.0,0.78,-4.368,-1.951,56.9,-23.1,True,30.69,-49.31,True,45.19,-34.81,True
4300505,74.94,66.5,80.0,Alpestre,RS,66.0,0.924,1.0,-5.0,-4.368,-4.525,66.5,-13.5,True,40.29,-39.71,True,39.35,-40.65,True
4300604,46.56,37.0,80.0,Alvorada,RS,2670.0,0.739,1.0,-5.0,-4.368,-4.956,37.0,-43.0,True,10.79,-69.21,True,7.26,-72.74,True
4300646,48.98,70.8,80.0,Ametista do Sul,RS,73.0,0.918,1.0,5.0,-4.368,-1.863,70.8,-9.2,True,44.59,-35.41,True,59.62,-20.38,True
4300802,65.93,46.6,80.0,Antônio Prado,RS,95.0,0.916,1.0,-5.0,-4.368,-4.571,46.6,-33.4,True,20.39,-59.61,True,19.17,-60.83,True
4300877,75.69,43.5,80.0,Araricá,RS,130.0,0.762,1.0,-5.0,-4.368,-4.617,43.5,-36.5,True,17.29,-62.71,True,15.8,-64.2,True
4300901,85.04,39.2,80.0,Aratiba,RS,65.0,0.923,1.0,-5.0,-4.368,-4.523,39.2,-40.8,True,12.99,-67.01,True,12.06,-67.94,True
4301008,82.6,63.6,80.0,Arroio do Meio,RS,191.0,0.864,1.0,-5.0,-4.368,-4.677,63.6,-16.4,True,37.39,-42.61,True,35.54,-44.46,True
4301057,67.46,46.5,80.0,Arroio do Sal,RS,162.0,0.846,1.0,-5.0,-4.368,-4.651,46.5,-33.5,True,20.29,-59.71,True,18.6,-61.4,True
4301107,40.49,43.2,80.0,Arroio dos Ratos,RS,158.0,0.823,1.0,2.71,-4.368,-1.244,43.2,-36.8,True,16.99,-63.01,True,35.74,-44.26,True
4301206,80.42,64.7,80.0,Arroio do Tigre,RS,75.0,0.933,1.0,-5.0,-4.368,-4.54,64.7,-15.3,True,38.49,-41.51,True,37.46,-42.54,True
4301404,78.93,63.2,80.0,Arvorezinha,RS,83.0,0.964,1.0,-5.0,-4.368,-4.553,63.2,-16.8,True,36.99,-43.01,True,35.88,-44.12,True
4301602,62.01,46.6,80.0,Bagé,RS,1077.0,0.835,1.0,-5.0,-4.368,-4.901,46.6,-33.4,True,20.39,-59.61,True,17.19,-62.81,True
4301636,58.38,43.6,80.0,Balneário Pinhal,RS,207.0,0.787,1.0,-5.0,-4.368,-4.689,43.6,-36.4,True,17.39,-62.61,True,15.46,-64.54,True
4301701,92.23,76.6,80.0,Barão de Cotegipe,RS,77.0,0.974,1.0,-5.0,-4.368,-4.543,76.6,-3.4,True,50.39,-29.61,True,49.34,-30.66,True
4301875,61.01,25.5,80.0,Barra do Quaraí,RS,65.0,0.985,1.0,-5.0,-4.368,-4.523,25.5,-54.5,True,0.0,-80.0,True,0.0,-80.0,True
4301909,68.6,43.6,80.0,Barra do Ribeiro,RS,98.0,0.745,1.0,-5.0,-4.368,-4.576,43.6,-36.4,True,17.39,-62.61,True,16.15,-63.85,True
4302006,51.05,46.9,80.0,Barros Cassal,RS,99.0,0.869,1.0,-4.15,-4.368,-4.296,46.9,-33.1,True,20.69,-59.31,True,21.13,-58.87,True
4302105,77.38,50.8,80.0,Bento Gonçalves,RS,1211.0,0.855,1.0,-5.0,-4.368,-4.91,50.8,-29.2,True,24.59,-55.41,True,21.34,-58.66,True
4302204,81.93,74.0,80.0,Boa Vista do Buricá,RS,77.0,0.935,1.0,-5.0,-4.368,-4.543,74.0,-6.0,True,47.79,-32.21,True,46.74,-33.26,True
4302303,72.59,40.2,80.0,Bom Jesus,RS,150.0,0.853,1.0,-5.0,-4.368,-4.639,40.2,-39.8,True,13.99,-66.01,True,12.37,-67.63,True
4302352,73.71,55.3,80.0,Bom Princípio,RS,188.0,0.91,1.0,-5.0,-4.368,-4.674,55.3,-24.7,True,29.09,-50.91,True,27.26,-52.74,True
4302402,78.19,64.6,80.0,Bom Retiro do Sul,RS,153.0,0.856,1.0,-5.0,-4.368,-4.642,64.6,-15.4,True,38.39,-41.61,True,36.75,-43.25,True
4302659,64.81,57.5,80.0,Brochier,RS,60.0,1.0,1.0,-5.0,-4.368,-4.514,57.5,-22.5,True,31.29,-48.71,True,30.42,-49.58,True
4302709,51.25,44.8,80.0,Butiá,RS,230.0,0.809,1.0,-5.0,-4.368,-4.706,44.8,-35.2,True,18.59,-61.41,True,16.56,-63.44,True
4302808,54.77,43.8,80.0,Caçapava do Sul,RS,334.0,0.826,1.0,-5.0,-4.368,-4.763,43.8,-36.2,True,17.59,-62.41,True,15.22,-64.78,True
4302907,50.76,49.0,80.0,Cacequi,RS,90.0,0.789,1.0,-1.76,-4.368,-3.558,49.0,-31.0,True,22.79,-57.21,True,27.65,-52.35,True
4303004,57.47,40.2,80.0,Cachoeira do Sul,RS,599.0,0.845,1.0,-5.0,-4.368,-4.842,40.2,-39.8,True,13.99,-66.01,True,11.15,-68.85,True
4303103,58.04,40.6,80.0,Cachoeirinha,RS,1516.0,0.769,1.0,-5.0,-4.368,-4.926,40.6,-39.4,True,14.39,-65.61,True,11.04,-68.96,True
4303509,58.61,56.4,80.0,Camaquã,RS,647.0,0.866,1.0,-2.21,-4.368,-2.719,56.4,-23.6,True,30.19,-49.81,True,40.08,-39.92,True
4303905,77.34,45.4,80.0,Campo Bom,RS,695.0,0.875,1.0,-5.0,-4.368,-4.859,45.4,-34.6,True,19.19,-60.81,True,16.25,-63.75,True
4304002,62.91,46.8,80.0,Campo Novo,RS,62.0,0.903,1.0,-5.0,-4.368,-4.517,46.8,-33.2,True,20.59,-59.41,True,19.7,-60.3,True
4304200,75.36,53.2,80.0,Candelária,RS,248.0,0.919,1.0,-5.0,-4.368,-4.718,53.2,-26.8,True,26.99,-53.01,True,24.89,-55.11,True
4304309,75.52,48.4,80.0,Cândido Godói,RS,55.0,0.964,1.0,-5.0,-4.368,-4.504,48.4,-31.6,True,22.19,-57.81,True,21.38,-58.62,True
4304408,78.68,42.2,80.0,Canela,RS,568.0,0.822,1.0,-5.0,-4.368,-4.835,42.2,-37.8,True,15.99,-64.01,True,13.19,-66.81,True
4304507,79.7,51.7,80.0,Canguçu,RS,357.0,0.947,1.0,-5.0,-4.368,-4.773,51.7,-28.3,True,25.49,-54.51,True,23.06,-56.94,True
4304606,53.16,41.4,80.0,Canoas,RS,3390.0,0.756,1.0,-5.0,-4.368,-4.965,41.4,-38.6,True,15.19,-64.81,True,11.61,-68.39,True
4304630,46.75,34.4,80.0,Capão da Canoa,RS,836.0,0.739,1.0,-5.0,-4.368,-4.878,34.4,-45.6,True,8.19,-71.81,True,5.13,-74.87,True
4304663,48.68,28.2,80.0,Capão do Leão,RS,318.0,0.758,1.0,-5.0,-4.368,-4.756,28.2,-51.8,True,1.99,-78.01,True,0.0,-80.0,True
4304689,67.66,54.3,80.0,Capela de Santana,RS,107.0,0.794,1.0,-5.0,-4.368,-4.588,54.3,-25.7,True,28.09,-51.91,True,26.77,-53.23,True
4304705,63.87,42.0,80.0,Carazinho,RS,631.0,0.867,1.0,-5.0,-4.368,-4.848,42.0,-38.0,True,15.79,-64.21,True,12.91,-67.09,True
4304713,90.82,62.4,80.0,Caraá,RS,50.0,0.96,1.0,-5.0,-4.368,-4.494,62.4,-17.6,True,36.19,-43.81,True,35.43,-44.57,True
4304804,67.4,64.9,80.0,Carlos Barbosa,RS,282.0,0.918,1.0,-2.5,-4.368,-3.275,64.9,-15.1,True,38.69,-41.31,True,45.25,-34.75,True
4304903,83.0,76.0,80.0,Casca,RS,94.0,0.894,1.0,-5.0,-4.368,-4.57,76.0,-4.0,True,49.79,-30.21,True,48.58,-31.42,True
4305009,83.62,77.1,80.0,Catuípe,RS,65.0,0.969,1.0,-5.0,-4.368,-4.523,77.1,-2.9,True,50.89,-29.11,True,49.96,-30.04,True
4305108,69.15,43.2,80.0,Caxias do Sul,RS,4432.0,0.827,1.0,-5.0,-4.368,-4.973,43.2,-36.8,True,16.99,-63.01,True,13.36,-66.64,True
4305173,57.48,41.7,80.0,Cerro Grande do Sul,RS,95.0,0.863,1.0,-5.0,-4.368,-4.571,41.7,-38.3,True,15.49,-64.51,True,14.27,-65.73,True
4305207,75.07,54.0,80.0,Cerro Largo,RS,122.0,0.926,1.0,-5.0,-4.368,-4.607,54.0,-26.0,True,27.79,-52.21,True,26.36,-53.64,True
4305306,75.31,47.5,80.0,Chapada,RS,66.0,0.894,1.0,-5.0,-4.368,-4.525,47.5,-32.5,True,21.29,-58.71,True,20.35,-59.65,True
4305355,63.76,51.3,80.0,Charqueadas,RS,345.0,0.933,1.0,-5.0,-4.368,-4.768,51.3,-28.7,True,25.09,-54.91,True,22.69,-57.31,True
4305702,81.15,58.0,80.0,Condor,RS,71.0,0.859,1.0,-5.0,-4.368,-4.533,58.0,-22.0,True,31.79,-48.21,True,30.8,-49.2,True
4305801,80.01,45.7,80.0,Constantina,RS,125.0,0.84,1.0,-5.0,-4.368,-4.611,45.7,-34.3,True,19.49,-60.51,True,18.03,-61.97,True
4305900,79.2,36.0,80.0,Coronel Bicaco,RS,84.0,0.917,1.0,-5.0,-4.368,-4.555,36.0,-44.0,True,9.79,-70.21,True,8.67,-71.33,True
4306007,73.17,57.4,80.0,Crissiumal,RS,125.0,0.928,1.0,-5.0,-4.368,-4.611,57.4,-22.6,True,31.19,-48.81,True,29.73,-50.27,True
4306056,66.3,78.4,80.0,Cristal,RS,98.0,0.663,1.0,5.0,-4.368,-1.287,78.4,-1.6,True,52.19,-27.81,True,70.68,-9.32,True
4306106,57.42,50.9,80.0,Cruz Alta,RS,616.0,0.869,1.0,-5.0,-4.368,-4.845,50.9,-29.1,True,24.69,-55.31,True,21.83,-58.17,True
4306205,68.21,35.2,80.0,Cruzeiro do Sul,RS,72.0,0.819,1.0,-5.0,-4.368,-4.535,35.2,-44.8,True,8.99,-71.01,True,7.99,-72.01,True
4306403,78.45,56.9,80.0,Dois Irmãos,RS,358.0,0.953,1.0,-5.0,-4.368,-4.773,56.9,-23.1,True,30.69,-49.31,True,28.26,-51.74,True
4306502,59.64,35.0,80.0,Dom Feliciano,RS,119.0,0.882,1.0,-5.0,-4.368,-4.604,35.0,-45.0,True,8.79,-71.21,True,7.38,-72.62,True
4306601,57.45,43.7,80.0,Dom Pedrito,RS,376.0,0.83,1.0,-5.0,-4.368,-4.78,43.7,-36.3,True,17.49,-62.51,True,15.02,-64.98,True
4306809,80.77,53.2,80.0,Encantado,RS,219.0,0.858,1.0,-5.0,-4.368,-4.698,53.2,-26.8,True,26.99,-53.01,True,25.01,-54.99,True
4306908,63.87,39.4,80.0,Encruzilhada do Sul,RS,282.0,0.855,1.0,-5.0,-4.368,-4.738,39.4,-40.6,True,13.19,-66.81,True,10.97,-69.03,True
4306932,28.49,51.0,80.0,Entre-Ijuís,RS,71.0,0.944,1.0,5.0,-4.368,-1.913,51.0,-29.0,True,24.79,-55.21,True,39.52,-40.48,True
4307005,61.21,45.9,80.0,Erechim,RS,1015.0,0.915,1.0,-5.0,-4.368,-4.896,45.9,-34.1,True,19.69,-60.31,True,16.52,-63.48,True
4307104,52.82,64.4,80.0,Herval,RS,51.0,0.863,1.0,5.0,-4.368,-2.464,64.4,-15.6,True,38.19,-41.81,True,49.61,-30.39,True
4307203,91.99,38.8,80.0,Erval Grande,RS,56.0,0.946,1.0,-5.0,-4.368,-4.506,38.8,-41.2,True,12.59,-67.41,True,11.76,-68.24,True
4307500,81.25,39.1,80.0,Espumoso,RS,148.0,0.932,1.0,-5.0,-4.368,-4.637,39.1,-40.9,True,12.89,-67.11,True,11.28,-68.72,True
4307559,73.44,45.4,80.0,Estação,RS,70.0,0.971,1.0,-5.0,-4.368,-4.532,45.4,-34.6,True,19.19,-60.81,True,18.21,-61.79,True
4307609,67.25,44.4,80.0,Estância Velha,RS,577.0,0.946,1.0,-5.0,-4.368,-4.837,44.4,-35.6,True,18.19,-61.81,True,15.38,-64.62,True
4307708,63.38,47.0,80.0,Esteio,RS,825.0,0.771,1.0,-5.0,-4.368,-4.877,47.0,-33.0,True,20.79,-59.21,True,17.74,-62.26,True
4307807,67.6,49.4,80.0,Estrela,RS,312.0,0.833,1.0,-5.0,-4.368,-4.753,49.4,-30.6,True,23.19,-56.81,True,20.88,-59.12,True
4307906,83.04,56.7,80.0,Farroupilha,RS,766.0,0.918,1.0,-5.0,-4.368,-4.869,56.7,-23.3,True,30.49,-49.51,True,27.49,-52.51,True
4308078,80.0,65.0,80.0,Fazenda Vilanova,RS,63.0,0.857,1.0,-5.0,-4.368,-4.519,65.0,-15.0,True,38.79,-41.21,True,37.88,-42.12,True
4308102,72.78,51.1,80.0,Feliz,RS,141.0,0.929,1.0,-5.0,-4.368,-4.629,51.1,-28.9,True,24.89,-55.11,True,23.33,-56.67,True
4308201,79.01,59.6,80.0,Flores da Cunha,RS,310.0,0.9,1.0,-5.0,-4.368,-4.752,59.6,-20.4,True,33.39,-46.61,True,31.09,-48.91,True
4308300,62.05,60.0,80.0,Fontoura Xavier,RS,61.0,0.967,0.0,-2.05,-4.368,-3.826,60.0,-20.0,True,33.79,-46.21,True,37.04,-42.96,True
4308508,63.23,53.8,80.0,Frederico Westphalen,RS,313.0,0.939,1.0,-5.0,-4.368,-4.753,53.8,-26.2,True,27.59,-52.41,True,25.28,-54.72,True
4308607,74.4,54.4,80.0,Garibaldi,RS,344.0,0.881,1.0,-5.0,-4.368,-4.768,54.4,-25.6,True,28.19,-51.81,True,25.79,-54.21,True
4308904,73.54,52.3,80.0,Getúlio Vargas,RS,173.0,0.936,1.0,-5.0,-4.368,-4.661,52.3,-27.7,True,26.09,-53.91,True,24.33,-55.67,True
4309001,76.29,46.3,80.0,Giruá,RS,144.0,0.958,1.0,-5.0,-4.368,-4.632,46.3,-33.7,True,20.09,-59.91,True,18.51,-61.49,True
4309050,65.09,34.3,80.0,Glorinha,RS,74.0,0.919,1.0,-5.0,-4.368,-4.538,34.3,-45.7,True,8.09,-71.91,True,7.07,-72.93,True
4309100,79.08,55.3,80.0,Gramado,RS,496.0,0.897,1.0,-5.0,-4.368,-4.818,55.3,-24.7,True,29.09,-50.91,True,26.39,-53.61,True
4309209,63.64,41.0,80.0,Gravataí,RS,3047.0,0.775,1.0,-5.0,-4.368,-4.961,41.0,-39.0,True,14.79,-65.21,True,11.23,-68.77,True
4309308,49.72,31.5,80.0,Guaíba,RS,1158.0,0.818,1.0,-5.0,-4.368,-4.907,31.5,-48.5,True,5.29,-74.71,True,2.06,-77.94,True
4309506,70.37,67.5,80.0,Guarani das Missões,RS,64.0,0.922,1.0,-2.87,-4.368,-4.005,67.5,-12.5,True,41.29,-38.71,True,43.47,-36.53,True
4309555,85.53,71.4,80.0,Harmonia,RS,75.0,0.987,1.0,-5.0,-4.368,-4.54,71.4,-8.6,True,45.19,-34.81,True,44.16,-35.84,True
4309605,71.23,57.2,80.0,Horizontina,RS,202.0,0.926,1.0,-5.0,-4.368,-4.685,57.2,-22.8,True,30.99,-49.01,True,29.09,-50.91,True
4309654,70.19,42.8,80.0,Hulha Negra,RS,81.0,0.778,1.0,-5.0,-4.368,-4.55,42.8,-37.2,True,16.59,-63.41,True,15.5,-64.5,True
4309704,90.66,60.8,80.0,Humaitá,RS,51.0,0.961,1.0,-5.0,-4.368,-4.496,60.8,-19.2,True,34.59,-45.41,True,33.82,-46.18,True
4309902,78.46,49.1,80.0,Ibiraiaras,RS,58.0,0.914,1.0,-5.0,-4.368,-4.51,49.1,-30.9,True,22.89,-57.11,True,22.04,-57.96,True
4310009,59.96,55.7,80.0,Ibirubá,RS,205.0,0.941,1.0,-4.26,-4.368,-4.313,55.7,-24.3,True,29.49,-50.51,True,29.82,-50.18,True
4310108,80.14,49.6,80.0,Igrejinha,RS,409.0,0.917,1.0,-5.0,-4.368,-4.792,49.6,-30.4,True,23.39,-56.61,True,20.85,-59.15,True
4310207,76.47,61.9,80.0,Ijuí,RS,838.0,0.915,1.0,-5.0,-4.368,-4.878,61.9,-18.1,True,35.69,-44.31,True,32.63,-47.37,True
4310405,66.59,57.7,80.0,Independência,RS,51.0,0.922,1.0,-5.0,-4.368,-4.496,57.7,-22.3,True,31.49,-48.51,True,30.72,-49.28,True
4310439,81.57,60.7,80.0,Ipê,RS,58.0,0.879,1.0,-5.0,-4.368,-4.51,60.7,-19.3,True,34.49,-45.51,True,33.64,-46.36,True
4310504,67.21,59.4,80.0,Iraí,RS,54.0,0.907,1.0,-5.0,-4.368,-4.502,59.4,-20.6,True,33.19,-46.81,True,32.39,-47.61,True
4310538,58.94,38.5,80.0,Itaara,RS,71.0,0.746,1.0,-5.0,-4.368,-4.533,38.5,-41.5,True,12.29,-67.71,True,11.3,-68.7,True
4310801,77.4,56.9,80.0,Ivoti,RS,247.0,0.915,1.0,-5.0,-4.368,-4.717,56.9,-23.1,True,30.69,-49.31,True,28.6,-51.4,True
4311007,48.21,33.6,80.0,Jaguarão,RS,244.0,0.84,1.0,-5.0,-4.368,-4.715,33.6,-46.4,True,7.39,-72.61,True,5.31,-74.69,True
4311106,64.9,53.4,80.0,Jaguari,RS,67.0,0.866,1.0,-5.0,-4.368,-4.526,53.4,-26.6,True,27.19,-52.81,True,26.24,-53.76,True
4311122,68.5,25.6,80.0,Jaquirana,RS,54.0,0.778,1.0,-5.0,-4.368,-4.502,25.6,-54.4,True,0.0,-80.0,True,0.0,-80.0,True
4311205,61.21,42.2,80.0,Júlio de Castilhos,RS,181.0,0.729,1.0,-5.0,-4.368,-4.668,42.2,-37.8,True,15.99,-64.01,True,14.19,-65.81,True
4311304,61.02,54.6,80.0,Lagoa Vermelha,RS,317.0,0.845,1.0,-5.0,-4.368,-4.755,54.6,-25.4,True,28.39,-51.61,True,26.07,-53.93,True
4311403,74.67,47.5,80.0,Lajeado,RS,845.0,0.869,1.0,-5.0,-4.368,-4.879,47.5,-32.5,True,21.29,-58.71,True,18.23,-61.77,True
4311502,57.89,45.7,80.0,Lavras do Sul,RS,51.0,0.784,1.0,-5.0,-4.368,-4.496,45.7,-34.3,True,19.49,-60.51,True,18.72,-61.28,True
4311627,67.55,36.1,80.0,Lindolfo Collor,RS,82.0,0.976,1.0,-5.0,-4.368,-4.552,36.1,-43.9,True,9.89,-70.11,True,8.79,-71.21,True
4311700,67.76,64.3,80.0,Machadinho,RS,61.0,0.902,1.0,-3.46,-4.368,-4.156,64.3,-15.7,True,38.09,-41.91,True,39.37,-40.63,True
4311718,66.97,42.4,80.0,Maçambará,RS,66.0,0.773,1.0,-5.0,-4.368,-4.525,42.4,-37.6,True,16.19,-63.81,True,15.25,-64.75,True
4311759,28.57,50.0,80.0,Manoel Viana,RS,57.0,0.842,1.0,5.0,-4.368,-2.29,50.0,-30.0,True,23.79,-56.21,True,36.26,-43.74,True
4311809,66.61,43.6,80.0,Marau,RS,493.0,0.876,1.0,-5.0,-4.368,-4.818,43.6,-36.4,True,17.39,-62.61,True,14.69,-65.31,True
4312153,88.99,58.4,80.0,Mato Leitão,RS,54.0,0.981,1.0,-5.0,-4.368,-4.502,58.4,-21.6,True,32.19,-47.81,True,31.39,-48.61,True
4312252,73.26,69.6,80.0,Minas do Leão,RS,97.0,0.876,1.0,-3.66,-4.368,-4.137,69.6,-10.4,True,43.39,-36.61,True,44.78,-35.22,True
4312302,78.98,51.7,80.0,Miraguaí,RS,61.0,0.885,1.0,-5.0,-4.368,-4.515,51.7,-28.3,True,25.49,-54.51,True,24.61,-55.39,True
4312401,65.93,39.8,80.0,Montenegro,RS,717.0,0.908,1.0,-5.0,-4.368,-4.862,39.8,-40.2,True,13.59,-66.41,True,10.63,-69.37,True
4312450,72.96,47.4,80.0,Morro Redondo,RS,73.0,0.836,1.0,-5.0,-4.368,-4.537,47.4,-32.6,True,21.19,-58.81,True,20.18,-59.82,True
4312500,51.38,40.8,80.0,Mostardas,RS,148.0,0.878,1.0,-5.0,-4.368,-4.637,40.8,-39.2,True,14.59,-65.41,True,12.98,-67.02,True
4312658,66.12,58.2,80.0,Não-Me-Toque,RS,181.0,0.873,1.0,-5.0,-4.368,-4.668,58.2,-21.8,True,31.99,-48.01,True,30.19,-49.81,True
4312708,42.12,52.4,80.0,Nonoai,RS,145.0,0.938,1.0,5.0,-4.368,-0.431,52.4,-27.6,True,26.19,-53.81,True,49.82,-30.18,True
4312807,82.28,60.6,80.0,Nova Araçá,RS,73.0,0.836,1.0,-5.0,-4.368,-4.537,60.6,-19.4,True,34.39,-45.61,True,33.38,-46.62,True
4312906,77.91,51.8,80.0,Nova Bassano,RS,84.0,0.893,1.0,-5.0,-4.368,-4.555,51.8,-28.2,True,25.59,-54.41,True,24.47,-55.53,True
4313037,86.19,80.7,80.0,Nova Esperança do Sul,RS,54.0,0.926,1.0,-5.0,-4.368,-4.502,80.7,0.7,False,54.49,-25.51,True,53.69,-26.31,True
4313060,72.08,45.3,80.0,Nova Hartz,RS,278.0,0.878,1.0,-5.0,-4.368,-4.735,45.3,-34.7,True,19.09,-60.91,True,16.89,-63.11,True
4313201,91.67,52.3,80.0,Nova Petrópolis,RS,266.0,0.921,1.0,-5.0,-4.368,-4.729,52.3,-27.7,True,26.09,-53.91,True,23.93,-56.07,True
4313300,78.78,61.1,80.0,Nova Prata,RS,277.0,0.888,1.0,-5.0,-4.368,-4.735,61.1,-18.9,True,34.89,-45.11,True,32.69,-47.31,True
4313375,57.28,64.9,80.0,Nova Santa Rita,RS,420.0,0.85,1.0,5.0,-4.368,1.978,64.9,-15.1,True,38.69,-41.31,True,76.77,-3.23,True
4313409,62.37,36.0,80.0,Novo Hamburgo,RS,2460.0,0.831,1.0,-5.0,-4.368,-4.952,36.0,-44.0,True,9.79,-70.21,True,6.29,-73.71,True
4313508,67.79,44.5,80.0,Osório,RS,557.0,0.838,1.0,-5.0,-4.368,-4.833,44.5,-35.5,True,18.29,-61.71,True,15.5,-64.5,True
4313656,53.49,45.2,80.0,Palmares do Sul,RS,191.0,0.791,1.0,-5.0,-4.368,-4.677,45.2,-34.8,True,18.99,-61.01,True,17.14,-62.86,True
4313706,48.72,49.5,80.0,Palmeira das Missões,RS,345.0,0.814,1.0,0.78,-4.368,-1.109,49.5,-30.5,True,23.29,-56.71,True,42.85,-37.15,True
4313805,84.12,68.4,80.0,Palmitinho,RS,92.0,0.967,1.0,-5.0,-4.368,-4.567,68.4,-11.6,True,42.19,-37.81,True,41.0,-39.0,True
4313904,75.28,51.2,80.0,Panambi,RS,554.0,0.926,1.0,-5.0,-4.368,-4.832,51.2,-28.8,True,24.99,-55.01,True,22.21,-57.79,True
4313953,72.52,25.7,80.0,Pantano Grande,RS,123.0,0.837,1.0,-5.0,-4.368,-4.608,25.7,-54.3,True,0.0,-80.0,True,0.0,-80.0,True
4314001,92.98,60.0,80.0,Paraí,RS,108.0,0.907,1.0,-5.0,-4.368,-4.589,60.0,-20.0,True,33.79,-46.21,True,32.46,-47.54,True
4314035,73.01,54.0,80.0,Pareci Novo,RS,53.0,0.906,1.0,-5.0,-4.368,-4.5,54.0,-26.0,True,27.79,-52.21,True,27.0,-53.0,True
4314050,57.83,37.8,80.0,Parobé,RS,690.0,0.913,1.0,-5.0,-4.368,-4.858,37.8,-42.2,True,11.59,-68.41,True,8.65,-71.35,True
4314076,88.54,50.2,80.0,Passo do Sobrado,RS,54.0,0.963,1.0,-5.0,-4.368,-4.502,50.2,-29.8,True,23.99,-56.01,True,23.19,-56.81,True
4314100,58.54,38.5,80.0,Passo Fundo,RS,2178.0,0.828,1.0,-5.0,-4.368,-4.947,38.5,-41.5,True,12.29,-67.71,True,8.82,-71.18,True
4314159,63.58,40.7,80.0,Paverama,RS,63.0,0.952,1.0,-5.0,-4.368,-4.519,40.7,-39.3,True,14.49,-65.51,True,13.58,-66.42,True
4314209,67.71,22.3,80.0,Pedro Osório,RS,61.0,0.836,1.0,-5.0,-4.368,-4.515,22.3,-57.7,True,0.0,-80.0,True,0.0,-80.0,True
4314407,50.42,39.4,80.0,Pelotas,RS,2736.0,0.719,1.0,-5.0,-4.368,-4.957,39.4,-40.6,True,13.19,-66.81,True,9.66,-70.34,True
4314423,85.93,57.1,80.0,Picada Café,RS,54.0,0.963,1.0,-5.0,-4.368,-4.502,57.1,-22.9,True,30.89,-49.11,True,30.09,-49.91,True
4314506,67.1,50.2,80.0,Pinheiro Machado,RS,90.0,0.9,1.0,-5.0,-4.368,-4.564,50.2,-29.8,True,23.99,-56.01,True,22.82,-57.18,True
4314605,60.04,42.8,80.0,Piratini,RS,145.0,0.938,1.0,-5.0,-4.368,-4.633,42.8,-37.2,True,16.59,-63.41,True,15.0,-65.0,True
4314704,72.47,54.1,80.0,Planalto,RS,102.0,0.961,1.0,-5.0,-4.368,-4.581,54.1,-25.9,True,27.89,-52.11,True,26.61,-53.39,True
4314803,56.04,39.7,80.0,Portão,RS,373.0,0.85,1.0,-5.0,-4.368,-4.779,39.7,-40.3,True,13.49,-66.51,True,11.02,-68.98,True
4315107,71.76,52.9,80.0,Porto Xavier,RS,72.0,0.972,1.0,-5.0,-4.368,-4.535,52.9,-27.1,True,26.69,-53.31,True,25.69,-54.31,True
4315149,87.03,56.3,80.0,Presidente Lucena,RS,50.0,0.92,1.0,-5.0,-4.368,-4.494,56.3,-23.7,True,30.09,-49.91,True,29.33,-50.67,True
4315305,54.77,36.3,80.0,Quaraí,RS,270.0,0.904,1.0,-5.0,-4.368,-4.731,36.3,-43.7,True,10.09,-69.91,True,7.91,-72.09,True
4315404,81.44,60.0,80.0,Redentora,RS,61.0,0.967,0.0,-5.0,-4.368,-4.515,60.0,-20.0,True,33.79,-46.21,True,32.91,-47.09,True
4315503,45.49,33.0,80.0,Restinga Seca,RS,146.0,0.801,1.0,-5.0,-4.368,-4.635,33.0,-47.0,True,6.79,-73.21,True,5.19,-74.81,True
4315602,54.17,43.2,80.0,Rio Grande,RS,1943.0,0.782,1.0,-5.0,-4.368,-4.941,43.2,-36.8,True,16.99,-63.01,True,13.55,-66.45,True
4315701,73.36,63.4,80.0,Rio Pardo,RS,368.0,0.861,1.0,-5.0,-4.368,-4.777,63.4,-16.6,True,37.19,-42.81,True,34.74,-45.26,True
4315800,75.61,45.0,80.0,Roca Sales,RS,98.0,0.847,1.0,-5.0,-4.368,-4.576,45.0,-35.0,True,18.79,-61.21,True,17.55,-62.45,True
4315909,88.57,48.8,80.0,Rodeio Bonito,RS,73.0,0.945,1.0,-5.0,-4.368,-4.537,48.8,-31.2,True,22.59,-57.41,True,21.58,-58.42,True
4316006,88.63,66.6,80.0,Rolante,RS,200.0,0.95,1.0,-5.0,-4.368,-4.684,66.6,-13.4,True,40.39,-39.61,True,38.5,-41.5,True
4316105,75.29,53.7,80.0,Ronda Alta,RS,84.0,0.929,1.0,-5.0,-4.368,-4.555,53.7,-26.3,True,27.49,-52.51,True,26.37,-53.63,True
4316402,35.19,34.1,80.0,Rosário do Sul,RS,346.0,0.809,1.0,-1.09,-4.368,-2.291,34.1,-45.9,True,7.89,-72.11,True,20.36,-59.64,True
4316451,81.46,50.9,80.0,Salto do Jacuí,RS,85.0,0.894,1.0,-5.0,-4.368,-4.556,50.9,-29.1,True,24.69,-55.31,True,23.56,-56.44,True
4316501,88.12,70.4,80.0,Salvador do Sul,RS,65.0,0.938,1.0,-5.0,-4.368,-4.523,70.4,-9.6,True,44.19,-35.81,True,43.26,-36.74,True
4316600,74.42,43.2,80.0,Sananduva,RS,174.0,0.92,1.0,-5.0,-4.368,-4.662,43.2,-36.8,True,16.99,-63.01,True,15.23,-64.77,True
4316709,66.04,37.9,80.0,Santa Bárbara do Sul,RS,91.0,0.923,1.0,-5.0,-4.368,-4.565,37.9,-42.1,True,11.69,-68.31,True,10.51,-69.49,True
4316758,91.08,54.2,80.0,Santa Clara do Sul,RS,83.0,0.952,1.0,-5.0,-4.368,-4.553,54.2,-25.8,True,27.99,-52.01,True,26.88,-53.12,True
4316808,64.84,43.8,80.0,Santa Cruz do Sul,RS,1195.0,0.864,1.0,-5.0,-4.368,-4.909,43.8,-36.2,True,17.59,-62.41,True,14.34,-65.66,True
4316907,65.32,39.7,80.0,Santa Maria,RS,2183.0,0.776,1.0,-5.0,-4.368,-4.947,39.7,-40.3,True,13.49,-66.51,True,10.02,-69.98,True
4317103,49.75,44.5,80.0,Sant'Ana do Livramento,RS,832.0,0.82,1.0,-5.0,-4.368,-4.877,44.5,-35.5,True,18.29,-61.71,True,15.24,-64.76,True
4317202,72.42,58.8,80.0,Santa Rosa,RS,759.0,0.935,1.0,-5.0,-4.368,-4.868,58.8,-21.2,True,32.59,-47.41,True,29.59,-50.41,True
4317301,56.01,45.4,80.0,Santa Vitória do Palmar,RS,305.0,0.833,1.0,-5.0,-4.368,-4.75,45.4,-34.6,True,19.19,-60.81,True,16.9,-63.1,True
4317400,72.84,61.2,80.0,Santiago,RS,432.0,0.907,1.0,-5.0,-4.368,-4.8,61.2,-18.8,True,34.99,-45.01,True,32.4,-47.6,True
4317509,64.36,41.5,80.0,Santo Ângelo,RS,667.0,0.919,1.0,-5.0,-4.368,-4.854,41.5,-38.5,True,15.29,-64.71,True,12.38,-67.62,True
4317608,77.32,61.7,80.0,Santo Antônio da Patrulha,RS,333.0,0.895,1.0,-5.0,-4.368,-4.763,61.7,-18.3,True,35.49,-44.51,True,33.12,-46.88,True
4317707,73.47,53.0,80.0,Santo Antônio das Missões,RS,110.0,0.882,1.0,-5.0,-4.368,-4.592,53.0,-27.0,True,26.79,-53.21,True,25.45,-54.55,True
4317806,77.71,69.9,80.0,Santo Augusto,RS,153.0,0.961,1.0,-5.0,-4.368,-4.642,69.9,-10.1,True,43.69,-36.31,True,42.05,-37.95,True
4317905,76.02,60.5,80.0,Santo Cristo,RS,142.0,0.979,1.0,-5.0,-4.368,-4.63,60.5,-19.5,True,34.29,-45.71,True,32.72,-47.28,True
4318002,65.4,46.4,80.0,São Borja,RS,636.0,0.774,1.0,-5.0,-4.368,-4.849,46.4,-33.6,True,20.19,-59.81,True,17.31,-62.69,True
4318101,58.21,45.6,80.0,São Francisco de Assis,RS,144.0,0.785,1.0,-5.0,-4.368,-4.632,45.6,-34.4,True,19.39,-60.61,True,17.81,-62.19,True
4318200,56.8,37.7,80.0,São Francisco de Paula,RS,271.0,0.911,1.0,-5.0,-4.368,-4.732,37.7,-42.3,True,11.49,-68.51,True,9.31,-70.69,True
4318309,61.13,35.6,80.0,São Gabriel,RS,661.0,0.806,1.0,-5.0,-4.368,-4.853,35.6,-44.4,True,9.39,-70.61,True,6.48,-73.52,True
4318408,81.83,71.9,80.0,São Jerônimo,RS,156.0,0.853,1.0,-5.0,-4.368,-4.645,71.9,-8.1,True,45.69,-34.31,True,44.03,-35.97,True
4318424,76.53,70.3,80.0,São João da Urtiga,RS,55.0,0.964,1.0,-5.0,-4.368,-4.504,70.3,-9.7,True,44.09,-35.91,True,43.28,-36.72,True
4318507,53.9,38.2,80.0,São José do Norte,RS,293.0,0.829,1.0,-5.0,-4.368,-4.743,38.2,-41.8,True,11.99,-68.01,True,9.74,-70.26,True
4318606,62.54,37.2,80.0,São José do Ouro,RS,65.0,0.923,1.0,-5.0,-4.368,-4.523,37.2,-42.8,True,10.99,-69.01,True,10.06,-69.94,True
4318705,57.01,37.2,80.0,São Leopoldo,RS,2539.0,0.724,1.0,-5.0,-4.368,-4.954,37.2,-42.8,True,10.99,-69.01,True,7.48,-72.52,True
4318804,79.09,58.7,80.0,São Lourenço do Sul,RS,443.0,0.801,1.0,-5.0,-4.368,-4.803,58.7,-21.3,True,32.49,-47.51,True,29.88,-50.12,True
4318903,80.28,42.3,80.0,São Luiz Gonzaga,RS,399.0,0.922,1.0,-5.0,-4.368,-4.789,42.3,-37.7,True,16.09,-63.91,True,13.57,-66.43,True
4319000,83.78,38.3,80.0,São Marcos,RS,171.0,0.889,1.0,-5.0,-4.368,-4.659,38.3,-41.7,True,12.09,-67.91,True,10.35,-69.65,True
4319109,83.57,64.5,80.0,São Martinho,RS,65.0,0.908,1.0,-5.0,-4.368,-4.523,64.5,-15.5,True,38.29,-41.71,True,37.36,-42.64,True
4319158,76.3,47.5,80.0,São Miguel das Missões,RS,78.0,0.962,1.0,-5.0,-4.368,-4.545,47.5,-32.5,True,21.29,-58.71,True,20.23,-59.77,True
4319356,80.67,58.8,80.0,São Pedro da Serra,RS,56.0,0.964,1.0,-5.0,-4.368,-4.506,58.8,-21.2,True,32.59,-47.41,True,31.76,-48.24,True
4319406,77.14,61.6,80.0,São Pedro do Sul,RS,119.0,0.857,1.0,-5.0,-4.368,-4.604,61.6,-18.4,True,35.39,-44.61,True,33.98,-46.02,True
4319505,57.7,37.1,80.0,São Sebastião do Caí,RS,234.0,0.893,1.0,-5.0,-4.368,-4.709,37.1,-42.9,True,10.89,-69.11,True,8.85,-71.15,True
4319604,82.29,49.7,80.0,São Sepé,RS,170.0,0.853,1.0,-5.0,-4.368,-4.658,49.7,-30.3,True,23.49,-56.51,True,21.75,-58.25,True
4319802,77.33,45.7,80.0,São Vicente do Sul,RS,91.0,0.901,1.0,-5.0,-4.368,-4.565,45.7,-34.3,True,19.49,-60.51,True,18.31,-61.69,True
4319901,72.77,41.1,80.0,Sapiranga,RS,977.0,0.845,1.0,-5.0,-4.368,-4.893,41.1,-38.9,True,14.89,-65.11,True,11.74,-68.26,True
4320008,59.14,48.0,80.0,Sapucaia do Sul,RS,1541.0,0.901,1.0,-5.0,-4.368,-4.927,48.0,-32.0,True,21.79,-58.21,True,18.44,-61.56,True
4320107,71.47,47.7,80.0,Sarandi,RS,253.0,0.846,1.0,-5.0,-4.368,-4.721,47.7,-32.3,True,21.49,-58.51,True,19.37,-60.63,True
4320206,83.74,68.0,80.0,Seberi,RS,142.0,0.908,1.0,-5.0,-4.368,-4.63,68.0,-12.0,True,41.79,-38.21,True,40.22,-39.78,True
4320263,75.0,84.9,80.0,Segredo,RS,59.0,0.864,1.0,5.0,-4.368,-2.234,84.9,4.9,False,58.69,-21.31,True,71.5,-8.5,True
4320404,83.22,50.7,80.0,Serafina Corrêa,RS,177.0,0.814,1.0,-5.0,-4.368,-4.665,50.7,-29.3,True,24.49,-55.51,True,22.71,-57.29,True
4320677,69.64,36.3,80.0,Sinimbu,RS,70.0,0.9,1.0,-5.0,-4.368,-4.532,36.3,-43.7,True,10.09,-69.91,True,9.11,-70.89,True
4320701,82.34,70.8,80.0,Sobradinho,RS,126.0,0.952,1.0,-5.0,-4.368,-4.612,70.8,-9.2,True,44.59,-35.41,True,43.13,-36.87,True
4320800,66.25,61.9,80.0,Soledade,RS,283.0,0.876,1.0,-4.35,-4.368,-4.357,61.9,-18.1,True,35.69,-44.31,True,35.76,-44.24,True
4320859,59.69,24.7,80.0,Tabaí,RS,68.0,0.868,1.0,-5.0,-4.368,-4.528,24.7,-55.3,True,0.0,-80.0,True,0.0,-80.0,True
4320909,69.7,46.2,80.0,Tapejara,RS,348.0,0.945,1.0,-5.0,-4.368,-4.769,46.2,-33.8,True,19.99,-60.01,True,17.58,-62.42,True
4321006,61.35,68.4,80.0,Tapera,RS,108.0,0.935,1.0,5.0,-4.368,-1.083,68.4,-11.6,True,42.19,-37.81,True,61.9,-18.1,True
4321105,58.59,59.3,80.0,Tapes,RS,155.0,0.852,1.0,0.71,-4.368,-2.151,59.3,-20.7,True,33.09,-46.91,True,46.4,-33.6,True
4321204,63.93,44.6,80.0,Taquara,RS,518.0,0.946,1.0,-5.0,-4.368,-4.824,44.6,-35.4,True,18.39,-61.61,True,15.66,-64.34,True
4321303,49.6,13.2,80.0,Taquari,RS,277.0,0.816,1.0,-5.0,-4.368,-4.735,13.2,-66.8,True,0.0,-80.0,True,0.0,-80.0,True
4321402,67.61,65.0,80.0,Tenente Portela,RS,118.0,0.949,1.0,-2.61,-4.368,-3.715,65.0,-15.0,True,38.79,-41.21,True,42.71,-37.29,True
4321436,66.9,60.3,80.0,Terra de Areia,RS,121.0,0.868,1.0,-5.0,-4.368,-4.606,60.3,-19.7,True,34.09,-45.91,True,32.66,-47.34,True
4321451,83.41,62.9,80.0,Teutônia,RS,275.0,0.975,1.0,-5.0,-4.368,-4.734,62.9,-17.1,True,36.69,-43.31,True,34.5,-45.5,True
4321501,62.86,44.0,80.0,Torres,RS,526.0,0.835,1.0,-5.0,-4.368,-4.826,44.0,-36.0,True,17.79,-62.21,True,15.05,-64.95,True
4321600,54.39,36.7,80.0,Tramandaí,RS,768.0,0.779,1.0,-5.0,-4.368,-4.869,36.7,-43.3,True,10.49,-69.51,True,7.48,-72.52,True
4321667,87.85,53.5,80.0,Três Cachoeiras,RS,121.0,0.942,1.0,-5.0,-4.368,-4.606,53.5,-26.5,True,27.29,-52.71,True,25.86,-54.14,True
4321709,55.48,42.2,80.0,Três Coroas,RS,275.0,0.869,1.0,-5.0,-4.368,-4.734,42.2,-37.8,True,15.99,-64.01,True,13.8,-66.2,True
4321808,79.03,51.2,80.0,Três de Maio,RS,225.0,0.938,1.0,-5.0,-4.368,-4.702,51.2,-28.8,True,24.99,-55.01,True,22.99,-57.01,True
4321857,80.96,62.5,80.0,Três Palmeiras,RS,81.0,0.864,1.0,-5.0,-4.368,-4.55,62.5,-17.5,True,36.29,-43.71,True,35.2,-44.8,True
4321907,82.86,57.0,80.0,Três Passos,RS,279.0,0.925,1.0,-5.0,-4.368,-4.736,57.0,-23.0,True,30.79,-49.21,True,28.58,-51.42,True
4321956,82.51,62.9,80.0,Trindade do Sul,RS,99.0,0.778,1.0,-5.0,-4.368,-4.577,62.9,-17.1,True,36.69,-43.31,True,35.44,-44.56,True
4322004,66.82,68.5,80.0,Triunfo,RS,331.0,0.943,1.0,1.68,-4.368,-0.598,68.5,-11.5,True,42.29,-37.71,True,64.91,-15.09,True
4322202,71.92,44.4,80.0,Tupanciretã,RS,194.0,0.912,1.0,-5.0,-4.368,-4.679,44.4,-35.6,True,18.19,-61.81,True,16.33,-63.67,True
4322251,81.98,55.1,80.0,Tupandi,RS,71.0,0.901,1.0,-5.0,-4.368,-4.533,55.1,-24.9,True,28.89,-51.11,True,27.9,-52.1,True
4322301,88.1,52.7,80.0,Tuparendi,RS,94.0,0.809,1.0,-5.0,-4.368,-4.57,52.7,-27.3,True,26.49,-53.51,True,25.28,-54.72,True
4322400,61.3,47.3,80.0,Uruguaiana,RS,1314.0,0.735,1.0,-5.0,-4.368,-4.916,47.3,-32.7,True,21.09,-58.91,True,17.8,-62.2,True
4322509,65.96,38.1,80.0,Vacaria,RS,825.0,0.868,1.0,-5.0,-4.368,-4.877,38.1,-41.9,True,11.89,-68.11,True,8.84,-71.16,True
4322533,86.11,51.6,80.0,Vale do Sol,RS,51.0,0.902,1.0,-5.0,-4.368,-4.496,51.6,-28.4,True,25.39,-54.61,True,24.62,-55.38,True
4322541,76.3,35.0,80.0,Vale Real,RS,72.0,0.889,1.0,-5.0,-4.368,-4.535,35.0,-45.0,True,8.79,-71.21,True,7.79,-72.21,True
4322608,78.14,59.2,80.0,Venâncio Aires,RS,529.0,0.922,1.0,-5.0,-4.368,-4.827,59.2,-20.8,True,32.99,-47.01,True,30.24,-49.76,True
4322707,66.46,41.9,80.0,Vera Cruz,RS,215.0,0.94,1.0,-5.0,-4.368,-4.695,41.9,-38.1,True,15.69,-64.31,True,13.73,-66.27,True
4322806,77.14,57.0,80.0,Veranópolis,RS,225.0,0.916,1.0,-5.0,-4.368,-4.702,57.0,-23.0,True,30.79,-49.21,True,28.79,-51.21,True
4323002,58.86,38.9,80.0,Viamão,RS,2950.0,0.824,1.0,-5.0,-4.368,-4.96,38.9,-41.1,True,12.69,-67.31,True,9.14,-70.86,True
4323804,56.84,37.9,80.0,Xangri-lá,RS,244.0,0.84,1.0,-5.0,-4.368,-4.715,37.9,-42.1,True,11.69,-68.31,True,9.61,-70.39,True
5000203,70.19,77.03,80.0,Água Clara,MS,422.0,0.879,1.0,5.0,2.547,4.211,77.03,-2.97,True,92.31,12.31,False,100.0,20.0,False
5000252,76.7,63.77,80.0,Alcinópolis,MS,69.0,1.0,1.0,-5.0,2.547,0.611,63.77,-16.23,True,79.05,-0.95,True,67.44,-12.56,True
5000609,42.01,69.72,80.0,Amambai,MS,434.0,0.912,1.0,5.0,2.547,4.226,69.72,-10.28,True,85.0,5.0,False,95.08,15.08,False
5000708,27.37,40.97,80.0,Anastácio,MS,445.0,0.91,1.0,5.0,2.547,4.239,40.97,-39.03,True,56.25,-23.75,True,66.41,-13.59,True
5000807,65.19,80.11,80.0,Anaurilândia,MS,107.0,0.981,1.0,5.0,2.547,3.402,80.11,0.11,False,95.39,15.39,False,100.0,20.0,False
5000856,92.96,86.52,80.0,Angélica,MS,204.0,0.985,1.0,-5.0,2.547,-1.264,86.52,6.52,False,100.0,20.0,False,78.94,-1.06,True
5000906,54.07,56.2,80.0,Antônio João,MS,155.0,0.935,1.0,2.13,2.547,2.365,56.2,-23.8,True,71.48,-8.52,True,70.39,-9.61,True
5001003,51.45,57.5,80.0,Aparecida do Taboado,MS,465.0,0.933,1.0,5.0,2.547,4.262,57.5,-22.5,True,72.78,-7.22,True,83.07,3.07,False
5001102,70.0,58.42,80.0,Aquidauana,MS,695.0,0.927,1.0,-5.0,2.547,-3.314,58.42,-21.58,True,73.7,-6.3,True,38.54,-41.46,True
5001243,73.91,73.43,80.0,Aral Moreira,MS,149.0,0.933,0.0,-0.48,2.547,1.255,73.43,-6.57,True,88.71,8.71,False,80.96,0.96,False
5001508,25.95,52.42,80.0,Bandeirantes,MS,141.0,0.908,1.0,5.0,2.547,3.561,52.42,-27.58,True,67.7,-12.3,True,73.79,-6.21,True
5001904,37.66,52.31,80.0,Bataguassu,MS,347.0,0.925,1.0,5.0,2.547,4.103,52.31,-27.69,True,67.59,-12.41,True,76.93,-3.07,True
5002001,45.7,67.77,80.0,Batayporã,MS,194.0,0.954,1.0,5.0,2.547,3.755,67.77,-12.23,True,83.05,3.05,False,90.3,10.3,False
5002100,43.77,48.18,80.0,Bela Vista,MS,368.0,0.872,1.0,4.41,2.547,3.754,48.18,-31.82,True,63.46,-16.54,True,70.7,-9.3,True
5002159,44.62,46.43,80.0,Bodoquena,MS,166.0,0.825,1.0,1.81,2.547,2.213,46.43,-33.57,True,61.71,-18.29,True,59.71,-20.29,True
5002209,53.37,58.78,80.0,Bonito,MS,429.0,0.928,1.0,5.0,2.547,4.22,58.78,-21.22,True,74.06,-5.94,True,84.1,4.1,False
5002308,51.72,60.76,80.0,Brasilândia,MS,203.0,0.892,1.0,5.0,2.547,3.783,60.76,-19.24,True,76.04,-3.96,True,83.46,3.46,False
5002407,52.93,66.23,80.0,Caarapó,MS,462.0,0.851,1.0,5.0,2.547,4.259,66.23,-13.77,True,81.51,1.51,False,91.78,11.78,False
5002605,32.2,60.41,80.0,Camapuã,MS,200.0,0.91,1.0,5.0,2.547,3.773,60.41,-19.59,True,75.69,-4.31,True,83.05,3.05,False
5002704,41.61,51.76,80.0,Campo Grande,MS,11207.0,0.892,1.0,5.0,2.547,4.957,51.76,-28.24,True,67.04,-12.96,True,81.5,1.5,False
5002803,49.46,55.67,80.0,Caracol,MS,94.0,0.989,1.0,5.0,2.547,3.331,55.67,-24.33,True,70.95,-9.05,True,75.66,-4.34,True
5002902,37.72,54.38,80.0,Cassilândia,MS,257.0,0.895,1.0,5.0,2.547,3.926,54.38,-25.62,True,69.66,-10.34,True,77.94,-2.06,True
5002951,43.31,63.42,80.0,Chapadão do Sul,MS,462.0,0.933,1.0,5.0,2.547,4.259,63.42,-16.58,True,78.7,-1.3,True,88.97,8.97,False
5003108,45.65,58.66,80.0,Corguinho,MS,69.0,0.986,1.0,5.0,2.547,3.176,58.66,-21.34,True,73.94,-6.06,True,77.72,-2.28,True
5003157,78.98,60.75,80.0,Coronel Sapucaia,MS,364.0,0.937,0.0,-5.0,2.547,-2.324,60.75,-19.25,True,76.03,-3.97,True,46.81,-33.19,True
5003207,41.52,38.3,80.0,Corumbá,MS,1524.0,0.82,1.0,-3.22,2.547,-2.551,38.3,-41.7,True,53.58,-26.42,True,22.99,-57.01,True
5003256,38.85,54.88,80.0,Costa Rica,MS,464.0,0.972,1.0,5.0,2.547,4.261,54.88,-25.12,True,70.16,-9.84,True,80.45,0.45,False
5003306,39.69,39.19,80.0,Coxim,MS,507.0,0.921,1.0,-0.5,2.547,0.362,39.19,-40.81,True,54.47,-25.53,True,41.36,-38.64,True
5003454,97.01,65.69,80.0,Deodápolis,MS,201.0,0.891,1.0,-5.0,2.547,-1.236,65.69,-14.31,True,80.97,0.97,False,58.27,-21.73,True
5003488,38.16,39.87,80.0,Dois Irmãos do Buriti,MS,215.0,0.949,1.0,1.71,2.547,2.113,39.87,-40.13,True,55.15,-24.85,True,52.55,-27.45,True
5003504,28.79,68.7,80.0,Douradina,MS,60.0,0.85,1.0,5.0,2.547,3.113,68.7,-11.3,True,83.98,3.98,False,87.38,7.38,False
5003702,40.43,53.43,80.0,Dourados,MS,3876.0,0.83,1.0,5.0,2.547,4.88,53.43,-26.57,True,68.71,-11.29,True,82.71,2.71,False
5003751,75.4,56.45,80.0,Eldorado,MS,189.0,0.931,1.0,-5.0,2.547,-1.12,56.45,-23.55,True,71.73,-8.27,True,49.73,-30.27,True
5003801,60.8,59.59,80.0,Fátima do Sul,MS,277.0,0.91,1.0,-1.21,2.547,0.365,59.59,-20.41,True,74.87,-5.13,True,61.78,-18.22,True
5004007,78.91,73.2,80.0,Glória de Dourados,MS,110.0,0.909,1.0,-5.0,2.547,-0.131,73.2,-6.8,True,88.48,8.48,False,72.41,-7.59,True
5004106,46.91,64.58,80.0,Guia Lopes da Laguna,MS,188.0,0.824,1.0,5.0,2.547,3.735,64.58,-15.42,True,79.86,-0.14,True,86.99,6.99,False
5004304,38.28,60.02,80.0,Iguatemi,MS,250.0,0.964,1.0,5.0,2.547,3.91,60.02,-19.98,True,75.3,-4.7,True,83.48,3.48,False
5004403,33.64,51.7,80.0,Inocência,MS,123.0,0.992,1.0,5.0,2.547,3.481,51.7,-28.3,True,66.98,-13.02,True,72.59,-7.41,True
5004502,69.03,57.29,80.0,Itaporã,MS,278.0,0.874,1.0,-5.0,2.547,-1.842,57.29,-22.71,True,72.57,-7.43,True,46.24,-33.76,True
5004601,73.35,79.41,80.0,Itaquiraí,MS,353.0,0.992,1.0,5.0,2.547,4.113,79.41,-0.59,True,94.69,14.69,False,100.0,20.0,False
5004700,61.82,68.78,80.0,Ivinhema,MS,399.0,0.947,1.0,5.0,2.547,4.181,68.78,-11.22,True,84.06,4.06,False,93.87,13.87,False
5004809,12.68,41.76,80.0,Japorã,MS,135.0,0.896,0.0,5.0,2.547,3.535,41.76,-38.24,True,57.04,-22.96,True,62.97,-17.03,True
5004908,38.46,45.19,80.0,Jaraguari,MS,91.0,0.956,1.0,5.0,2.547,3.314,45.19,-34.81,True,60.47,-19.53,True,65.07,-14.93,True
5005004,35.28,53.84,80.0,Jardim,MS,430.0,0.837,1.0,5.0,2.547,4.221,53.84,-26.16,True,69.12,-10.88,True,79.17,-0.83,True
5005103,66.67,56.25,80.0,Jateí,MS,72.0,0.944,1.0,-5.0,2.547,0.549,56.25,-23.75,True,71.53,-8.47,True,59.54,-20.46,True
5005152,22.63,47.67,80.0,Juti,MS,181.0,0.884,1.0,5.0,2.547,3.712,47.67,-32.33,True,62.95,-17.05,True,69.94,-10.06,True
5005202,25.17,33.36,80.0,Ladário,MS,396.0,0.838,1.0,5.0,2.547,4.177,33.36,-46.64,True,48.64,-31.36,True,58.42,-21.58,True
5005251,83.01,77.47,80.0,Laguna Carapã,MS,148.0,0.926,1.0,-5.0,2.547,-0.663,77.47,-2.53,True,92.75,12.75,False,73.49,-6.51,True
5005400,40.62,46.55,80.0,Maracaju,MS,773.0,0.838,1.0,5.0,2.547,4.496,46.55,-33.45,True,61.83,-18.17,True,73.52,-6.48,True
5005608,26.61,38.78,80.0,Miranda,MS,466.0,0.85,1.0,5.0,2.547,4.263,38.78,-41.22,True,54.06,-25.94,True,64.36,-15.64,True
5005681,83.81,46.46,80.0,Mundo Novo,MS,261.0,0.916,1.0,-5.0,2.547,-1.726,46.46,-33.54,True,61.74,-18.26,True,36.1,-43.9,True
5005707,60.27,59.87,80.0,Naviraí,MS,887.0,0.903,1.0,-0.4,2.547,0.142,59.87,-20.13,True,75.15,-4.85,True,60.72,-19.28,True
5005806,53.94,60.98,80.0,Nioaque,MS,212.0,0.863,0.0,5.0,2.547,3.809,60.98,-19.02,True,76.26,-3.74,True,83.83,3.83,False
5006002,37.23,56.52,80.0,Nova Alvorada do Sul,MS,396.0,0.962,1.0,5.0,2.547,4.177,56.52,-23.48,True,71.8,-8.2,True,81.58,1.58,False
5006200,58.38,69.44,80.0,Nova Andradina,MS,667.0,0.981,1.0,5.0,2.547,4.434,69.44,-10.56,True,84.72,4.72,False,96.04,16.04,False
5006259,47.37,78.44,80.0,Novo Horizonte do Sul,MS,82.0,0.963,1.0,5.0,2.547,3.26,78.44,-1.56,True,93.72,13.72,False,98.0,18.0,False
5006275,76.38,78.5,80.0,Paraíso das Águas,MS,136.0,0.993,1.0,2.12,2.547,2.374,78.5,-1.5,True,93.78,13.78,False,92.74,12.74,False
5006309,30.65,55.2,80.0,Paranaíba,MS,469.0,0.962,1.0,5.0,2.547,4.267,55.2,-24.8,True,70.48,-9.52,True,80.8,0.8,False
5006358,44.89,66.43,80.0,Paranhos,MS,150.0,0.92,0.0,5.0,2.547,3.598,66.43,-13.57,True,81.71,1.71,False,88.02,8.02,False
5006408,33.66,55.86,80.0,Pedro Gomes,MS,128.0,0.859,1.0,5.0,2.547,3.504,55.86,-24.14,True,71.14,-8.86,True,76.88,-3.12,True
5006606,57.76,71.07,80.0,Ponta Porã,MS,1885.0,0.951,1.0,5.0,2.547,4.765,71.07,-8.93,True,86.35,6.35,False,99.66,19.66,False
5006903,30.48,67.46,80.0,Porto Murtinho,MS,265.0,0.86,1.0,5.0,2.547,3.945,67.46,-12.54,True,82.74,2.74,False,91.13,11.13,False
5007109,34.35,42.87,80.0,Ribas do Rio Pardo,MS,467.0,0.897,1.0,5.0,2.547,4.264,42.87,-37.13,True,58.15,-21.85,True,68.46,-11.54,True
5007208,40.18,52.67,80.0,Rio Brilhante,MS,597.0,0.953,1.0,5.0,2.547,4.384,52.67,-27.33,True,67.95,-12.05,True,78.98,-1.02,True
5007307,53.09,53.05,80.0,Rio Negro,MS,82.0,0.988,1.0,-0.04,2.547,1.795,53.05,-26.95,True,68.33,-11.67,True,63.82,-16.18,True
5007406,47.3,49.11,80.0,Rio Verde de Mato Grosso,MS,339.0,0.85,1.0,1.81,2.547,2.083,49.11,-30.89,True,64.39,-15.61,True,61.61,-18.39,True
5007505,38.71,48.97,80.0,Rochedo,MS,100.0,0.9,1.0,5.0,2.547,3.365,48.97,-31.03,True,64.25,-15.75,True,69.16,-10.84,True
5007554,48.28,51.3,80.0,Santa Rita do Pardo,MS,142.0,0.965,1.0,3.02,2.547,2.743,51.3,-28.7,True,66.58,-13.42,True,67.76,-12.24,True
5007695,52.32,62.1,80.0,São Gabriel do Oeste,MS,504.0,0.95,1.0,5.0,2.547,4.303,62.1,-17.9,True,77.38,-2.62,True,87.92,7.92,False
5007703,54.25,53.09,80.0,Sete Quedas,MS,162.0,1.0,1.0,-1.16,2.547,0.888,53.09,-26.91,True,68.37,-11.63,True,58.42,-21.58,True
5007802,26.67,59.83,80.0,Selvíria,MS,98.0,0.99,1.0,5.0,2.547,3.354,59.83,-20.17,True,75.11,-4.89,True,79.95,-0.05,True
5007901,36.19,39.84,80.0,Sidrolândia,MS,931.0,0.78,1.0,3.65,2.547,3.455,39.84,-40.16,True,55.12,-24.88,True,60.57,-19.43,True
5007935,47.5,78.58,80.0,Sonora,MS,222.0,0.991,1.0,5.0,2.547,3.837,78.58,-1.42,True,93.86,13.86,False,100.0,20.0,False
5007950,51.61,56.62,80.0,Tacuru,MS,200.0,0.935,0.0,5.0,2.547,3.773,56.62,-23.38,True,71.9,-8.1,True,79.26,-0.74,True
5007976,78.85,85.45,80.0,Taquarussu,MS,55.0,1.0,1.0,5.0,2.547,3.076,85.45,5.45,False,100.0,20.0,False,100.0,20.0,False
5008008,60.42,47.09,80.0,Terenos,MS,290.0,0.955,1.0,-5.0,2.547,-1.92,47.09,-32.91,True,62.37,-17.63,True,35.57,-44.43,True
5008305,69.86,82.99,80.0,Três Lagoas,MS,1640.0,0.996,1.0,5.0,2.547,4.733,82.99,2.99,False,98.27,18.27,False,100.0,20.0,False
5008404,65.38,53.73,80.0,Vicentina,MS,98.0,0.939,1.0,-5.0,2.547,0.065,53.73,-26.27,True,69.01,-10.99,True,54.12,-25.88,True
5100102,38.04,40.41,80.0,Acorizal,MT,65.0,0.954,0.0,2.37,2.222,2.258,40.41,-39.59,True,53.74,-26.26,True,53.96,-26.04,True
5100201,59.1,79.49,80.0,Água Boa,MT,405.0,0.864,1.0,5.0,2.222,4.082,79.49,-0.51,True,92.82,12.82,False,100.0,20.0,False
5100250,53.52,71.46,80.0,Alta Floresta,MT,741.0,0.887,1.0,5.0,2.222,4.41,71.46,-8.54,True,84.79,4.79,False,97.92,17.92,False
5100300,73.84,75.59,80.0,Alto Araguaia,MT,172.0,0.89,1.0,1.75,2.222,2.004,75.59,-4.41,True,88.92,8.92,False,87.61,7.61,False
5100359,93.68,48.84,80.0,Alto Boa Vista,MT,103.0,0.932,1.0,-5.0,2.222,-0.233,48.84,-31.16,True,62.17,-17.83,True,47.44,-32.56,True
5100409,40.74,52.91,80.0,Alto Garças,MT,184.0,0.935,1.0,5.0,2.222,3.553,52.91,-27.09,True,66.24,-13.76,True,74.23,-5.77,True
5100508,67.56,52.43,80.0,Alto Paraguai,MT,84.0,0.869,0.0,-5.0,2.222,0.086,52.43,-27.57,True,65.76,-14.24,True,52.94,-27.06,True
5100607,72.32,70.01,80.0,Alto Taquari,MT,180.0,0.9,1.0,-2.31,2.222,0.075,70.01,-9.99,True,83.34,3.34,False,70.46,-9.54,True
5100805,48.69,74.17,80.0,Apiacás,MT,134.0,0.955,1.0,5.0,2.222,3.336,74.17,-5.83,True,87.5,7.5,False,94.19,14.19,False
5101258,48.48,60.47,80.0,Araputanga,MT,189.0,0.952,1.0,5.0,2.222,3.572,60.47,-19.53,True,73.8,-6.2,True,81.9,1.9,False
5101308,62.33,58.62,80.0,Arenápolis,MT,136.0,0.926,1.0,-3.71,2.222,-0.179,58.62,-21.38,True,71.95,-8.05,True,57.55,-22.45,True
5101407,60.16,61.83,80.0,Aripuanã,MT,445.0,0.861,1.0,1.67,2.222,1.841,61.83,-18.17,True,75.16,-4.84,True,72.88,-7.12,True
5101605,60.04,41.67,80.0,Barão de Melgaço,MT,87.0,0.874,0.0,-5.0,2.222,0.033,41.67,-38.33,True,55.0,-25.0,True,41.87,-38.13,True
5101704,50.91,72.78,80.0,Barra do Bugres,MT,436.0,0.94,1.0,5.0,2.222,4.126,72.78,-7.22,True,86.11,6.11,False,97.54,17.54,False
5101803,61.17,68.34,80.0,Barra do Garças,MT,795.0,0.907,1.0,5.0,2.222,4.442,68.34,-11.66,True,81.67,1.67,False,94.99,14.99,False
5101852,31.32,82.63,80.0,Bom Jesus do Araguaia,MT,125.0,0.904,1.0,5.0,2.222,3.29,82.63,2.63,False,95.96,15.96,False,100.0,20.0,False
5101902,51.92,69.06,80.0,Brasnorte,MT,254.0,0.854,1.0,5.0,2.222,3.776,69.06,-10.94,True,82.39,2.39,False,91.72,11.72,False
5102504,47.53,51.27,80.0,Cáceres,MT,1148.0,0.904,1.0,3.74,2.222,3.515,51.27,-28.73,True,64.6,-15.4,True,72.36,-7.64,True
5102603,38.79,44.13,80.0,Campinápolis,MT,160.0,0.819,0.0,5.0,2.222,3.457,44.13,-35.87,True,57.46,-22.54,True,64.87,-15.13,True
5102637,62.23,69.9,80.0,Campo Novo do Parecis,MT,870.0,0.895,1.0,5.0,2.222,4.481,69.9,-10.1,True,83.23,3.23,False,96.78,16.78,False
5102678,56.21,65.32,80.0,Campo Verde,MT,667.0,0.9,1.0,5.0,2.222,4.359,65.32,-14.68,True,78.65,-1.35,True,91.47,11.47,False
5102686,48.17,65.76,80.0,Campos de Júlio,MT,189.0,0.852,1.0,5.0,2.222,3.572,65.76,-14.24,True,79.09,-0.91,True,87.19,7.19,False
5102694,34.68,78.89,80.0,Canabrava do Norte,MT,81.0,0.901,1.0,5.0,2.222,3.023,78.89,-1.11,True,92.22,12.22,False,97.03,17.03,False
5102702,32.45,42.06,80.0,Canarana,MT,361.0,0.839,1.0,5.0,2.222,4.01,42.06,-37.94,True,55.39,-24.61,True,66.12,-13.88,True
5102793,42.52,98.95,80.0,Carlinda,MT,125.0,0.968,1.0,5.0,2.222,3.29,98.95,18.95,False,100.0,20.0,False,100.0,20.0,False
5102850,63.1,64.87,80.0,Castanheira,MT,93.0,0.871,1.0,1.77,2.222,2.078,64.87,-15.13,True,78.2,-1.8,True,77.34,-2.66,True
5103007,47.7,69.0,80.0,Chapada dos Guimarães,MT,266.0,0.925,1.0,5.0,2.222,3.808,69.0,-11.0,True,82.33,2.33,False,91.85,11.85,False
5103056,58.39,66.28,80.0,Cláudia,MT,152.0,0.934,1.0,5.0,2.222,3.421,66.28,-13.72,True,79.61,-0.39,True,86.81,6.81,False
5103106,78.71,52.39,80.0,Cocalinho,MT,92.0,0.935,0.0,-5.0,2.222,-0.054,52.39,-27.61,True,65.72,-14.28,True,52.07,-27.93,True
5103205,49.25,64.22,80.0,Colíder,MT,421.0,0.91,1.0,5.0,2.222,4.105,64.22,-15.78,True,77.55,-2.45,True,88.85,8.85,False
5103254,41.71,69.19,80.0,Colniza,MT,442.0,0.903,0.0,5.0,2.222,4.135,69.19,-10.81,True,82.52,2.52,False,94.0,14.0,False
5103304,57.77,47.59,80.0,Comodoro,MT,256.0,0.898,1.0,-5.0,2.222,-1.833,47.59,-32.41,True,60.92,-19.08,True,36.59,-43.41,True
5103353,35.6,54.24,80.0,Confresa,MT,631.0,0.924,1.0,5.0,2.222,4.331,54.24,-25.76,True,67.57,-12.43,True,80.23,0.23,False
5103361,40.85,69.46,80.0,Conquista D'Oeste,MT,66.0,0.894,1.0,5.0,2.222,2.911,69.46,-10.54,True,82.79,2.79,False,86.93,6.93,False
5103379,58.35,62.71,80.0,Cotriguaçu,MT,158.0,0.899,0.0,4.36,2.222,3.165,62.71,-17.29,True,76.04,-3.96,True,81.7,1.7,False
5103403,53.94,46.56,80.0,Cuiabá,MT,6995.0,0.84,1.0,-5.0,2.222,-4.799,46.56,-33.44,True,59.89,-20.11,True,17.76,-62.24,True
5103437,33.24,92.97,80.0,Curvelândia,MT,72.0,0.986,1.0,5.0,2.222,2.957,92.97,12.97,False,100.0,20.0,False,100.0,20.0,False
5103452,58.18,83.58,80.0,Denise,MT,87.0,0.943,1.0,5.0,2.222,3.064,83.58,3.58,False,96.91,16.91,False,100.0,20.0,False
5103502,52.11,65.08,80.0,Diamantino,MT,336.0,0.866,1.0,5.0,2.222,3.963,65.08,-14.92,True,78.41,-1.59,True,88.86,8.86,False
5103601,88.28,71.45,80.0,Dom Aquino,MT,86.0,0.953,1.0,-5.0,2.222,0.05,71.45,-8.55,True,84.78,4.78,False,71.75,-8.25,True
5103700,65.18,51.15,80.0,Feliz Natal,MT,169.0,0.905,1.0,-5.0,2.222,-1.086,51.15,-28.85,True,64.48,-15.52,True,44.64,-35.36,True
5103858,45.03,59.6,80.0,Gaúcha do Norte,MT,114.0,0.877,0.0,5.0,2.222,3.23,59.6,-20.4,True,72.93,-7.07,True,78.98,-1.02,True
5103908,89.12,71.41,80.0,General Carneiro,MT,91.0,0.703,0.0,-5.0,2.222,-0.037,71.41,-8.59,True,84.74,4.74,False,71.19,-8.81,True
5103957,90.57,83.78,80.0,Glória D'Oeste,MT,51.0,0.961,1.0,-5.0,2.222,0.754,83.78,3.78,False,97.11,17.11,False,88.31,8.31,False
5104104,60.81,54.22,80.0,Guarantã do Norte,MT,517.0,0.89,1.0,-5.0,2.222,-2.986,54.22,-25.78,True,67.55,-12.45,True,36.31,-43.69,True
5104203,86.43,84.49,80.0,Guiratinga,MT,122.0,0.959,1.0,-1.94,2.222,0.645,84.49,4.49,False,97.82,17.82,False,88.36,8.36,False
5104526,61.83,59.46,80.0,Ipiranga do Norte,MT,168.0,0.887,1.0,-2.37,2.222,0.126,59.46,-20.54,True,72.79,-7.21,True,60.21,-19.79,True
5104542,89.0,77.99,80.0,Itanhangá,MT,125.0,0.896,1.0,-5.0,2.222,-0.556,77.99,-2.01,True,91.32,11.32,False,74.66,-5.34,True
5104559,57.99,67.42,80.0,Itaúba,MT,99.0,0.909,1.0,5.0,2.222,3.142,67.42,-12.58,True,80.75,0.75,False,86.27,6.27,False
5104609,42.56,58.16,80.0,Itiquira,MT,234.0,0.885,1.0,5.0,2.222,3.72,58.16,-21.84,True,71.49,-8.51,True,80.48,0.48,False
5104807,57.01,55.26,80.0,Jaciara,MT,379.0,0.918,1.0,-1.75,2.222,-0.378,55.26,-24.74,True,68.59,-11.41,True,52.99,-27.01,True
5104906,55.89,54.87,80.0,Jangada,MT,129.0,0.922,0.0,-1.02,2.222,0.951,54.87,-25.13,True,68.2,-11.8,True,60.57,-19.43,True
5105002,46.7,74.68,80.0,Jauru,MT,120.0,0.925,1.0,5.0,2.222,3.264,74.68,-5.32,True,88.01,8.01,False,94.26,14.26,False
5105101,53.34,64.06,80.0,Juara,MT,435.0,0.897,1.0,5.0,2.222,4.125,64.06,-15.94,True,77.39,-2.61,True,88.81,8.81,False
5105150,45.51,56.58,80.0,Juína,MT,572.0,0.846,1.0,5.0,2.222,4.28,56.58,-23.42,True,69.91,-10.09,True,82.26,2.26,False
5105176,59.71,73.66,80.0,Juruena,MT,166.0,0.886,1.0,5.0,2.222,3.482,73.66,-6.34,True,86.99,6.99,False,94.55,14.55,False
5105200,48.65,67.06,80.0,Juscimeira,MT,151.0,0.914,1.0,5.0,2.222,3.417,67.06,-12.94,True,80.39,0.39,False,87.56,7.56,False
5105234,87.13,51.5,80.0,Lambari D'Oeste,MT,68.0,0.853,1.0,-5.0,2.222,0.389,51.5,-28.5,True,64.83,-15.17,True,53.84,-26.16,True
5105259,63.96,73.53,80.0,Lucas do Rio Verde,MT,1393.0,0.87,1.0,5.0,2.222,4.651,73.53,-6.47,True,86.86,6.86,False,100.0,20.0,False
5105507,46.76,52.38,80.0,Vila Bela da Santíssima Trindade,MT,231.0,0.866,0.0,5.0,2.222,3.711,52.38,-27.62,True,65.71,-14.29,True,74.64,-5.36,True
5105580,62.31,65.36,80.0,Marcelândia,MT,183.0,0.94,1.0,3.05,2.222,2.618,65.36,-14.64,True,78.69,-1.31,True,81.07,1.07,False
5105606,65.6,52.57,80.0,Matupá,MT,339.0,0.87,1.0,-5.0,2.222,-2.32,52.57,-27.43,True,65.9,-14.1,True,38.65,-41.35,True
5105622,51.68,60.12,80.0,Mirassol d'Oeste,MT,329.0,0.927,1.0,5.0,2.222,3.95,60.12,-19.88,True,73.45,-6.55,True,83.82,3.82,False
5105903,56.94,60.61,80.0,Nobres,MT,268.0,0.907,1.0,3.67,2.222,3.051,60.61,-19.39,True,73.94,-6.06,True,78.92,-1.08,True
5106000,47.48,65.5,80.0,Nortelândia,MT,73.0,0.918,1.0,5.0,2.222,2.965,65.5,-14.5,True,78.83,-1.17,True,83.29,3.29,False
5106109,68.54,82.05,80.0,Nossa Senhora do Livramento,MT,125.0,0.952,0.0,5.0,2.222,3.29,82.05,2.05,False,95.38,15.38,False,100.0,20.0,False
5106158,73.3,76.59,80.0,Nova Bandeirantes,MT,210.0,0.91,1.0,3.29,2.222,2.769,76.59,-3.41,True,89.92,9.92,False,93.2,13.2,False
5106182,55.17,67.64,80.0,Nova Lacerda,MT,132.0,0.917,0.0,5.0,2.222,3.326,67.64,-12.36,True,80.97,0.97,False,87.6,7.6,False
5106190,79.22,75.07,80.0,Nova Santa Helena,MT,96.0,0.875,1.0,-4.15,2.222,0.155,75.07,-4.93,True,88.4,8.4,False,76.0,-4.0,True
5106216,56.56,68.51,80.0,Nova Canaã do Norte,MT,184.0,0.935,1.0,5.0,2.222,3.553,68.51,-11.49,True,81.84,1.84,False,89.83,9.83,False
5106224,64.2,74.86,80.0,Nova Mutum,MT,976.0,0.905,1.0,5.0,2.222,4.528,74.86,-5.14,True,88.19,8.19,False,100.0,20.0,False
5106232,50.74,57.29,80.0,Nova Olímpia,MT,253.0,0.949,1.0,5.0,2.222,3.773,57.29,-22.71,True,70.62,-9.38,True,79.93,-0.07,True
5106240,73.23,58.41,80.0,Nova Ubiratã,MT,233.0,0.914,1.0,-5.0,2.222,-1.664,58.41,-21.59,True,71.74,-8.26,True,48.42,-31.58,True
5106257,71.61,45.12,80.0,Nova Xavantina,MT,274.0,0.894,1.0,-5.0,2.222,-1.953,45.12,-34.88,True,58.45,-21.55,True,33.4,-46.6,True
5106265,53.62,67.67,80.0,Novo Mundo,MT,125.0,0.848,1.0,5.0,2.222,3.29,67.67,-12.33,True,81.0,1.0,False,87.41,7.41,False
5106273,62.97,69.12,80.0,Novo Horizonte do Norte,MT,55.0,0.891,1.0,5.0,2.222,2.821,69.12,-10.88,True,82.45,2.45,False,86.05,6.05,False
5106281,58.82,94.16,80.0,Novo São Joaquim,MT,106.0,0.915,1.0,5.0,2.222,3.184,94.16,14.16,False,100.0,20.0,False,100.0,20.0,False
5106299,60.69,79.7,80.0,Paranaíta,MT,170.0,0.929,1.0,5.0,2.222,3.498,79.7,-0.3,True,93.03,13.03,False,100.0,20.0,False
5106307,45.39,60.98,80.0,Paranatinga,MT,360.0,0.856,1.0,5.0,2.222,4.008,60.98,-19.02,True,74.31,-5.69,True,85.03,5.03,False
5106372,56.73,65.1,80.0,Pedra Preta,MT,304.0,0.928,1.0,5.0,2.222,3.898,65.1,-14.9,True,78.43,-1.57,True,88.49,8.49,False
5106422,36.06,41.77,80.0,Peixoto de Azevedo,MT,521.0,0.896,0.0,5.0,2.222,4.229,41.77,-38.23,True,55.1,-24.9,True,67.15,-12.85,True
5106455,58.62,90.32,80.0,Planalto da Serra,MT,64.0,0.953,1.0,5.0,2.222,2.895,90.32,10.32,False,100.0,20.0,False,100.0,20.0,False
5106505,31.43,38.36,80.0,Poconé,MT,405.0,0.916,1.0,5.0,2.222,4.082,38.36,-41.64,True,51.69,-28.31,True,62.85,-17.15,True
5106653,69.67,51.2,80.0,Pontal do Araguaia,MT,85.0,0.871,1.0,-5.0,2.222,0.068,51.2,-28.8,True,64.53,-15.47,True,51.61,-28.39,True
5106752,65.94,66.49,80.0,Pontes e Lacerda,MT,798.0,0.883,1.0,0.55,2.222,0.885,66.49,-13.51,True,79.82,-0.18,True,71.8,-8.2,True
5106778,31.09,53.25,80.0,Porto Alegre do Norte,MT,181.0,0.873,1.0,5.0,2.222,3.542,53.25,-26.75,True,66.58,-13.42,True,74.5,-5.5,True
5106802,75.58,74.29,80.0,Porto dos Gaúchos,MT,93.0,0.86,1.0,-1.29,2.222,1.107,74.29,-5.71,True,87.62,7.62,False,80.93,0.93,False
5106828,43.95,49.8,80.0,Porto Esperidião,MT,160.0,0.881,1.0,5.0,2.222,3.457,49.8,-30.2,True,63.13,-16.87,True,70.54,-9.46,True
5107008,47.11,46.03,80.0,Poxoréo,MT,281.0,0.861,1.0,-1.08,2.222,0.293,46.03,-33.97,True,59.36,-20.64,True,47.79,-32.21,True
5107040,49.15,58.79,80.0,Primavera do Leste,MT,1216.0,0.872,1.0,5.0,2.222,4.608,58.79,-21.21,True,72.12,-7.88,True,86.44,6.44,False
5107065,57.84,74.18,80.0,Querência,MT,420.0,0.943,1.0,5.0,2.222,4.104,74.18,-5.82,True,87.51,7.51,False,98.8,18.8,False
5107107,90.1,68.7,80.0,São José dos Quatro Marcos,MT,198.0,0.919,1.0,-5.0,2.222,-1.371,68.7,-11.3,True,82.03,2.03,False,60.47,-19.53,True
5107180,63.42,70.87,80.0,Ribeirão Cascalheira,MT,122.0,0.885,0.0,5.0,2.222,3.274,70.87,-9.13,True,84.2,4.2,False,90.52,10.52,False
5107206,48.15,81.6,80.0,Rio Branco,MT,62.0,0.871,1.0,5.0,2.222,2.879,81.6,1.6,False,94.93,14.93,False,98.88,18.88,False
5107248,71.5,93.91,80.0,Santa Carmem,MT,100.0,0.95,1.0,5.0,2.222,3.148,93.91,13.91,False,100.0,20.0,False,100.0,20.0,False
5107305,73.17,60.28,80.0,São José do Rio Claro,MT,250.0,0.912,1.0,-5.0,2.222,-1.79,60.28,-19.72,True,73.61,-6.39,True,49.54,-30.46,True
5107354,51.3,35.26,80.0,São José do Xingu,MT,130.0,0.838,1.0,-5.0,2.222,-0.623,35.26,-44.74,True,48.59,-31.41,True,31.52,-48.48,True
5107404,72.89,76.26,80.0,São Pedro da Cipa,MT,69.0,0.971,1.0,3.37,2.222,2.516,76.26,-3.74,True,89.59,9.59,False,91.36,11.36,False
5107578,29.04,71.43,80.0,Rondolândia,MT,63.0,0.905,0.0,5.0,2.222,2.887,71.43,-8.57,True,84.76,4.76,False,88.75,8.75,False
5107602,52.75,60.49,80.0,Rondonópolis,MT,3333.0,0.89,1.0,5.0,2.222,4.843,60.49,-19.51,True,73.82,-6.18,True,89.55,9.55,False
5107701,53.65,56.37,80.0,Rosário Oeste,MT,155.0,0.884,0.0,2.72,2.222,2.439,56.37,-23.63,True,69.7,-10.3,True,71.01,-8.99,True
5107768,64.77,62.63,80.0,Santa Rita do Trivelato,MT,99.0,0.859,1.0,-2.14,2.222,0.778,62.63,-17.37,True,75.96,-4.04,True,67.3,-12.7,True
5107776,39.81,40.74,80.0,Santa Terezinha,MT,90.0,0.889,0.0,0.93,2.222,1.821,40.74,-39.26,True,54.07,-25.93,True,51.67,-28.33,True
5107792,60.97,75.82,80.0,Santo Antônio do Leste,MT,67.0,0.896,1.0,5.0,2.222,2.919,75.82,-4.18,True,89.15,9.15,False,93.33,13.33,False
5107859,34.84,33.38,80.0,São Félix do Araguaia,MT,155.0,0.877,1.0,-1.46,2.222,0.614,33.38,-46.62,True,46.71,-33.29,True,37.07,-42.93,True
5107875,69.76,84.38,80.0,Sapezal,MT,502.0,0.793,1.0,5.0,2.222,4.208,84.38,4.38,False,97.71,17.71,False,100.0,20.0,False
5107909,57.03,54.33,80.0,Sinop,MT,2945.0,0.867,1.0,-2.7,2.222,-2.387,54.33,-25.67,True,67.66,-12.34,True,40.01,-39.99,True
5107925,79.08,81.05,80.0,Sorriso,MT,1945.0,0.88,1.0,1.97,2.222,1.993,81.05,1.05,False,94.38,14.38,False,93.01,13.01,False
5107941,51.43,62.36,80.0,Tabaporã,MT,203.0,0.867,1.0,5.0,2.222,3.621,62.36,-17.64,True,75.69,-4.31,True,84.09,4.09,False
5107958,48.7,58.95,80.0,Tangará da Serra,MT,1354.0,0.875,1.0,5.0,2.222,4.642,58.95,-21.05,True,72.28,-7.72,True,86.8,6.8,False
5108006,55.92,68.81,80.0,Tapurah,MT,249.0,0.9,1.0,5.0,2.222,3.763,68.81,-11.19,True,82.14,2.14,False,91.39,11.39,False
5108055,58.72,61.14,80.0,Terra Nova do Norte,MT,179.0,0.922,1.0,2.42,2.222,2.315,61.14,-18.86,True,74.47,-5.53,True,75.03,-4.97,True
5108303,60.38,68.93,80.0,União do Sul,MT,77.0,0.909,1.0,5.0,2.222,2.994,68.93,-11.07,True,82.26,2.26,False,86.89,6.89,False
5108402,47.94,61.76,80.0,Várzea Grande,MT,4165.0,0.908,1.0,5.0,2.222,4.873,61.76,-18.24,True,75.09,-4.91,True,91.0,11.0,False
5108501,34.76,52.77,80.0,Vera,MT,193.0,0.912,1.0,5.0,2.222,3.586,52.77,-27.23,True,66.1,-13.9,True,74.29,-5.71,True
5108600,47.89,55.24,80.0,Vila Rica,MT,314.0,0.876,1.0,5.0,2.222,3.919,55.24,-24.76,True,68.57,-11.43,True,78.75,-1.25,True
5108808,68.02,67.3,80.0,Nova Guarita,MT,80.0,0.925,1.0,-0.72,2.222,1.381,67.3,-12.7,True,80.63,0.63,False,75.59,-4.41,True
5108857,44.14,80.62,80.0,Nova Marilândia,MT,66.0,0.939,1.0,5.0,2.222,2.911,80.62,0.62,False,93.95,13.95,False,98.09,18.09,False
5108907,61.75,62.38,80.0,Nova Maringá,MT,121.0,0.843,1.0,0.63,2.222,1.622,62.38,-17.62,True,75.71,-4.29,True,72.11,-7.89,True
5108956,77.16,92.37,80.0,Nova Monte Verde,MT,152.0,0.882,1.0,5.0,2.222,3.421,92.37,12.37,False,100.0,20.0,False,100.0,20.0,False
5200050,59.84,64.46,80.0,Abadia de Goiás,GO,352.0,0.906,1.0,4.62,3.021,4.041,64.46,-15.54,True,82.59,2.59,False,88.7,8.7,False
5200100,78.96,79.39,80.0,Abadiânia,GO,205.0,0.888,1.0,0.43,3.021,1.71,79.39,-0.61,True,97.52,17.52,False,89.65,9.65,False
5200134,58.49,81.48,80.0,Acreúna,GO,279.0,0.939,1.0,5.0,3.021,4.174,81.48,1.48,False,99.61,19.61,False,100.0,20.0,False
5200175,55.81,87.44,80.0,Água Fria de Goiás,GO,90.0,0.944,1.0,5.0,3.021,3.635,87.44,7.44,False,100.0,20.0,False,100.0,20.0,False
5200258,48.9,53.9,80.0,Águas Lindas de Goiás,GO,3329.0,0.904,1.0,5.0,3.021,4.888,53.9,-26.1,True,72.03,-7.97,True,83.23,3.23,False
5200308,76.28,75.79,80.0,Alexânia,GO,436.0,0.911,1.0,-0.49,3.021,0.614,75.79,-4.21,True,93.92,13.92,False,79.47,-0.53,True
5200555,66.64,72.47,80.0,Alto Horizonte,GO,125.0,0.92,1.0,5.0,3.021,3.782,72.47,-7.53,True,90.6,10.6,False,95.16,15.16,False
5200605,82.88,60.2,80.0,Alto Paraíso de Goiás,GO,130.0,0.985,1.0,-5.0,3.021,-0.139,60.2,-19.8,True,78.33,-1.67,True,59.37,-20.63,True
5200803,64.57,64.99,80.0,Alvorada do Norte,GO,93.0,0.989,1.0,0.42,3.021,2.196,64.99,-15.01,True,83.12,3.12,False,78.16,-1.84,True
5200852,74.3,78.87,80.0,Americano do Brasil,GO,57.0,0.912,1.0,4.57,3.021,3.365,78.87,-1.13,True,97.0,17.0,False,99.06,19.06,False
5201108,72.21,73.22,80.0,Anápolis,GO,3909.0,0.89,1.0,1.01,3.021,1.108,73.22,-6.78,True,91.35,11.35,False,79.87,-0.13,True
5201306,92.26,98.09,80.0,Anicuns,GO,161.0,0.988,1.0,5.0,3.021,3.904,98.09,18.09,False,100.0,20.0,False,100.0,20.0,False
5201405,60.67,69.22,80.0,Aparecida de Goiânia,GO,6109.0,0.893,1.0,5.0,3.021,4.937,69.22,-10.78,True,87.35,7.35,False,98.84,18.84,False
5201504,61.96,65.8,80.0,Aporé,GO,65.0,0.938,1.0,3.84,3.021,3.222,65.8,-14.2,True,83.93,3.93,False,85.13,5.13,False
5201702,63.56,72.16,80.0,Aragarças,GO,241.0,0.925,1.0,5.0,3.021,4.103,72.16,-7.84,True,90.29,10.29,False,96.78,16.78,False
5201801,54.97,62.84,80.0,Aragoiânia,GO,186.0,0.914,1.0,5.0,3.021,3.975,62.84,-17.16,True,80.97,0.97,False,86.69,6.69,False
5202155,43.29,68.98,80.0,Araguapaz,GO,94.0,0.989,1.0,5.0,3.021,3.654,68.98,-11.02,True,87.11,7.11,False,90.9,10.9,False
5202502,79.82,90.33,80.0,Aruanã,GO,106.0,0.764,1.0,5.0,3.021,3.707,90.33,10.33,False,100.0,20.0,False,100.0,20.0,False
5203203,80.55,77.88,80.0,Barro Alto,GO,152.0,0.967,1.0,-2.67,3.021,0.564,77.88,-2.12,True,96.01,16.01,False,81.26,1.26,False
5203302,61.22,62.27,80.0,Bela Vista de Goiás,GO,388.0,0.936,1.0,1.05,3.021,1.72,62.27,-17.73,True,80.4,0.4,False,72.59,-7.41,True
5203401,79.14,73.26,80.0,Bom Jardim de Goiás,GO,78.0,0.962,1.0,-5.0,3.021,0.771,73.26,-6.74,True,91.39,11.39,False,77.88,-2.12,True
5203500,75.75,81.51,80.0,Bom Jesus de Goiás,GO,282.0,0.961,1.0,5.0,3.021,4.179,81.51,1.51,False,99.64,19.64,False,100.0,20.0,False
5203559,58.03,86.32,80.0,Bonfinópolis,GO,130.0,0.946,1.0,5.0,3.021,3.801,86.32,6.32,False,100.0,20.0,False,100.0,20.0,False
5203609,48.93,90.96,80.0,Brazabrantes,GO,58.0,0.914,1.0,5.0,3.021,3.466,90.96,10.96,False,100.0,20.0,False,100.0,20.0,False
5203807,82.04,92.82,80.0,Britânia,GO,89.0,0.933,1.0,5.0,3.021,3.631,92.82,12.82,False,100.0,20.0,False,100.0,20.0,False
5203906,69.02,64.95,80.0,Buriti Alegre,GO,121.0,0.901,1.0,-4.07,3.021,0.348,64.95,-15.05,True,83.08,3.08,False,67.04,-12.96,True
5204003,69.66,93.81,80.0,Cabeceiras,GO,97.0,0.979,1.0,5.0,3.021,3.667,93.81,13.81,False,100.0,20.0,False,100.0,20.0,False
5204102,73.19,78.35,80.0,Cachoeira Alta,GO,133.0,0.97,1.0,5.0,3.021,3.812,78.35,-1.65,True,96.48,16.48,False,100.0,20.0,False
5204250,72.51,79.19,80.0,Cachoeira Dourada,GO,103.0,0.942,1.0,5.0,3.021,3.694,79.19,-0.81,True,97.32,17.32,False,100.0,20.0,False
5204300,73.23,91.38,80.0,Caçu,GO,124.0,0.952,1.0,5.0,3.021,3.779,91.38,11.38,False,100.0,20.0,False,100.0,20.0,False
5204409,76.59,84.82,80.0,Caiapônia,GO,164.0,0.909,1.0,5.0,3.021,3.913,84.82,4.82,False,100.0,20.0,False,100.0,20.0,False
5204508,58.83,62.94,80.0,Caldas Novas,GO,1154.0,0.978,1.0,4.11,3.021,3.949,62.94,-17.06,True,81.07,1.07,False,86.64,6.64,False
5204706,73.78,81.71,80.0,Campinorte,GO,152.0,0.947,1.0,5.0,3.021,3.876,81.71,1.71,False,99.84,19.84,False,100.0,20.0,False
5204805,79.9,77.6,80.0,Campo Alegre de Goiás,GO,108.0,0.935,1.0,-2.3,3.021,1.155,77.6,-2.4,True,95.73,15.73,False,84.53,4.53,False
5204854,86.91,84.62,80.0,Campo Limpo de Goiás,GO,129.0,1.0,1.0,-2.29,3.021,0.939,84.62,4.62,False,100.0,20.0,False,90.25,10.25,False
5204904,65.21,75.75,80.0,Campos Belos,GO,237.0,0.945,1.0,5.0,3.021,4.094,75.75,-4.25,True,93.88,13.88,False,100.0,20.0,False
5204953,63.71,82.8,80.0,Campos Verdes,GO,52.0,0.962,1.0,5.0,3.021,3.43,82.8,2.8,False,100.0,20.0,False,100.0,20.0,False
5205000,78.85,85.78,80.0,Carmo do Rio Verde,GO,94.0,0.979,1.0,5.0,3.021,3.654,85.78,5.78,False,100.0,20.0,False,100.0,20.0,False
5205109,64.88,76.88,80.0,Catalão,GO,1070.0,0.9,1.0,5.0,3.021,4.688,76.88,-3.12,True,95.01,15.01,False,100.0,20.0,False
5205208,68.4,87.17,80.0,Caturaí,GO,66.0,0.833,1.0,5.0,3.021,3.512,87.17,7.17,False,100.0,20.0,False,100.0,20.0,False
5205307,60.19,84.5,80.0,Cavalcante,GO,104.0,0.942,0.0,5.0,3.021,3.698,84.5,4.5,False,100.0,20.0,False,100.0,20.0,False
5205406,88.1,94.51,80.0,Ceres,GO,164.0,1.0,1.0,5.0,3.021,3.913,94.51,14.51,False,100.0,20.0,False,100.0,20.0,False
5205455,41.26,69.63,80.0,Cezarina,GO,105.0,0.962,1.0,5.0,3.021,3.702,69.63,-10.37,True,87.76,7.76,False,91.84,11.84,False
5205471,80.04,87.51,80.0,Chapadão do Céu,GO,215.0,0.967,1.0,5.0,3.021,4.046,87.51,7.51,False,100.0,20.0,False,100.0,20.0,False
5205497,51.3,61.82,80.0,Cidade Ocidental,GO,1279.0,0.955,1.0,5.0,3.021,4.732,61.82,-18.18,True,79.95,-0.05,True,90.21,10.21,False
5205513,79.53,88.6,80.0,Cocalzinho de Goiás,GO,287.0,0.983,1.0,5.0,3.021,4.187,88.6,8.6,False,100.0,20.0,False,100.0,20.0,False
5205521,62.72,58.9,80.0,Colinas do Sul,GO,59.0,0.949,1.0,-3.82,3.021,1.463,58.9,-21.1,True,77.03,-2.97,True,67.68,-12.32,True
5205802,72.1,80.7,80.0,Corumbá de Goiás,GO,100.0,0.97,1.0,5.0,3.021,3.681,80.7,0.7,False,98.83,18.83,False,100.0,20.0,False
5205901,71.44,82.63,80.0,Corumbaíba,GO,118.0,0.856,1.0,5.0,3.021,3.755,82.63,2.63,False,100.0,20.0,False,100.0,20.0,False
5206206,67.92,69.1,80.0,Cristalina,GO,905.0,0.937,1.0,1.18,3.021,1.513,69.1,-10.9,True,87.23,7.23,False,78.18,-1.82,True
5206305,88.62,82.2,80.0,Cristianópolis,GO,51.0,0.98,1.0,-5.0,3.021,1.391,82.2,2.2,False,100.0,20.0,False,90.55,10.55,False
5206404,66.73,78.62,80.0,Crixás,GO,140.0,0.871,1.0,5.0,3.021,3.836,78.62,-1.38,True,96.75,16.75,False,100.0,20.0,False
5206701,70.55,83.93,80.0,Damianópolis,GO,57.0,1.0,0.0,5.0,3.021,3.46,83.93,3.93,False,100.0,20.0,False,100.0,20.0,False
5207253,78.21,83.34,80.0,Doverlândia,GO,76.0,0.947,1.0,5.0,3.021,3.566,83.34,3.34,False,100.0,20.0,False,100.0,20.0,False
5207402,82.36,72.29,80.0,Edéia,GO,166.0,0.94,1.0,-5.0,3.021,-0.617,72.29,-7.71,True,90.42,10.42,False,68.59,-11.41,True
5207501,67.18,98.0,80.0,Estrela do Norte,GO,50.0,1.0,1.0,5.0,3.021,3.417,98.0,18.0,False,100.0,20.0,False,100.0,20.0,False
5207535,73.62,70.81,80.0,Faina,GO,56.0,0.911,0.0,-2.81,3.021,1.746,70.81,-9.19,True,88.94,8.94,False,81.28,1.28,False
5207808,76.84,70.8,80.0,Firminópolis,GO,89.0,0.944,1.0,-5.0,3.021,0.551,70.8,-9.2,True,88.93,8.93,False,74.11,-5.89,True
5207907,66.75,65.41,80.0,Flores de Goiás,GO,154.0,0.896,0.0,-1.34,3.021,1.124,65.41,-14.59,True,83.54,3.54,False,72.15,-7.85,True
5208004,63.28,64.02,80.0,Formosa,GO,1282.0,0.916,1.0,0.74,3.021,1.048,64.02,-15.98,True,82.15,2.15,False,70.31,-9.69,True
5208152,98.15,79.76,80.0,Gameleira de Goiás,GO,60.0,0.983,1.0,-5.0,3.021,1.17,79.76,-0.24,True,97.89,17.89,False,86.78,6.78,False
5208301,79.91,80.42,80.0,Divinópolis de Goiás,GO,75.0,0.973,0.0,0.51,3.021,2.336,80.42,0.42,False,98.55,18.55,False,94.44,14.44,False
5208400,74.4,68.02,80.0,Goianápolis,GO,200.0,0.885,1.0,-5.0,3.021,-0.989,68.02,-11.98,True,86.15,6.15,False,62.08,-17.92,True
5208509,44.66,72.17,80.0,Goiandira,GO,71.0,0.972,1.0,5.0,3.021,3.54,72.17,-7.83,True,90.3,10.3,False,93.41,13.41,False
5208608,79.79,82.28,80.0,Goianésia,GO,933.0,0.952,1.0,2.49,3.021,2.584,82.28,2.28,False,100.0,20.0,False,97.78,17.78,False
5208707,66.56,69.49,80.0,Goiânia,GO,10246.0,0.865,1.0,2.93,3.021,2.932,69.49,-10.51,True,87.62,7.62,False,87.08,7.08,False
5208806,69.12,81.01,80.0,Goianira,GO,1153.0,0.894,1.0,5.0,3.021,4.707,81.01,1.01,False,99.14,19.14,False,100.0,20.0,False
5208905,67.46,87.52,80.0,Goiás,GO,171.0,0.895,1.0,5.0,3.021,3.933,87.52,7.52,False,100.0,20.0,False,100.0,20.0,False
5209101,68.19,77.63,80.0,Goiatuba,GO,406.0,0.98,1.0,5.0,3.021,4.347,77.63,-2.37,True,95.76,15.76,False,100.0,20.0,False
5209150,39.78,81.36,80.0,Gouvelândia,GO,59.0,1.0,1.0,5.0,3.021,3.472,81.36,1.36,False,99.49,19.49,False,100.0,20.0,False
5209200,64.19,70.28,80.0,Guapó,GO,258.0,0.826,1.0,5.0,3.021,4.136,70.28,-9.72,True,88.41,8.41,False,95.1,15.1,False
5209705,68.97,65.56,80.0,Hidrolândia,GO,395.0,0.997,1.0,-3.41,3.021,-1.248,65.56,-14.44,True,83.69,3.69,False,58.07,-21.93,True
5209903,64.01,65.45,80.0,Iaciara,GO,135.0,0.904,0.0,1.44,3.021,2.384,65.45,-14.55,True,83.58,3.58,False,79.75,-0.25,True
5209937,76.2,87.01,80.0,Inaciolândia,GO,71.0,0.972,1.0,5.0,3.021,3.54,87.01,7.01,False,100.0,20.0,False,100.0,20.0,False
5209952,67.15,82.75,80.0,Indiara,GO,189.0,0.984,1.0,5.0,3.021,3.983,82.75,2.75,False,100.0,20.0,False,100.0,20.0,False
5210000,81.28,87.57,80.0,Inhumas,GO,537.0,0.942,1.0,5.0,3.021,4.463,87.57,7.57,False,100.0,20.0,False,100.0,20.0,False
5210109,64.1,74.13,80.0,Ipameri,GO,274.0,0.971,1.0,5.0,3.021,4.165,74.13,-5.87,True,92.26,12.26,False,99.12,19.12,False
5210208,78.36,83.04,80.0,Iporá,GO,389.0,0.936,1.0,4.68,3.021,4.117,83.04,3.04,False,100.0,20.0,False,100.0,20.0,False
5210406,78.96,81.22,80.0,Itaberaí,GO,547.0,0.956,1.0,2.26,3.021,2.464,81.22,1.22,False,99.35,19.35,False,96.0,16.0,False
5210562,85.79,77.71,80.0,Itaguari,GO,82.0,0.927,1.0,-5.0,3.021,0.689,77.71,-2.29,True,95.84,15.84,False,81.84,1.84,False
5210604,81.65,89.89,80.0,Itaguaru,GO,51.0,0.98,1.0,5.0,3.021,3.423,89.89,9.89,False,100.0,20.0,False,100.0,20.0,False
5210901,78.84,85.28,80.0,Itapaci,GO,240.0,0.979,1.0,5.0,3.021,4.101,85.28,5.28,False,100.0,20.0,False,100.0,20.0,False
5211008,34.36,73.21,80.0,Itapirapuã,GO,103.0,0.913,1.0,5.0,3.021,3.694,73.21,-6.79,True,91.34,11.34,False,95.37,15.37,False
5211206,81.61,85.1,80.0,Itapuranga,GO,285.0,0.916,1.0,3.49,3.021,3.297,85.1,5.1,False,100.0,20.0,False,100.0,20.0,False
5211305,76.72,83.26,80.0,Itarumã,GO,74.0,0.973,1.0,5.0,3.021,3.556,83.26,3.26,False,100.0,20.0,False,100.0,20.0,False
5211404,96.95,94.51,80.0,Itauçu,GO,93.0,0.978,1.0,-2.44,3.021,1.288,94.51,14.51,False,100.0,20.0,False,100.0,20.0,False
5211503,69.78,74.44,80.0,Itumbiara,GO,1216.0,0.921,1.0,4.66,3.021,4.429,74.44,-5.56,True,92.57,12.57,False,100.0,20.0,False
5211701,77.19,80.25,80.0,Jandaia,GO,63.0,0.968,1.0,3.06,3.021,3.031,80.25,0.25,False,98.38,18.38,False,98.43,18.43,False
5211800,82.9,83.96,80.0,Jaraguá,GO,476.0,0.968,1.0,1.06,3.021,1.64,83.96,3.96,False,100.0,20.0,False,93.8,13.8,False
5211909,64.01,69.92,80.0,Jataí,GO,1253.0,0.916,1.0,5.0,3.021,4.728,69.92,-10.08,True,88.05,8.05,False,98.29,18.29,False
5212105,57.9,67.17,80.0,Joviânia,GO,86.0,0.919,1.0,5.0,3.021,3.616,67.17,-12.83,True,85.3,5.3,False,88.87,8.87,False
5212204,58.98,79.77,80.0,Jussara,GO,187.0,0.979,1.0,5.0,3.021,3.977,79.77,-0.23,True,97.9,17.9,False,100.0,20.0,False
5212303,77.67,75.41,80.0,Leopoldo de Bulhões,GO,97.0,0.918,1.0,-2.26,3.021,1.296,75.41,-4.59,True,93.54,13.54,False,83.19,3.19,False
5212501,64.05,66.27,80.0,Luziânia,GO,3016.0,0.957,1.0,2.22,3.021,2.27,66.27,-13.73,True,84.4,4.4,False,79.89,-0.11,True
5212709,50.41,68.27,80.0,Mambaí,GO,132.0,0.955,0.0,5.0,3.021,3.808,68.27,-11.73,True,86.4,6.4,False,91.12,11.12,False
5212808,69.6,87.78,80.0,Mara Rosa,GO,139.0,0.942,1.0,5.0,3.021,3.833,87.78,7.78,False,100.0,20.0,False,100.0,20.0,False
5212956,59.71,52.82,80.0,Matrinchã,GO,65.0,0.938,1.0,-5.0,3.021,1.054,52.82,-27.18,True,70.95,-9.05,True,59.14,-20.86,True
5213004,78.46,83.79,80.0,Maurilândia,GO,121.0,0.975,1.0,5.0,3.021,3.767,83.79,3.79,False,100.0,20.0,False,100.0,20.0,False
5213087,75.66,81.44,80.0,Minaçu,GO,290.0,0.948,1.0,5.0,3.021,4.192,81.44,1.44,False,99.57,19.57,False,100.0,20.0,False
5213103,80.26,84.01,80.0,Mineiros,GO,951.0,0.966,1.0,3.75,3.021,3.623,84.01,4.01,False,100.0,20.0,False,100.0,20.0,False
5213509,73.88,81.87,80.0,Monte Alegre de Goiás,GO,71.0,0.901,0.0,5.0,3.021,3.54,81.87,1.87,False,100.0,20.0,False,100.0,20.0,False
5213707,66.57,75.02,80.0,Montes Claros de Goiás,GO,97.0,1.0,1.0,5.0,3.021,3.667,75.02,-4.98,True,93.15,13.15,False,97.02,17.02,False
5213756,65.97,78.69,80.0,Montividiu,GO,151.0,0.993,1.0,5.0,3.021,3.872,78.69,-1.31,True,96.82,16.82,False,100.0,20.0,False
5213806,62.28,65.87,80.0,Morrinhos,GO,519.0,0.888,1.0,3.59,3.021,3.432,65.87,-14.13,True,84.0,4.0,False,86.46,6.46,False
5214002,51.21,66.57,80.0,Mozarlândia,GO,230.0,0.926,1.0,5.0,3.021,4.08,66.57,-13.43,True,84.7,4.7,False,91.05,11.05,False
5214051,96.18,94.04,80.0,Mundo Novo,GO,108.0,0.935,0.0,-2.14,3.021,1.211,94.04,14.04,False,100.0,20.0,False,100.0,20.0,False
5214101,92.95,100.0,80.0,Mutunópolis,GO,53.0,0.981,1.0,5.0,3.021,3.436,100.0,20.0,False,100.0,20.0,False,100.0,20.0,False
5214408,79.0,83.94,80.0,Nazário,GO,96.0,0.979,1.0,4.94,3.021,3.644,83.94,3.94,False,100.0,20.0,False,100.0,20.0,False
5214507,68.08,71.18,80.0,Nerópolis,GO,420.0,0.898,1.0,3.1,3.021,3.075,71.18,-8.82,True,89.31,9.31,False,89.63,9.63,False
5214606,72.84,80.22,80.0,Niquelândia,GO,339.0,0.965,1.0,5.0,3.021,4.266,80.22,0.22,False,98.35,18.35,False,100.0,20.0,False
5214838,64.36,71.87,80.0,Nova Crixás,GO,146.0,0.979,1.0,5.0,3.021,3.856,71.87,-8.13,True,90.0,10.0,False,95.01,15.01,False
5214861,81.84,87.68,80.0,Nova Glória,GO,50.0,0.98,1.0,5.0,3.021,3.417,87.68,7.68,False,100.0,20.0,False,100.0,20.0,False
5215009,86.43,76.22,80.0,Nova Veneza,GO,120.0,0.983,1.0,-5.0,3.021,0.013,76.22,-3.78,True,94.35,14.35,False,76.3,-3.7,True
5215231,52.29,57.35,80.0,Novo Gama,GO,1138.0,0.868,1.0,5.0,3.021,4.704,57.35,-22.65,True,75.48,-4.52,True,85.58,5.58,False
5215256,84.74,94.54,80.0,Novo Planalto,GO,57.0,1.0,1.0,5.0,3.021,3.46,94.54,14.54,False,100.0,20.0,False,100.0,20.0,False
5215306,86.48,77.75,80.0,Orizona,GO,179.0,0.916,1.0,-5.0,3.021,-0.767,77.75,-2.25,True,95.88,15.88,False,73.15,-6.85,True
5215405,95.87,96.61,80.0,Ouro Verde de Goiás,GO,59.0,1.0,1.0,0.74,3.021,2.502,96.61,16.61,False,100.0,20.0,False,100.0,20.0,False
5215504,65.43,90.09,80.0,Ouvidor,GO,81.0,0.951,1.0,5.0,3.021,3.592,90.09,10.09,False,100.0,20.0,False,100.0,20.0,False
5215603,58.23,69.56,80.0,Padre Bernardo,GO,388.0,0.936,0.0,5.0,3.021,4.327,69.56,-10.44,True,87.69,7.69,False,95.52,15.52,False
5215702,67.97,81.01,80.0,Palmeiras de Goiás,GO,393.0,0.906,1.0,5.0,3.021,4.333,81.01,1.01,False,99.14,19.14,False,100.0,20.0,False
5216304,85.71,97.01,80.0,Paranaiguara,GO,104.0,0.981,1.0,5.0,3.021,3.698,97.01,17.01,False,100.0,20.0,False,100.0,20.0,False
5216403,61.83,67.88,80.0,Paraúna,GO,163.0,0.908,1.0,5.0,3.021,3.91,67.88,-12.12,True,86.01,6.01,False,91.34,11.34,False
5216809,59.28,85.41,80.0,Petrolina de Goiás,GO,66.0,0.924,1.0,5.0,3.021,3.512,85.41,5.41,False,100.0,20.0,False,100.0,20.0,False
5217104,67.96,71.69,80.0,Piracanjuba,GO,218.0,0.954,1.0,3.73,3.021,3.391,71.69,-8.31,True,89.82,9.82,False,92.04,12.04,False
5217203,78.1,68.65,80.0,Piranhas,GO,126.0,0.944,1.0,-5.0,3.021,-0.079,68.65,-11.35,True,86.78,6.78,False,68.18,-11.82,True
5217302,72.91,64.06,80.0,Pirenópolis,GO,315.0,0.921,1.0,-5.0,3.021,-1.885,64.06,-15.94,True,82.19,2.19,False,52.75,-27.25,True
5217401,67.36,80.88,80.0,Pires do Rio,GO,303.0,0.848,1.0,5.0,3.021,4.213,80.88,0.88,False,99.01,19.01,False,100.0,20.0,False
5217609,65.51,75.11,80.0,Planaltina,GO,1687.0,0.915,1.0,5.0,3.021,4.79,75.11,-4.89,True,93.24,13.24,False,100.0,20.0,False
5217708,73.38,86.03,80.0,Pontalina,GO,169.0,0.97,1.0,5.0,3.021,3.927,86.03,6.03,False,100.0,20.0,False,100.0,20.0,False
5218003,51.66,49.92,80.0,Porangatu,GO,381.0,0.94,1.0,-1.74,3.021,-0.101,49.92,-30.08,True,68.05,-11.95,True,49.31,-30.69,True
5218052,83.88,75.38,80.0,Porteirão,GO,76.0,0.961,1.0,-5.0,3.021,0.812,75.38,-4.62,True,93.51,13.51,False,80.25,0.25,False
5218102,71.68,76.08,80.0,Portelândia,GO,70.0,0.957,1.0,4.4,3.021,3.379,76.08,-3.92,True,94.21,14.21,False,96.35,16.35,False
5218300,76.16,80.95,80.0,Posse,GO,404.0,0.983,0.0,4.79,3.021,4.204,80.95,0.95,False,99.08,19.08,False,100.0,20.0,False
5218508,66.97,80.29,80.0,Quirinópolis,GO,564.0,0.965,1.0,5.0,3.021,4.482,80.29,0.29,False,98.42,18.42,False,100.0,20.0,False
5218607,68.21,97.03,80.0,Rialma,GO,136.0,0.985,1.0,5.0,3.021,3.822,97.03,17.03,False,100.0,20.0,False,100.0,20.0,False
5218706,76.56,100.0,80.0,Rianápolis,GO,57.0,0.982,1.0,5.0,3.021,3.46,100.0,20.0,False,100.0,20.0,False,100.0,20.0,False
5218789,79.26,96.08,80.0,Rio Quente,GO,51.0,1.0,1.0,5.0,3.021,3.423,96.08,16.08,False,100.0,20.0,False,100.0,20.0,False
5218805,86.06,89.88,80.0,Rio Verde,GO,2620.0,0.972,1.0,3.82,3.021,3.763,89.88,9.88,False,100.0,20.0,False,100.0,20.0,False
5218904,77.53,87.69,80.0,Rubiataba,GO,223.0,0.924,1.0,5.0,3.021,4.064,87.69,7.69,False,100.0,20.0,False,100.0,20.0,False
5219001,78.09,91.82,80.0,Sanclerlândia,GO,91.0,0.967,1.0,5.0,3.021,3.64,91.82,11.82,False,100.0,20.0,False,100.0,20.0,False
5219100,78.28,100.0,80.0,Santa Bárbara de Goiás,GO,87.0,0.943,1.0,5.0,3.021,3.621,100.0,20.0,False,100.0,20.0,False,100.0,20.0,False
5219258,76.89,92.78,80.0,Santa Fé de Goiás,GO,74.0,0.905,1.0,5.0,3.021,3.556,92.78,12.78,False,100.0,20.0,False,100.0,20.0,False
5219407,78.75,83.33,80.0,Santa Rita do Araguaia,GO,80.0,0.975,1.0,4.58,3.021,3.467,83.33,3.33,False,100.0,20.0,False,100.0,20.0,False
5219704,84.75,96.08,80.0,Santa Terezinha de Goiás,GO,85.0,0.929,1.0,5.0,3.021,3.611,96.08,16.08,False,100.0,20.0,False,100.0,20.0,False
5219712,82.48,91.64,80.0,Santo Antônio da Barra,GO,78.0,0.936,1.0,5.0,3.021,3.576,91.64,11.64,False,100.0,20.0,False,100.0,20.0,False
5219738,91.99,82.91,80.0,Santo Antônio de Goiás,GO,114.0,0.886,1.0,-5.0,3.021,0.109,82.91,2.91,False,100.0,20.0,False,83.56,3.56,False
5219753,42.71,53.64,80.0,Santo Antônio do Descoberto,GO,972.0,0.945,1.0,5.0,3.021,4.662,53.64,-26.36,True,71.77,-8.23,True,81.61,1.61,False
5219803,45.68,65.94,80.0,São Domingos,GO,98.0,0.969,0.0,5.0,3.021,3.672,65.94,-14.06,True,84.07,4.07,False,87.97,7.97,False
5219902,58.94,75.57,80.0,São Francisco de Goiás,GO,108.0,0.991,1.0,5.0,3.021,3.715,75.57,-4.43,True,93.7,13.7,False,97.86,17.86,False
5220009,81.82,89.53,80.0,São João d'Aliança,GO,183.0,0.973,0.0,5.0,3.021,3.967,89.53,9.53,False,100.0,20.0,False,100.0,20.0,False
5220108,66.51,76.27,80.0,São Luís de Montes Belos,GO,346.0,0.934,1.0,5.0,3.021,4.275,76.27,-3.73,True,94.4,14.4,False,100.0,20.0,False
5220157,75.36,85.76,80.0,São Luíz do Norte,GO,66.0,0.97,1.0,5.0,3.021,3.512,85.76,5.76,False,100.0,20.0,False,100.0,20.0,False
5220207,86.66,91.4,80.0,São Miguel do Araguaia,GO,289.0,0.952,1.0,4.74,3.021,4.037,91.4,11.4,False,100.0,20.0,False,100.0,20.0,False
5220405,72.78,82.29,80.0,São Simão,GO,239.0,0.908,1.0,5.0,3.021,4.099,82.29,2.29,False,100.0,20.0,False,100.0,20.0,False
5220454,48.52,60.34,80.0,Senador Canedo,GO,2084.0,0.92,1.0,5.0,3.021,4.827,60.34,-19.66,True,78.47,-1.53,True,89.3,9.3,False
5220504,54.47,66.65,80.0,Serranópolis,GO,91.0,0.989,1.0,5.0,3.021,3.64,66.65,-13.35,True,84.78,4.78,False,88.49,8.49,False
5220603,86.01,91.2,80.0,Silvânia,GO,208.0,0.962,1.0,5.0,3.021,4.03,91.2,11.2,False,100.0,20.0,False,100.0,20.0,False
5220686,86.31,77.79,80.0,Simolândia,GO,65.0,0.985,1.0,-5.0,3.021,1.054,77.79,-2.21,True,95.92,15.92,False,84.11,4.11,False
5221007,69.59,75.0,80.0,Taquaral de Goiás,GO,50.0,0.88,1.0,5.0,3.021,3.417,75.0,-5.0,True,93.13,13.13,False,95.5,15.5,False
5221080,56.82,62.3,80.0,Teresina de Goiás,GO,61.0,1.0,0.0,5.0,3.021,3.484,62.3,-17.7,True,80.43,0.43,False,83.2,3.2,False
5221197,57.84,71.39,80.0,Terezópolis de Goiás,GO,117.0,0.915,1.0,5.0,3.021,3.752,71.39,-8.61,True,89.52,9.52,False,93.9,13.9,False
5221403,66.34,77.21,80.0,Trindade,GO,1682.0,0.933,1.0,5.0,3.021,4.79,77.21,-2.79,True,95.34,15.34,False,100.0,20.0,False
5221502,72.58,80.7,80.0,Turvânia,GO,57.0,1.0,1.0,5.0,3.021,3.46,80.7,0.7,False,98.83,18.83,False,100.0,20.0,False
5221551,68.16,86.88,80.0,Turvelândia,GO,71.0,0.986,1.0,5.0,3.021,3.54,86.88,6.88,False,100.0,20.0,False,100.0,20.0,False
5221601,69.31,76.87,80.0,Uruaçu,GO,361.0,0.983,1.0,5.0,3.021,4.295,76.87,-3.13,True,95.0,15.0,False,100.0,20.0,False
5221700,75.58,97.73,80.0,Uruana,GO,132.0,1.0,1.0,5.0,3.021,3.808,97.73,17.73,False,100.0,20.0,False,100.0,20.0,False
5221858,56.69,64.23,80.0,Valparaíso de Goiás,GO,2370.0,0.884,1.0,5.0,3.021,4.846,64.23,-15.77,True,82.36,2.36,False,93.31,13.31,False
5222005,89.04,89.5,80.0,Vianópolis,GO,164.0,0.951,1.0,0.46,3.021,1.867,89.5,9.5,False,100.0,20.0,False,100.0,20.0,False
5222054,78.24,84.21,80.0,Vicentinópolis,GO,95.0,1.0,1.0,5.0,3.021,3.658,84.21,4.21,False,100.0,20.0,False,100.0,20.0,False
5222203,83.76,78.69,80.0,Vila Boa,GO,61.0,1.0,0.0,-5.0,3.021,1.147,78.69,-1.31,True,96.82,16.82,False,85.57,5.57,False
5222302,74.44,79.46,80.0,Vila Propício,GO,73.0,0.89,1.0,5.0,3.021,3.55,79.46,-0.54,True,97.59,17.59,False,100.0,20.0,False
