id_municipio,nome_municipio,sigla_uf,nome_regiao,n_alunos_2024,presenca_2024,taxa_presentes_2024,taxa_alf_2024,risco_previsto_2024,idhm,ivs,cluster,alerta_participacao
2805109,Pedrinhas,SE,Nordeste,65.0,0.954,0.113,0.108,0.579,0.592,0.544,0,False
2203354,Dirceu Arcoverde,PI,Nordeste,50.0,0.88,0.114,0.1,0.444,0.561,0.465,0,False
1707702,Filadélfia,TO,Norte,65.0,0.846,0.127,0.108,0.649,0.621,0.456,0,False
2902252,Arataca,BA,Nordeste,77.0,0.792,0.131,0.104,0.673,0.559,0.536,0,True
2915403,Itaju do Colônia,BA,Nordeste,79.0,0.747,0.153,0.114,0.636,0.592,0.515,0,True
1711951,Lagoa do Tocantins,TO,Norte,53.0,0.981,0.154,0.151,0.554,0.579,0.45,0,False
1200435,Santa Rosa do Purus,AC,Norte,76.0,0.763,0.155,0.118,0.573,0.517,0.564,0,True
2802700,Ilha das Flores,SE,Nordeste,129.0,0.891,0.157,0.14,0.667,0.562,0.506,0,False
2801504,Carmópolis,SE,Nordeste,166.0,0.892,0.162,0.145,0.615,0.643,0.347,1,False
2901908,Aporá,BA,Nordeste,238.0,0.966,0.165,0.16,0.664,0.548,0.523,0,False
2805604,Porto da Folha,SE,Nordeste,249.0,0.916,0.175,0.161,0.65,0.568,0.474,0,False
2933158,Várzea Nova,BA,Nordeste,161.0,0.969,0.179,0.174,0.682,0.555,0.515,0,False
2902203,Aramari,BA,Nordeste,87.0,0.897,0.179,0.161,0.658,0.588,0.539,0,False
1703073,Barra do Ouro,TO,Norte,76.0,0.947,0.181,0.171,0.631,0.603,0.544,0,False
2900207,Abaré,BA,Nordeste,162.0,0.981,0.182,0.179,0.707,0.575,0.51,0,False
1710706,Itaguatins,TO,Norte,60.0,0.817,0.184,0.15,0.609,0.616,0.466,0,False
2920809,Marcionílio Souza,BA,Nordeste,79.0,0.886,0.186,0.165,0.662,0.561,0.574,0,False
1304260,Uarini,AM,Norte,231.0,0.861,0.191,0.165,0.638,0.527,0.626,0,False
1703008,Babaçulândia,TO,Norte,83.0,0.819,0.191,0.157,0.588,0.642,0.407,0,False
2206654,Morro Cabeça no Tempo,PI,Nordeste,77.0,0.935,0.194,0.182,0.452,0.542,0.417,0,False
2802007,Divina Pastora,SE,Nordeste,54.0,0.944,0.196,0.185,0.575,0.61,0.45,0,False
1600105,Amapá,AP,Norte,130.0,0.862,0.196,0.169,0.603,0.642,0.524,0,False
2930501,Serrinha,BA,Nordeste,525.0,0.928,0.199,0.185,0.698,0.634,0.397,0,False
2925600,Presidente Dutra,BA,Nordeste,105.0,0.952,0.2,0.19,0.696,0.614,0.39,0,False
1713601,Monte do Carmo,TO,Norte,79.0,0.81,0.203,0.165,0.566,0.622,0.399,0,False
2924207,Pedro Alexandre,BA,Nordeste,134.0,0.985,0.205,0.201,0.635,0.513,0.593,0,False
2800209,Aquidabã,SE,Nordeste,98.0,0.888,0.207,0.184,0.653,0.578,0.454,0,False
2933059,Várzea da Roça,BA,Nordeste,89.0,0.921,0.207,0.191,0.705,0.539,0.472,0,False
2929800,Saúde,BA,Nordeste,87.0,0.943,0.207,0.195,0.666,0.549,0.491,0,False
2907202,Casa Nova,BA,Nordeste,490.0,0.878,0.209,0.184,0.749,0.57,0.467,0,False
2917003,Itiúba,BA,Nordeste,263.0,0.939,0.211,0.198,0.686,0.544,0.523,0,False
2923100,Olindina,BA,Nordeste,218.0,0.927,0.213,0.197,0.679,0.559,0.483,0,False
2908903,Coração de Maria,BA,Nordeste,199.0,0.849,0.213,0.181,0.678,0.592,0.477,0,False
1600501,Oiapoque,AP,Norte,512.0,0.75,0.214,0.16,0.679,0.658,0.56,0,True
2509057,Marcação,PB,Nordeste,148.0,0.872,0.217,0.189,0.527,0.529,0.563,0,False
2806305,Santa Luzia do Itanhy,SE,Nordeste,132.0,0.939,0.218,0.205,0.628,0.545,0.534,0,False
2405306,Boa Saúde,RN,Nordeste,66.0,0.621,0.22,0.136,0.65,0.574,0.453,0,True
2806404,Santana do São Francisco,SE,Nordeste,96.0,0.948,0.22,0.208,0.565,0.59,0.379,0,False
4320859,Tabaí,RS,Sul,68.0,0.868,0.22,0.191,0.426,0.701,0.239,1,False
2922250,Muquém de São Francisco,BA,Nordeste,132.0,0.894,0.22,0.197,0.674,0.549,0.499,0,False
1302553,Manaquiri,AM,Norte,237.0,0.785,0.22,0.173,0.585,0.596,0.535,0,True
2912707,Ibirapitanga,BA,Nordeste,221.0,0.923,0.221,0.204,0.668,0.558,0.541,0,False
2604205,Catende,PE,Nordeste,291.0,0.918,0.221,0.203,0.444,0.609,0.483,0,False
2924405,Pilão Arcado,BA,Nordeste,460.0,0.85,0.225,0.191,0.744,0.506,0.526,0,False
2911808,Guaratinga,BA,Nordeste,173.0,0.919,0.226,0.208,0.678,0.558,0.531,0,False
2909901,Curaçá,BA,Nordeste,402.0,0.965,0.229,0.221,0.67,0.581,0.461,0,False
2932457,Umburanas,BA,Nordeste,132.0,0.924,0.23,0.212,0.701,0.515,0.556,0,False
2928307,Santanópolis,BA,Nordeste,74.0,0.824,0.23,0.189,0.607,0.592,0.536,0,False
2505238,Cuité de Mamanguape,PB,Nordeste,83.0,0.783,0.231,0.181,0.5,0.524,0.644,0,True
2901601,Antas,BA,Nordeste,90.0,0.911,0.232,0.211,0.611,0.592,0.428,0,False
2906808,Cansanção,BA,Nordeste,389.0,0.853,0.232,0.198,0.682,0.557,0.536,0,False
2910909,Firmino Alves,BA,Nordeste,64.0,0.672,0.233,0.156,0.606,0.578,0.406,0,True
2920106,Mairi,BA,Nordeste,120.0,0.925,0.234,0.217,0.687,0.572,0.466,0,False
2916302,Itapebi,BA,Nordeste,78.0,0.821,0.234,0.192,0.665,0.572,0.491,0,False
2703601,Japaratinga,AL,Nordeste,119.0,0.824,0.235,0.193,0.543,0.57,0.558,0,False
2915106,Itagi,BA,Nordeste,122.0,0.975,0.235,0.23,0.666,0.543,0.476,0,False
2911402,Glória,BA,Nordeste,86.0,0.988,0.235,0.233,0.643,0.593,0.462,0,False
2703106,Igaci,AL,Nordeste,270.0,0.896,0.236,0.211,0.526,0.564,0.54,0,False
2926103,Retirolândia,BA,Nordeste,125.0,0.984,0.236,0.232,0.613,0.636,0.398,0,False
2910602,Esplanada,BA,Nordeste,378.0,0.95,0.24,0.228,0.686,0.589,0.458,0,False
2930105,Senhor do Bonfim,BA,Nordeste,508.0,0.959,0.24,0.23,0.663,0.666,0.361,0,False
2507408,Jericó,PB,Nordeste,63.0,0.857,0.241,0.206,0.458,0.603,0.373,0,False
2930204,Sento Sé,BA,Nordeste,489.0,0.877,0.242,0.213,0.648,0.585,0.485,0,False
2925006,Planalto,BA,Nordeste,196.0,0.923,0.243,0.224,0.691,0.56,0.473,0,False
2903953,Bom Jesus da Serra,BA,Nordeste,97.0,0.928,0.244,0.227,0.651,0.546,0.529,0,False
2923704,Paratinga,BA,Nordeste,260.0,0.896,0.245,0.219,0.646,0.59,0.457,0,False
2902104,Araci,BA,Nordeste,363.0,0.912,0.245,0.223,0.705,0.534,0.525,0,False
2915908,Itanagra,BA,Nordeste,85.0,0.624,0.245,0.153,0.651,0.584,0.516,0,True
2413102,Senador Elói de Souza,RN,Nordeste,84.0,0.679,0.246,0.167,0.644,0.583,0.511,0,True
2505204,Cuitegi,PB,Nordeste,68.0,0.838,0.246,0.206,0.512,0.57,0.484,0,False
2905602,Camacan,BA,Nordeste,228.0,0.838,0.246,0.206,0.659,0.581,0.487,0,False
2410108,Poço Branco,RN,Nordeste,98.0,0.663,0.246,0.163,0.721,0.587,0.487,0,True
2929305,São Gonçalo dos Campos,BA,Nordeste,236.0,0.86,0.246,0.212,0.691,0.627,0.411,0,False
2903300,Barro Preto,BA,Nordeste,100.0,0.89,0.247,0.22,0.588,0.602,0.526,0,False
2914653,Itabela,BA,Nordeste,342.0,0.915,0.249,0.228,0.687,0.599,0.507,0,False
2915304,Itagimirim,BA,Nordeste,86.0,0.93,0.25,0.233,0.513,0.634,0.395,1,False
2409803,Pedro Velho,RN,Nordeste,103.0,0.777,0.25,0.194,0.688,0.568,0.512,0,True
2707107,Piranhas,AL,Nordeste,404.0,0.928,0.251,0.233,0.545,0.589,0.508,0,False
1300508,Barreirinha,AM,Norte,489.0,0.838,0.251,0.211,0.596,0.574,0.622,0,False
2913903,Ipiaú,BA,Nordeste,338.0,0.964,0.252,0.243,0.645,0.67,0.367,0,False
2919157,Lapão,BA,Nordeste,311.0,0.968,0.252,0.244,0.677,0.596,0.442,0,False
2802205,Feira Nova,SE,Nordeste,89.0,0.978,0.253,0.247,0.58,0.584,0.434,0,False
2901809,Antônio Gonçalves,BA,Nordeste,82.0,0.963,0.253,0.244,0.644,0.598,0.391,0,False
2414209,Tibau do Sul,RN,Nordeste,261.0,0.828,0.255,0.211,0.693,0.645,0.344,0,False
2917334,Iuiú,BA,Nordeste,99.0,0.949,0.255,0.242,0.619,0.591,0.509,0,False
1200138,Bujari,AC,Norte,224.0,0.786,0.256,0.201,0.55,0.589,0.459,0,True
2907608,Central,BA,Nordeste,78.0,1.0,0.256,0.256,0.679,0.596,0.436,0,False
2930600,Serrolândia,BA,Nordeste,152.0,0.947,0.257,0.243,0.653,0.59,0.405,0,False
2929206,São Francisco do Conde,BA,Nordeste,390.0,0.877,0.257,0.226,0.712,0.674,0.374,1,False
2901700,Antônio Cardoso,BA,Nordeste,69.0,0.957,0.258,0.246,0.626,0.561,0.471,0,False
2919926,Madre de Deus,BA,Nordeste,197.0,0.944,0.258,0.244,0.591,0.708,0.306,1,False
1502806,Curralinho,PA,Norte,688.0,0.741,0.259,0.192,0.649,0.502,0.666,0,True
2922656,Nordestina,BA,Nordeste,211.0,0.834,0.261,0.218,0.652,0.56,0.509,0,False
1503754,Jacareacanga,PA,Norte,230.0,0.813,0.262,0.213,0.614,0.505,0.644,0,False
2928109,Santa Maria da Vitória,BA,Nordeste,315.0,0.797,0.263,0.21,0.636,0.614,0.403,0,True
2900603,Aiquara,BA,Nordeste,63.0,0.905,0.263,0.238,0.595,0.583,0.429,0,False
2405405,Japi,RN,Nordeste,66.0,0.864,0.263,0.227,0.612,0.569,0.504,0,False
2932705,Uruçuca,BA,Nordeste,193.0,0.824,0.264,0.218,0.661,0.616,0.468,0,False
2803609,Laranjeiras,SE,Nordeste,244.0,0.898,0.265,0.238,0.641,0.642,0.391,0,False
4321303,Taquari,RS,Sul,277.0,0.816,0.265,0.217,0.497,0.733,0.238,1,False
4301875,Barra do Quaraí,RS,Sul,65.0,0.985,0.266,0.262,0.482,0.662,0.259,1,False
2913606,Ilhéus,BA,Nordeste,1572.0,0.877,0.266,0.233,0.721,0.69,0.387,1,False
2909307,Correntina,BA,Nordeste,276.0,0.775,0.266,0.207,0.645,0.603,0.409,0,True
2930154,Serra do Ramalho,BA,Nordeste,451.0,0.973,0.267,0.259,0.654,0.595,0.542,0,False
2805406,Poço Redondo,SE,Nordeste,396.0,0.871,0.267,0.232,0.676,0.529,0.498,0,False
2902658,Banzaê,BA,Nordeste,167.0,0.898,0.267,0.24,0.573,0.579,0.41,0,False
2920908,Mascote,BA,Nordeste,138.0,0.732,0.267,0.196,0.654,0.581,0.569,0,True
1718758,Rio Sono,TO,Norte,87.0,0.816,0.268,0.218,0.588,0.6,0.367,0,False
2514453,São José dos Ramos,PB,Nordeste,61.0,0.918,0.268,0.246,0.484,0.541,0.545,0,False
2801207,Canindé de São Francisco,SE,Nordeste,479.0,0.965,0.268,0.259,0.653,0.567,0.488,0,False
2915809,Itambé,BA,Nordeste,274.0,0.92,0.27,0.248,0.672,0.578,0.415,0,False
2707404,Porto de Pedras,AL,Nordeste,143.0,0.93,0.271,0.252,0.522,0.541,0.556,0,False
2929354,São José da Vitória,BA,Nordeste,82.0,0.939,0.273,0.256,0.645,0.546,0.517,0,False
2703809,Joaquim Gomes,AL,Nordeste,207.0,0.952,0.274,0.261,0.554,0.531,0.587,0,False
2413201,Senador Georgino Avelino,RN,Nordeste,62.0,0.823,0.275,0.226,0.633,0.57,0.439,0,False
2908200,Conceição da Feira,BA,Nordeste,169.0,0.84,0.275,0.231,0.659,0.634,0.436,0,False
2921500,Monte Santo,BA,Nordeste,290.0,0.866,0.275,0.238,0.696,0.506,0.546,0,False
2925402,Potiraguá,BA,Nordeste,75.0,0.92,0.275,0.253,0.641,0.625,0.399,0,False
2506400,Gurinhém,PB,Nordeste,95.0,0.916,0.276,0.253,0.544,0.556,0.549,0,False
2928505,Santa Teresinha,BA,Nordeste,79.0,0.962,0.276,0.266,0.685,0.587,0.51,0,False
4202438,Bocaina do Sul,SC,Sul,53.0,0.887,0.277,0.245,0.507,0.647,0.364,1,False
2401859,Caiçara do Norte,RN,Nordeste,84.0,0.774,0.277,0.214,0.69,0.574,0.509,0,True
2932408,Uibaí,BA,Nordeste,91.0,0.912,0.277,0.253,0.642,0.617,0.405,0,False
2410900,Riachuelo,RN,Nordeste,99.0,0.798,0.278,0.222,0.638,0.592,0.458,0,True
2927200,Ruy Barbosa,BA,Nordeste,251.0,0.984,0.279,0.275,0.675,0.61,0.467,0,False
2800605,Barra dos Coqueiros,SE,Nordeste,324.0,0.861,0.28,0.241,0.677,0.649,0.419,1,False
2913101,Ibititá,BA,Nordeste,103.0,0.971,0.28,0.272,0.648,0.602,0.407,0,False
2905909,Campo Alegre de Lourdes,BA,Nordeste,228.0,0.829,0.28,0.232,0.668,0.557,0.569,0,False
2804607,Nossa Senhora das Dores,SE,Nordeste,234.0,0.944,0.281,0.265,0.63,0.6,0.458,0,False
2705309,Minador do Negrão,AL,Nordeste,65.0,0.985,0.281,0.277,0.38,0.563,0.533,0,False
2908606,Conde,BA,Nordeste,186.0,0.898,0.281,0.253,0.699,0.56,0.496,0,False
4314902,Porto Alegre,RS,Sul,10336.0,0.718,0.282,0.202,0.594,0.805,0.239,1,True
2905503,Caldeirão Grande,BA,Nordeste,155.0,0.961,0.282,0.271,0.655,0.573,0.485,0,False
2911105,Formosa do Rio Preto,BA,Nordeste,263.0,0.89,0.282,0.251,0.671,0.618,0.443,0,False
2921708,Morro do Chapéu,BA,Nordeste,232.0,0.944,0.283,0.267,0.688,0.588,0.502,0,False
2405108,Jandaíra,RN,Nordeste,72.0,0.833,0.283,0.236,0.648,0.569,0.514,0,False
2927606,Santa Brígida,BA,Nordeste,172.0,0.901,0.284,0.256,0.657,0.546,0.544,0,False
2905800,Camamu,BA,Nordeste,253.0,0.933,0.284,0.265,0.685,0.565,0.498,0,False
2702405,Delmiro Gouveia,AL,Nordeste,624.0,0.897,0.284,0.255,0.611,0.612,0.416,0,False
2927101,Rodelas,BA,Nordeste,175.0,0.926,0.284,0.263,0.584,0.632,0.385,0,False
2408300,Nova Cruz,RN,Nordeste,217.0,0.811,0.284,0.23,0.674,0.629,0.456,0,False
2413359,Serra do Mel,RN,Nordeste,125.0,0.704,0.284,0.2,0.677,0.614,0.467,0,True
2929370,São José do Jacuípe,BA,Nordeste,93.0,0.946,0.284,0.269,0.656,0.552,0.458,0,False
2928059,Santa Luzia,BA,Nordeste,115.0,0.826,0.284,0.235,0.668,0.556,0.538,0,False
2931707,Terra Nova,BA,Nordeste,102.0,0.931,0.284,0.265,0.678,0.578,0.45,0,False
2901403,Angical,BA,Nordeste,134.0,0.813,0.284,0.231,0.609,0.625,0.392,0,False
2901353,Andorinha,BA,Nordeste,112.0,0.973,0.284,0.277,0.656,0.588,0.463,0,False
2902708,Barra,BA,Nordeste,537.0,0.883,0.285,0.251,0.708,0.557,0.481,0,False
2917508,Jacobina,BA,Nordeste,646.0,0.864,0.285,0.246,0.679,0.649,0.375,0,False
2911907,Iaçu,BA,Nordeste,269.0,0.978,0.285,0.279,0.681,0.574,0.497,0,False
2500304,Alagoa Grande,PB,Nordeste,373.0,0.836,0.285,0.239,0.529,0.582,0.523,0,False
2916104,Itaparica,BA,Nordeste,239.0,0.879,0.286,0.251,0.637,0.67,0.44,0,False
1719004,Santa Tereza do Tocantins,TO,Norte,62.0,0.79,0.286,0.226,0.56,0.662,0.353,0,True
2904704,Buerarema,BA,Nordeste,155.0,0.903,0.286,0.258,0.643,0.613,0.457,0,False
2906303,Canavieiras,BA,Nordeste,291.0,0.935,0.287,0.268,0.71,0.59,0.465,0,False
2800407,Arauá,SE,Nordeste,112.0,0.964,0.287,0.277,0.623,0.595,0.471,0,False
2919207,Lauro de Freitas,BA,Nordeste,1512.0,0.847,0.288,0.243,0.68,0.754,0.28,1,False
1703305,Bom Jesus do Tocantins,TO,Norte,62.0,0.952,0.288,0.274,0.579,0.66,0.416,0,False
2922052,Mulungu do Morro,BA,Nordeste,113.0,0.982,0.288,0.283,0.658,0.566,0.516,0,False
2917102,Itororó,BA,Nordeste,108.0,0.963,0.288,0.278,0.626,0.594,0.38,0,False
2921609,Morpará,BA,Nordeste,91.0,0.989,0.289,0.286,0.637,0.558,0.517,0,False
2406205,Lagoa d'Anta,RN,Nordeste,61.0,0.738,0.289,0.213,0.619,0.601,0.438,0,True
2902005,Aracatu,BA,Nordeste,87.0,0.954,0.289,0.276,0.597,0.581,0.432,0,False
2911600,Governador Mangabeira,BA,Nordeste,157.0,0.898,0.291,0.261,0.636,0.643,0.45,0,False
2102200,Buriti,MA,Nordeste,279.0,0.9,0.291,0.262,0.396,0.548,0.607,0,False
2401602,Bento Fernandes,RN,Nordeste,67.0,0.821,0.291,0.239,0.636,0.582,0.445,0,False
1504505,Melgaço,PA,Norte,487.0,0.727,0.291,0.211,0.678,0.418,0.699,0,True
2928000,Santaluz,BA,Nordeste,213.0,0.934,0.291,0.272,0.631,0.598,0.451,0,False
1600550,Pracuúba,AP,Norte,54.0,0.889,0.292,0.259,0.595,0.614,0.576,0,False
2917300,Ituberá,BA,Nordeste,128.0,0.938,0.292,0.273,0.662,0.606,0.435,0,False
2412807,São Rafael,RN,Nordeste,51.0,0.804,0.293,0.235,0.619,0.611,0.399,0,False
2402402,Carnaúba dos Dantas,RN,Nordeste,70.0,0.829,0.293,0.243,0.597,0.659,0.256,1,False
2918407,Juazeiro,BA,Nordeste,2735.0,0.912,0.293,0.267,0.684,0.677,0.352,1,False
4306767,Eldorado do Sul,RS,Sul,475.0,0.682,0.293,0.2,0.553,0.717,0.269,1,True
2906873,Capim Grosso,BA,Nordeste,263.0,0.92,0.293,0.27,0.688,0.621,0.379,0,False
2921401,Mirangaba,BA,Nordeste,145.0,0.821,0.294,0.241,0.694,0.542,0.572,0,False
2918100,Jeremoabo,BA,Nordeste,216.0,0.894,0.295,0.264,0.674,0.547,0.498,0,False
2906105,Canápolis,BA,Nordeste,91.0,0.967,0.295,0.286,0.644,0.565,0.468,0,False
2931509,Teofilândia,BA,Nordeste,210.0,0.886,0.296,0.262,0.702,0.566,0.451,0,False
2900801,Alcobaça,BA,Nordeste,277.0,0.903,0.296,0.267,0.651,0.608,0.48,0,False
2804805,Nossa Senhora do Socorro,SE,Nordeste,2001.0,0.895,0.297,0.266,0.733,0.664,0.435,1,False
2903235,Barro Alto,BA,Nordeste,123.0,0.984,0.298,0.293,0.635,0.607,0.436,0,False
2914802,Itabuna,BA,Nordeste,1092.0,0.853,0.298,0.254,0.685,0.712,0.31,1,False
2903607,Biritinga,BA,Nordeste,61.0,0.934,0.298,0.279,0.687,0.538,0.538,0,False
3522653,Itapirapuã Paulista,SP,Sudeste,62.0,0.919,0.298,0.274,0.393,0.661,0.428,0,False
2916906,Itiruçu,BA,Nordeste,67.0,0.896,0.3,0.269,0.628,0.6,0.449,0,False
2906824,Canudos,BA,Nordeste,161.0,0.969,0.301,0.292,0.679,0.562,0.492,0,False
2913705,Inhambupe,BA,Nordeste,283.0,0.809,0.301,0.244,0.695,0.565,0.484,0,False
2919603,Macajuba,BA,Nordeste,153.0,0.954,0.301,0.288,0.671,0.524,0.534,0,False
2804904,Pacatuba,SE,Nordeste,118.0,0.898,0.302,0.271,0.641,0.555,0.507,0,False
2503001,Caaporã,PB,Nordeste,265.0,0.909,0.303,0.275,0.541,0.602,0.423,0,False
1717909,Ponte Alta do Tocantins,TO,Norte,119.0,0.832,0.303,0.252,0.668,0.624,0.36,0,False
2925808,Queimadas,BA,Nordeste,197.0,0.954,0.303,0.289,0.65,0.592,0.52,0,False
2905305,Cafarnaum,BA,Nordeste,178.0,0.758,0.304,0.23,0.638,0.584,0.432,0,True
2804409,Neópolis,SE,Nordeste,206.0,0.99,0.304,0.301,0.646,0.589,0.45,0,False
1304237,Tonantins,AM,Norte,316.0,0.937,0.304,0.285,0.622,0.548,0.644,0,False
2900405,Água Fria,BA,Nordeste,74.0,0.932,0.304,0.284,0.685,0.55,0.575,0,False
2924009,Paulo Afonso,BA,Nordeste,1112.0,0.849,0.305,0.259,0.679,0.674,0.34,0,False
2907301,Castro Alves,BA,Nordeste,228.0,0.89,0.305,0.272,0.628,0.613,0.426,0,False
2931400,Teodoro Sampaio,BA,Nordeste,76.0,0.947,0.306,0.289,0.678,0.594,0.53,0,False
2407104,Macaíba,RN,Nordeste,763.0,0.729,0.306,0.223,0.768,0.64,0.532,0,True
2902906,Barra do Choça,BA,Nordeste,507.0,0.961,0.306,0.294,0.708,0.551,0.435,0,False
2406304,Lagoa de Pedras,RN,Nordeste,63.0,0.778,0.306,0.238,0.616,0.553,0.459,0,True
2931103,Tanquinho,BA,Nordeste,78.0,0.962,0.307,0.295,0.631,0.597,0.437,0,False
2408953,Rio do Fogo,RN,Nordeste,124.0,0.71,0.307,0.218,0.697,0.569,0.406,0,True
2929701,Sátiro Dias,BA,Nordeste,96.0,0.917,0.307,0.281,0.655,0.527,0.506,0,False
2909109,Coribe,BA,Nordeste,145.0,0.966,0.307,0.297,0.598,0.6,0.459,0,False
2906402,Candeal,BA,Nordeste,53.0,0.981,0.308,0.302,0.621,0.587,0.476,0,False
2605202,Escada,PE,Nordeste,426.0,0.953,0.308,0.293,0.443,0.632,0.511,0,False
1715705,Palmeirante,TO,Norte,97.0,0.835,0.309,0.258,0.66,0.571,0.562,0,False
2906709,Cândido Sales,BA,Nordeste,202.0,0.802,0.309,0.248,0.65,0.601,0.461,0,False
2412559,São Miguel do Gostoso,RN,Nordeste,108.0,0.75,0.309,0.231,0.668,0.591,0.517,0,True
1300839,Caapiranga,AM,Norte,138.0,0.891,0.309,0.275,0.586,0.569,0.614,0,False
2804003,Maruim,SE,Nordeste,134.0,0.918,0.309,0.284,0.683,0.618,0.435,0,False
1200328,Jordão,AC,Norte,116.0,0.836,0.309,0.259,0.587,0.469,0.584,0,False
2908408,Conceição do Coité,BA,Nordeste,508.0,0.878,0.309,0.272,0.677,0.611,0.398,0,False
3529708,Miguelópolis,SP,Sudeste,195.0,0.795,0.31,0.246,0.43,0.741,0.322,1,True
1302009,Itapiranga,AM,Norte,173.0,0.653,0.31,0.202,0.543,0.654,0.515,0,True
2500601,Alhandra,PB,Nordeste,248.0,0.871,0.31,0.27,0.53,0.582,0.445,0,False
4313953,Pantano Grande,RS,Sul,123.0,0.837,0.311,0.26,0.532,0.661,0.286,1,False
2907905,Cipó,BA,Nordeste,207.0,0.932,0.311,0.29,0.648,0.601,0.408,0,False
2705408,Monteirópolis,AL,Nordeste,90.0,1.0,0.311,0.311,0.526,0.539,0.551,0,False
4304663,Capão do Leão,RS,Sul,318.0,0.758,0.311,0.236,0.609,0.637,0.29,1,True
2932200,Ubaitaba,BA,Nordeste,175.0,0.863,0.311,0.269,0.646,0.611,0.408,0,False
2404606,Ielmo Marinho,RN,Nordeste,154.0,0.792,0.311,0.247,0.712,0.55,0.536,0,True
2933505,Wenceslau Guimarães,BA,Nordeste,197.0,0.782,0.312,0.244,0.67,0.544,0.513,0,True
2914901,Itacaré,BA,Nordeste,254.0,0.858,0.312,0.268,0.697,0.583,0.445,0,False
2413409,Serra Negra do Norte,RN,Nordeste,56.0,0.857,0.312,0.268,0.637,0.597,0.309,0,False
1507300,São Félix do Xingu,PA,Norte,934.0,0.754,0.312,0.236,0.642,0.594,0.512,0,True
3140852,Matias Cardoso,MG,Sudeste,130.0,0.862,0.312,0.269,0.416,0.616,0.523,0,False
2802106,Estância,SE,Nordeste,588.0,0.918,0.313,0.287,0.665,0.647,0.371,0,False
2929008,São Félix,BA,Nordeste,87.0,0.954,0.313,0.299,0.638,0.639,0.382,0,False
2910701,Euclides da Cunha,BA,Nordeste,465.0,0.933,0.313,0.292,0.695,0.567,0.47,0,False
1505205,Oeiras do Pará,PA,Norte,470.0,0.794,0.314,0.249,0.673,0.507,0.637,0,True
2609907,Ouricuri,PE,Nordeste,572.0,0.892,0.314,0.28,0.43,0.572,0.509,0,False
2922904,Nova Soure,BA,Nordeste,250.0,0.968,0.314,0.304,0.684,0.555,0.513,0,False
1718865,Santa Fé do Araguaia,TO,Norte,93.0,0.753,0.314,0.237,0.62,0.616,0.435,0,True
2913507,Iguaí,BA,Nordeste,111.0,0.973,0.315,0.306,0.641,0.552,0.483,0,False
2919801,Macaúbas,BA,Nordeste,281.0,0.972,0.315,0.306,0.639,0.609,0.411,0,False
2805901,Riachuelo,SE,Nordeste,93.0,0.989,0.315,0.312,0.638,0.617,0.409,0,False
2401206,Arês,RN,Nordeste,181.0,0.823,0.315,0.26,0.678,0.606,0.481,0,False
2918555,Jussari,BA,Nordeste,62.0,0.919,0.316,0.29,0.587,0.567,0.461,0,False
2927507,Santa Bárbara,BA,Nordeste,144.0,0.924,0.316,0.292,0.654,0.583,0.499,0,False
1505304,Oriximiná,PA,Norte,892.0,0.823,0.316,0.26,0.584,0.623,0.532,0,False
1703909,Caseara,TO,Norte,74.0,0.811,0.317,0.257,0.611,0.658,0.384,0,False
2408805,Parazinho,RN,Nordeste,75.0,0.8,0.317,0.253,0.673,0.549,0.524,0,False
2208809,Regeneração,PI,Nordeste,166.0,0.97,0.317,0.307,0.463,0.591,0.532,0,False
2402204,Canguaretama,RN,Nordeste,365.0,0.847,0.317,0.268,0.723,0.579,0.521,0,False
1507003,Santo Antônio do Tauá,PA,Norte,386.0,0.858,0.317,0.272,0.564,0.632,0.49,0,False
2925709,Presidente Jânio Quadros,BA,Nordeste,119.0,0.899,0.318,0.286,0.64,0.542,0.484,0,False
2211209,Uruçuí,PI,Nordeste,292.0,0.959,0.318,0.305,0.51,0.631,0.395,0,False
2930808,Souto Soares,BA,Nordeste,136.0,0.971,0.318,0.309,0.659,0.592,0.488,0,False
2407203,Macau,RN,Nordeste,221.0,0.81,0.318,0.258,0.659,0.665,0.333,1,False
2928802,Santo Estêvão,BA,Nordeste,538.0,0.928,0.319,0.296,0.64,0.626,0.446,0,False
2932903,Valença,BA,Nordeste,479.0,0.871,0.319,0.278,0.671,0.623,0.389,0,False
2102507,Cajari,MA,Nordeste,92.0,0.783,0.319,0.25,0.485,0.523,0.633,0,True
2907103,Carinhanha,BA,Nordeste,333.0,0.949,0.32,0.303,0.674,0.576,0.515,0,False
2904100,Boquira,BA,Nordeste,125.0,0.8,0.32,0.256,0.655,0.603,0.466,0,False
2928406,Santa Rita de Cássia,BA,Nordeste,272.0,0.952,0.32,0.305,0.677,0.605,0.411,0,False
2903805,Boa Vista do Tupim,BA,Nordeste,144.0,0.972,0.321,0.312,0.702,0.551,0.633,0,False
2411601,São Bento do Norte,RN,Nordeste,61.0,0.918,0.321,0.295,0.6,0.555,0.443,0,False
2901205,Anagé,BA,Nordeste,121.0,0.95,0.322,0.306,0.669,0.54,0.523,0,False
2916401,Itapetinga,BA,Nordeste,579.0,0.927,0.322,0.299,0.641,0.667,0.283,1,False
2933604,Xique-Xique,BA,Nordeste,563.0,0.931,0.323,0.3,0.667,0.585,0.459,0,False
2910057,Dias d'Ávila,BA,Nordeste,645.0,0.86,0.323,0.278,0.642,0.676,0.324,1,False
2204105,Francisco Ayres,PI,Nordeste,63.0,0.984,0.323,0.317,0.435,0.577,0.35,0,False
5107859,São Félix do Araguaia,MT,Centro-Oeste,155.0,0.877,0.324,0.284,0.447,0.668,0.35,1,False
2903003,Barra do Mendes,BA,Nordeste,117.0,0.949,0.324,0.308,0.628,0.63,0.426,0,False
2912202,Ibicoara,BA,Nordeste,277.0,0.899,0.325,0.292,0.704,0.591,0.459,0,False
2910503,Entre Rios,BA,Nordeste,287.0,0.889,0.325,0.289,0.7,0.615,0.464,0,False
1501600,Bonito,PA,Norte,107.0,0.804,0.326,0.262,0.613,0.546,0.555,0,False
2920007,Maiquinique,BA,Nordeste,99.0,0.869,0.326,0.283,0.639,0.576,0.41,0,False
2706505,Passo de Camaragibe,AL,Nordeste,176.0,0.977,0.326,0.318,0.573,0.533,0.558,0,False
1507201,São Domingos do Capim,PA,Norte,223.0,0.825,0.326,0.269,0.603,0.532,0.545,0,False
4309308,Guaíba,RS,Sul,1158.0,0.818,0.326,0.267,0.608,0.73,0.323,1,False
2925501,Prado,BA,Nordeste,474.0,0.825,0.327,0.27,0.699,0.621,0.464,0,False
2700508,Barra de Santo Antônio,AL,Nordeste,250.0,0.94,0.328,0.308,0.606,0.557,0.55,0,False
2904852,Cabaceiras do Paraguaçu,BA,Nordeste,176.0,0.676,0.328,0.222,0.649,0.581,0.518,0,True
2915353,Itaguaçu da Bahia,BA,Nordeste,129.0,0.969,0.328,0.318,0.672,0.562,0.493,0,False
2200509,Amarante,PI,Nordeste,200.0,0.99,0.328,0.325,0.447,0.598,0.48,0,False
2923902,Pau Brasil,BA,Nordeste,142.0,0.944,0.328,0.31,0.643,0.583,0.461,0,False
2905404,Cairu,BA,Nordeste,319.0,0.897,0.329,0.295,0.622,0.627,0.387,0,False
2913200,Ibotirama,BA,Nordeste,313.0,0.923,0.329,0.304,0.662,0.636,0.378,0,False
1503077,Garrafão do Norte,PA,Norte,402.0,0.846,0.329,0.279,0.594,0.526,0.694,0,False
2409308,Patu,RN,Nordeste,104.0,0.817,0.329,0.269,0.637,0.618,0.404,0,False
1301159,Careiro da Várzea,AM,Norte,136.0,0.824,0.33,0.272,0.585,0.568,0.605,0,False
2907004,Cardeal da Silva,BA,Nordeste,117.0,0.983,0.33,0.325,0.606,0.552,0.558,0,False
2932804,Utinga,BA,Nordeste,121.0,0.95,0.33,0.314,0.673,0.59,0.46,0,False
2904902,Cachoeira,BA,Nordeste,270.0,0.896,0.331,0.296,0.643,0.647,0.417,0,False
2903508,Belo Campo,BA,Nordeste,134.0,0.925,0.331,0.306,0.635,0.575,0.456,0,False
2930303,Serra Dourada,BA,Nordeste,151.0,0.901,0.331,0.298,0.653,0.608,0.493,0,False
4305454,Cidreira,RS,Sul,209.0,0.694,0.331,0.23,0.572,0.729,0.212,1,True
2202307,Canto do Buriti,PI,Nordeste,233.0,0.957,0.332,0.318,0.483,0.576,0.443,0,False
2910800,Feira de Santana,BA,Nordeste,4265.0,0.827,0.332,0.275,0.709,0.712,0.336,1,False
2927002,Rio Real,BA,Nordeste,310.0,0.865,0.332,0.287,0.68,0.572,0.49,0,False
2410405,Pureza,RN,Nordeste,125.0,0.768,0.333,0.256,0.647,0.567,0.474,0,True
2503803,Caldas Brandão,PB,Nordeste,53.0,0.849,0.333,0.283,0.492,0.568,0.434,0,False
2406700,Lajes,RN,Nordeste,96.0,0.781,0.333,0.26,0.641,0.624,0.446,0,True
2922102,Mundo Novo,BA,Nordeste,130.0,0.969,0.333,0.323,0.664,0.59,0.491,0,False
2925956,Rafael Jambeiro,BA,Nordeste,207.0,0.836,0.335,0.28,0.657,0.564,0.525,0,False
2929255,São Gabriel,BA,Nordeste,179.0,0.883,0.335,0.296,0.669,0.592,0.486,0,False
1502400,Castanhal,PA,Norte,2449.0,0.772,0.335,0.259,0.585,0.673,0.348,1,True
2909802,Cruz das Almas,BA,Nordeste,505.0,0.855,0.336,0.287,0.612,0.699,0.336,1,False
3303500,Nova Iguaçu,RJ,Sudeste,7789.0,0.819,0.336,0.275,0.666,0.713,0.382,1,False
2902401,Aurelino Leal,BA,Nordeste,129.0,0.946,0.336,0.318,0.661,0.568,0.48,0,False
1504901,Muaná,PA,Norte,645.0,0.918,0.336,0.309,0.712,0.547,0.578,0,False
2920205,Malhada,BA,Nordeste,193.0,0.984,0.337,0.332,0.693,0.562,0.5,0,False
2906204,Canarana,BA,Nordeste,257.0,0.992,0.337,0.335,0.652,0.587,0.419,0,False
5005202,Ladário,MS,Centro-Oeste,396.0,0.838,0.337,0.283,0.513,0.704,0.359,1,False
1303536,Presidente Figueiredo,AM,Norte,628.0,0.717,0.338,0.242,0.616,0.647,0.428,0,True
2204659,Ilha Grande,PI,Nordeste,156.0,0.949,0.338,0.321,0.457,0.563,0.607,0,False
4309050,Glorinha,RS,Sul,74.0,0.919,0.338,0.311,0.456,0.714,0.231,1,False
3518859,Guatapará,SP,Sudeste,68.0,0.868,0.339,0.294,0.388,0.743,0.284,1,False
2701308,Cajueiro,AL,Nordeste,245.0,0.951,0.339,0.322,0.601,0.562,0.575,0,False
2409902,Pendências,RN,Nordeste,136.0,0.846,0.339,0.287,0.673,0.631,0.387,0,False
1717008,Pindorama do Tocantins,TO,Norte,61.0,0.918,0.339,0.311,0.658,0.605,0.383,0,False
2903409,Belmonte,BA,Nordeste,186.0,0.903,0.339,0.306,0.666,0.598,0.517,0,False
2100808,Anapurus,MA,Nordeste,142.0,0.768,0.339,0.261,0.324,0.581,0.604,0,True
2926509,Ribeira do Amparo,BA,Nordeste,170.0,0.953,0.34,0.324,0.632,0.512,0.511,0,False
1502905,Curuçá,PA,Norte,379.0,0.831,0.34,0.282,0.62,0.582,0.544,0,False
2507606,Juarez Távora,PB,Nordeste,53.0,0.943,0.34,0.321,0.494,0.579,0.46,0,False
2904050,Bonito,BA,Nordeste,162.0,0.926,0.34,0.315,0.718,0.561,0.485,0,False
1714302,Nazaré,TO,Norte,54.0,0.926,0.34,0.315,0.597,0.643,0.434,0,False
2923357,Ourolândia,BA,Nordeste,186.0,0.758,0.34,0.258,0.676,0.56,0.464,0,True
1506500,Santa Isabel do Pará,PA,Norte,867.0,0.884,0.341,0.301,0.62,0.659,0.407,0,False
2211100,União,PI,Nordeste,522.0,0.933,0.341,0.318,0.488,0.577,0.511,0,False
2915502,Itajuípe,BA,Nordeste,95.0,0.926,0.341,0.316,0.666,0.599,0.445,0,False
2801405,Carira,SE,Nordeste,128.0,0.984,0.341,0.336,0.625,0.588,0.453,0,False
2412005,São Gonçalo do Amarante,RN,Nordeste,924.0,0.771,0.341,0.263,0.773,0.661,0.408,1,True
2412203,São José de Mipibu,RN,Nordeste,673.0,0.804,0.342,0.275,0.724,0.611,0.508,0,False
1504703,Moju,PA,Norte,911.0,0.844,0.342,0.289,0.646,0.547,0.565,0,False
2106607,Matões,MA,Nordeste,300.0,0.897,0.342,0.307,0.372,0.55,0.648,0,False
2411056,Tibau,RN,Nordeste,60.0,0.633,0.342,0.217,0.591,0.635,0.326,0,True
1500701,Anajás,PA,Norte,410.0,0.827,0.342,0.283,0.636,0.484,0.659,0,False
2916708,Itaquara,BA,Nordeste,74.0,0.986,0.342,0.338,0.647,0.553,0.557,0,False
4301909,Barra do Ribeiro,RS,Sul,98.0,0.745,0.342,0.255,0.517,0.67,0.266,1,True
2805802,Riachão do Dantas,SE,Nordeste,135.0,0.926,0.344,0.319,0.653,0.539,0.492,0,False
2413904,Taipu,RN,Nordeste,116.0,0.802,0.344,0.276,0.648,0.569,0.49,0,False
2403608,Extremoz,RN,Nordeste,746.0,0.775,0.344,0.267,0.734,0.66,0.436,0,True
2930774,Sobradinho,BA,Nordeste,310.0,0.974,0.344,0.335,0.688,0.631,0.383,0,False
2204907,Isaías Coelho,PI,Nordeste,90.0,1.0,0.344,0.344,0.468,0.582,0.525,0,False
2914000,Ipirá,BA,Nordeste,454.0,0.914,0.345,0.315,0.732,0.549,0.509,0,False
2802809,Indiaroba,SE,Nordeste,241.0,0.975,0.345,0.336,0.625,0.58,0.497,0,False
1507508,São João do Araguaia,PA,Norte,220.0,0.895,0.345,0.309,0.575,0.55,0.65,0,False
2800704,Brejo Grande,SE,Nordeste,142.0,0.979,0.345,0.338,0.64,0.54,0.605,0,False
2909505,Cravolândia,BA,Nordeste,59.0,0.932,0.345,0.322,0.564,0.599,0.454,0,False
3505401,Barra do Turvo,SP,Sudeste,59.0,0.932,0.345,0.322,0.492,0.641,0.368,0,False
2903904,Bom Jesus da Lapa,BA,Nordeste,719.0,0.95,0.346,0.328,0.626,0.633,0.441,0,False
2801702,Cristinápolis,SE,Nordeste,191.0,0.969,0.346,0.335,0.624,0.553,0.552,0,False
2922805,Nova Itarana,BA,Nordeste,106.0,0.953,0.347,0.33,0.69,0.524,0.604,0,False
4202503,Bom Jardim da Serra,SC,Sul,61.0,0.803,0.347,0.279,0.466,0.696,0.292,1,False
2402600,Ceará-Mirim,RN,Nordeste,900.0,0.727,0.347,0.252,0.75,0.616,0.511,0,True
2925907,Quijingue,BA,Nordeste,136.0,0.971,0.348,0.338,0.682,0.544,0.481,0,False
5107354,São José do Xingu,MT,Centro-Oeste,130.0,0.838,0.349,0.292,0.433,0.657,0.333,1,False
4218954,Urupema,SC,Sul,55.0,0.782,0.349,0.273,0.472,0.699,0.26,1,True
2929909,Seabra,BA,Nordeste,474.0,0.857,0.35,0.3,0.692,0.635,0.411,0,False
2931350,Teixeira de Freitas,BA,Nordeste,1486.0,0.92,0.35,0.322,0.696,0.685,0.362,1,False
2401404,Baía Formosa,RN,Nordeste,91.0,0.813,0.351,0.286,0.632,0.609,0.313,0,False
2801009,Campo do Brito,SE,Nordeste,133.0,0.94,0.352,0.331,0.543,0.621,0.353,0,False
2926004,Remanso,BA,Nordeste,356.0,0.924,0.353,0.326,0.685,0.579,0.478,0,False
4314209,Pedro Osório,RS,Sul,61.0,0.836,0.353,0.295,0.56,0.678,0.312,1,False
2501906,Belém,PB,Nordeste,109.0,0.908,0.354,0.321,0.496,0.592,0.447,0,False
2916203,Itapé,BA,Nordeste,70.0,0.929,0.354,0.329,0.64,0.599,0.496,0,False
2404200,Goianinha,RN,Nordeste,450.0,0.829,0.354,0.293,0.697,0.638,0.375,0,False
2109056,Porto Rico do Maranhão,MA,Nordeste,50.0,0.96,0.354,0.34,0.394,0.615,0.439,0,False
3302858,Mesquita,RJ,Sudeste,1462.0,0.839,0.355,0.298,0.596,0.737,0.343,1,False
2804201,Monte Alegre de Sergipe,SE,Nordeste,176.0,0.96,0.355,0.341,0.649,0.553,0.491,0,False
2805703,Propriá,SE,Nordeste,222.0,0.887,0.355,0.315,0.614,0.661,0.344,1,False
2800670,Boquim,SE,Nordeste,198.0,0.838,0.355,0.298,0.619,0.604,0.438,0,False
2931905,Tucano,BA,Nordeste,352.0,0.727,0.355,0.259,0.684,0.579,0.504,0,True
2906899,Caraíbas,BA,Nordeste,98.0,0.918,0.356,0.327,0.564,0.555,0.487,0,False
2411205,Santa Cruz,RN,Nordeste,458.0,0.817,0.356,0.29,0.698,0.635,0.399,0,False
1500404,Alenquer,PA,Norte,891.0,0.836,0.356,0.297,0.678,0.564,0.57,0,False
1711902,Lagoa da Confusão,TO,Norte,200.0,0.885,0.356,0.315,0.666,0.627,0.414,0,False
2112274,Tufilândia,MA,Nordeste,76.0,0.961,0.356,0.342,0.384,0.555,0.678,0,False
2807105,Simão Dias,SE,Nordeste,376.0,0.963,0.356,0.343,0.628,0.604,0.498,0,False
2407500,Maxaranguape,RN,Nordeste,117.0,0.838,0.357,0.299,0.668,0.608,0.436,0,False
1701101,Aparecida do Rio Negro,TO,Norte,83.0,0.843,0.357,0.301,0.558,0.651,0.35,1,False
2919553,Luís Eduardo Magalhães,BA,Nordeste,1442.0,0.911,0.357,0.325,0.64,0.716,0.267,1,False
1502004,Cachoeira do Arari,PA,Norte,232.0,0.892,0.357,0.319,0.646,0.546,0.606,0,False
2923407,Palmas de Monte Alto,BA,Nordeste,162.0,0.932,0.358,0.333,0.613,0.586,0.459,0,False
1200179,Capixaba,AC,Norte,197.0,0.766,0.358,0.274,0.619,0.575,0.469,0,True
2706448,Paripueira,AL,Nordeste,233.0,0.996,0.358,0.356,0.574,0.605,0.466,0,False
1721208,Tocantinópolis,TO,Norte,242.0,0.901,0.358,0.322,0.629,0.681,0.368,0,False
2801306,Capela,SE,Nordeste,349.0,0.911,0.358,0.327,0.67,0.615,0.494,0,False
2933257,Vereda,BA,Nordeste,55.0,0.964,0.358,0.345,0.595,0.577,0.41,0,False
2411502,Santo Antônio,RN,Nordeste,171.0,0.848,0.359,0.304,0.646,0.62,0.443,0,False
2608008,Jataúba,PE,Nordeste,140.0,0.936,0.359,0.336,0.387,0.53,0.507,0,False
1600808,Vitória do Jari,AP,Norte,180.0,0.944,0.359,0.339,0.629,0.619,0.489,0,False
2902500,Baianópolis,BA,Nordeste,160.0,0.888,0.359,0.319,0.604,0.589,0.451,0,False
2106904,Monção,MA,Nordeste,270.0,0.907,0.359,0.326,0.442,0.546,0.67,0,False
2201929,Bonfim do Piauí,PI,Nordeste,89.0,1.0,0.36,0.36,0.444,0.542,0.461,0,False
2412609,São Paulo do Potengi,RN,Nordeste,172.0,0.663,0.36,0.238,0.683,0.622,0.415,0,True
2705804,Olho d'Água do Casado,AL,Nordeste,145.0,0.959,0.36,0.345,0.55,0.525,0.52,0,False
1720655,Silvanópolis,TO,Norte,88.0,0.852,0.36,0.307,0.545,0.675,0.422,0,False
2406502,Lagoa Nova,RN,Nordeste,185.0,0.87,0.36,0.314,0.66,0.585,0.421,0,False
2909208,Coronel João Sá,BA,Nordeste,119.0,0.933,0.36,0.336,0.602,0.535,0.488,0,False
3305109,São João de Meriti,RJ,Sudeste,3195.0,0.796,0.361,0.287,0.63,0.719,0.378,1,True
2917904,Jandaíra,BA,Nordeste,101.0,0.96,0.361,0.347,0.631,0.55,0.51,0,False
2903201,Barreiras,BA,Nordeste,1970.0,0.84,0.361,0.303,0.663,0.721,0.273,1,False
4300604,Alvorada,RS,Sul,2670.0,0.739,0.361,0.267,0.682,0.699,0.336,1,True
2208502,Porto,PI,Nordeste,161.0,0.963,0.361,0.348,0.466,0.549,0.55,0,False
1715101,Novo Acordo,TO,Norte,50.0,0.94,0.362,0.34,0.589,0.639,0.405,0,False
4318622,São José dos Ausentes,RS,Sul,68.0,0.691,0.362,0.25,0.53,0.663,0.325,1,True
2907707,Chorrochó,BA,Nordeste,108.0,0.972,0.362,0.352,0.615,0.6,0.533,0,False
3301157,Cardoso Moreira,RJ,Sudeste,192.0,0.849,0.362,0.307,0.497,0.648,0.337,1,False
1712504,Marianópolis do Tocantins,TO,Norte,71.0,0.817,0.362,0.296,0.534,0.631,0.341,0,False
1705607,Conceição do Tocantins,TO,Norte,72.0,0.958,0.362,0.347,0.588,0.592,0.41,0,False
1508035,Tracuateua,PA,Norte,224.0,0.862,0.363,0.312,0.623,0.531,0.589,0,False
2911857,Heliópolis,BA,Nordeste,93.0,0.71,0.364,0.258,0.655,0.563,0.444,0,True
2403251,Parnamirim,RN,Nordeste,1835.0,0.725,0.364,0.264,0.696,0.766,0.276,1,True
4304630,Capão da Canoa,RS,Sul,836.0,0.739,0.364,0.269,0.583,0.743,0.217,1,True
2405801,João Câmara,RN,Nordeste,346.0,0.801,0.365,0.292,0.728,0.595,0.508,0,False
2702553,Estrela de Alagoas,AL,Nordeste,149.0,0.919,0.365,0.336,0.507,0.534,0.557,0,False
4309654,Hulha Negra,RS,Sul,81.0,0.778,0.365,0.284,0.524,0.643,0.36,1,True
4320677,Sinimbu,RS,Sul,70.0,0.9,0.365,0.329,0.527,0.631,0.279,1,False
1500107,Abaetetuba,PA,Norte,1485.0,0.855,0.365,0.312,0.588,0.628,0.464,0,False
2907806,Cícero Dantas,BA,Nordeste,179.0,0.872,0.365,0.318,0.661,0.585,0.464,0,False
2802304,Frei Paulo,SE,Nordeste,100.0,0.93,0.366,0.34,0.613,0.589,0.379,0,False
2905701,Camaçari,BA,Nordeste,2773.0,0.92,0.366,0.336,0.684,0.694,0.297,1,False
1503101,Gurupá,PA,Norte,695.0,0.681,0.366,0.249,0.678,0.509,0.604,0,True
2929057,São Félix do Coribe,BA,Nordeste,171.0,0.959,0.366,0.351,0.64,0.639,0.372,0,False
3302270,Japeri,RJ,Sudeste,1348.0,0.805,0.366,0.295,0.606,0.659,0.469,1,False
2916609,Itapitanga,BA,Nordeste,75.0,0.947,0.366,0.347,0.693,0.571,0.485,0,False
2900702,Alagoinhas,BA,Nordeste,1097.0,0.901,0.366,0.33,0.709,0.683,0.328,1,False
2414605,Upanema,RN,Nordeste,87.0,0.69,0.367,0.253,0.648,0.596,0.443,0,True
2930402,Serra Preta,BA,Nordeste,95.0,0.947,0.367,0.347,0.658,0.566,0.526,0,False
2906501,Candeias,BA,Nordeste,570.0,0.895,0.367,0.328,0.66,0.691,0.339,1,False
1302306,Jutaí,AM,Norte,424.0,0.849,0.367,0.311,0.555,0.516,0.742,0,False
2507200,Itatuba,PB,Nordeste,83.0,0.952,0.367,0.349,0.527,0.562,0.529,0,False
2905107,Caém,BA,Nordeste,82.0,0.963,0.367,0.354,0.667,0.546,0.496,0,False
2915700,Itamari,BA,Nordeste,70.0,0.971,0.368,0.357,0.607,0.578,0.471,0,False
2929404,São Miguel das Matas,BA,Nordeste,73.0,0.932,0.368,0.342,0.599,0.593,0.379,0,False
1303601,Santa Isabel do Rio Negro,AM,Norte,199.0,0.683,0.368,0.251,0.558,0.479,0.616,0,True
2910859,Filadélfia,BA,Nordeste,145.0,0.938,0.368,0.345,0.698,0.565,0.506,0,False
4310330,Imbé,RS,Sul,413.0,0.705,0.368,0.259,0.549,0.764,0.194,1,True
2408102,Natal,RN,Nordeste,5465.0,0.68,0.368,0.25,0.739,0.763,0.303,1,True
2911659,Guajeru,BA,Nordeste,89.0,0.978,0.368,0.36,0.606,0.569,0.454,0,False
2902609,Baixa Grande,BA,Nordeste,97.0,0.897,0.368,0.33,0.669,0.585,0.49,0,False
3555406,Ubatuba,SP,Sudeste,1152.0,0.844,0.368,0.311,0.472,0.751,0.189,1,False
2502508,Boqueirão,PB,Nordeste,114.0,0.833,0.368,0.307,0.515,0.607,0.413,0,False
2209658,São Francisco de Assis do Piauí,PI,Nordeste,58.0,0.983,0.368,0.362,0.464,0.485,0.505,0,False
2927408,Salvador,BA,Nordeste,13831.0,0.879,0.369,0.324,0.744,0.759,0.306,1,False
2912400,Ibipeba,BA,Nordeste,179.0,0.894,0.369,0.33,0.678,0.616,0.473,0,False
1200385,Plácido de Castro,AC,Norte,284.0,0.754,0.369,0.278,0.547,0.622,0.495,0,True
1303908,São Paulo de Olivença,AM,Norte,825.0,0.942,0.369,0.348,0.536,0.521,0.693,0,False
2921203,Miguel Calmon,BA,Nordeste,193.0,0.953,0.37,0.352,0.702,0.586,0.444,0,False
2928604,Santo Amaro,BA,Nordeste,429.0,0.921,0.37,0.34,0.68,0.646,0.414,0,False
1720200,São Miguel do Tocantins,TO,Norte,187.0,0.882,0.37,0.326,0.6,0.623,0.472,0,False
2925253,Ponto Novo,BA,Nordeste,181.0,0.956,0.37,0.354,0.675,0.58,0.468,0,False
1507805,Senador José Porfírio,PA,Norte,407.0,0.803,0.37,0.297,0.658,0.514,0.63,0,False
2927804,Santa Cruz da Vitória,BA,Nordeste,57.0,0.947,0.37,0.351,0.569,0.61,0.561,0,False
2110658,São Domingos do Azeitão,MA,Nordeste,124.0,0.935,0.371,0.347,0.414,0.59,0.587,0,False
1504604,Mocajuba,PA,Norte,381.0,0.772,0.371,0.286,0.618,0.575,0.545,0,True
2103174,Centro Novo do Maranhão,MA,Nordeste,189.0,0.942,0.371,0.349,0.526,0.518,0.716,0,False
1502608,Colares,PA,Norte,103.0,0.942,0.371,0.35,0.579,0.602,0.491,0,False
4316402,Rosário do Sul,RS,Sul,346.0,0.809,0.371,0.301,0.548,0.699,0.274,1,False
4314100,Passo Fundo,RS,Sul,2178.0,0.828,0.372,0.308,0.575,0.776,0.21,1,False
2107456,Olinda Nova do Maranhão,MA,Nordeste,92.0,0.935,0.372,0.348,0.468,0.575,0.635,0,False
2923001,Nova Viçosa,BA,Nordeste,507.0,0.949,0.372,0.353,0.684,0.654,0.496,0,False
2802403,Gararu,SE,Nordeste,100.0,0.94,0.372,0.35,0.625,0.564,0.469,0,False
2933000,Valente,BA,Nordeste,112.0,0.911,0.373,0.339,0.624,0.637,0.308,0,False
2910404,Encruzilhada,BA,Nordeste,162.0,0.944,0.373,0.352,0.69,0.544,0.523,0,False
2401909,Caiçara do Rio do Vento,RN,Nordeste,55.0,0.927,0.373,0.345,0.647,0.587,0.409,0,False
4306205,Cruzeiro do Sul,RS,Sul,72.0,0.819,0.373,0.306,0.482,0.723,0.183,1,False
2920452,Mansidão,BA,Nordeste,76.0,0.776,0.373,0.289,0.666,0.599,0.518,0,True
1301852,Iranduba,AM,Norte,1081.0,0.819,0.373,0.305,0.651,0.613,0.481,0,False
2803807,Malhada dos Bois,SE,Nordeste,69.0,0.971,0.373,0.362,0.558,0.599,0.403,0,False
1718907,Santa Rosa do Tocantins,TO,Norte,84.0,0.893,0.373,0.333,0.536,0.595,0.394,0,False
2803500,Lagarto,SE,Nordeste,821.0,0.933,0.373,0.348,0.645,0.625,0.375,0,False
2202901,Corrente,PI,Nordeste,273.0,0.971,0.374,0.363,0.496,0.642,0.399,0,False
4313409,Novo Hamburgo,RS,Sul,2460.0,0.831,0.374,0.311,0.613,0.747,0.211,1,False
2927705,Santa Cruz Cabrália,BA,Nordeste,389.0,0.936,0.374,0.35,0.659,0.654,0.421,0,False
2913002,Ibitiara,BA,Nordeste,92.0,0.989,0.374,0.37,0.642,0.585,0.437,0,False
2915601,Itamaraju,BA,Nordeste,615.0,0.904,0.374,0.338,0.686,0.627,0.469,0,False
2912905,Ibirataia,BA,Nordeste,207.0,0.942,0.374,0.353,0.64,0.576,0.436,0,False
2803906,Malhador,SE,Nordeste,139.0,0.921,0.375,0.345,0.623,0.587,0.395,0,False
2908507,Conceição do Jacuípe,BA,Nordeste,265.0,0.785,0.375,0.294,0.603,0.663,0.394,0,True
2804508,Nossa Senhora da Glória,SE,Nordeste,458.0,0.954,0.375,0.358,0.646,0.587,0.386,0,False
1501709,Bragança,PA,Norte,1464.0,0.84,0.376,0.316,0.604,0.6,0.511,0,False
2806602,Santo Amaro das Brotas,SE,Nordeste,101.0,1.0,0.376,0.376,0.58,0.637,0.412,0,False
2919306,Lençóis,BA,Nordeste,90.0,0.856,0.377,0.322,0.586,0.623,0.428,0,False
1503804,Jacundá,PA,Norte,550.0,0.844,0.377,0.318,0.603,0.622,0.497,0,False
4310538,Itaara,RS,Sul,71.0,0.746,0.377,0.282,0.418,0.76,0.211,1,True
4323002,Viamão,RS,Sul,2950.0,0.824,0.377,0.311,0.644,0.717,0.344,1,False
4314050,Parobé,RS,Sul,690.0,0.913,0.378,0.345,0.581,0.704,0.198,1,False
1303106,Nova Olinda do Norte,AM,Norte,379.0,0.802,0.378,0.303,0.637,0.558,0.542,0,False
2912806,Ibirapuã,BA,Nordeste,151.0,0.98,0.378,0.371,0.614,0.614,0.415,0,False
1507409,São Francisco do Pará,PA,Norte,131.0,0.786,0.379,0.298,0.549,0.608,0.418,0,True
2704401,Major Isidoro,AL,Nordeste,191.0,0.995,0.379,0.377,0.533,0.566,0.553,0,False
1716307,Pau D'Arco,TO,Norte,62.0,0.935,0.379,0.355,0.523,0.661,0.469,0,False
2912103,Ibicaraí,BA,Nordeste,171.0,0.971,0.38,0.368,0.661,0.625,0.413,0,False
4311775,Maquiné,RS,Sul,59.0,0.847,0.38,0.322,0.433,0.682,0.249,1,False
2919504,Livramento de Nossa Senhora,BA,Nordeste,422.0,0.953,0.381,0.363,0.649,0.611,0.383,0,False
1300607,Benjamin Constant,AM,Norte,831.0,0.939,0.381,0.357,0.611,0.574,0.682,0,False
2501807,Bayeux,PB,Nordeste,546.0,0.784,0.381,0.299,0.596,0.649,0.405,1,True
1702158,Araguanã,TO,Norte,69.0,0.913,0.381,0.348,0.633,0.604,0.403,0,False
3304144,Queimados,RJ,Sudeste,1564.0,0.806,0.381,0.307,0.584,0.68,0.393,1,False
4311122,Jaquirana,RS,Sul,54.0,0.778,0.381,0.296,0.511,0.614,0.356,1,True
2513703,Santa Rita,PB,Nordeste,1256.0,0.74,0.382,0.283,0.592,0.627,0.444,0,True
2511301,Piancó,PB,Nordeste,64.0,0.859,0.382,0.328,0.474,0.621,0.419,0,False
1712009,Lajeado,TO,Norte,56.0,0.982,0.382,0.375,0.459,0.675,0.353,1,False
1300680,Boa Vista do Ramos,AM,Norte,203.0,0.877,0.382,0.335,0.687,0.565,0.605,0,False
2510204,Nova Olinda,PB,Nordeste,78.0,0.872,0.382,0.333,0.462,0.573,0.413,0,False
2707909,Santa Luzia do Norte,AL,Nordeste,71.0,0.958,0.382,0.366,0.545,0.597,0.477,0,False
2110401,São Benedito do Rio Preto,MA,Nordeste,227.0,0.806,0.383,0.308,0.391,0.541,0.72,0,False
1508209,Vigia,PA,Norte,534.0,0.837,0.383,0.32,0.624,0.617,0.433,0,False
2902054,Araças,BA,Nordeste,117.0,0.983,0.383,0.376,0.694,0.57,0.494,0,False
2933208,Vera Cruz,BA,Nordeste,438.0,0.925,0.383,0.354,0.686,0.645,0.4,0,False
1718006,Porto Alegre do Tocantins,TO,Norte,55.0,0.855,0.383,0.327,0.497,0.645,0.308,0,False
1507953,Tailândia,PA,Norte,1210.0,0.826,0.383,0.317,0.655,0.588,0.533,0,False
4318606,São José do Ouro,RS,Sul,65.0,0.923,0.383,0.354,0.429,0.755,0.236,1,False
2924504,Pindaí,BA,Nordeste,126.0,0.952,0.383,0.365,0.617,0.603,0.404,0,False
4318705,São Leopoldo,RS,Sul,2539.0,0.724,0.383,0.278,0.615,0.739,0.24,1,True
2511509,Pilar,PB,Nordeste,96.0,0.896,0.384,0.344,0.507,0.579,0.508,0,False
2926301,Riachão do Jacuípe,BA,Nordeste,195.0,0.882,0.384,0.338,0.668,0.628,0.368,0,False
2910727,Eunápolis,BA,Nordeste,910.0,0.865,0.384,0.332,0.668,0.677,0.357,1,False
1508308,Viseu,PA,Norte,768.0,0.888,0.384,0.341,0.642,0.515,0.74,0,False
2414159,Tenente Laurentino Cruz,RN,Nordeste,59.0,0.881,0.385,0.339,0.603,0.623,0.386,0,False
2806107,Rosário do Catete,SE,Nordeste,137.0,0.949,0.385,0.365,0.625,0.631,0.389,0,False
4210704,Matos Costa,SC,Sul,52.0,0.75,0.385,0.288,0.513,0.657,0.408,1,True
2706604,Paulo Jacinto,AL,Nordeste,78.0,1.0,0.385,0.385,0.517,0.589,0.499,0,False
5003207,Corumbá,MS,Centro-Oeste,1524.0,0.82,0.385,0.316,0.599,0.7,0.328,1,False
2414407,Touros,RN,Nordeste,345.0,0.806,0.385,0.31,0.713,0.572,0.454,0,False
1703842,Campos Lindos,TO,Norte,167.0,0.886,0.385,0.341,0.718,0.544,0.623,0,False
2700607,Barra de São Miguel,AL,Nordeste,134.0,0.91,0.385,0.351,0.498,0.615,0.338,0,False
4323804,Xangri-lá,RS,Sul,244.0,0.84,0.385,0.324,0.537,0.735,0.177,1,False
4304358,Candiota,RS,Sul,133.0,0.722,0.385,0.278,0.459,0.698,0.253,1,True
5106505,Poconé,MT,Centro-Oeste,405.0,0.916,0.385,0.353,0.512,0.652,0.369,1,False
2407005,Luís Gomes,RN,Nordeste,79.0,0.886,0.386,0.342,0.63,0.608,0.455,0,False
1709005,Goiatins,TO,Norte,164.0,0.774,0.386,0.299,0.684,0.576,0.556,0,True
1200336,Mâncio Lima,AC,Norte,260.0,0.827,0.386,0.319,0.605,0.625,0.537,0,False
2928208,Santana,BA,Nordeste,246.0,0.935,0.387,0.362,0.664,0.608,0.442,0,False
2400109,Acari,RN,Nordeste,112.0,0.83,0.387,0.321,0.596,0.679,0.258,1,False
2207702,Parnaíba,PI,Nordeste,1676.0,0.879,0.387,0.341,0.557,0.687,0.366,0,False
4311627,Lindolfo Collor,RS,Sul,82.0,0.976,0.388,0.378,0.457,0.712,0.201,1,False
2100832,Apicum-Açu,MA,Nordeste,206.0,0.801,0.388,0.311,0.449,0.568,0.652,0,False
2921906,Mucugê,BA,Nordeste,91.0,0.934,0.388,0.363,0.631,0.606,0.37,0,False
2701803,Carneiros,AL,Nordeste,161.0,0.975,0.389,0.379,0.515,0.526,0.604,0,False
2932101,Ubaíra,BA,Nordeste,139.0,0.942,0.389,0.367,0.626,0.582,0.46,0,False
2613404,São José da Coroa Grande,PE,Nordeste,259.0,0.942,0.389,0.367,0.43,0.608,0.54,0,False
2204402,Gilbués,PI,Nordeste,141.0,0.965,0.39,0.376,0.51,0.548,0.531,0,False
5007901,Sidrolândia,MS,Centro-Oeste,931.0,0.78,0.39,0.304,0.548,0.686,0.329,1,True
1702000,Araguaçu,TO,Norte,82.0,0.72,0.39,0.28,0.544,0.675,0.329,1,True
2112605,Urbano Santos,MA,Nordeste,296.0,0.936,0.39,0.365,0.367,0.588,0.663,0,False
4314407,Pelotas,RS,Sul,2736.0,0.719,0.39,0.28,0.598,0.739,0.224,1,True
2805307,Pirambu,SE,Nordeste,114.0,0.877,0.39,0.342,0.62,0.603,0.437,0,False
2905206,Caetité,BA,Nordeste,461.0,0.928,0.39,0.362,0.658,0.625,0.36,0,False
1500305,Afuá,PA,Norte,699.0,0.88,0.39,0.343,0.681,0.489,0.728,0,False
2923050,Novo Triunfo,BA,Nordeste,68.0,0.941,0.391,0.368,0.659,0.554,0.528,0,False
2707701,Rio Largo,AL,Nordeste,1379.0,0.906,0.391,0.354,0.586,0.643,0.446,1,False
1501204,Baião,PA,Norte,303.0,0.861,0.391,0.337,0.62,0.578,0.606,0,False
2906006,Campo Formoso,BA,Nordeste,646.0,0.958,0.391,0.375,0.667,0.586,0.501,0,False
2706307,Palmeira dos Índios,AL,Nordeste,668.0,0.934,0.391,0.365,0.549,0.638,0.443,0,False
3553104,Taiaçu,SP,Sudeste,52.0,0.885,0.391,0.346,0.377,0.71,0.234,1,False
2807600,Umbaúba,SE,Nordeste,213.0,0.864,0.391,0.338,0.645,0.579,0.45,0,False
3300456,Belford Roxo,RJ,Sudeste,4533.0,0.7,0.391,0.274,0.641,0.684,0.397,1,True
2908002,Coaraci,BA,Nordeste,121.0,0.95,0.391,0.372,0.656,0.613,0.422,0,False
1500503,Almeirim,PA,Norte,431.0,0.824,0.392,0.323,0.601,0.642,0.525,0,False
2924603,Pindobaçu,BA,Nordeste,226.0,0.982,0.392,0.385,0.662,0.577,0.435,0,False
2924058,Pé de Serra,BA,Nordeste,81.0,0.63,0.392,0.247,0.651,0.587,0.414,0,True
2923209,Oliveira dos Brejinhos,BA,Nordeste,205.0,0.956,0.393,0.376,0.686,0.554,0.523,0,False
1600204,Calçoene,AP,Norte,223.0,0.798,0.393,0.314,0.603,0.643,0.543,0,True
2709103,Taquarana,AL,Nordeste,254.0,0.941,0.393,0.37,0.552,0.541,0.545,0,False
2515302,Sapé,PB,Nordeste,426.0,0.883,0.394,0.347,0.613,0.569,0.513,0,False
2907509,Catu,BA,Nordeste,242.0,0.955,0.394,0.376,0.645,0.677,0.349,1,False
2803401,Japoatã,SE,Nordeste,138.0,0.993,0.394,0.391,0.621,0.56,0.466,0,False
2918001,Jequié,BA,Nordeste,1090.0,0.85,0.395,0.336,0.684,0.665,0.331,0,False
1502103,Cametá,PA,Norte,1354.0,0.843,0.395,0.333,0.615,0.577,0.541,0,False
3301009,Campos dos Goytacazes,RJ,Sudeste,4796.0,0.824,0.396,0.326,0.594,0.716,0.303,1,False
2206704,Nazaré do Piauí,PI,Nordeste,50.0,0.96,0.396,0.38,0.455,0.576,0.507,0,False
2803203,Itaporanga d'Ajuda,SE,Nordeste,397.0,0.884,0.396,0.35,0.685,0.561,0.553,0,False
5003306,Coxim,MS,Centro-Oeste,507.0,0.921,0.396,0.365,0.52,0.703,0.265,1,False
2903102,Barra do Rocha,BA,Nordeste,55.0,0.964,0.396,0.382,0.643,0.577,0.452,0,False
2101400,Balsas,MA,Nordeste,1372.0,0.907,0.396,0.359,0.497,0.687,0.358,1,False
5005608,Miranda,MS,Centro-Oeste,466.0,0.85,0.396,0.337,0.588,0.632,0.422,1,False
2600708,Aliança,PE,Nordeste,253.0,0.937,0.397,0.372,0.412,0.604,0.554,0,False
1507151,São Domingos do Araguaia,PA,Norte,236.0,0.822,0.397,0.326,0.608,0.594,0.513,0,False
2702900,Girau do Ponciano,AL,Nordeste,419.0,0.943,0.397,0.375,0.591,0.536,0.584,0,False
1501303,Barcarena,PA,Norte,1665.0,0.864,0.398,0.344,0.612,0.662,0.418,0,False
2923803,Paripiranga,BA,Nordeste,213.0,0.92,0.398,0.366,0.652,0.577,0.499,0,False
4212304,Paulo Lopes,SC,Sul,133.0,0.887,0.398,0.353,0.501,0.716,0.227,1,False
1200807,Porto Acre,AC,Norte,326.0,0.724,0.398,0.288,0.631,0.576,0.493,0,True
2705606,Novo Lino,AL,Nordeste,139.0,0.993,0.399,0.396,0.531,0.521,0.64,0,False
4318309,São Gabriel,RS,Sul,661.0,0.806,0.4,0.322,0.556,0.699,0.271,1,False
2200459,Alvorada do Gurguéia,PI,Nordeste,65.0,0.923,0.4,0.369,0.444,0.578,0.484,0,False
4300901,Aratiba,RS,Sul,65.0,0.923,0.4,0.369,0.377,0.772,0.255,1,False
5107776,Santa Terezinha,MT,Centro-Oeste,90.0,0.889,0.4,0.356,0.514,0.609,0.494,0,False
2403806,Florânia,RN,Nordeste,58.0,0.862,0.4,0.345,0.614,0.642,0.35,0,False
2201408,Barro Duro,PI,Nordeste,53.0,0.943,0.4,0.377,0.455,0.612,0.437,0,False
2404705,Ipanguaçu,RN,Nordeste,160.0,0.812,0.4,0.325,0.682,0.603,0.386,0,False
2807501,Tomar do Geru,SE,Nordeste,119.0,0.966,0.4,0.387,0.649,0.551,0.543,0,False
2404853,Itajá,RN,Nordeste,84.0,0.774,0.4,0.31,0.598,0.624,0.311,0,True
2502003,Belém do Brejo do Cruz,PB,Nordeste,56.0,0.982,0.4,0.393,0.449,0.578,0.409,0,False
2933174,Varzedo,BA,Nordeste,72.0,0.972,0.4,0.389,0.557,0.586,0.411,0,False
2415008,Vila Flor,RN,Nordeste,62.0,0.806,0.4,0.323,0.662,0.576,0.469,0,False
2802908,Itabaiana,SE,Nordeste,883.0,0.891,0.4,0.357,0.651,0.642,0.333,0,False
1600279,Laranjal do Jari,AP,Norte,579.0,0.931,0.401,0.373,0.673,0.665,0.513,0,False
1506609,Santa Maria do Pará,PA,Norte,259.0,0.915,0.401,0.367,0.564,0.598,0.437,0,False
2414001,Tangará,RN,Nordeste,171.0,0.801,0.401,0.322,0.651,0.608,0.395,0,False
5003488,Dois Irmãos do Buriti,MS,Centro-Oeste,215.0,0.949,0.402,0.381,0.477,0.639,0.359,1,False
1702901,Axixá do Tocantins,TO,Norte,112.0,0.866,0.402,0.348,0.597,0.627,0.429,0,False
1200393,Porto Walter,AC,Norte,92.0,0.946,0.402,0.38,0.586,0.532,0.661,0,False
3511409,Cerqueira César,SP,Sudeste,251.0,0.94,0.403,0.378,0.416,0.729,0.252,1,False
1700301,Aguiarnópolis,TO,Norte,87.0,0.885,0.403,0.356,0.606,0.657,0.397,1,False
2206670,Morro do Chapéu do Piauí,PI,Nordeste,79.0,0.975,0.403,0.392,0.364,0.55,0.425,0,False
2932002,Uauá,BA,Nordeste,224.0,0.964,0.403,0.388,0.638,0.605,0.448,0,False
2510907,Paulista,PB,Nordeste,84.0,0.857,0.403,0.345,0.459,0.587,0.401,0,False
1302504,Manacapuru,AM,Norte,1512.0,0.847,0.403,0.341,0.611,0.614,0.481,0,False
4303004,Cachoeira do Sul,RS,Sul,599.0,0.845,0.403,0.341,0.506,0.742,0.225,1,False
1503309,Igarapé-Miri,PA,Norte,757.0,0.832,0.403,0.336,0.656,0.547,0.582,0,False
5100102,Acorizal,MT,Centro-Oeste,65.0,0.954,0.403,0.385,0.416,0.628,0.398,0,False
2110278,Santo Amaro do Maranhão,MA,Nordeste,143.0,0.867,0.403,0.35,0.426,0.518,0.757,0,False
2703700,Jaramataia,AL,Nordeste,64.0,0.969,0.403,0.391,0.442,0.552,0.497,0,False
2400604,Almino Afonso,RN,Nordeste,54.0,0.963,0.404,0.389,0.56,0.624,0.4,0,False
2805505,Poço Verde,SE,Nordeste,176.0,0.886,0.404,0.358,0.628,0.561,0.443,0,False
2402105,Campo Redondo,RN,Nordeste,62.0,0.839,0.404,0.339,0.617,0.626,0.458,0,False
2402709,Cerro Corá,RN,Nordeste,110.0,0.9,0.404,0.364,0.68,0.607,0.464,0,False
2904407,Brejolândia,BA,Nordeste,100.0,0.94,0.404,0.38,0.623,0.592,0.539,0,False
2923506,Palmeiras,BA,Nordeste,99.0,0.899,0.404,0.364,0.64,0.643,0.421,0,False
1506559,Santa Luzia do Pará,PA,Norte,217.0,0.728,0.405,0.295,0.603,0.546,0.568,0,True
1507474,São João de Pirabas,PA,Norte,240.0,0.925,0.405,0.375,0.596,0.539,0.633,0,False
2932606,Urandi,BA,Nordeste,153.0,0.967,0.405,0.392,0.627,0.598,0.412,0,False
4309209,Gravataí,RS,Sul,3047.0,0.775,0.406,0.314,0.654,0.736,0.319,1,True
2924801,Piritiba,BA,Nordeste,145.0,0.952,0.406,0.386,0.698,0.578,0.503,0,False
2509206,Massaranduba,PB,Nordeste,118.0,0.856,0.406,0.347,0.539,0.567,0.485,0,False
2501005,Araruna,PB,Nordeste,150.0,0.887,0.406,0.36,0.52,0.567,0.51,0,False
2400208,Açu,RN,Nordeste,435.0,0.747,0.406,0.303,0.683,0.661,0.342,0,True
4322541,Vale Real,RS,Sul,72.0,0.889,0.406,0.361,0.437,0.737,0.202,1,False
2109270,Presidente Sarney,MA,Nordeste,268.0,0.817,0.406,0.332,0.424,0.557,0.715,0,False
2603306,Calçado,PE,Nordeste,59.0,1.0,0.407,0.407,0.337,0.566,0.487,0,False
2926608,Ribeira do Pombal,BA,Nordeste,555.0,0.903,0.407,0.368,0.687,0.601,0.417,0,False
2704302,Maceió,AL,Nordeste,7105.0,0.909,0.407,0.37,0.637,0.721,0.316,1,False
1304062,Tabatinga,AM,Norte,1305.0,0.886,0.407,0.361,0.611,0.616,0.577,0,False
4301107,Arroio dos Ratos,RS,Sul,158.0,0.823,0.408,0.335,0.519,0.698,0.297,1,False
4312500,Mostardas,RS,Sul,148.0,0.878,0.408,0.358,0.502,0.664,0.319,1,False
1301209,Coari,AM,Norte,1042.0,0.894,0.408,0.365,0.621,0.586,0.564,0,False
2917706,Jaguarari,BA,Nordeste,266.0,0.876,0.408,0.357,0.648,0.659,0.398,0,False
4106001,Congonhinhas,PR,Sul,119.0,0.866,0.408,0.353,0.354,0.668,0.323,1,False
2918308,Jitaúna,BA,Nordeste,101.0,0.97,0.408,0.396,0.682,0.575,0.494,0,False
4316907,Santa Maria,RS,Sul,2183.0,0.776,0.409,0.317,0.55,0.784,0.184,1,True
2928703,Santo Antônio de Jesus,BA,Nordeste,568.0,0.822,0.409,0.336,0.658,0.7,0.294,1,False
2410306,Serra Caiada,RN,Nordeste,97.0,0.68,0.409,0.278,0.71,0.563,0.509,0,True
4303103,Cachoeirinha,RS,Sul,1516.0,0.769,0.409,0.315,0.58,0.757,0.256,1,True
2409407,Pau dos Ferros,RN,Nordeste,256.0,0.82,0.41,0.336,0.646,0.678,0.291,1,False
4314803,Portão,RS,Sul,373.0,0.85,0.41,0.349,0.595,0.713,0.295,1,False
2911006,Floresta Azul,BA,Nordeste,79.0,0.987,0.41,0.405,0.681,0.557,0.496,0,False
2914703,Itaberaba,BA,Nordeste,452.0,0.83,0.411,0.341,0.69,0.62,0.423,0,False
2910008,Dário Meira,BA,Nordeste,121.0,0.926,0.411,0.38,0.676,0.54,0.586,0,False
2916807,Itarantim,BA,Nordeste,130.0,0.862,0.411,0.354,0.661,0.61,0.427,0,False
2806008,Ribeirópolis,SE,Nordeste,119.0,0.941,0.411,0.387,0.565,0.613,0.388,0,False
2100709,Anajatuba,MA,Nordeste,154.0,0.916,0.411,0.377,0.469,0.581,0.677,0,False
2929107,São Felipe,BA,Nordeste,157.0,0.898,0.411,0.369,0.617,0.616,0.406,0,False
3539103,Pirapora do Bom Jesus,SP,Sudeste,288.0,0.903,0.412,0.372,0.434,0.727,0.343,1,False
2908309,Conceição do Almeida,BA,Nordeste,67.0,0.761,0.412,0.313,0.642,0.606,0.493,0,True
1200427,Rodrigues Alves,AC,Norte,189.0,0.757,0.413,0.312,0.56,0.567,0.553,0,True
2922201,Muniz Ferreira,BA,Nordeste,64.0,0.984,0.413,0.406,0.62,0.617,0.418,0,False
2510501,Olivedos,PB,Nordeste,50.0,0.92,0.413,0.38,0.493,0.603,0.414,0,False
2611309,Pombos,PE,Nordeste,145.0,0.917,0.414,0.379,0.356,0.598,0.407,0,False
4302303,Bom Jesus,RS,Sul,150.0,0.853,0.414,0.353,0.507,0.666,0.312,1,False
2605509,Ferreiros,PE,Nordeste,86.0,0.953,0.415,0.395,0.367,0.622,0.463,0,False
5000708,Anastácio,MS,Centro-Oeste,445.0,0.91,0.415,0.378,0.508,0.663,0.315,1,False
3508603,Cachoeira Paulista,SP,Sudeste,247.0,0.927,0.415,0.385,0.445,0.764,0.185,1,False
2704807,Maribondo,AL,Nordeste,97.0,0.969,0.415,0.402,0.521,0.597,0.439,0,False
1303809,São Gabriel da Cachoeira,AM,Norte,748.0,0.921,0.415,0.382,0.547,0.609,0.492,0,False
2106326,Maracaçumé,MA,Nordeste,344.0,0.916,0.416,0.381,0.478,0.582,0.621,0,False
2402303,Caraúbas,RN,Nordeste,149.0,0.839,0.416,0.349,0.669,0.638,0.434,0,False
4321600,Tramandaí,RS,Sul,768.0,0.779,0.416,0.324,0.593,0.719,0.235,1,True
4311205,Júlio de Castilhos,RS,Sul,181.0,0.729,0.417,0.304,0.533,0.716,0.251,1,True
2920403,Manoel Vitorino,BA,Nordeste,123.0,0.976,0.417,0.407,0.645,0.566,0.522,0,False
2906600,Candiba,BA,Nordeste,123.0,0.976,0.417,0.407,0.633,0.591,0.374,0,False
1300805,Borba,AM,Norte,379.0,0.873,0.417,0.364,0.577,0.56,0.626,0,False
3302601,Mangaratiba,RJ,Sudeste,564.0,0.761,0.417,0.317,0.454,0.753,0.247,1,True
2108801,Pirapemas,MA,Nordeste,133.0,0.774,0.417,0.323,0.449,0.576,0.669,0,True
2103208,Chapadinha,MA,Nordeste,714.0,0.959,0.418,0.401,0.436,0.604,0.602,0,False
2209005,Rio Grande do Piauí,PI,Nordeste,67.0,1.0,0.418,0.418,0.42,0.572,0.405,0,False
1303700,Santo Antônio do Içá,AM,Norte,604.0,0.919,0.418,0.384,0.676,0.49,0.745,0,False
2206407,Monsenhor Gil,PI,Nordeste,129.0,0.946,0.418,0.395,0.454,0.615,0.462,0,False
2931301,Tapiramutá,BA,Nordeste,115.0,0.957,0.418,0.4,0.641,0.594,0.513,0,False
2413300,Serra de São Bento,RN,Nordeste,51.0,0.843,0.419,0.353,0.593,0.582,0.504,0,False
4322509,Vacaria,RS,Sul,825.0,0.868,0.419,0.364,0.536,0.721,0.241,1,False
1600253,Itaubal,AP,Norte,115.0,0.913,0.419,0.383,0.618,0.576,0.591,0,False
2932309,Ubatã,BA,Nordeste,133.0,0.789,0.419,0.331,0.662,0.593,0.511,0,True
2909406,Cotegipe,BA,Nordeste,113.0,0.929,0.419,0.389,0.652,0.59,0.497,0,False
1500206,Acará,PA,Norte,610.0,0.848,0.42,0.356,0.617,0.506,0.607,0,False
2705200,Messias,AL,Nordeste,244.0,0.947,0.42,0.398,0.545,0.568,0.53,0,False
3302007,Itaguaí,RJ,Sudeste,1762.0,0.826,0.42,0.347,0.533,0.715,0.314,1,False
2506707,Imaculada,PB,Nordeste,109.0,0.917,0.42,0.385,0.52,0.557,0.462,0,False
3531100,Mongaguá,SP,Sudeste,898.0,0.834,0.421,0.351,0.495,0.754,0.281,1,False
2100600,Amarante do Maranhão,MA,Nordeste,350.0,0.883,0.421,0.371,0.505,0.555,0.617,0,False
1714880,Nova Olinda,TO,Norte,184.0,0.891,0.421,0.375,0.617,0.631,0.396,0,False
2930709,Simões Filho,BA,Nordeste,1239.0,0.929,0.421,0.391,0.695,0.675,0.434,1,False
2904605,Brumado,BA,Nordeste,596.0,0.919,0.422,0.388,0.654,0.656,0.347,1,False
4313508,Osório,RS,Sul,557.0,0.838,0.422,0.354,0.53,0.751,0.202,1,False
5106422,Peixoto de Azevedo,MT,Centro-Oeste,521.0,0.896,0.422,0.378,0.522,0.649,0.376,0,False
4300307,Alecrim,RS,Sul,69.0,0.928,0.422,0.391,0.358,0.672,0.274,1,False
1720903,Taguatinga,TO,Norte,201.0,0.861,0.422,0.363,0.632,0.634,0.393,0,False
5102702,Canarana,MT,Centro-Oeste,361.0,0.839,0.422,0.355,0.44,0.693,0.247,1,False
4321709,Três Coroas,RS,Sul,275.0,0.869,0.423,0.367,0.528,0.71,0.173,1,False
2708808,São Sebastião,AL,Nordeste,351.0,0.957,0.423,0.405,0.562,0.549,0.552,0,False
4122602,Rondon,PR,Sul,110.0,0.882,0.423,0.373,0.272,0.713,0.195,1,False
3139300,Manga,MG,Sudeste,229.0,0.878,0.423,0.371,0.384,0.642,0.467,0,False
1718808,Sampaio,TO,Norte,101.0,0.842,0.424,0.356,0.572,0.606,0.556,0,False
2930006,Sebastião Laranjeiras,BA,Nordeste,59.0,1.0,0.424,0.424,0.597,0.615,0.443,0,False
2511806,Pirpirituba,PB,Nordeste,73.0,0.808,0.424,0.342,0.448,0.595,0.446,0,False
2511400,Picuí,PB,Nordeste,208.0,0.918,0.424,0.389,0.5,0.608,0.405,0,False
1505809,Portel,PA,Norte,952.0,0.805,0.424,0.341,0.659,0.483,0.611,0,False
1502855,Curuá,PA,Norte,192.0,0.896,0.424,0.38,0.571,0.578,0.661,0,False
2900355,Adustina,BA,Nordeste,145.0,0.959,0.424,0.407,0.656,0.546,0.531,0,False
2930766,Sítio do Quinto,BA,Nordeste,75.0,0.973,0.425,0.413,0.689,0.533,0.516,0,False
2706802,Piaçabuçu,AL,Nordeste,241.0,0.938,0.425,0.398,0.536,0.572,0.481,0,False
2705002,Mata Grande,AL,Nordeste,125.0,0.96,0.425,0.408,0.537,0.504,0.558,0,False
2921054,Matina,BA,Nordeste,132.0,0.962,0.425,0.409,0.652,0.572,0.411,0,False
2201960,Brasileira,PI,Nordeste,98.0,0.959,0.426,0.408,0.405,0.577,0.376,0,False
2913408,Igaporã,BA,Nordeste,109.0,0.927,0.426,0.394,0.631,0.614,0.409,0,False
3519253,Iaras,SP,Sudeste,61.0,0.885,0.426,0.377,0.412,0.674,0.367,1,False
2401107,Areia Branca,RN,Nordeste,234.0,0.752,0.426,0.321,0.625,0.682,0.318,1,True
3126703,Francisco Sá,MG,Sudeste,204.0,0.863,0.426,0.368,0.377,0.654,0.432,0,False
3521150,Ipiguá,SP,Sudeste,75.0,0.907,0.426,0.387,0.377,0.73,0.184,1,False
2613800,São Vicente Ferrer,PE,Nordeste,141.0,0.965,0.426,0.411,0.362,0.549,0.507,0,False
4305173,Cerro Grande do Sul,RS,Sul,95.0,0.863,0.427,0.368,0.533,0.66,0.304,1,False
5007109,Ribas do Rio Pardo,MS,Centro-Oeste,467.0,0.897,0.427,0.383,0.531,0.664,0.351,1,False
2910107,Dom Basílio,BA,Nordeste,130.0,0.954,0.427,0.408,0.582,0.591,0.377,0,False
2933307,Vitória da Conquista,BA,Nordeste,3092.0,0.914,0.427,0.391,0.726,0.678,0.328,0,False
2110856,São Francisco do Brejão,MA,Nordeste,139.0,0.993,0.428,0.424,0.453,0.584,0.559,0,False
2207900,Pedro II,PI,Nordeste,394.0,0.931,0.428,0.398,0.534,0.571,0.516,0,False
2701704,Capela,AL,Nordeste,207.0,0.971,0.428,0.415,0.542,0.573,0.477,0,False
2202778,Colônia do Piauí,PI,Nordeste,59.0,0.949,0.429,0.407,0.402,0.588,0.39,0,False
1722107,Xambioá,TO,Norte,135.0,0.881,0.429,0.378,0.639,0.671,0.423,0,False
2924900,Planaltino,BA,Nordeste,64.0,0.875,0.429,0.375,0.621,0.572,0.56,0,False
2931806,Tremedal,BA,Nordeste,78.0,0.987,0.429,0.423,0.653,0.528,0.499,0,False
2924678,Piraí do Norte,BA,Nordeste,62.0,0.677,0.429,0.29,0.675,0.533,0.507,0,True
4316709,Santa Bárbara do Sul,RS,Sul,91.0,0.923,0.429,0.396,0.446,0.725,0.174,1,False
2925105,Poções,BA,Nordeste,425.0,0.915,0.429,0.393,0.688,0.604,0.494,0,False
2211308,Valença do Piauí,PI,Nordeste,197.0,0.934,0.429,0.401,0.448,0.647,0.366,0,False
2606408,Gravatá,PE,Nordeste,465.0,0.961,0.43,0.413,0.46,0.634,0.42,0,False
2205508,José de Freitas,PI,Nordeste,463.0,0.974,0.43,0.419,0.443,0.618,0.548,0,False
2706703,Penedo,AL,Nordeste,703.0,0.886,0.43,0.381,0.576,0.63,0.408,0,False
4203709,Canelinha,SC,Sul,94.0,0.84,0.43,0.362,0.547,0.697,0.243,1,False
2405009,Jaçanã,RN,Nordeste,89.0,0.888,0.43,0.382,0.64,0.604,0.44,0,False
2909604,Crisópolis,BA,Nordeste,160.0,0.944,0.43,0.406,0.655,0.543,0.526,0,False
4301602,Bagé,RS,Sul,1077.0,0.835,0.43,0.359,0.597,0.74,0.265,1,False
4317509,Santo Ângelo,RS,Sul,667.0,0.919,0.431,0.396,0.495,0.772,0.171,1,False
3509452,Campina do Monte Alegre,SP,Sudeste,69.0,0.942,0.431,0.406,0.43,0.717,0.359,1,False
3527603,Luís Antônio,SP,Sudeste,131.0,0.939,0.431,0.405,0.455,0.731,0.258,1,False
1506583,Santa Maria das Barreiras,PA,Norte,301.0,0.817,0.431,0.352,0.596,0.544,0.533,0,False
2100907,Araioses,MA,Nordeste,269.0,0.888,0.431,0.383,0.458,0.521,0.682,0,False
2919058,Lajedo do Tabocal,BA,Nordeste,59.0,0.983,0.431,0.424,0.594,0.584,0.475,0,False
2100550,Amapá do Maranhão,MA,Nordeste,103.0,0.99,0.431,0.427,0.409,0.52,0.773,0,False
2917359,Jaborandi,BA,Nordeste,102.0,0.931,0.432,0.402,0.608,0.613,0.47,0,False
4206652,Guatambú,SC,Sul,156.0,0.801,0.432,0.346,0.483,0.717,0.22,1,False
4318507,São José do Norte,RS,Sul,293.0,0.829,0.432,0.358,0.583,0.623,0.366,1,False
2901155,América Dourada,BA,Nordeste,198.0,0.97,0.432,0.419,0.694,0.561,0.574,0,False
2901957,Apuarema,BA,Nordeste,83.0,0.892,0.432,0.386,0.641,0.552,0.511,0,False
2930907,Tabocas do Brejo Velho,BA,Nordeste,132.0,0.962,0.433,0.417,0.592,0.584,0.48,0,False
2506103,Fagundes,PB,Nordeste,68.0,0.882,0.433,0.382,0.526,0.56,0.583,0,False
2604601,Condado,PE,Nordeste,209.0,0.971,0.433,0.421,0.378,0.602,0.525,0,False
1301407,Eirunepé,AM,Norte,524.0,0.792,0.434,0.344,0.594,0.563,0.706,0,True
1200344,Manoel Urbano,AC,Norte,222.0,0.851,0.434,0.369,0.616,0.551,0.589,0,False
3535804,Paranapanema,SP,Sudeste,241.0,0.88,0.434,0.382,0.454,0.717,0.25,1,False
2201705,Bertolínia,PI,Nordeste,57.0,0.93,0.434,0.404,0.384,0.612,0.513,0,False
3520400,Ilhabela,SP,Sudeste,476.0,0.861,0.434,0.374,0.448,0.756,0.223,1,False
4300877,Araricá,RS,Sul,130.0,0.762,0.434,0.331,0.533,0.679,0.234,1,True
2409100,Passa e Fica,RN,Nordeste,124.0,0.798,0.434,0.347,0.589,0.606,0.414,0,True
2918506,Jussara,BA,Nordeste,130.0,0.938,0.434,0.408,0.688,0.571,0.519,0,False
2102325,Buriticupu,MA,Nordeste,781.0,0.907,0.435,0.394,0.521,0.556,0.631,0,False
4322202,Tupanciretã,RS,Sul,194.0,0.912,0.435,0.397,0.492,0.709,0.303,1,False
5102603,Campinápolis,MT,Centro-Oeste,160.0,0.819,0.435,0.356,0.58,0.538,0.481,0,False
1600402,Mazagão,AP,Norte,394.0,0.881,0.435,0.383,0.598,0.592,0.588,0,False
2920502,Maracás,BA,Nordeste,232.0,0.772,0.436,0.336,0.648,0.607,0.505,0,True
4307609,Estância Velha,RS,Sul,577.0,0.946,0.436,0.412,0.514,0.757,0.19,1,False
1101807,Vale do Paraíso,RO,Norte,88.0,0.886,0.436,0.386,0.386,0.627,0.309,0,False
1722081,Wanderlândia,TO,Norte,115.0,0.817,0.436,0.357,0.605,0.638,0.376,0,False
4312401,Montenegro,RS,Sul,717.0,0.908,0.436,0.396,0.512,0.755,0.227,1,False
2913457,Igrapiúna,BA,Nordeste,61.0,0.902,0.436,0.393,0.645,0.574,0.506,0,False
2933109,Várzea do Poço,BA,Nordeste,63.0,0.873,0.436,0.381,0.578,0.575,0.4,0,False
1304005,Silves,AM,Norte,208.0,0.87,0.436,0.38,0.618,0.632,0.598,0,False
1503093,Goianésia do Pará,PA,Norte,352.0,0.852,0.437,0.372,0.619,0.56,0.503,0,False
2800308,Aracaju,SE,Nordeste,3994.0,0.933,0.437,0.408,0.671,0.77,0.286,1,False
2607653,Itambé,PE,Nordeste,294.0,0.84,0.437,0.367,0.431,0.575,0.542,0,False
4305108,Caxias do Sul,RS,Sul,4432.0,0.827,0.438,0.362,0.564,0.782,0.179,1,False
2909703,Cristópolis,BA,Nordeste,153.0,0.941,0.438,0.412,0.604,0.614,0.426,0,False
1717503,Pium,TO,Norte,73.0,0.877,0.438,0.384,0.633,0.65,0.503,0,False
2601706,Belo Jardim,PE,Nordeste,728.0,0.904,0.438,0.396,0.41,0.629,0.366,0,False
1304203,Tefé,AM,Norte,1337.0,0.902,0.438,0.395,0.569,0.639,0.483,0,False
3304904,São Gonçalo,RJ,Sudeste,5659.0,0.78,0.438,0.342,0.623,0.739,0.351,1,True
2926806,Rio do Antônio,BA,Nordeste,91.0,0.978,0.438,0.429,0.619,0.576,0.439,0,False
1504752,Mojuí dos Campos,PA,Norte,211.0,0.844,0.438,0.37,0.489,,,0,False
2700300,Arapiraca,AL,Nordeste,2652.0,0.933,0.438,0.409,0.613,0.649,0.371,1,False
4304606,Canoas,RS,Sul,3390.0,0.756,0.439,0.332,0.636,0.75,0.252,1,True
1505494,Palestina do Pará,PA,Norte,62.0,0.919,0.439,0.403,0.53,0.589,0.572,0,False
4216503,São Joaquim,SC,Sul,337.0,0.846,0.439,0.371,0.546,0.687,0.256,1,False
3550704,São Sebastião,SP,Sudeste,1075.0,0.916,0.44,0.403,0.447,0.772,0.2,1,False
2917201,Ituaçu,BA,Nordeste,204.0,0.936,0.44,0.412,0.626,0.57,0.434,0,False
3149952,Periquito,MG,Sudeste,86.0,0.872,0.44,0.384,0.382,0.651,0.495,1,False
4319505,São Sebastião do Caí,RS,Sul,234.0,0.893,0.44,0.393,0.498,0.739,0.234,1,False
2508208,Lagoa de Dentro,PB,Nordeste,80.0,0.85,0.441,0.375,0.526,0.57,0.52,0,False
3539400,Piratininga,SP,Sudeste,109.0,0.936,0.441,0.413,0.373,0.779,0.201,1,False
2103802,Dom Pedro,MA,Nordeste,183.0,0.929,0.441,0.41,0.46,0.622,0.446,0,False
4318200,São Francisco de Paula,RS,Sul,271.0,0.911,0.441,0.402,0.561,0.685,0.3,1,False
4305900,Coronel Bicaco,RS,Sul,84.0,0.917,0.442,0.405,0.416,0.665,0.321,1,False
2609402,Moreno,PE,Nordeste,402.0,0.958,0.442,0.423,0.428,0.652,0.458,0,False
2407708,Montanhas,RN,Nordeste,142.0,0.845,0.442,0.373,0.723,0.557,0.478,0,False
4315602,Rio Grande,RS,Sul,1943.0,0.782,0.442,0.345,0.596,0.744,0.27,1,True
3525201,Jarinu,SP,Sudeste,529.0,0.958,0.442,0.423,0.424,0.733,0.235,1,False
2404507,Guamaré,RN,Nordeste,180.0,0.767,0.442,0.339,0.654,0.626,0.419,0,True
1503457,Ipixuna do Pará,PA,Norte,420.0,0.781,0.442,0.345,0.651,0.489,0.599,0,True
3521002,Iperó,SP,Sudeste,436.0,0.872,0.442,0.385,0.452,0.719,0.271,1,False
2915205,Itagibá,BA,Nordeste,230.0,0.826,0.442,0.365,0.588,0.589,0.465,0,False
2703908,Jundiá,AL,Nordeste,55.0,0.945,0.442,0.418,0.513,0.562,0.593,0,False
1714203,Natividade,TO,Norte,120.0,0.867,0.442,0.383,0.635,0.673,0.393,0,False
2914406,Iraquara,BA,Nordeste,285.0,0.944,0.442,0.418,0.659,0.599,0.444,0,False
2708006,Santana do Ipanema,AL,Nordeste,525.0,0.977,0.442,0.432,0.57,0.591,0.467,0,False
1303957,São Sebastião do Uatumã,AM,Norte,132.0,0.924,0.443,0.409,0.579,0.577,0.572,0,False
2401453,Baraúna,RN,Nordeste,214.0,0.855,0.443,0.379,0.745,0.574,0.461,0,False
3157336,Santa Cruz de Minas,MG,Sudeste,85.0,0.929,0.443,0.412,0.307,0.706,0.204,1,False
2508604,Lucena,PB,Nordeste,209.0,0.842,0.443,0.373,0.541,0.583,0.468,0,False
1718204,Porto Nacional,TO,Norte,893.0,0.798,0.443,0.354,0.604,0.74,0.246,1,True
2501302,Aroeiras,PB,Nordeste,219.0,0.927,0.443,0.411,0.524,0.548,0.565,0,False
2700409,Atalaia,AL,Nordeste,443.0,0.977,0.443,0.433,0.617,0.561,0.599,0,False
1304401,Urucurituba,AM,Norte,287.0,0.895,0.444,0.397,0.626,0.588,0.582,0,False
2112100,Timbiras,MA,Nordeste,331.0,0.885,0.444,0.393,0.497,0.537,0.712,0,False
4315503,Restinga Seca,RS,Sul,146.0,0.801,0.444,0.356,0.503,0.683,0.251,1,False
2209872,São João da Fronteira,PI,Nordeste,52.0,0.865,0.444,0.385,0.399,0.515,0.566,0,False
1713205,Miracema do Tocantins,TO,Norte,162.0,0.833,0.444,0.37,0.583,0.684,0.295,1,False
4218251,Timbó Grande,SC,Sul,134.0,0.604,0.444,0.269,0.579,0.659,0.364,1,True
2203800,Flores do Piauí,PI,Nordeste,56.0,0.964,0.444,0.429,0.448,0.547,0.479,0,False
1506005,Prainha,PA,Norte,525.0,0.861,0.445,0.383,0.665,0.523,0.744,0,False
3500501,Águas de Lindóia,SP,Sudeste,206.0,0.883,0.445,0.393,0.413,0.745,0.182,1,False
2408003,Mossoró,RN,Nordeste,2074.0,0.782,0.445,0.348,0.673,0.72,0.254,1,True
1600154,Pedra Branca do Amapari,AP,Norte,198.0,0.929,0.446,0.414,0.615,0.626,0.507,0,False
2401008,Apodi,RN,Nordeste,230.0,0.848,0.446,0.378,0.661,0.639,0.358,0,False
3551504,Serrana,SP,Sudeste,556.0,0.887,0.446,0.396,0.458,0.729,0.212,1,False
5004809,Japorã,MS,Centro-Oeste,135.0,0.896,0.446,0.4,0.583,0.526,0.601,0,False
2512804,Riacho dos Cavalos,PB,Nordeste,63.0,0.889,0.446,0.397,0.477,0.568,0.446,0,False
1503705,Itupiranga,PA,Norte,561.0,0.866,0.447,0.387,0.65,0.528,0.631,0,False
2704203,Limoeiro de Anadia,AL,Nordeste,328.0,0.97,0.447,0.433,0.508,0.58,0.524,0,False
4319901,Sapiranga,RS,Sul,977.0,0.845,0.447,0.378,0.591,0.711,0.21,1,False
2414803,Vera Cruz,RN,Nordeste,161.0,0.82,0.447,0.366,0.661,0.587,0.369,0,False
2412500,São Miguel,RN,Nordeste,243.0,0.893,0.447,0.399,0.667,0.606,0.437,0,False
2919702,Macarani,BA,Nordeste,122.0,0.934,0.447,0.418,0.681,0.605,0.418,0,False
4319000,São Marcos,RS,Sul,171.0,0.889,0.447,0.398,0.437,0.768,0.13,1,False
2931608,Teolândia,BA,Nordeste,151.0,0.947,0.448,0.424,0.678,0.555,0.538,0,False
4306502,Dom Feliciano,RS,Sul,119.0,0.882,0.448,0.395,0.56,0.587,0.333,1,False
4301636,Balneário Pinhal,RS,Sul,207.0,0.787,0.448,0.353,0.55,0.696,0.26,1,True
2614709,Tacaimbó,PE,Nordeste,101.0,0.95,0.448,0.426,0.386,0.554,0.462,0,False
3531902,Morro Agudo,SP,Sudeste,319.0,0.875,0.448,0.392,0.46,0.712,0.301,1,False
4301305,Arroio Grande,RS,Sul,156.0,0.744,0.448,0.333,0.572,0.657,0.294,1,True
5004908,Jaraguari,MS,Centro-Oeste,91.0,0.956,0.448,0.429,0.491,0.664,0.305,1,False
2702603,Feira Grande,AL,Nordeste,232.0,0.961,0.448,0.431,0.53,0.533,0.495,0,False
4312708,Nonoai,RS,Sul,145.0,0.938,0.449,0.421,0.496,0.702,0.325,1,False
2806206,Salgado,SE,Nordeste,189.0,0.931,0.449,0.418,0.605,0.609,0.407,0,False
5106257,Nova Xavantina,MT,Centro-Oeste,274.0,0.894,0.449,0.401,0.4,0.704,0.245,1,False
3115904,Chácara,MG,Sudeste,57.0,0.86,0.449,0.386,0.337,0.664,0.269,1,False
1503408,Inhangapi,PA,Norte,119.0,0.824,0.449,0.37,0.57,0.572,0.495,0,False
3508504,Caçapava,SP,Sudeste,888.0,0.847,0.449,0.381,0.448,0.788,0.194,1,False
2111052,São João do Paraíso,MA,Nordeste,116.0,0.94,0.45,0.422,0.414,0.609,0.484,0,False
2800506,Areia Branca,SE,Nordeste,166.0,0.898,0.45,0.404,0.641,0.579,0.43,0,False
1504406,Marapanim,PA,Norte,218.0,0.867,0.45,0.39,0.58,0.609,0.466,0,False
2109106,Presidente Dutra,MA,Nordeste,465.0,0.923,0.45,0.415,0.456,0.653,0.428,0,False
2409506,Pedra Grande,RN,Nordeste,50.0,0.8,0.45,0.36,0.643,0.559,0.492,0,False
4311502,Lavras do Sul,RS,Sul,51.0,0.784,0.45,0.353,0.507,0.699,0.231,1,True
2933406,Wagner,BA,Nordeste,104.0,0.962,0.45,0.433,0.648,0.587,0.482,0,False
4300406,Alegrete,RS,Sul,659.0,0.762,0.45,0.343,0.517,0.74,0.211,1,True
2700201,Anadia,AL,Nordeste,160.0,0.944,0.45,0.425,0.506,0.568,0.516,0,False
4207205,Imaruí,SC,Sul,143.0,0.776,0.45,0.35,0.519,0.667,0.276,1,True
3545407,Salto Grande,SP,Sudeste,102.0,0.892,0.451,0.402,0.407,0.704,0.306,1,False
2401305,Campo Grande,RN,Nordeste,78.0,0.91,0.451,0.41,0.628,0.621,0.447,0,False
2201101,Avelino Lopes,PI,Nordeste,125.0,0.976,0.451,0.44,0.516,0.554,0.548,0,False
4321204,Taquara,RS,Sul,518.0,0.946,0.451,0.427,0.573,0.727,0.23,1,False
3513504,Cubatão,SP,Sudeste,1263.0,0.865,0.451,0.39,0.491,0.737,0.28,1,False
1706506,Darcinópolis,TO,Norte,94.0,0.872,0.451,0.394,0.658,0.581,0.464,0,False
1502764,Cumaru do Norte,PA,Norte,185.0,0.838,0.452,0.378,0.611,0.55,0.548,0,False
2516904,Uiraúna,PB,Nordeste,126.0,0.984,0.452,0.444,0.486,0.636,0.37,0,False
2210409,São Miguel do Tapuio,PI,Nordeste,104.0,1.0,0.452,0.452,0.496,0.556,0.458,0,False
1508100,Tucuruí,PA,Norte,1386.0,0.817,0.452,0.369,0.574,0.666,0.353,1,False
2501401,Baía da Traição,PB,Nordeste,156.0,0.949,0.453,0.429,0.493,0.581,0.478,0,False
1100106,Guajará-Mirim,RO,Norte,542.0,0.9,0.453,0.408,0.495,0.657,0.386,0,False
2705705,Olho d'Água das Flores,AL,Nordeste,287.0,0.962,0.453,0.436,0.607,0.565,0.459,0,False
2207306,Paes Landim,PI,Nordeste,64.0,1.0,0.453,0.453,0.466,0.575,0.426,0,False
1500909,Augusto Corrêa,PA,Norte,614.0,0.834,0.453,0.378,0.631,0.52,0.662,0,False
2924306,Piatã,BA,Nordeste,183.0,0.82,0.453,0.372,0.68,0.571,0.43,0,False
2704104,Lagoa da Canoa,AL,Nordeste,139.0,0.935,0.454,0.424,0.547,0.552,0.49,0,False
2411007,Rodolfo Fernandes,RN,Nordeste,50.0,0.88,0.455,0.4,0.582,0.604,0.389,0,False
1708205,Formoso do Araguaia,TO,Norte,200.0,0.88,0.455,0.4,0.643,0.67,0.347,0,False
2918803,Laje,BA,Nordeste,120.0,0.917,0.455,0.417,0.641,0.586,0.417,0,False
2906857,Capela do Alto Alegre,BA,Nordeste,73.0,0.904,0.455,0.411,0.61,0.599,0.455,0,False
2915007,Itaeté,BA,Nordeste,116.0,0.948,0.455,0.431,0.696,0.572,0.602,0,False
2505402,Desterro,PB,Nordeste,69.0,0.957,0.455,0.435,0.485,0.58,0.444,0,False
2910776,Feira da Mata,BA,Nordeste,69.0,0.957,0.455,0.435,0.626,0.588,0.432,0,False
2205581,Lagoa do Piauí,PI,Nordeste,65.0,0.846,0.455,0.385,0.367,0.583,0.424,0,False
1600303,Macapá,AP,Norte,7380.0,0.886,0.455,0.403,0.613,0.733,0.338,1,False
4313060,Nova Hartz,RS,Sul,278.0,0.878,0.455,0.399,0.531,0.689,0.182,1,False
2925303,Porto Seguro,BA,Nordeste,2320.0,0.948,0.455,0.431,0.7,0.676,0.341,0,False
4322707,Vera Cruz,RS,Sul,215.0,0.94,0.455,0.428,0.507,0.737,0.178,1,False
2206803,Nossa Senhora dos Remédios,PI,Nordeste,158.0,1.0,0.456,0.456,0.417,0.533,0.531,0,False
4307559,Estação,RS,Sul,70.0,0.971,0.456,0.443,0.425,0.753,0.259,1,False
3136959,Juvenília,MG,Sudeste,74.0,0.622,0.457,0.284,0.401,0.592,0.539,0,True
3301702,Duque de Caxias,RJ,Sudeste,8257.0,0.797,0.457,0.364,0.62,0.711,0.367,1,True
4314506,Pinheiro Machado,RS,Sul,90.0,0.9,0.457,0.411,0.511,0.661,0.338,1,False
1301506,Envira,AM,Norte,292.0,0.801,0.457,0.366,0.63,0.509,0.666,0,False
1500602,Altamira,PA,Norte,1948.0,0.8,0.457,0.366,0.601,0.665,0.408,0,False
2100303,Aldeias Altas,MA,Nordeste,257.0,0.825,0.458,0.377,0.399,0.513,0.668,0,False
2927309,Salinas da Margarida,BA,Nordeste,212.0,0.948,0.458,0.434,0.623,0.617,0.425,0,False
3525102,Jardinópolis,SP,Sudeste,473.0,0.85,0.458,0.389,0.487,0.735,0.235,1,False
4315800,Roca Sales,RS,Sul,98.0,0.847,0.458,0.388,0.448,0.729,0.144,1,False
3526605,Lavrinhas,SP,Sudeste,88.0,0.943,0.458,0.432,0.427,0.729,0.297,1,False
1100338,Nova Mamoré,RO,Norte,463.0,0.873,0.458,0.4,0.5,0.587,0.474,0,False
4202602,Bom Retiro,SC,Sul,132.0,0.811,0.458,0.371,0.473,0.699,0.299,1,False
1505486,Pacajá,PA,Norte,603.0,0.829,0.458,0.38,0.641,0.515,0.633,0,False
4308102,Feliz,RS,Sul,141.0,0.929,0.458,0.426,0.441,0.75,0.108,1,False
2101806,Benedito Leite,MA,Nordeste,78.0,0.923,0.458,0.423,0.399,0.546,0.625,0,False
2704500,Maragogi,AL,Nordeste,434.0,0.94,0.458,0.431,0.572,0.574,0.459,0,False
4100400,Almirante Tamandaré,PR,Sul,1336.0,0.824,0.459,0.378,0.456,0.699,0.331,1,False
2606200,Goiana,PE,Nordeste,811.0,0.866,0.459,0.397,0.414,0.651,0.417,0,False
2700706,Batalha,AL,Nordeste,152.0,0.961,0.459,0.441,0.547,0.594,0.494,0,False
2702702,Feliz Deserto,AL,Nordeste,61.0,1.0,0.459,0.459,0.493,0.565,0.569,0,False
3511003,Castilho,SP,Sudeste,223.0,0.937,0.459,0.43,0.411,0.731,0.261,1,False
4202305,Biguaçu,SC,Sul,1002.0,0.58,0.46,0.266,0.528,0.739,0.213,1,True
2707305,Porto Calvo,AL,Nordeste,314.0,0.949,0.46,0.436,0.617,0.586,0.491,0,False
2500536,Alcantil,PB,Nordeste,89.0,0.978,0.46,0.449,0.474,0.578,0.508,0,False
5002159,Bodoquena,MS,Centro-Oeste,166.0,0.825,0.46,0.38,0.459,0.666,0.281,1,False
2516003,Solânea,PB,Nordeste,214.0,0.874,0.46,0.402,0.533,0.595,0.47,0,False
2507705,Juazeirinho,PB,Nordeste,164.0,0.915,0.46,0.421,0.546,0.567,0.447,0,False
2706901,Pilar,AL,Nordeste,550.0,0.96,0.46,0.442,0.54,0.61,0.398,0,False
2704708,Marechal Deodoro,AL,Nordeste,930.0,0.934,0.46,0.43,0.506,0.642,0.344,1,False
1716604,Peixe,TO,Norte,81.0,0.778,0.46,0.358,0.58,0.674,0.319,1,True
4203402,Campo Belo do Sul,SC,Sul,74.0,0.851,0.46,0.392,0.538,0.641,0.289,1,False
2501609,Barra de Santa Rosa,PB,Nordeste,88.0,0.864,0.461,0.398,0.491,0.562,0.505,0,False
2921302,Milagres,BA,Nordeste,87.0,0.874,0.461,0.402,0.636,0.622,0.45,0,False
4317301,Santa Vitória do Palmar,RS,Sul,305.0,0.833,0.461,0.384,0.543,0.712,0.248,1,False
2929503,São Sebastião do Passé,BA,Nordeste,306.0,0.879,0.461,0.405,0.678,0.657,0.44,0,False
2600054,Abreu e Lima,PE,Nordeste,799.0,0.904,0.461,0.417,0.486,0.679,0.444,0,False
3551405,Serra Azul,SP,Sudeste,112.0,0.812,0.462,0.375,0.441,0.686,0.321,1,False
2504504,Condado,PB,Nordeste,56.0,0.929,0.462,0.429,0.481,0.594,0.413,0,False
2903276,Barrocas,BA,Nordeste,113.0,0.805,0.462,0.372,0.654,0.61,0.416,0,False
2921450,Mirante,BA,Nordeste,84.0,0.929,0.462,0.429,0.647,0.527,0.546,0,False
1701002,Ananás,TO,Norte,167.0,0.868,0.462,0.401,0.611,0.671,0.38,1,False
3537206,Pedro de Toledo,SP,Sudeste,119.0,0.891,0.462,0.412,0.432,0.696,0.277,1,False
4306932,Entre-Ijuís,RS,Sul,71.0,0.944,0.463,0.437,0.386,0.68,0.235,1,False
4312302,Miraguaí,RS,Sul,61.0,0.885,0.463,0.41,0.4,0.725,0.256,1,False
2403103,Currais Novos,RN,Nordeste,303.0,0.848,0.463,0.393,0.659,0.691,0.294,1,False
4319802,São Vicente do Sul,RS,Sul,91.0,0.901,0.463,0.418,0.501,0.685,0.282,1,False
2507903,Juripiranga,PB,Nordeste,123.0,0.894,0.464,0.415,0.51,0.548,0.538,0,False
4303905,Campo Bom,RS,Sul,695.0,0.875,0.464,0.406,0.554,0.745,0.151,1,False
2911709,Guanambi,BA,Nordeste,815.0,0.952,0.464,0.442,0.641,0.673,0.31,1,False
2807402,Tobias Barreto,SE,Nordeste,429.0,0.97,0.464,0.45,0.684,0.557,0.471,0,False
2104800,Grajaú,MA,Nordeste,1061.0,0.93,0.464,0.432,0.505,0.609,0.525,0,False
4304002,Campo Novo,RS,Sul,62.0,0.903,0.464,0.419,0.406,0.703,0.246,1,False
2406106,Jucurutu,RN,Nordeste,131.0,0.855,0.464,0.397,0.666,0.601,0.377,0,False
4302907,Cacequi,RS,Sul,90.0,0.789,0.465,0.367,0.489,0.7,0.308,1,True
1506351,Santa Bárbara do Pará,PA,Norte,279.0,0.918,0.465,0.427,0.61,0.627,0.5,0,False
3536703,Pederneiras,SP,Sudeste,435.0,0.92,0.465,0.428,0.459,0.739,0.3,1,False
2903706,Boa Nova,BA,Nordeste,134.0,0.963,0.465,0.448,0.657,0.567,0.542,0,False
2913804,Ipecaetá,BA,Nordeste,91.0,0.945,0.465,0.44,0.652,0.55,0.552,0,False
4311809,Marau,RS,Sul,493.0,0.876,0.465,0.408,0.47,0.774,0.166,1,False
1503200,Igarapé-Açu,PA,Norte,369.0,0.821,0.465,0.382,0.579,0.595,0.555,0,False
2707800,Roteiro,AL,Nordeste,107.0,0.944,0.465,0.439,0.545,0.505,0.633,0,False
4307708,Esteio,RS,Sul,825.0,0.771,0.465,0.359,0.567,0.754,0.233,1,True
4209151,José Boiteux,SC,Sul,119.0,0.613,0.466,0.286,0.502,0.694,0.278,1,True
2504306,Catolé do Rocha,PB,Nordeste,255.0,0.867,0.466,0.404,0.511,0.64,0.347,0,False
2513901,São Bento,PB,Nordeste,252.0,0.877,0.466,0.409,0.496,0.58,0.357,0,False
4304705,Carazinho,RS,Sul,631.0,0.867,0.466,0.404,0.48,0.766,0.192,1,False
1303569,Rio Preto da Eva,AM,Norte,441.0,0.807,0.466,0.376,0.569,0.611,0.48,0,False
2201507,Batalha,PI,Nordeste,222.0,0.937,0.466,0.437,0.488,0.545,0.518,0,False
4212650,Pescaria Brava,SC,Sul,132.0,0.909,0.467,0.424,0.544,,,1,False
2207504,Palmeirais,PI,Nordeste,159.0,0.943,0.467,0.44,0.476,0.562,0.552,0,False
4314159,Paverama,RS,Sul,63.0,0.952,0.467,0.444,0.5,0.683,0.201,1,False
3171030,Verdelândia,MG,Sudeste,102.0,0.882,0.467,0.412,0.378,0.584,0.526,0,False
2918209,Jiquiriçá,BA,Nordeste,67.0,0.672,0.467,0.313,0.65,0.553,0.403,0,True
4322400,Uruguaiana,RS,Sul,1314.0,0.735,0.467,0.343,0.588,0.744,0.244,1,True
5107008,Poxoréo,MT,Centro-Oeste,281.0,0.861,0.467,0.402,0.471,0.678,0.378,1,False
4301057,Arroio do Sal,RS,Sul,162.0,0.846,0.467,0.395,0.49,0.74,0.205,1,False
2608206,Joaquim Nabuco,PE,Nordeste,94.0,0.979,0.467,0.457,0.431,0.554,0.551,0,False
3108255,Bonito de Minas,MG,Sudeste,95.0,0.811,0.468,0.379,0.462,0.537,0.543,0,False
2106508,Matinha,MA,Nordeste,195.0,0.954,0.468,0.446,0.446,0.619,0.565,0,False
3302502,Magé,RJ,Sudeste,3485.0,0.852,0.468,0.399,0.581,0.709,0.378,1,False
3545308,Salto de Pirapora,SP,Sudeste,505.0,0.927,0.468,0.434,0.455,0.729,0.315,1,False
4126702,Tamboara,PR,Sul,50.0,0.94,0.468,0.44,0.317,0.731,0.185,1,False
4207106,Ilhota,SC,Sul,292.0,0.644,0.468,0.301,0.513,0.738,0.24,1,True
2912509,Ibipitanga,BA,Nordeste,101.0,0.931,0.468,0.436,0.647,0.584,0.476,0,False
4320909,Tapejara,RS,Sul,348.0,0.945,0.468,0.443,0.478,0.76,0.167,1,False
3304755,São Francisco de Itabapoana,RJ,Sudeste,555.0,0.877,0.468,0.411,0.538,0.639,0.377,0,False
4307005,Erechim,RS,Sul,1015.0,0.915,0.468,0.429,0.516,0.776,0.155,1,False
2914604,Irecê,BA,Nordeste,620.0,0.968,0.468,0.453,0.659,0.691,0.332,1,False
4316758,Santa Clara do Sul,RS,Sul,83.0,0.952,0.468,0.446,0.443,0.74,0.137,1,False
2516102,Soledade,PB,Nordeste,141.0,0.787,0.468,0.369,0.502,0.616,0.38,0,True
2917805,Jaguaripe,BA,Nordeste,152.0,0.941,0.469,0.441,0.63,0.556,0.533,0,False
1504802,Monte Alegre,PA,Norte,823.0,0.889,0.469,0.417,0.568,0.589,0.572,0,False
3532009,Morungaba,SP,Sudeste,142.0,0.901,0.469,0.423,0.448,0.715,0.228,1,False
2506806,Ingá,PB,Nordeste,158.0,0.81,0.469,0.38,0.516,0.592,0.52,0,False
2107209,Nina Rodrigues,MA,Nordeste,143.0,0.895,0.469,0.42,0.37,0.585,0.627,0,False
4214409,Rio das Antas,SC,Sul,93.0,0.688,0.469,0.323,0.505,0.697,0.192,1,True
3538907,Pirajuí,SP,Sudeste,161.0,0.901,0.469,0.422,0.376,0.749,0.248,1,False
2921104,Medeiros Neto,BA,Nordeste,255.0,0.886,0.469,0.416,0.655,0.625,0.463,0,False
5103403,Cuiabá,MT,Centro-Oeste,6995.0,0.84,0.469,0.394,0.548,0.785,0.252,1,False
3502309,Anhembi,SP,Sudeste,77.0,0.857,0.47,0.403,0.356,0.721,0.211,1,False
3553856,Taquarivaí,SP,Sudeste,94.0,0.883,0.47,0.415,0.428,0.679,0.282,1,False
3505807,Bastos,SP,Sudeste,236.0,0.936,0.471,0.441,0.381,0.751,0.175,1,False
2500809,Araçagi,PB,Nordeste,117.0,0.889,0.471,0.419,0.509,0.549,0.536,0,False
4315305,Quaraí,RS,Sul,270.0,0.904,0.471,0.426,0.53,0.704,0.277,1,False
1504059,Mãe do Rio,PA,Norte,413.0,0.889,0.471,0.419,0.588,0.599,0.453,0,False
2901106,Amélia Rodrigues,BA,Nordeste,141.0,0.993,0.471,0.468,0.606,0.666,0.385,0,False
3552007,Silveiras,SP,Sudeste,75.0,0.933,0.471,0.44,0.39,0.678,0.271,1,False
2508307,Lagoa Seca,PB,Nordeste,238.0,0.882,0.471,0.416,0.515,0.627,0.415,0,False
4318002,São Borja,RS,Sul,636.0,0.774,0.472,0.365,0.543,0.736,0.234,1,True
3521804,Itaí,SP,Sudeste,306.0,0.922,0.472,0.435,0.486,0.713,0.363,1,False
2902807,Barra da Estiva,BA,Nordeste,283.0,0.936,0.472,0.442,0.674,0.575,0.399,0,False
4307203,Erval Grande,RS,Sul,56.0,0.946,0.472,0.446,0.474,0.681,0.309,1,False
1501253,Bannach,PA,Norte,59.0,0.898,0.472,0.424,0.537,0.594,0.461,0,False
2512903,Rio Tinto,PB,Nordeste,259.0,0.892,0.472,0.421,0.525,0.585,0.505,0,False
2911204,Gandu,BA,Nordeste,237.0,0.903,0.472,0.426,0.668,0.632,0.427,0,False
1504307,Maracanã,PA,Norte,223.0,0.883,0.472,0.417,0.601,0.57,0.597,0,False
3540754,Potim,SP,Sudeste,234.0,0.842,0.472,0.397,0.501,0.697,0.248,1,False
3531803,Monte Mor,SP,Sudeste,906.0,0.832,0.472,0.393,0.507,0.733,0.355,1,False
5005400,Maracaju,MS,Centro-Oeste,773.0,0.838,0.472,0.396,0.487,0.736,0.261,1,False
2402501,Carnaubais,RN,Nordeste,88.0,0.818,0.472,0.386,0.671,0.589,0.502,0,False
2402006,Caicó,RN,Nordeste,384.0,0.805,0.472,0.38,0.646,0.71,0.248,1,False
3518107,Guarantã,SP,Sudeste,63.0,0.873,0.473,0.413,0.379,0.713,0.283,1,False
3537602,Peruíbe,SP,Sudeste,796.0,0.898,0.473,0.425,0.476,0.749,0.241,1,False
3121258,Delta,MG,Sudeste,125.0,0.88,0.473,0.416,0.381,0.639,0.3,1,False
2927903,Santa Inês,BA,Nordeste,97.0,0.959,0.473,0.454,0.675,0.574,0.49,0,False
4113254,Laranjal,PR,Sul,109.0,0.853,0.473,0.404,0.383,0.585,0.407,0,False
4311007,Jaguarão,RS,Sul,244.0,0.84,0.473,0.398,0.547,0.707,0.236,1,False
4304408,Canela,RS,Sul,568.0,0.822,0.473,0.389,0.547,0.748,0.2,1,False
3303203,Nilópolis,RJ,Sudeste,991.0,0.859,0.474,0.407,0.539,0.753,0.307,1,False
2904209,Botuporã,BA,Nordeste,80.0,0.712,0.474,0.338,0.612,0.575,0.472,0,True
3301850,Guapimirim,RJ,Sudeste,712.0,0.833,0.474,0.395,0.568,0.698,0.331,1,False
2931004,Tanhaçu,BA,Nordeste,104.0,0.933,0.474,0.442,0.636,0.577,0.415,0,False
4305306,Chapada,RS,Sul,66.0,0.894,0.475,0.424,0.415,0.757,0.167,1,False
1707405,Esperantina,TO,Norte,117.0,0.846,0.475,0.402,0.629,0.57,0.617,0,False
1507706,São Sebastião da Boa Vista,PA,Norte,440.0,0.857,0.475,0.407,0.653,0.558,0.542,0,False
5105507,Vila Bela da Santíssima Trindade,MT,Centro-Oeste,231.0,0.866,0.475,0.411,0.473,0.645,0.4,0,False
2709202,Traipu,AL,Nordeste,169.0,0.947,0.475,0.45,0.53,0.532,0.612,0,False
4317103,Sant'Ana do Livramento,RS,Sul,832.0,0.82,0.475,0.389,0.53,0.727,0.238,1,False
2931202,Taperoá,BA,Nordeste,148.0,0.953,0.475,0.453,0.66,0.566,0.481,0,False
3510302,Capela do Alto,SP,Sudeste,308.0,0.922,0.475,0.438,0.488,0.699,0.297,1,False
1506112,Quatipuru,PA,Norte,157.0,0.911,0.476,0.433,0.611,0.543,0.683,0,False
2508000,Juru,PB,Nordeste,85.0,0.965,0.476,0.459,0.502,0.57,0.454,0,False
2904308,Brejões,BA,Nordeste,158.0,0.93,0.476,0.443,0.685,0.597,0.511,0,False
2503555,Cacimbas,PB,Nordeste,107.0,0.981,0.476,0.467,0.512,0.523,0.557,0,False
1700400,Almas,TO,Norte,131.0,0.962,0.476,0.458,0.628,0.636,0.493,0,False
2108603,Pinheiro,MA,Nordeste,701.0,0.769,0.477,0.367,0.455,0.637,0.475,0,True
4310108,Igrejinha,RS,Sul,409.0,0.917,0.477,0.438,0.514,0.721,0.173,1,False
2602001,Bodocó,PE,Nordeste,296.0,0.976,0.478,0.466,0.395,0.565,0.489,0,False
1300409,Barcelos,AM,Norte,274.0,0.825,0.478,0.394,0.586,0.5,0.631,0,False
2901304,Andaraí,BA,Nordeste,144.0,0.944,0.478,0.451,0.658,0.555,0.636,0,False
3506300,Bernardino de Campos,SP,Sudeste,102.0,0.902,0.478,0.431,0.384,0.734,0.198,1,False
5103304,Comodoro,MT,Centro-Oeste,256.0,0.898,0.478,0.43,0.474,0.689,0.307,1,False
2504900,Cruz do Espírito Santo,PB,Nordeste,131.0,0.878,0.478,0.42,0.556,0.552,0.518,0,False
1709302,Guaraí,TO,Norte,251.0,0.833,0.478,0.398,0.564,0.741,0.253,1,False
2207603,Parnaguá,PI,Nordeste,124.0,0.944,0.479,0.452,0.452,0.575,0.536,0,False
2109304,Presidente Vargas,MA,Nordeste,109.0,0.862,0.479,0.413,0.406,0.587,0.658,0,False
4311759,Manoel Viana,RS,Sul,57.0,0.842,0.479,0.404,0.47,0.655,0.305,1,False
1301605,Fonte Boa,AM,Norte,333.0,0.727,0.479,0.348,0.642,0.53,0.726,0,True
2413607,Severiano Melo,RN,Nordeste,79.0,0.924,0.479,0.443,0.622,0.604,0.418,0,False
3527207,Lorena,SP,Sudeste,731.0,0.899,0.479,0.431,0.463,0.766,0.187,1,False
2203271,Curral Novo do Piauí,PI,Nordeste,74.0,0.986,0.479,0.473,0.474,0.527,0.49,0,False
2922003,Mucuri,BA,Nordeste,420.0,0.933,0.48,0.448,0.663,0.665,0.415,1,False
2905008,Caculé,BA,Nordeste,213.0,0.92,0.48,0.441,0.607,0.637,0.336,1,False
3138104,Lassance,MG,Sudeste,50.0,1.0,0.48,0.48,0.423,0.629,0.476,0,False
2502102,Boa Ventura,PB,Nordeste,52.0,0.962,0.48,0.462,0.441,0.599,0.4,0,False
2208601,Prata do Piauí,PI,Nordeste,51.0,0.98,0.48,0.471,0.416,0.565,0.521,0,False
4320008,Sapucaia do Sul,RS,Sul,1541.0,0.901,0.48,0.433,0.601,0.726,0.265,1,False
3534203,Orindiúva,SP,Sudeste,82.0,0.939,0.481,0.451,0.353,0.767,0.131,1,False
3515152,Engenheiro Coelho,SP,Sudeste,214.0,0.846,0.481,0.407,0.443,0.732,0.208,1,False
4306601,Dom Pedrito,RS,Sul,376.0,0.83,0.481,0.399,0.558,0.708,0.243,1,False
1500859,Anapu,PA,Norte,411.0,0.774,0.481,0.372,0.672,0.548,0.626,0,True
2104602,Governador Eugênio Barros,MA,Nordeste,122.0,0.869,0.481,0.418,0.479,0.572,0.61,0,False
3530607,Mogi das Cruzes,SP,Sudeste,4768.0,0.897,0.481,0.432,0.534,0.783,0.275,1,False
5005152,Juti,MS,Centro-Oeste,181.0,0.884,0.481,0.425,0.445,0.623,0.404,1,False
2513158,Santa Cecília,PB,Nordeste,59.0,0.915,0.481,0.441,0.46,0.525,0.53,0,False
4210803,Meleiro,SC,Sul,100.0,0.83,0.482,0.4,0.457,0.738,0.16,1,False
2413508,Serrinha,RN,Nordeste,69.0,0.812,0.482,0.391,0.628,0.592,0.482,0,False
3524006,Itupeva,SP,Sudeste,781.0,0.828,0.482,0.399,0.436,0.762,0.179,1,False
3304805,São Fidélis,RJ,Sudeste,403.0,0.839,0.482,0.404,0.479,0.691,0.225,1,False
4311403,Lajeado,RS,Sul,845.0,0.869,0.482,0.419,0.503,0.778,0.138,1,False
4200705,Alfredo Wagner,SC,Sul,151.0,0.755,0.482,0.364,0.529,0.668,0.35,1,True
1504455,Medicilândia,PA,Norte,391.0,0.747,0.483,0.361,0.584,0.582,0.511,0,True
2202505,Caracol,PI,Nordeste,132.0,0.894,0.483,0.432,0.432,0.552,0.556,0,False
2400307,Afonso Bezerra,RN,Nordeste,86.0,0.698,0.483,0.337,0.628,0.585,0.446,0,True
2514909,São Mamede,PB,Nordeste,67.0,0.896,0.483,0.433,0.449,0.641,0.351,0,False
3516408,Franco da Rocha,SP,Sudeste,1996.0,0.898,0.484,0.434,0.535,0.731,0.344,1,False
4111803,Jacarezinho,PR,Sul,436.0,0.782,0.484,0.378,0.333,0.743,0.258,1,True
3522109,Itanhaém,SP,Sudeste,1543.0,0.837,0.484,0.405,0.538,0.745,0.243,1,False
2408201,Nísia Floresta,RN,Nordeste,359.0,0.799,0.484,0.387,0.733,0.622,0.42,0,True
3302304,Laje do Muriaé,RJ,Sudeste,77.0,0.831,0.484,0.403,0.433,0.668,0.297,1,False
1505551,Pau D'Arco,PA,Norte,74.0,0.865,0.484,0.419,0.555,0.574,0.554,0,False
2507002,Itaporanga,PB,Nordeste,174.0,0.937,0.485,0.454,0.517,0.615,0.369,0,False
3556206,Valinhos,SP,Sudeste,907.0,0.914,0.485,0.443,0.409,0.819,0.144,1,False
4321501,Torres,RS,Sul,526.0,0.835,0.485,0.405,0.515,0.762,0.17,1,False
4302808,Caçapava do Sul,RS,Sul,334.0,0.826,0.486,0.401,0.551,0.704,0.252,1,False
4211900,Palhoça,SC,Sul,3145.0,0.571,0.486,0.277,0.6,0.757,0.219,1,True
1200450,Senador Guiomard,AC,Norte,346.0,0.809,0.486,0.393,0.541,0.64,0.431,0,False
5002100,Bela Vista,MS,Centro-Oeste,368.0,0.872,0.486,0.424,0.55,0.698,0.377,1,False
2403509,Espírito Santo,RN,Nordeste,89.0,0.809,0.486,0.393,0.697,0.558,0.552,0,False
3104502,Arinos,MG,Sudeste,204.0,0.897,0.486,0.436,0.364,0.656,0.369,0,False
1500347,Água Azul do Norte,PA,Norte,230.0,0.804,0.486,0.391,0.611,0.564,0.452,0,False
2509909,Natuba,PB,Nordeste,80.0,0.925,0.486,0.45,0.463,0.541,0.606,0,False
1706001,Couto Magalhães,TO,Norte,90.0,0.822,0.486,0.4,0.593,0.605,0.49,0,False
2700102,Água Branca,AL,Nordeste,156.0,0.962,0.487,0.468,0.59,0.549,0.568,0,False
4305207,Cerro Largo,RS,Sul,122.0,0.926,0.487,0.451,0.482,0.764,0.186,1,False
3551009,São Vicente,SP,Sudeste,3426.0,0.89,0.487,0.433,0.55,0.768,0.265,1,False
2109452,Raposa,MA,Nordeste,491.0,0.878,0.487,0.428,0.531,0.626,0.642,0,False
3300308,Barra do Piraí,RJ,Sudeste,918.0,0.776,0.487,0.378,0.536,0.733,0.249,1,True
5008008,Terenos,MS,Centro-Oeste,290.0,0.955,0.487,0.466,0.483,0.658,0.318,1,False
1508084,Tucumã,PA,Norte,569.0,0.821,0.488,0.401,0.544,0.659,0.397,1,False
2705101,Matriz de Camaragibe,AL,Nordeste,261.0,0.981,0.488,0.479,0.585,0.584,0.577,0,False
1200104,Brasiléia,AC,Norte,473.0,0.814,0.488,0.397,0.632,0.614,0.462,0,False
3518701,Guarujá,SP,Sudeste,3477.0,0.869,0.489,0.425,0.519,0.751,0.272,1,False
3303807,Paraty,RJ,Sudeste,556.0,0.746,0.489,0.365,0.528,0.693,0.262,1,True
2922409,Mutuípe,BA,Nordeste,146.0,0.952,0.489,0.466,0.599,0.601,0.402,0,False
4310603,Itaqui,RS,Sul,440.0,0.743,0.489,0.364,0.562,0.713,0.231,1,True
2511202,Pedras de Fogo,PB,Nordeste,402.0,0.935,0.489,0.458,0.496,0.59,0.442,0,False
2923605,Paramirim,BA,Nordeste,151.0,0.934,0.489,0.457,0.649,0.615,0.344,0,False
5005681,Mundo Novo,MS,Centro-Oeste,261.0,0.916,0.49,0.448,0.443,0.686,0.28,1,False
2904001,Boninal,BA,Nordeste,98.0,0.98,0.49,0.48,0.663,0.612,0.442,0,False
5100359,Alto Boa Vista,MT,Centro-Oeste,103.0,0.932,0.49,0.456,0.423,0.651,0.367,1,False
2922755,Nova Ibiá,BA,Nordeste,53.0,0.925,0.49,0.453,0.606,0.57,0.423,0,False
3104809,Augusto de Lima,MG,Sudeste,50.0,0.98,0.49,0.48,0.343,0.656,0.343,1,False
4302105,Bento Gonçalves,RS,Sul,1211.0,0.855,0.49,0.419,0.523,0.778,0.151,1,False
5107800,Santo Antônio do Leverger,MT,Centro-Oeste,187.0,0.818,0.49,0.401,0.388,0.656,0.368,0,False
4311718,Maçambará,RS,Sul,66.0,0.773,0.49,0.379,0.439,0.684,0.3,1,True
3500550,Águas de Santa Bárbara,SP,Sudeste,110.0,0.945,0.49,0.464,0.343,0.757,0.143,1,False
4215455,Sangão,SC,Sul,224.0,0.701,0.49,0.344,0.515,0.7,0.214,1,True
2602605,Brejo da Madre de Deus,PE,Nordeste,436.0,0.963,0.49,0.472,0.44,0.562,0.469,0,False
3509601,Campo Limpo Paulista,SP,Sudeste,980.0,0.863,0.491,0.423,0.456,0.769,0.292,1,False
3509957,Canas,SP,Sudeste,64.0,0.828,0.491,0.406,0.455,0.704,0.298,1,False
4309902,Ibiraiaras,RS,Sul,58.0,0.914,0.491,0.448,0.487,0.724,0.354,1,False
3546009,Santa Branca,SP,Sudeste,128.0,0.828,0.491,0.406,0.401,0.735,0.264,1,False
2504801,Coremas,PB,Nordeste,114.0,0.93,0.491,0.456,0.485,0.592,0.442,0,False
2707206,Poço das Trincheiras,AL,Nordeste,165.0,0.988,0.491,0.485,0.519,0.526,0.59,0,False
3305307,São Sebastião do Alto,RJ,Sudeste,68.0,0.868,0.492,0.426,0.462,0.646,0.268,1,False
2508802,Malta,PB,Nordeste,64.0,0.922,0.492,0.453,0.415,0.642,0.372,0,False
2504009,Campina Grande,PB,Nordeste,3201.0,0.855,0.492,0.42,0.551,0.72,0.28,1,False
3534401,Osasco,SP,Sudeste,7799.0,0.855,0.492,0.42,0.541,0.776,0.32,1,False
2501575,Barra de Santana,PB,Nordeste,64.0,0.953,0.492,0.469,0.429,0.567,0.5,0,False
4312450,Morro Redondo,RS,Sul,73.0,0.836,0.492,0.411,0.399,0.702,0.252,1,False
4203501,Campo Erê,SC,Sul,141.0,0.865,0.492,0.426,0.513,0.69,0.374,1,False
2207959,Nova Santa Rita,PI,Nordeste,64.0,0.984,0.492,0.484,0.421,0.554,0.378,0,False
3120151,Crisólita,MG,Sudeste,70.0,0.9,0.492,0.443,0.384,0.585,0.506,0,False
2412906,São Tomé,RN,Nordeste,77.0,0.818,0.492,0.403,0.65,0.585,0.455,0,False
1703701,Brejinho de Nazaré,TO,Norte,66.0,0.955,0.492,0.47,0.561,0.686,0.383,1,False
1504000,Limoeiro do Ajuru,PA,Norte,303.0,0.845,0.492,0.416,0.662,0.541,0.569,0,False
1508407,Xinguara,PA,Norte,716.0,0.837,0.492,0.412,0.584,0.646,0.381,1,False
4316808,Santa Cruz do Sul,RS,Sul,1195.0,0.864,0.493,0.426,0.491,0.773,0.164,1,False
3506805,Bocaina,SP,Sudeste,80.0,0.862,0.493,0.425,0.359,0.742,0.15,1,False
1303502,Pauini,AM,Norte,234.0,0.885,0.493,0.436,0.597,0.496,0.712,0,False
2512705,Remígio,PB,Nordeste,155.0,0.916,0.493,0.452,0.496,0.607,0.42,0,False
1301308,Codajás,AM,Norte,328.0,0.878,0.493,0.433,0.585,0.563,0.557,0,False
2502151,Boa Vista,PB,Nordeste,80.0,0.912,0.493,0.45,0.424,0.649,0.357,0,False
3552809,Taboão da Serra,SP,Sudeste,2848.0,0.866,0.493,0.427,0.545,0.769,0.306,1,False
3149150,Pedras de Maria da Cruz,MG,Sudeste,87.0,0.862,0.493,0.425,0.376,0.614,0.437,0,False
2404309,Governador Dix-Sept Rosado,RN,Nordeste,90.0,0.856,0.494,0.422,0.626,0.592,0.443,0,False
2102606,Cândido Mendes,MA,Nordeste,237.0,0.975,0.494,0.481,0.502,0.561,0.698,0,False
3528403,Mairinque,SP,Sudeste,561.0,0.831,0.494,0.41,0.475,0.743,0.245,1,False
3513009,Cotia,SP,Sudeste,3351.0,0.865,0.494,0.428,0.529,0.78,0.287,1,False
1502301,Capitão Poço,PA,Norte,527.0,0.882,0.495,0.436,0.616,0.548,0.529,0,False
2102150,Brejo de Areia,MA,Nordeste,99.0,0.939,0.495,0.465,0.407,0.519,0.688,0,False
4201307,Araquari,SC,Sul,960.0,0.585,0.495,0.29,0.592,0.703,0.306,1,True
3544905,Sales Oliveira,SP,Sudeste,110.0,0.864,0.495,0.427,0.328,0.772,0.186,1,False
3515004,Embu das Artes,SP,Sudeste,3359.0,0.862,0.495,0.427,0.51,0.735,0.339,1,False
3519600,Ibitinga,SP,Sudeste,570.0,0.896,0.495,0.444,0.465,0.747,0.179,1,False
4305801,Constantina,RS,Sul,125.0,0.84,0.495,0.416,0.432,0.754,0.283,1,False
1504950,Nova Esperança do Piriá,PA,Norte,250.0,0.872,0.495,0.432,0.677,0.502,0.634,0,False
2910750,Fátima,BA,Nordeste,121.0,0.967,0.496,0.479,0.647,0.559,0.452,0,False
4309407,Guaporé,RS,Sul,266.0,0.902,0.496,0.447,0.485,0.765,0.178,1,False
2709400,Viçosa,AL,Nordeste,264.0,0.962,0.496,0.477,0.527,0.586,0.492,0,False
5106828,Porto Esperidião,MT,Centro-Oeste,160.0,0.881,0.496,0.438,0.459,0.652,0.301,1,False
4313656,Palmares do Sul,RS,Sul,191.0,0.791,0.497,0.393,0.523,0.715,0.273,1,True
2702801,Flexeiras,AL,Nordeste,168.0,0.935,0.497,0.464,0.549,0.527,0.579,0,False
1508001,Tomé-Açu,PA,Norte,1252.0,0.883,0.497,0.438,0.604,0.586,0.46,0,False
2110708,São Domingos do Maranhão,MA,Nordeste,382.0,0.911,0.497,0.453,0.479,0.582,0.538,0,False
5218003,Porangatu,GO,Centro-Oeste,381.0,0.94,0.497,0.467,0.358,0.727,0.258,1,False
4318903,São Luiz Gonzaga,RS,Sul,399.0,0.922,0.497,0.459,0.489,0.741,0.254,1,False
1506302,Salvaterra,PA,Norte,225.0,0.849,0.497,0.422,0.587,0.608,0.509,0,False
2906907,Caravelas,BA,Nordeste,244.0,0.922,0.498,0.459,0.65,0.616,0.53,0,False
3300803,Cachoeiras de Macacu,RJ,Sudeste,602.0,0.787,0.498,0.392,0.553,0.7,0.318,1,True
1504422,Marituba,PA,Norte,1880.0,0.783,0.499,0.391,0.601,0.676,0.47,1,True
3518800,Guarulhos,SP,Sudeste,15374.0,0.854,0.5,0.427,0.53,0.763,0.318,1,False
1718501,Recursolândia,TO,Norte,53.0,0.906,0.5,0.453,0.705,0.5,0.508,0,False
4114708,Maria Helena,PR,Sul,63.0,0.889,0.5,0.444,0.286,0.703,0.33,1,False
4302709,Butiá,RS,Sul,230.0,0.809,0.5,0.404,0.578,0.689,0.379,1,False
4216057,São Cristovão do Sul,SC,Sul,91.0,0.549,0.5,0.275,0.595,0.665,0.354,1,True
4202057,Balneário Barra do Sul,SC,Sul,196.0,0.714,0.5,0.357,0.535,0.716,0.206,1,True
1703107,Barrolândia,TO,Norte,73.0,0.932,0.5,0.466,0.569,0.642,0.341,1,False
2210623,Sebastião Barros,PI,Nordeste,56.0,1.0,0.5,0.5,0.502,0.536,0.506,0,False
2400901,Antônio Martins,RN,Nordeste,55.0,0.873,0.5,0.436,0.632,0.578,0.465,0,False
1701903,Araguacema,TO,Norte,100.0,0.84,0.5,0.42,0.617,0.639,0.396,0,False
2912301,Ibicuí,BA,Nordeste,90.0,0.933,0.5,0.467,0.689,0.584,0.457,0,False
2109551,Ribamar Fiquene,MA,Nordeste,66.0,0.848,0.5,0.424,0.434,0.615,0.545,0,False
2500577,Algodão de Jandaíra,PB,Nordeste,58.0,0.897,0.5,0.448,0.435,0.548,0.467,0,False
2904803,Caatiba,BA,Nordeste,52.0,0.962,0.5,0.481,0.618,0.561,0.392,0,False
1713809,Palmeiras do Tocantins,TO,Norte,92.0,0.891,0.5,0.446,0.645,0.628,0.456,0,False
4320107,Sarandi,RS,Sul,253.0,0.846,0.5,0.423,0.475,0.777,0.189,1,False
2911501,Gongogi,BA,Nordeste,74.0,0.919,0.5,0.459,0.604,0.576,0.493,0,False
3513207,Cristais Paulista,SP,Sudeste,98.0,0.918,0.5,0.459,0.345,0.734,0.175,1,False
3152808,Prata,MG,Sudeste,384.0,0.87,0.5,0.435,0.403,0.695,0.322,1,False
2103505,Colinas,MA,Nordeste,425.0,0.922,0.5,0.461,0.434,0.596,0.603,0,False
1507961,Terra Alta,PA,Norte,83.0,0.867,0.5,0.434,0.588,0.605,0.507,0,False
5007505,Rochedo,MS,Centro-Oeste,100.0,0.9,0.5,0.45,0.534,0.651,0.3,1,False
2413003,São Vicente,RN,Nordeste,55.0,0.873,0.5,0.436,0.578,0.642,0.313,0,False
1505064,Novo Repartimento,PA,Norte,878.0,0.805,0.501,0.403,0.661,0.537,0.542,0,False
3524105,Ituverava,SP,Sudeste,312.0,0.913,0.502,0.458,0.41,0.765,0.278,1,False
2112456,Turilândia,MA,Nordeste,276.0,0.873,0.502,0.438,0.5,0.536,0.695,0,False
1503903,Juruti,PA,Norte,903.0,0.866,0.503,0.435,0.648,0.592,0.531,0,False
4302352,Bom Princípio,RS,Sul,188.0,0.91,0.503,0.457,0.455,0.746,0.158,1,False
1507607,São Miguel do Guamá,PA,Norte,790.0,0.856,0.503,0.43,0.594,0.591,0.506,0,False
2708709,São Miguel dos Milagres,AL,Nordeste,163.0,0.951,0.503,0.479,0.508,0.591,0.519,0,False
5007406,Rio Verde de Mato Grosso,MS,Centro-Oeste,339.0,0.85,0.503,0.428,0.543,0.673,0.327,1,False
1301902,Itacoatiara,AM,Norte,1303.0,0.881,0.503,0.444,0.595,0.644,0.378,0,False
2108504,Pindaré-Mirim,MA,Nordeste,442.0,0.903,0.504,0.455,0.455,0.633,0.534,0,False
1506104,Primavera,PA,Norte,146.0,0.911,0.504,0.459,0.531,0.577,0.603,0,False
2207801,Paulistana,PI,Nordeste,248.0,0.952,0.504,0.48,0.451,0.6,0.481,0,False
3540705,Porto Ferreira,SP,Sudeste,504.0,0.913,0.504,0.46,0.437,0.751,0.225,1,False
1703800,Buriti do Tocantins,TO,Norte,125.0,0.904,0.504,0.456,0.642,0.627,0.545,0,False
1200054,Assis Brasil,AC,Norte,124.0,0.831,0.505,0.419,0.596,0.588,0.5,0,False
2708402,São José da Tapera,AL,Nordeste,423.0,0.941,0.505,0.475,0.549,0.527,0.579,0,False
1503507,Irituia,PA,Norte,238.0,0.832,0.505,0.42,0.587,0.559,0.544,0,False
2922607,Nilo Peçanha,BA,Nordeste,98.0,0.99,0.505,0.5,0.65,0.547,0.472,0,False
4105201,Cerro Azul,PR,Sul,208.0,0.885,0.505,0.447,0.455,0.573,0.375,0,False
2511905,Pitimbu,PB,Nordeste,209.0,0.871,0.505,0.44,0.544,0.57,0.538,0,False
1200609,Tarauacá,AC,Norte,716.0,0.865,0.506,0.437,0.664,0.539,0.585,0,False
2923308,Ouriçangas,BA,Nordeste,90.0,0.944,0.506,0.478,0.594,0.607,0.443,0,False
1505536,Parauapebas,PA,Norte,3867.0,0.738,0.506,0.373,0.565,0.715,0.405,1,True
2611408,Primavera,PE,Nordeste,85.0,0.976,0.506,0.494,0.364,0.58,0.476,0,False
3549508,São José da Bela Vista,SP,Sudeste,89.0,0.91,0.506,0.461,0.399,0.693,0.309,1,False
1702208,Araguatins,TO,Norte,369.0,0.846,0.506,0.428,0.68,0.631,0.448,0,False
4319158,São Miguel das Missões,RS,Sul,78.0,0.962,0.507,0.487,0.442,0.667,0.253,1,False
4121000,Querência do Norte,PR,Sul,162.0,0.889,0.507,0.451,0.327,0.688,0.351,1,False
1720804,Sítio Novo do Tocantins,TO,Norte,159.0,0.906,0.507,0.459,0.608,0.604,0.566,0,False
4307500,Espumoso,RS,Sul,148.0,0.932,0.507,0.473,0.389,0.765,0.209,1,False
2607604,Ilha de Itamaracá,PE,Nordeste,227.0,0.903,0.507,0.458,0.419,0.653,0.49,0,False
2602902,Cabo de Santo Agostinho,PE,Nordeste,2156.0,0.917,0.508,0.465,0.467,0.686,0.396,1,False
3520202,Igaratá,SP,Sudeste,144.0,0.903,0.508,0.458,0.414,0.711,0.245,1,False
3128600,Guarda-Mor,MG,Sudeste,79.0,0.823,0.508,0.418,0.349,0.69,0.243,1,False
2616407,Vitória de Santo Antão,PE,Nordeste,1059.0,0.948,0.508,0.482,0.435,0.64,0.401,0,False
1702109,Araguaína,TO,Norte,2260.0,0.873,0.508,0.443,0.643,0.752,0.243,1,False
1505007,Nova Timboteua,PA,Norte,149.0,0.805,0.508,0.409,0.548,0.609,0.447,0,False
2907558,Caturama,BA,Nordeste,67.0,0.881,0.508,0.448,0.625,0.571,0.416,0,False
1506203,Salinópolis,PA,Norte,616.0,0.852,0.509,0.433,0.557,0.647,0.389,0,False
2609808,Orocó,PE,Nordeste,116.0,1.0,0.509,0.509,0.343,0.61,0.369,0,False
1300706,Boca do Acre,AM,Norte,419.0,0.831,0.509,0.422,0.576,0.588,0.6,0,False
5107578,Rondolândia,MT,Centro-Oeste,63.0,0.905,0.509,0.46,0.332,0.64,0.377,0,False
3557204,Chavantes,SP,Sudeste,131.0,0.855,0.509,0.435,0.398,0.729,0.232,1,False
3305554,Seropédica,RJ,Sudeste,1216.0,0.806,0.509,0.41,0.537,0.713,0.376,1,False
4119509,Piraquara,PR,Sul,1583.0,0.834,0.509,0.425,0.45,0.7,0.298,1,False
3516309,Francisco Morato,SP,Sudeste,2498.0,0.865,0.51,0.441,0.568,0.703,0.376,1,False
3531704,Monteiro Lobato,SP,Sudeste,58.0,0.879,0.51,0.448,0.373,0.71,0.333,1,False
1721109,Tocantínia,TO,Norte,55.0,0.927,0.51,0.473,0.556,0.589,0.473,0,False
2613701,São Lourenço da Mata,PE,Nordeste,1022.0,0.931,0.51,0.475,0.474,0.653,0.493,0,False
2901007,Amargosa,BA,Nordeste,283.0,0.88,0.51,0.449,0.625,0.625,0.385,0,False
2703205,Igreja Nova,AL,Nordeste,271.0,0.919,0.51,0.469,0.52,0.568,0.468,0,False
2505352,Damião,PB,Nordeste,53.0,0.925,0.51,0.472,0.461,0.521,0.56,0,False
4205407,Florianópolis,SC,Sul,4698.0,0.609,0.51,0.311,0.589,0.847,0.201,1,True
4214805,Rio do Sul,SC,Sul,711.0,0.664,0.511,0.339,0.476,0.802,0.143,1,True
2107308,Nova Iorque,MA,Nordeste,51.0,0.922,0.511,0.471,0.356,0.584,0.449,0,False
2401701,Bom Jesus,RN,Nordeste,132.0,0.712,0.511,0.364,0.665,0.584,0.436,0,True
2403707,Felipe Guerra,RN,Nordeste,50.0,0.94,0.511,0.48,0.632,0.636,0.391,0,False
2404903,Itaú,RN,Nordeste,56.0,0.839,0.511,0.429,0.569,0.614,0.362,0,False
3556602,Vera Cruz,SP,Sudeste,100.0,0.94,0.511,0.48,0.368,0.754,0.179,1,False
4322103,Tucunduva,RS,Sul,55.0,0.855,0.511,0.436,0.411,0.747,0.176,1,False
2412302,São José do Campestre,RN,Nordeste,114.0,0.807,0.511,0.412,0.601,0.615,0.381,0,False
2203503,Elesbão Veloso,PI,Nordeste,93.0,0.989,0.511,0.505,0.466,0.58,0.403,0,False
1501782,Breu Branco,PA,Norte,580.0,0.867,0.511,0.443,0.606,0.568,0.528,0,False
5007554,Santa Rita do Pardo,MS,Centro-Oeste,142.0,0.965,0.511,0.493,0.472,0.642,0.401,1,False
1302207,Juruá,AM,Norte,183.0,0.749,0.511,0.383,0.537,0.522,0.673,0,True
2101202,Bacabal,MA,Nordeste,960.0,0.94,0.511,0.48,0.497,0.651,0.406,0,False
2106755,Miranda do Norte,MA,Nordeste,282.0,0.957,0.511,0.489,0.447,0.61,0.541,0,False
3541000,Praia Grande,SP,Sudeste,4640.0,0.831,0.511,0.425,0.556,0.754,0.284,1,False
3511607,Cesário Lange,SP,Sudeste,288.0,0.917,0.511,0.469,0.464,0.706,0.244,1,False
4307807,Estrela,RS,Sul,312.0,0.833,0.512,0.426,0.446,0.767,0.146,1,False
2407807,Monte Alegre,RN,Nordeste,238.0,0.878,0.512,0.45,0.692,0.609,0.406,0,False
2916500,Itapicuru,BA,Nordeste,335.0,0.973,0.512,0.499,0.716,0.486,0.615,0,False
4305355,Charqueadas,RS,Sul,345.0,0.933,0.512,0.478,0.548,0.747,0.252,1,False
3303302,Niterói,RJ,Sudeste,2965.0,0.796,0.512,0.408,0.529,0.837,0.247,1,True
2706208,Palestina,AL,Nordeste,85.0,0.941,0.512,0.482,0.531,0.558,0.479,0,False
4212502,Penha,SC,Sul,564.0,0.567,0.512,0.291,0.535,0.743,0.187,1,True
4201950,Balneário Arroio do Silva,SC,Sul,200.0,0.595,0.513,0.305,0.458,0.746,0.194,1,True
1506807,Santarém,PA,Norte,4958.0,0.815,0.513,0.418,0.508,0.691,0.394,0,False
3301900,Itaboraí,RJ,Sudeste,2988.0,0.816,0.513,0.418,0.586,0.693,0.409,1,False
1504208,Marabá,PA,Norte,3788.0,0.791,0.513,0.406,0.58,0.668,0.445,0,True
3303708,Paraíba do Sul,RJ,Sudeste,434.0,0.804,0.513,0.412,0.505,0.702,0.227,1,False
3525003,Jandira,SP,Sudeste,1036.0,0.88,0.513,0.452,0.485,0.76,0.29,1,False
2605707,Floresta,PE,Nordeste,240.0,0.95,0.513,0.488,0.432,0.626,0.501,0,False
5106653,Pontal do Araguaia,MT,Centro-Oeste,85.0,0.871,0.514,0.447,0.375,0.734,0.229,1,False
1100809,Candeias do Jamari,RO,Norte,434.0,0.843,0.514,0.433,0.443,0.649,0.431,0,False
1502954,Eldorado do Carajás,PA,Norte,342.0,0.854,0.514,0.439,0.605,0.56,0.641,0,False
1304104,Tapauá,AM,Norte,283.0,0.901,0.514,0.463,0.608,0.502,0.707,0,False
3505609,Barrinha,SP,Sudeste,400.0,0.89,0.514,0.458,0.483,0.725,0.342,1,False
4317202,Santa Rosa,RS,Sul,759.0,0.935,0.514,0.481,0.489,0.769,0.145,1,False
1708254,Fortaleza do Tabocão,TO,Norte,71.0,0.93,0.515,0.479,0.514,0.659,0.277,1,False
3552502,Suzano,SP,Sudeste,4082.0,0.891,0.515,0.459,0.5,0.765,0.349,1,False
2925204,Pojuca,BA,Nordeste,323.0,0.901,0.515,0.464,0.613,0.666,0.332,1,False
2502805,Brejo do Cruz,PB,Nordeste,113.0,0.858,0.515,0.442,0.46,0.597,0.408,0,False
1502707,Conceição do Araguaia,PA,Norte,585.0,0.865,0.516,0.446,0.563,0.64,0.411,0,False
3550605,São Roque,SP,Sudeste,797.0,0.91,0.516,0.469,0.45,0.768,0.219,1,False
1200203,Cruzeiro do Sul,AC,Norte,1440.0,0.766,0.516,0.395,0.562,0.664,0.475,0,True
1707652,Figueirópolis,TO,Norte,78.0,0.795,0.516,0.41,0.523,0.689,0.341,1,True
1302801,Maraã,AM,Norte,220.0,0.836,0.516,0.432,0.629,0.498,0.682,0,False
5103700,Feliz Natal,MT,Centro-Oeste,169.0,0.905,0.516,0.467,0.479,0.692,0.307,1,False
5102504,Cáceres,MT,Centro-Oeste,1148.0,0.904,0.516,0.467,0.5,0.708,0.29,1,False
5004403,Inocência,MS,Centro-Oeste,123.0,0.992,0.516,0.512,0.431,0.681,0.248,1,False
4202073,Balneário Gaivota,SC,Sul,249.0,0.723,0.517,0.373,0.534,0.728,0.208,1,True
4220000,Balneário Rincão,SC,Sul,274.0,0.763,0.517,0.394,0.535,,,1,True
2109908,Santa Inês,MA,Nordeste,989.0,0.875,0.517,0.452,0.446,0.674,0.365,0,False
2509305,Mataraca,PB,Nordeste,192.0,0.927,0.517,0.479,0.536,0.536,0.467,0,False
2908101,Cocos,BA,Nordeste,220.0,0.941,0.517,0.486,0.669,0.596,0.435,0,False
5002704,Campo Grande,MS,Centro-Oeste,11207.0,0.892,0.517,0.461,0.608,0.784,0.27,1,False
4218301,Três Barras,SC,Sul,328.0,0.713,0.517,0.369,0.549,0.706,0.299,1,True
5105234,Lambari D'Oeste,MT,Centro-Oeste,68.0,0.853,0.517,0.441,0.424,0.627,0.365,1,False
2922300,Muritiba,BA,Nordeste,188.0,0.926,0.517,0.479,0.642,0.66,0.382,0,False
3306008,Três Rios,RJ,Sudeste,721.0,0.882,0.517,0.456,0.518,0.725,0.228,1,False
3537008,Pedregulho,SP,Sudeste,177.0,0.96,0.518,0.497,0.417,0.715,0.244,1,False
1501956,Cachoeira do Piriá,PA,Norte,186.0,0.758,0.518,0.392,0.661,0.473,0.668,0,True
2701902,Chã Preta,AL,Nordeste,59.0,0.949,0.518,0.492,0.459,0.575,0.465,0,False
3145059,Nova Porteirinha,MG,Sudeste,67.0,0.806,0.519,0.418,0.379,0.641,0.368,1,False
4311304,Lagoa Vermelha,RS,Sul,317.0,0.845,0.519,0.438,0.486,0.738,0.231,1,False
4306908,Encruzilhada do Sul,RS,Sul,282.0,0.855,0.519,0.443,0.564,0.657,0.368,1,False
2103307,Codó,MA,Nordeste,1311.0,0.889,0.519,0.461,0.508,0.595,0.504,0,False
1506401,Santa Cruz do Arari,PA,Norte,112.0,0.929,0.519,0.482,0.595,0.557,0.606,0,False
3524402,Jacareí,SP,Sudeste,2384.0,0.859,0.519,0.446,0.503,0.777,0.223,1,False
1302603,Manaus,AM,Norte,30524.0,0.758,0.52,0.394,0.595,0.737,0.335,1,True
1501907,Bujaru,PA,Norte,257.0,0.891,0.52,0.463,0.572,0.552,0.532,0,False
2102804,Carolina,MA,Nordeste,284.0,0.887,0.52,0.461,0.468,0.634,0.409,0,False
4209409,Laguna,SC,Sul,421.0,0.684,0.521,0.356,0.501,0.752,0.187,1,True
1100205,Porto Velho,RO,Norte,6347.0,0.854,0.521,0.445,0.48,0.736,0.322,1,False
4217709,Sombrio,SC,Sul,436.0,0.761,0.521,0.397,0.523,0.728,0.202,1,True
2100436,Alto Alegre do Maranhão,MA,Nordeste,193.0,0.855,0.521,0.446,0.489,0.554,0.62,0,False
2205706,Luís Correia,PI,Nordeste,326.0,0.936,0.521,0.488,0.501,0.541,0.547,0,False
4321808,Três de Maio,RS,Sul,225.0,0.938,0.521,0.489,0.47,0.759,0.21,1,False
3539806,Poá,SP,Sudeste,1365.0,0.859,0.521,0.448,0.497,0.771,0.324,1,False
4309001,Giruá,RS,Sul,144.0,0.958,0.522,0.5,0.475,0.721,0.233,1,False
4300034,Aceguá,RS,Sul,53.0,0.868,0.522,0.453,0.459,0.687,0.322,1,False
1200708,Xapuri,AC,Norte,248.0,0.827,0.522,0.431,0.589,0.599,0.49,0,False
2507309,Jacaraú,PB,Nordeste,137.0,0.825,0.522,0.431,0.519,0.558,0.513,0,False
1501402,Belém,PA,Norte,10483.0,0.822,0.522,0.429,0.583,0.746,0.292,1,False
2206100,Matias Olímpio,PI,Nordeste,114.0,0.974,0.523,0.509,0.438,0.562,0.508,0,False
4321105,Tapes,RS,Sul,155.0,0.852,0.523,0.445,0.56,0.695,0.256,1,False
2403202,Doutor Severiano,RN,Nordeste,50.0,0.88,0.523,0.46,0.644,0.621,0.413,0,False
2404002,Frutuoso Gomes,RN,Nordeste,52.0,0.846,0.523,0.442,0.616,0.597,0.4,0,False
2601102,Araripina,PE,Nordeste,992.0,0.945,0.523,0.494,0.43,0.602,0.439,0,False
4209300,Lages,SC,Sul,2025.0,0.73,0.523,0.382,0.59,0.77,0.227,1,True
3506607,Biritiba-Mirim,SP,Sudeste,363.0,0.832,0.523,0.435,0.481,0.712,0.288,1,False
5103106,Cocalinho,MT,Centro-Oeste,92.0,0.935,0.523,0.489,0.465,0.66,0.345,0,False
2206720,Nazária,PI,Nordeste,132.0,0.97,0.523,0.508,0.424,0.602,0.522,0,False
5001508,Bandeirantes,MS,Centro-Oeste,141.0,0.908,0.523,0.475,0.497,0.681,0.306,1,False
2202059,Cabeceiras do Piauí,PI,Nordeste,87.0,0.966,0.524,0.506,0.418,0.583,0.445,0,False
3557303,Estiva Gerbi,SP,Sudeste,109.0,0.771,0.524,0.404,0.357,0.74,0.162,1,True
1303304,Novo Aripuanã,AM,Norte,291.0,0.866,0.524,0.454,0.587,0.554,0.698,0,False
3158102,Santa Maria do Salto,MG,Sudeste,72.0,0.875,0.524,0.458,0.337,0.613,0.422,0,False
4109906,Icaraíma,PR,Sul,115.0,0.913,0.524,0.478,0.314,0.666,0.27,1,False
1507904,Soure,PA,Norte,420.0,0.94,0.524,0.493,0.559,0.615,0.464,0,False
4319604,São Sepé,RS,Sul,170.0,0.853,0.524,0.447,0.479,0.708,0.232,1,False
3551801,Sete Barras,SP,Sudeste,165.0,0.867,0.524,0.455,0.466,0.673,0.303,1,False
2909000,Cordeiros,BA,Nordeste,66.0,0.924,0.525,0.485,0.596,0.579,0.396,0,False
5212956,Matrinchã,GO,Centro-Oeste,65.0,0.938,0.525,0.492,0.245,0.679,0.294,1,False
2500502,Alagoinha,PB,Nordeste,150.0,0.94,0.525,0.493,0.492,0.595,0.455,0,False
3509007,Caieiras,SP,Sudeste,1092.0,0.939,0.525,0.493,0.483,0.781,0.304,1,False
2101509,Barão de Grajaú,MA,Nordeste,132.0,0.909,0.525,0.477,0.388,0.592,0.418,0,False
2414100,Tenente Ananias,RN,Nordeste,109.0,0.908,0.525,0.477,0.673,0.592,0.422,0,False
2926400,Riacho de Santana,BA,Nordeste,229.0,0.865,0.525,0.454,0.629,0.615,0.409,0,False
5106778,Porto Alegre do Norte,MT,Centro-Oeste,181.0,0.873,0.525,0.459,0.485,0.673,0.34,1,False
5105606,Matupá,MT,Centro-Oeste,339.0,0.87,0.525,0.457,0.417,0.716,0.261,1,False
2400703,Alto do Rodrigues,RN,Nordeste,155.0,0.884,0.526,0.465,0.591,0.672,0.319,1,False
4316105,Ronda Alta,RS,Sul,84.0,0.929,0.526,0.488,0.463,0.724,0.282,1,False
2100501,Alto Parnaíba,MA,Nordeste,167.0,0.934,0.526,0.491,0.442,0.633,0.497,0,False
3111408,Campo Florido,MG,Sudeste,120.0,0.808,0.526,0.425,0.332,0.706,0.266,1,False
1703867,Cariri do Tocantins,TO,Norte,64.0,0.891,0.526,0.469,0.558,0.662,0.282,1,False
5101605,Barão de Melgaço,MT,Centro-Oeste,87.0,0.874,0.526,0.46,0.407,0.6,0.442,0,False
2514305,São José de Caiana,PB,Nordeste,60.0,0.95,0.526,0.5,0.439,0.565,0.39,0,False
2926657,Ribeirão do Largo,BA,Nordeste,82.0,0.927,0.526,0.488,0.673,0.54,0.466,0,False
1720101,São Bento do Tocantins,TO,Norte,83.0,0.916,0.526,0.482,0.674,0.605,0.518,0,False
4322301,Tuparendi,RS,Sul,94.0,0.809,0.526,0.426,0.449,0.728,0.177,1,False
2929750,Saubara,BA,Nordeste,81.0,0.938,0.526,0.494,0.647,0.617,0.407,0,False
3504503,Avaré,SP,Sudeste,911.0,0.892,0.526,0.47,0.438,0.767,0.224,1,False
5001904,Bataguassu,MS,Centro-Oeste,347.0,0.925,0.526,0.487,0.488,0.71,0.271,1,False
1507458,São Geraldo do Araguaia,PA,Norte,363.0,0.868,0.527,0.457,0.602,0.595,0.468,0,False
5007208,Rio Brilhante,MS,Centro-Oeste,597.0,0.953,0.527,0.503,0.523,0.715,0.336,1,False
1701309,Aragominas,TO,Norte,75.0,0.733,0.527,0.387,0.579,0.593,0.456,0,True
2601409,Barreiros,PE,Nordeste,434.0,0.97,0.527,0.512,0.483,0.586,0.558,0,False
1501576,Bom Jesus do Tocantins,PA,Norte,206.0,0.864,0.528,0.456,0.592,0.589,0.49,0,False
3548500,Santos,SP,Sudeste,2566.0,0.887,0.528,0.468,0.486,0.84,0.169,1,False
2500908,Arara,PB,Nordeste,54.0,0.981,0.528,0.519,0.505,0.548,0.509,0,False
5108501,Vera,MT,Centro-Oeste,193.0,0.912,0.528,0.482,0.394,0.68,0.213,1,False
3304102,Porciúncula,RJ,Sudeste,139.0,0.885,0.528,0.468,0.473,0.697,0.274,1,False
4211306,Navegantes,SC,Sul,1626.0,0.505,0.529,0.267,0.571,0.736,0.212,1,True
2500106,Água Branca,PB,Nordeste,92.0,0.946,0.529,0.5,0.504,0.572,0.429,0,False
3556909,Vista Alegre do Alto,SP,Sudeste,89.0,0.978,0.529,0.517,0.392,0.744,0.198,1,False
2609154,Manari,PE,Nordeste,185.0,0.941,0.529,0.497,0.422,0.487,0.613,0,False
5100409,Alto Garças,MT,Centro-Oeste,184.0,0.935,0.529,0.495,0.417,0.701,0.252,1,False
2928950,São Domingos,BA,Nordeste,56.0,0.911,0.529,0.482,0.627,0.64,0.339,0,False
4304689,Capela de Santana,RS,Sul,107.0,0.794,0.529,0.421,0.587,0.661,0.337,1,True
2515500,Serra Branca,PB,Nordeste,117.0,0.855,0.53,0.453,0.52,0.628,0.389,0,False
4313706,Palmeira das Missões,RS,Sul,345.0,0.814,0.53,0.432,0.476,0.737,0.267,1,False
3509205,Cajamar,SP,Sudeste,1111.0,0.87,0.531,0.462,0.485,0.728,0.269,1,False
3153004,Pratinha,MG,Sudeste,55.0,0.891,0.531,0.473,0.283,0.721,0.261,1,False
3522901,Itapuí,SP,Sudeste,164.0,0.896,0.531,0.476,0.422,0.725,0.261,1,False
4304200,Candelária,RS,Sul,248.0,0.919,0.531,0.488,0.546,0.674,0.215,1,False
5007307,Rio Negro,MS,Centro-Oeste,82.0,0.988,0.531,0.524,0.367,0.709,0.287,1,False
5007703,Sete Quedas,MS,Centro-Oeste,162.0,1.0,0.531,0.531,0.465,0.614,0.396,1,False
3301108,Cantagalo,RJ,Sudeste,191.0,0.848,0.531,0.45,0.447,0.709,0.246,1,False
4203105,Caibi,SC,Sul,80.0,0.8,0.531,0.425,0.421,0.728,0.234,1,False
2918357,João Dourado,BA,Nordeste,271.0,0.937,0.531,0.498,0.642,0.593,0.503,0,False
3519709,Ibiúna,SP,Sudeste,1041.0,0.925,0.532,0.492,0.516,0.71,0.308,1,False
1600600,Santana,AP,Norte,1842.0,0.928,0.532,0.493,0.597,0.692,0.4,1,False
3556503,Várzea Paulista,SP,Sudeste,1309.0,0.908,0.532,0.483,0.507,0.759,0.301,1,False
1707207,Dois Irmãos do Tocantins,TO,Norte,67.0,0.925,0.532,0.493,0.659,0.583,0.414,0,False
1200252,Epitaciolândia,AC,Norte,336.0,0.872,0.532,0.464,0.587,0.653,0.441,0,False
2613107,São Caitano,PE,Nordeste,343.0,0.985,0.533,0.525,0.383,0.591,0.446,0,False
3551108,Sarapuí,SP,Sudeste,116.0,0.922,0.533,0.491,0.462,0.707,0.235,1,False
4111258,Itaperuçu,PR,Sul,493.0,0.899,0.533,0.479,0.48,0.637,0.39,1,False
3523206,Itararé,SP,Sudeste,518.0,0.938,0.533,0.5,0.494,0.703,0.312,1,False
1504976,Nova Ipixuna,PA,Norte,224.0,0.812,0.533,0.433,0.578,0.581,0.559,0,False
5219753,Santo Antônio do Descoberto,GO,Centro-Oeste,972.0,0.945,0.533,0.504,0.413,0.665,0.399,1,False
4103057,Boa Vista da Aparecida,PR,Sul,96.0,0.938,0.533,0.5,0.334,0.67,0.298,1,False
2612554,Santa Filomena,PE,Nordeste,98.0,0.918,0.533,0.49,0.412,0.533,0.479,0,False
2709004,Tanque d'Arca,AL,Nordeste,79.0,0.949,0.533,0.506,0.454,0.555,0.527,0,False
2110237,Santana do Maranhão,MA,Nordeste,64.0,0.938,0.533,0.5,0.392,0.51,0.605,0,False
5200258,Águas Lindas de Goiás,GO,Centro-Oeste,3329.0,0.904,0.534,0.482,0.479,0.686,0.379,1,False
2109502,Riachão,MA,Nordeste,309.0,0.916,0.534,0.489,0.522,0.576,0.487,0,False
1503002,Faro,PA,Norte,184.0,0.804,0.534,0.429,0.639,0.563,0.641,0,False
4211058,Monte Carlo,SC,Sul,156.0,0.756,0.534,0.404,0.587,0.643,0.348,1,True
2401800,Brejinho,RN,Nordeste,151.0,0.682,0.534,0.364,0.638,0.592,0.412,0,True
3507605,Bragança Paulista,SP,Sudeste,1647.0,0.865,0.534,0.462,0.471,0.776,0.193,1,False
1505437,Ourilândia do Norte,PA,Norte,483.0,0.88,0.534,0.47,0.605,0.624,0.411,0,False
2111078,São João do Soter,MA,Nordeste,166.0,0.97,0.534,0.518,0.439,0.517,0.639,0,False
5100508,Alto Paraguai,MT,Centro-Oeste,84.0,0.869,0.534,0.464,0.516,0.638,0.479,0,False
4212809,Balneário Piçarras,SC,Sul,534.0,0.7,0.535,0.375,0.525,0.756,0.201,1,True
4321667,Três Cachoeiras,RS,Sul,121.0,0.942,0.535,0.504,0.433,0.718,0.184,1,False
2807204,Siriri,SE,Nordeste,81.0,0.877,0.535,0.469,0.632,0.609,0.464,0,False
1500800,Ananindeua,PA,Norte,4901.0,0.839,0.535,0.45,0.594,0.718,0.335,1,False
2706109,Ouro Branco,AL,Nordeste,119.0,0.941,0.536,0.504,0.563,0.547,0.569,0,False
3517406,Guaíra,SP,Sudeste,322.0,0.95,0.536,0.509,0.44,0.753,0.207,1,False
2203909,Floriano,PI,Nordeste,563.0,0.934,0.536,0.501,0.482,0.7,0.284,1,False
3130705,Indianópolis,MG,Sudeste,82.0,0.841,0.536,0.451,0.346,0.674,0.278,1,False
1501105,Bagre,PA,Norte,298.0,0.926,0.536,0.497,0.699,0.471,0.676,0,False
4315909,Rodeio Bonito,RS,Sul,73.0,0.945,0.536,0.507,0.425,0.732,0.287,1,False
3519907,Iepê,SP,Sudeste,85.0,0.965,0.537,0.518,0.377,0.736,0.358,1,False
1600212,Cutias,AP,Norte,86.0,0.953,0.537,0.512,0.554,0.628,0.438,0,False
2112803,Viana,MA,Nordeste,559.0,0.927,0.537,0.497,0.468,0.618,0.559,0,False
2917607,Jaguaquara,BA,Nordeste,543.0,0.971,0.537,0.521,0.711,0.58,0.483,0,False
3530102,Mirandópolis,SP,Sudeste,185.0,0.876,0.537,0.47,0.433,0.751,0.27,1,False
3534906,Pacaembu,SP,Sudeste,86.0,0.93,0.538,0.5,0.391,0.725,0.301,1,False
4316600,Sananduva,RS,Sul,174.0,0.92,0.538,0.494,0.446,0.747,0.216,1,False
3507100,Bom Jesus dos Perdões,SP,Sudeste,320.0,0.912,0.538,0.491,0.423,0.713,0.207,1,False
2708501,São Luís do Quitunde,AL,Nordeste,416.0,0.957,0.538,0.514,0.607,0.536,0.617,0,False
4115101,Mariluz,PR,Sul,131.0,0.809,0.538,0.435,0.347,0.639,0.398,1,False
2506905,Itabaiana,PB,Nordeste,170.0,0.929,0.538,0.5,0.505,0.613,0.447,0,False
2600609,Alagoinha,PE,Nordeste,173.0,0.988,0.538,0.532,0.352,0.599,0.486,0,False
3554805,Tremembé,SP,Sudeste,352.0,0.886,0.538,0.477,0.472,0.785,0.207,1,False
2601052,Araçoiaba,PE,Nordeste,236.0,0.936,0.538,0.504,0.425,0.592,0.665,0,False
3507456,Borebi,SP,Sudeste,55.0,0.945,0.538,0.509,0.368,0.705,0.216,1,False
3534708,Ourinhos,SP,Sudeste,994.0,0.925,0.539,0.498,0.447,0.778,0.188,1,False
5003702,Dourados,MS,Centro-Oeste,3876.0,0.83,0.539,0.447,0.538,0.747,0.236,1,False
3133303,Itaobim,MG,Sudeste,204.0,0.882,0.539,0.475,0.403,0.629,0.364,0,False
3502507,Aparecida,SP,Sudeste,346.0,0.928,0.539,0.5,0.42,0.755,0.19,1,False
3554003,Tatuí,SP,Sudeste,1306.0,0.946,0.54,0.511,0.49,0.752,0.188,1,False
3501152,Alumínio,SP,Sudeste,206.0,0.917,0.54,0.495,0.395,0.766,0.251,1,False
3507803,Brodowski,SP,Sudeste,271.0,0.882,0.54,0.476,0.422,0.755,0.202,1,False
2611606,Recife,PE,Nordeste,10818.0,0.928,0.54,0.501,0.47,0.772,0.298,1,False
2111805,Sítio Novo,MA,Nordeste,262.0,0.954,0.54,0.515,0.499,0.564,0.494,0,False
3554102,Taubaté,SP,Sudeste,2545.0,0.848,0.54,0.458,0.505,0.8,0.19,1,False
2202406,Capitão de Campos,PI,Nordeste,137.0,1.0,0.54,0.54,0.381,0.583,0.486,0,False
2111789,Serrano do Maranhão,MA,Nordeste,79.0,0.937,0.541,0.506,0.418,0.519,0.639,0,False
2928901,São Desidério,BA,Nordeste,317.0,0.968,0.541,0.524,0.659,0.579,0.408,0,False
2101251,Bacabeira,MA,Nordeste,215.0,0.902,0.541,0.488,0.474,0.629,0.504,0,False
2701209,Cacimbinhas,AL,Nordeste,161.0,0.975,0.541,0.528,0.497,0.531,0.598,0,False
3546603,Santa Fé do Sul,SP,Sudeste,355.0,0.952,0.541,0.515,0.377,0.784,0.174,1,False
4320404,Serafina Corrêa,RS,Sul,177.0,0.814,0.542,0.441,0.446,0.76,0.174,1,False
3142007,Mirabela,MG,Sudeste,126.0,0.952,0.542,0.516,0.357,0.665,0.415,1,False
5005004,Jardim,MS,Centro-Oeste,430.0,0.837,0.542,0.453,0.489,0.712,0.246,1,False
4314035,Pareci Novo,RS,Sul,53.0,0.906,0.542,0.491,0.375,0.749,0.153,1,False
4216206,São Francisco do Sul,SC,Sul,751.0,0.585,0.542,0.317,0.524,0.762,0.2,1,True
2916856,Itatim,BA,Nordeste,166.0,1.0,0.542,0.542,0.65,0.582,0.446,0,False
5107909,Sinop,MT,Centro-Oeste,2945.0,0.867,0.542,0.47,0.505,0.754,0.201,1,False
2613206,São João,PE,Nordeste,181.0,0.978,0.542,0.53,0.38,0.57,0.526,0,False
2503308,Cachoeira dos Índios,PB,Nordeste,69.0,0.855,0.542,0.464,0.48,0.587,0.39,0,False
1709500,Gurupi,TO,Norte,867.0,0.867,0.543,0.471,0.627,0.759,0.229,1,False
3548708,São Bernardo do Campo,SP,Sudeste,7906.0,0.852,0.543,0.462,0.539,0.805,0.269,1,False
3523503,Itatinga,SP,Sudeste,224.0,0.938,0.543,0.509,0.46,0.706,0.303,1,False
3522307,Itapetininga,SP,Sudeste,1665.0,0.912,0.543,0.495,0.504,0.763,0.233,1,False
2515401,São Vicente do Seridó,PB,Nordeste,84.0,0.964,0.543,0.524,0.547,0.555,0.515,0,False
2911303,Gentio do Ouro,BA,Nordeste,82.0,0.988,0.543,0.537,0.615,0.559,0.507,0,False
5104104,Guarantã do Norte,MT,Centro-Oeste,517.0,0.89,0.543,0.484,0.472,0.703,0.279,1,False
5008404,Vicentina,MS,Centro-Oeste,98.0,0.939,0.543,0.51,0.381,0.711,0.316,1,False
2513406,Santa Luzia,PB,Nordeste,156.0,0.955,0.544,0.519,0.472,0.682,0.355,1,False
1502756,Concórdia do Pará,PA,Norte,305.0,0.82,0.544,0.446,0.594,0.566,0.549,0,False
3551702,Sertãozinho,SP,Sudeste,1525.0,0.909,0.544,0.494,0.447,0.761,0.186,1,False
4314605,Piratini,RS,Sul,145.0,0.938,0.544,0.51,0.497,0.658,0.317,1,False
1505403,Ourém,PA,Norte,169.0,0.87,0.544,0.473,0.571,0.568,0.539,0,False
3502754,Araçariguama,SP,Sudeste,251.0,0.9,0.544,0.49,0.45,0.704,0.235,1,False
2703007,Ibateguara,AL,Nordeste,79.0,1.0,0.544,0.544,0.58,0.518,0.587,0,False
3503802,Artur Nogueira,SP,Sudeste,541.0,0.933,0.545,0.508,0.453,0.749,0.244,1,False
3542909,Ribeirão Bonito,SP,Sudeste,111.0,0.91,0.545,0.495,0.408,0.712,0.248,1,False
3543907,Rio Claro,SP,Sudeste,1822.0,0.905,0.545,0.493,0.465,0.803,0.159,1,False
2920601,Maragogipe,BA,Nordeste,198.0,0.843,0.545,0.46,0.615,0.621,0.409,0,False
4208450,Itapoá,SC,Sul,460.0,0.507,0.545,0.276,0.553,0.761,0.213,1,True
4117602,Palmas,PR,Sul,775.0,0.812,0.545,0.443,0.455,0.66,0.357,1,False
3511300,Cedral,SP,Sudeste,162.0,0.883,0.545,0.481,0.349,0.766,0.203,1,False
3511904,Clementina,SP,Sudeste,74.0,0.892,0.545,0.486,0.345,0.725,0.284,1,False
4124004,Santana do Itararé,PR,Sul,65.0,0.846,0.545,0.462,0.328,0.687,0.348,1,False
2512002,Pocinhos,PB,Nordeste,239.0,0.912,0.546,0.498,0.52,0.591,0.481,0,False
2610806,Pedra,PE,Nordeste,182.0,0.956,0.546,0.522,0.418,0.567,0.572,0,False
5104906,Jangada,MT,Centro-Oeste,129.0,0.922,0.546,0.504,0.383,0.63,0.366,0,False
4211504,Nova Trento,SC,Sul,174.0,0.621,0.546,0.339,0.437,0.748,0.136,1,True
4211108,Monte Castelo,SC,Sul,144.0,0.75,0.546,0.41,0.543,0.675,0.35,1,True
2105302,Imperatriz,MA,Nordeste,3011.0,0.867,0.546,0.474,0.465,0.731,0.252,1,False
4317707,Santo Antônio das Missões,RS,Sul,110.0,0.882,0.546,0.482,0.507,0.686,0.324,1,False
2703403,Jacaré dos Homens,AL,Nordeste,77.0,0.974,0.547,0.532,0.47,0.583,0.437,0,False
2702207,Coqueiro Seco,AL,Nordeste,75.0,1.0,0.547,0.547,0.557,0.586,0.53,0,False
4322251,Tupandi,RS,Sul,71.0,0.901,0.547,0.493,0.486,0.718,0.124,1,False
1506195,Rurópolis,PA,Norte,379.0,0.844,0.547,0.462,0.634,0.548,0.551,0,False
5103353,Confresa,MT,Centro-Oeste,631.0,0.924,0.547,0.506,0.501,0.668,0.383,1,False
3140100,Marilac,MG,Sudeste,59.0,0.898,0.547,0.492,0.368,0.615,0.364,1,False
2501500,Bananeiras,PB,Nordeste,158.0,0.937,0.547,0.513,0.536,0.568,0.52,0,False
5004502,Itaporã,MS,Centro-Oeste,278.0,0.874,0.547,0.478,0.554,0.654,0.452,1,False
2503704,Cajazeiras,PB,Nordeste,533.0,0.908,0.548,0.497,0.504,0.679,0.296,1,False
3301801,Engenheiro Paulo de Frontin,RJ,Sudeste,102.0,0.824,0.548,0.451,0.45,0.722,0.253,1,False
3516002,Flórida Paulista,SP,Sudeste,87.0,0.966,0.548,0.529,0.421,0.715,0.296,1,False
5003256,Costa Rica,MS,Centro-Oeste,464.0,0.972,0.548,0.532,0.443,0.706,0.257,1,False
5002902,Cassilândia,MS,Centro-Oeste,257.0,0.895,0.548,0.49,0.498,0.727,0.221,1,False
2208403,Piripiri,PI,Nordeste,745.0,0.977,0.548,0.536,0.45,0.635,0.398,0,False
1200401,Rio Branco,AC,Norte,5584.0,0.804,0.548,0.441,0.579,0.727,0.339,1,False
1500131,Abel Figueiredo,PA,Norte,111.0,0.838,0.548,0.459,0.486,0.622,0.422,0,False
3557006,Votorantim,SP,Sudeste,1220.0,0.904,0.549,0.496,0.507,0.767,0.269,1,False
4213401,Ponte Serrada,SC,Sul,199.0,0.824,0.549,0.452,0.552,0.693,0.345,1,False
3101706,Almenara,MG,Sudeste,467.0,0.874,0.549,0.48,0.451,0.642,0.402,0,False
4213302,Ponte Alta,SC,Sul,62.0,0.823,0.549,0.452,0.479,0.673,0.272,1,False
1718550,Riachinho,TO,Norte,56.0,0.911,0.549,0.5,0.594,0.572,0.438,0,False
3120300,Cristália,MG,Sudeste,54.0,0.944,0.549,0.519,0.411,0.583,0.47,0,False
2202208,Campo Maior,PI,Nordeste,482.0,0.929,0.549,0.51,0.475,0.656,0.344,0,False
2610707,Paulista,PE,Nordeste,2185.0,0.934,0.55,0.513,0.477,0.732,0.372,1,False
2600906,Amaraji,PE,Nordeste,160.0,0.944,0.55,0.519,0.425,0.58,0.481,0,False
4313904,Panambi,RS,Sul,554.0,0.926,0.55,0.509,0.461,0.761,0.168,1,False
3520905,Ipaussu,SP,Sudeste,149.0,0.94,0.55,0.517,0.421,0.727,0.263,1,False
1505106,Óbidos,PA,Norte,610.0,0.882,0.55,0.485,0.649,0.594,0.566,0,False
2708907,Satuba,AL,Nordeste,281.0,0.957,0.55,0.527,0.527,0.66,0.352,1,False
2205805,Luzilândia,PI,Nordeste,210.0,0.995,0.55,0.548,0.464,0.545,0.49,0,False
3524600,Jacupiranga,SP,Sudeste,143.0,0.902,0.55,0.497,0.429,0.717,0.263,1,False
3509403,Cajuru,SP,Sudeste,247.0,0.883,0.55,0.486,0.485,0.713,0.286,1,False
2706406,Pão de Açúcar,AL,Nordeste,317.0,0.968,0.55,0.533,0.535,0.593,0.477,0,False
2400802,Angicos,RN,Nordeste,106.0,0.84,0.551,0.462,0.614,0.624,0.441,0,False
4102802,Bela Vista do Paraíso,PR,Sul,187.0,0.845,0.551,0.465,0.299,0.716,0.31,1,False
1301654,Guajará,AM,Norte,197.0,0.802,0.551,0.442,0.598,0.532,0.555,0,False
3525300,Jaú,SP,Sudeste,1108.0,0.924,0.551,0.509,0.47,0.778,0.161,1,False
3552205,Sorocaba,SP,Sudeste,7137.0,0.888,0.551,0.489,0.506,0.798,0.277,1,False
1302900,Maués,AM,Norte,652.0,0.813,0.551,0.448,0.632,0.588,0.511,0,False
3109451,Cabeceira Grande,MG,Sudeste,109.0,0.899,0.551,0.495,0.35,0.648,0.369,1,False
3129657,Ibiracatu,MG,Sudeste,52.0,0.942,0.551,0.519,0.345,0.591,0.466,0,False
3525805,Júlio Mesquita,SP,Sudeste,54.0,0.907,0.551,0.5,0.332,0.716,0.296,1,False
2208007,Picos,PI,Nordeste,588.0,0.898,0.551,0.495,0.455,0.698,0.286,1,False
2112001,Tasso Fragoso,MA,Nordeste,140.0,0.907,0.551,0.5,0.477,0.599,0.394,0,False
3504008,Assis,SP,Sudeste,959.0,0.906,0.551,0.499,0.407,0.805,0.163,1,False
2102358,Buritirana,MA,Nordeste,171.0,0.912,0.551,0.503,0.453,0.583,0.628,0,False
3526100,Juquiá,SP,Sudeste,206.0,0.942,0.552,0.519,0.463,0.7,0.317,1,False
3305752,Tanguá,RJ,Sudeste,398.0,0.852,0.552,0.47,0.577,0.654,0.414,1,False
3136702,Juiz de Fora,MG,Sudeste,4070.0,0.821,0.552,0.453,0.432,0.778,0.248,1,False
3531506,Monte Azul Paulista,SP,Sudeste,161.0,0.776,0.552,0.429,0.378,0.753,0.259,1,True
5006309,Paranaíba,MS,Centro-Oeste,469.0,0.962,0.552,0.531,0.499,0.721,0.254,1,False
3555000,Tupã,SP,Sudeste,571.0,0.939,0.552,0.518,0.411,0.771,0.22,1,False
3542701,Restinga,SP,Sudeste,107.0,0.981,0.552,0.542,0.389,0.705,0.219,1,False
3300704,Cabo Frio,RJ,Sudeste,2913.0,0.759,0.552,0.419,0.557,0.735,0.265,1,True
2107001,Montes Altos,MA,Nordeste,121.0,0.942,0.553,0.521,0.466,0.575,0.553,0,False
5108600,Vila Rica,MT,Centro-Oeste,314.0,0.876,0.553,0.484,0.516,0.688,0.397,1,False
2607901,Jaboatão dos Guararapes,PE,Nordeste,5032.0,0.931,0.553,0.515,0.493,0.717,0.365,1,False
2107803,Parnarama,MA,Nordeste,347.0,0.928,0.553,0.513,0.396,0.542,0.594,0,False
2103554,Conceição do Lago-Açu,MA,Nordeste,197.0,0.909,0.553,0.503,0.469,0.512,0.669,0,False
3506706,Boa Esperança do Sul,SP,Sudeste,150.0,0.94,0.553,0.52,0.424,0.681,0.335,1,False
3527702,Luiziânia,SP,Sudeste,51.0,0.922,0.553,0.51,0.342,0.702,0.329,1,False
2111631,São Raimundo do Doca Bezerra,MA,Nordeste,52.0,0.904,0.553,0.5,0.47,0.516,0.618,0,False
2508505,Livramento,PB,Nordeste,62.0,0.903,0.554,0.5,0.503,0.566,0.497,0,False
3519071,Hortolândia,SP,Sudeste,2714.0,0.889,0.554,0.492,0.511,0.756,0.281,1,False
2933455,Wanderley,BA,Nordeste,125.0,0.968,0.554,0.536,0.626,0.6,0.469,0,False
3522208,Itapecerica da Serra,SP,Sudeste,2073.0,0.906,0.554,0.502,0.524,0.742,0.318,1,False
3506102,Bebedouro,SP,Sudeste,634.0,0.894,0.554,0.495,0.437,0.78,0.161,1,False
3554953,Tuiuti,SP,Sudeste,69.0,0.942,0.554,0.522,0.365,0.728,0.235,1,False
4128807,Xambrê,PR,Sul,83.0,0.892,0.554,0.494,0.267,0.706,0.277,1,False
2102374,Cachoeira Grande,MA,Nordeste,99.0,0.929,0.554,0.515,0.478,0.537,0.695,0,False
2111102,São João dos Patos,MA,Nordeste,292.0,0.945,0.554,0.524,0.383,0.615,0.479,0,False
2103000,Caxias,MA,Nordeste,1674.0,0.833,0.555,0.462,0.401,0.624,0.463,0,False
5104807,Jaciara,MT,Centro-Oeste,379.0,0.918,0.555,0.509,0.416,0.735,0.271,1,False
5107701,Rosário Oeste,MT,Centro-Oeste,155.0,0.884,0.555,0.49,0.476,0.65,0.346,0,False
3512209,Conchal,SP,Sudeste,375.0,0.899,0.555,0.499,0.446,0.708,0.191,1,False
2602803,Buíque,PE,Nordeste,526.0,0.966,0.555,0.536,0.436,0.527,0.585,0,False
2605301,Exu,PE,Nordeste,349.0,0.96,0.555,0.533,0.429,0.576,0.52,0,False
1500958,Aurora do Pará,PA,Norte,243.0,0.889,0.556,0.494,0.638,0.519,0.584,0,False
4109500,Guaraqueçaba,PR,Sul,87.0,0.724,0.556,0.402,0.422,0.587,0.385,0,True
2407401,Martins,RN,Nordeste,103.0,0.874,0.556,0.485,0.652,0.622,0.4,0,False
3507159,Bom Sucesso de Itararé,SP,Sudeste,56.0,0.964,0.556,0.536,0.429,0.66,0.36,1,False
4124103,Santo Antônio da Platina,PR,Sul,637.0,0.87,0.556,0.484,0.376,0.718,0.284,1,False
3522505,Itapevi,SP,Sudeste,3568.0,0.912,0.556,0.507,0.549,0.735,0.319,1,False
3305208,São Pedro da Aldeia,RJ,Sudeste,1400.0,0.823,0.556,0.458,0.53,0.712,0.258,1,False
1101757,Vale do Anari,RO,Norte,123.0,0.935,0.557,0.52,0.415,0.584,0.402,0,False
3104700,Ataléia,MG,Sudeste,111.0,0.874,0.557,0.486,0.436,0.588,0.448,0,False
2612505,Santa Cruz do Capibaribe,PE,Nordeste,1097.0,0.93,0.557,0.518,0.454,0.648,0.313,1,False
2924652,Pintadas,BA,Nordeste,80.0,0.988,0.557,0.55,0.645,0.612,0.446,0,False
1506161,Rio Maria,PA,Norte,256.0,0.855,0.557,0.477,0.542,0.638,0.451,0,False
3306107,Valença,RJ,Sudeste,860.0,0.835,0.557,0.465,0.511,0.738,0.228,1,False
2926707,Rio de Contas,BA,Nordeste,131.0,0.931,0.557,0.519,0.591,0.605,0.351,0,False
2600401,Água Preta,PE,Nordeste,184.0,0.946,0.557,0.527,0.436,0.553,0.554,0,False
4113601,Lobato,PR,Sul,60.0,0.867,0.558,0.483,0.188,0.744,0.14,1,False
2507507,João Pessoa,PB,Nordeste,6580.0,0.828,0.558,0.462,0.588,0.763,0.286,1,False
3136504,Jordânia,MG,Sudeste,98.0,0.878,0.558,0.49,0.368,0.628,0.416,0,False
2107506,Paço do Lumiar,MA,Nordeste,1816.0,0.852,0.558,0.476,0.468,0.724,0.404,0,False
4208203,Itajaí,SC,Sul,3464.0,0.625,0.558,0.349,0.555,0.795,0.148,1,True
4321956,Trindade do Sul,RS,Sul,99.0,0.778,0.558,0.434,0.536,0.687,0.363,1,True
3301405,Conceição de Macabu,RJ,Sudeste,205.0,0.873,0.559,0.488,0.5,0.712,0.287,1,False
2103604,Coroatá,MA,Nordeste,642.0,0.861,0.559,0.481,0.499,0.576,0.568,0,False
1705508,Colinas do Tocantins,TO,Norte,511.0,0.865,0.559,0.483,0.632,0.701,0.294,1,False
3512902,Cosmorama,SP,Sudeste,77.0,0.883,0.559,0.494,0.352,0.722,0.215,1,False
2205854,Madeiro,PI,Nordeste,102.0,1.0,0.559,0.559,0.408,0.563,0.534,0,False
3556701,Vinhedo,SP,Sudeste,706.0,0.935,0.559,0.523,0.405,0.817,0.164,1,False
5002803,Caracol,MS,Centro-Oeste,94.0,0.989,0.559,0.553,0.491,0.647,0.272,1,False
2614857,Tamandaré,PE,Nordeste,272.0,0.96,0.559,0.537,0.437,0.593,0.483,0,False
2901502,Anguera,BA,Nordeste,85.0,0.988,0.56,0.553,0.643,0.589,0.452,0,False
3134707,Jacinto,MG,Sudeste,129.0,0.845,0.56,0.473,0.448,0.62,0.467,0,False
2514503,São José de Piranhas,PB,Nordeste,139.0,0.964,0.56,0.54,0.493,0.591,0.357,0,False
3518404,Guaratinguetá,SP,Sudeste,978.0,0.924,0.56,0.517,0.432,0.798,0.173,1,False
3520103,Igarapava,SP,Sudeste,236.0,0.886,0.56,0.496,0.437,0.768,0.318,1,False
3300209,Araruama,RJ,Sudeste,1702.0,0.781,0.56,0.437,0.53,0.718,0.288,1,True
3101508,Além Paraíba,MG,Sudeste,295.0,0.878,0.56,0.492,0.401,0.726,0.279,1,False
3507902,Brotas,SP,Sudeste,220.0,0.982,0.56,0.55,0.399,0.74,0.197,1,False
4307906,Farroupilha,RS,Sul,766.0,0.918,0.56,0.514,0.498,0.777,0.155,1,False
3555505,Ubirajara,SP,Sudeste,70.0,0.943,0.561,0.529,0.384,0.727,0.186,1,False
4207304,Imbituba,SC,Sul,753.0,0.644,0.561,0.361,0.526,0.765,0.165,1,True
3113701,Carlos Chagas,MG,Sudeste,150.0,0.927,0.561,0.52,0.382,0.648,0.34,1,False
4314704,Planalto,RS,Sul,102.0,0.961,0.561,0.539,0.491,0.687,0.359,1,False
4108502,General Carneiro,PR,Sul,166.0,0.88,0.562,0.494,0.45,0.652,0.402,0,False
2111250,São José dos Basílios,MA,Nordeste,73.0,1.0,0.562,0.562,0.416,0.557,0.618,0,False
3543402,Ribeirão Preto,SP,Sudeste,5397.0,0.893,0.562,0.502,0.474,0.8,0.235,1,False
3513405,Cruzeiro,SP,Sudeste,486.0,0.93,0.562,0.523,0.479,0.788,0.192,1,False
3515194,Espírito Santo do Turvo,SP,Sudeste,52.0,0.923,0.562,0.519,0.348,0.696,0.228,1,False
3118403,Conselheiro Pena,MG,Sudeste,228.0,0.912,0.562,0.513,0.36,0.662,0.309,1,False
3530409,Mirassolândia,SP,Sudeste,50.0,0.96,0.562,0.54,0.378,0.738,0.274,1,False
4306106,Cruz Alta,RS,Sul,616.0,0.869,0.563,0.489,0.529,0.75,0.215,1,False
4300802,Antônio Prado,RS,Sul,95.0,0.916,0.563,0.516,0.428,0.758,0.168,1,False
2105500,João Lisboa,MA,Nordeste,280.0,0.875,0.563,0.493,0.408,0.641,0.458,0,False
4313201,Nova Petrópolis,RS,Sul,266.0,0.921,0.563,0.519,0.429,0.78,0.115,1,False
4318804,São Lourenço do Sul,RS,Sul,443.0,0.801,0.563,0.451,0.543,0.687,0.269,1,False
5006408,Pedro Gomes,MS,Centro-Oeste,128.0,0.859,0.564,0.484,0.49,0.671,0.29,1,False
1705557,Combinado,TO,Norte,57.0,0.965,0.564,0.544,0.485,0.697,0.328,1,False
4105003,Catanduvas,PR,Sul,139.0,0.842,0.564,0.475,0.315,0.678,0.346,1,False
3502903,Araçoiaba da Serra,SP,Sudeste,422.0,0.886,0.564,0.5,0.408,0.776,0.221,1,False
3522406,Itapeva,SP,Sudeste,1116.0,0.878,0.564,0.496,0.464,0.732,0.265,1,False
2210938,Sussuapara,PI,Nordeste,64.0,0.969,0.565,0.547,0.416,0.586,0.391,0,False
4310207,Ijuí,RS,Sul,838.0,0.915,0.565,0.517,0.509,0.781,0.199,1,False
2924702,Piripá,BA,Nordeste,89.0,0.955,0.565,0.539,0.586,0.575,0.43,0,False
4312252,Minas do Leão,RS,Sul,97.0,0.876,0.565,0.495,0.522,0.681,0.348,1,False
3137007,Ladainha,MG,Sudeste,102.0,0.833,0.565,0.471,0.514,0.541,0.517,0,False
3514908,Elias Fausto,SP,Sudeste,221.0,0.937,0.565,0.529,0.45,0.695,0.227,1,False
4315149,Presidente Lucena,RS,Sul,50.0,0.92,0.565,0.52,0.378,0.757,0.217,1,False
4322533,Vale do Sol,RS,Sul,51.0,0.902,0.565,0.51,0.54,0.624,0.207,1,False
4204558,Correia Pinto,SC,Sul,214.0,0.785,0.565,0.444,0.511,0.702,0.326,1,True
5000906,Antônio João,MS,Centro-Oeste,155.0,0.935,0.566,0.529,0.546,0.643,0.397,1,False
3550308,São Paulo,SP,Sudeste,107729.0,0.876,0.566,0.496,0.484,0.805,0.296,1,False
4126256,Sarandi,PR,Sul,1778.0,0.824,0.566,0.466,0.428,0.695,0.258,1,False
4304309,Cândido Godói,RS,Sul,55.0,0.964,0.566,0.545,0.46,0.728,0.205,1,False
2601904,Bezerros,PE,Nordeste,420.0,0.955,0.566,0.54,0.41,0.606,0.435,0,False
2110203,Santa Rita,MA,Nordeste,437.0,0.86,0.566,0.487,0.468,0.609,0.544,0,False
4302659,Brochier,RS,Sul,60.0,1.0,0.567,0.567,0.427,0.699,0.146,1,False
1501808,Breves,PA,Norte,1167.0,0.848,0.567,0.481,0.66,0.503,0.603,0,False
3531209,Monte Alegre do Sul,SP,Sudeste,64.0,0.938,0.567,0.531,0.377,0.759,0.14,1,False
5007950,Tacuru,MS,Centro-Oeste,200.0,0.935,0.567,0.53,0.568,0.593,0.521,0,False
2111532,São Pedro da Água Branca,MA,Nordeste,176.0,0.892,0.567,0.506,0.43,0.605,0.616,0,False
2405603,Jardim de Piranhas,RN,Nordeste,122.0,0.795,0.567,0.451,0.635,0.603,0.334,0,True
1716505,Pedro Afonso,TO,Norte,245.0,0.943,0.567,0.535,0.554,0.732,0.278,1,False
2614303,Moreilândia,PE,Nordeste,115.0,0.904,0.567,0.513,0.335,0.6,0.453,0,False
3539301,Pirassununga,SP,Sudeste,508.0,0.906,0.567,0.514,0.426,0.801,0.184,1,False
2515104,São Sebastião de Lagoa de Roça,PB,Nordeste,81.0,0.914,0.568,0.519,0.48,0.594,0.548,0,False
3503109,Arandu,SP,Sudeste,90.0,0.9,0.568,0.511,0.367,0.685,0.216,1,False
4204806,Curitibanos,SC,Sul,568.0,0.725,0.568,0.412,0.531,0.721,0.234,1,True
4304507,Canguçu,RS,Sul,357.0,0.947,0.568,0.538,0.524,0.65,0.249,1,False
4307104,Herval,RS,Sul,51.0,0.863,0.568,0.49,0.481,0.687,0.356,1,False
3536109,Pardinho,SP,Sudeste,107.0,0.888,0.568,0.505,0.319,0.727,0.194,1,False
1505635,Piçarra,PA,Norte,167.0,0.916,0.569,0.521,0.579,0.563,0.54,0,False
2917409,Jacaraci,BA,Nordeste,125.0,0.816,0.569,0.464,0.574,0.593,0.375,0,False
3142809,Monte Alegre de Minas,MG,Sudeste,237.0,0.92,0.569,0.523,0.386,0.674,0.291,1,False
4306007,Crissiumal,RS,Sul,125.0,0.928,0.569,0.528,0.485,0.712,0.22,1,False
2206605,Monte Alegre do Piauí,PI,Nordeste,117.0,0.991,0.569,0.564,0.441,0.578,0.446,0,False
4217600,Siderópolis,SC,Sul,140.0,0.879,0.569,0.5,0.428,0.774,0.132,1,False
2921005,Mata de São João,BA,Nordeste,707.0,0.9,0.569,0.512,0.615,0.668,0.401,1,False
3552304,Sud Mennucci,SP,Sudeste,74.0,0.878,0.569,0.5,0.35,0.747,0.212,1,False
2106706,Mirador,MA,Nordeste,238.0,0.908,0.569,0.517,0.485,0.545,0.634,0,False
2614105,Sertânia,PE,Nordeste,313.0,0.965,0.57,0.55,0.364,0.613,0.453,0,False
5006002,Nova Alvorada do Sul,MS,Centro-Oeste,396.0,0.962,0.57,0.548,0.513,0.694,0.308,1,False
4321907,Três Passos,RS,Sul,279.0,0.925,0.57,0.527,0.429,0.768,0.161,1,False
2111300,São Luís,MA,Nordeste,7041.0,0.888,0.57,0.506,0.534,0.768,0.313,1,False
2704005,Junqueiro,AL,Nordeste,302.0,0.901,0.57,0.513,0.535,0.575,0.459,0,False
3534302,Orlândia,SP,Sudeste,325.0,0.902,0.57,0.514,0.409,0.78,0.201,1,False
3549805,São José do Rio Preto,SP,Sudeste,3889.0,0.848,0.57,0.483,0.491,0.797,0.194,1,False
2609501,Nazaré da Mata,PE,Nordeste,227.0,0.974,0.57,0.555,0.375,0.662,0.412,0,False
3509700,Campos do Jordão,SP,Sudeste,495.0,0.893,0.57,0.509,0.471,0.749,0.258,1,False
5105150,Juína,MT,Centro-Oeste,572.0,0.846,0.57,0.483,0.499,0.716,0.272,1,False
1505502,Paragominas,PA,Norte,1635.0,0.884,0.571,0.505,0.612,0.645,0.43,0,False
4310801,Ivoti,RS,Sul,247.0,0.915,0.571,0.522,0.459,0.784,0.165,1,False
2600500,Águas Belas,PE,Nordeste,464.0,0.981,0.571,0.56,0.431,0.526,0.589,0,False
2804102,Moita Bonita,SE,Nordeste,92.0,0.989,0.571,0.565,0.582,0.587,0.431,0,False
3508207,Buritizal,SP,Sudeste,56.0,0.875,0.571,0.5,0.329,0.735,0.172,1,False
4315107,Porto Xavier,RS,Sul,72.0,0.972,0.571,0.556,0.397,0.723,0.229,1,False
4321436,Terra de Areia,RS,Sul,121.0,0.868,0.571,0.496,0.521,0.689,0.241,1,False
3302809,Mendes,RJ,Sudeste,163.0,0.902,0.571,0.515,0.423,0.736,0.259,1,False
1505650,Placas,PA,Norte,265.0,0.74,0.571,0.423,0.595,0.552,0.586,0,True
2102309,Buriti Bravo,MA,Nordeste,255.0,0.961,0.571,0.549,0.408,0.59,0.605,0,False
2200707,Anísio de Abreu,PI,Nordeste,127.0,0.992,0.571,0.567,0.365,0.594,0.451,0,False
2706422,Pariconha,AL,Nordeste,105.0,0.867,0.571,0.495,0.505,0.548,0.51,0,False
2616209,Vertentes,PE,Nordeste,176.0,0.955,0.571,0.545,0.396,0.582,0.469,0,False
2603207,Caetés,PE,Nordeste,380.0,0.958,0.571,0.547,0.395,0.522,0.567,0,False
3524907,Jambeiro,SP,Sudeste,68.0,0.926,0.571,0.529,0.345,0.756,0.177,1,False
3304300,Rio Bonito,RJ,Sudeste,646.0,0.817,0.572,0.467,0.498,0.71,0.268,1,False
5105903,Nobres,MT,Centro-Oeste,268.0,0.907,0.572,0.519,0.405,0.699,0.267,1,False
3507506,Botucatu,SP,Sudeste,1272.0,0.906,0.572,0.518,0.444,0.8,0.18,1,False
3553807,Taquarituba,SP,Sudeste,257.0,0.891,0.572,0.51,0.478,0.701,0.37,1,False
2109601,Rosário,MA,Nordeste,439.0,0.884,0.572,0.506,0.467,0.632,0.526,0,False
2100477,Alto Alegre do Pindaré,MA,Nordeste,354.0,0.938,0.572,0.537,0.448,0.558,0.571,0,False
2708956,Senador Rui Palmeira,AL,Nordeste,162.0,0.981,0.572,0.562,0.534,0.518,0.55,0,False
3303104,Natividade,RJ,Sudeste,136.0,0.809,0.573,0.463,0.437,0.73,0.244,1,False
4322806,Veranópolis,RS,Sul,225.0,0.916,0.573,0.524,0.431,0.773,0.132,1,False
3553500,Tapiraí,SP,Sudeste,105.0,0.981,0.573,0.562,0.421,0.681,0.325,1,False
4309100,Gramado,RS,Sul,496.0,0.897,0.573,0.514,0.484,0.764,0.117,1,False
2111201,São José de Ribamar,MA,Nordeste,2234.0,0.861,0.573,0.493,0.519,0.708,0.44,0,False
3541059,Pratânia,SP,Sudeste,91.0,0.901,0.573,0.516,0.424,0.701,0.207,1,False
4219853,Zortéa,SC,Sul,90.0,0.833,0.573,0.478,0.385,0.761,0.164,1,False
4119152,Pinhais,PR,Sul,1509.0,0.871,0.573,0.5,0.405,0.751,0.248,1,False
2106631,Matões do Norte,MA,Nordeste,72.0,0.944,0.574,0.542,0.464,0.533,0.586,0,False
3146305,Padre Paraíso,MG,Sudeste,198.0,0.96,0.574,0.551,0.442,0.596,0.483,0,False
3553203,Taiúva,SP,Sudeste,64.0,0.953,0.574,0.547,0.338,0.76,0.248,1,False
5003751,Eldorado,MS,Centro-Oeste,189.0,0.931,0.574,0.534,0.485,0.684,0.378,1,False
4215505,Santa Cecília,SC,Sul,258.0,0.891,0.574,0.512,0.51,0.698,0.282,1,False
3538600,Piracaia,SP,Sudeste,306.0,0.905,0.574,0.52,0.431,0.739,0.265,1,False
3509254,Cajati,SP,Sudeste,405.0,0.951,0.574,0.546,0.488,0.694,0.283,1,False
4300109,Agudo,RS,Sul,177.0,0.915,0.574,0.525,0.492,0.694,0.208,1,False
3535507,Paraguaçu Paulista,SP,Sudeste,454.0,0.89,0.574,0.511,0.427,0.762,0.254,1,False
3514106,Dois Córregos,SP,Sudeste,267.0,0.933,0.574,0.536,0.435,0.725,0.234,1,False
4310405,Independência,RS,Sul,51.0,0.922,0.574,0.529,0.526,0.693,0.26,1,False
1721000,Palmas,TO,Norte,3859.0,0.768,0.575,0.441,0.623,0.788,0.236,1,True
5215231,Novo Gama,GO,Centro-Oeste,1138.0,0.868,0.575,0.499,0.484,0.684,0.399,1,False
2608800,Lajedo,PE,Nordeste,430.0,0.947,0.575,0.544,0.364,0.611,0.405,0,False
5106232,Nova Olímpia,MT,Centro-Oeste,253.0,0.949,0.575,0.545,0.464,0.682,0.338,1,False
2503209,Cabedelo,PB,Nordeste,622.0,0.908,0.575,0.523,0.508,0.748,0.285,1,False
3515103,Embu-Guaçu,SP,Sudeste,832.0,0.909,0.575,0.523,0.457,0.749,0.339,1,False
2609204,Maraial,PE,Nordeste,107.0,0.991,0.575,0.57,0.383,0.534,0.556,0,False
4117305,Ortigueira,PR,Sul,305.0,0.803,0.576,0.462,0.418,0.609,0.462,0,False
2708600,São Miguel dos Campos,AL,Nordeste,609.0,0.926,0.576,0.534,0.513,0.623,0.365,1,False
2101301,Bacuri,MA,Nordeste,188.0,0.941,0.576,0.543,0.411,0.578,0.733,0,False
1101476,Primavera de Rondônia,RO,Norte,68.0,0.868,0.576,0.5,0.308,0.641,0.298,1,False
4103107,Bocaiúva do Sul,PR,Sul,261.0,0.877,0.576,0.506,0.474,0.64,0.402,0,False
2108256,Pedro do Rosário,MA,Nordeste,211.0,0.896,0.577,0.517,0.492,0.516,0.74,0,False
2607802,Itaquitinga,PE,Nordeste,83.0,0.94,0.577,0.542,0.426,0.586,0.604,0,False
4314423,Picada Café,RS,Sul,54.0,0.963,0.577,0.556,0.401,0.758,0.11,1,False
3305604,Silva Jardim,RJ,Sudeste,316.0,0.823,0.577,0.475,0.507,0.654,0.357,1,False
4314076,Passo do Sobrado,RS,Sul,54.0,0.963,0.577,0.556,0.427,0.698,0.217,1,False
3523107,Itaquaquecetuba,SP,Sudeste,5080.0,0.924,0.577,0.533,0.58,0.714,0.364,1,False
2709152,Teotônio Vilela,AL,Nordeste,431.0,0.884,0.577,0.51,0.593,0.564,0.516,0,False
4309605,Horizontina,RS,Sul,202.0,0.926,0.578,0.535,0.448,0.783,0.168,1,False
3516705,Garça,SP,Sudeste,328.0,0.924,0.578,0.534,0.408,0.769,0.188,1,False
4306403,Dois Irmãos,RS,Sul,358.0,0.953,0.578,0.55,0.501,0.743,0.2,1,False
2803005,Itabaianinha,SE,Nordeste,491.0,0.969,0.578,0.56,0.661,0.556,0.498,0,False
1718402,Presidente Kennedy,TO,Norte,51.0,0.882,0.578,0.51,0.601,0.669,0.411,1,False
3513603,Cunha,SP,Sudeste,145.0,0.931,0.578,0.538,0.499,0.684,0.321,0,False
2211001,Teresina,PI,Nordeste,7525.0,0.918,0.578,0.531,0.532,0.751,0.287,1,False
3532306,Natividade da Serra,SP,Sudeste,73.0,0.877,0.578,0.507,0.428,0.655,0.344,0,False
2609303,Mirandiba,PE,Nordeste,168.0,0.988,0.578,0.571,0.413,0.591,0.508,0,False
4216602,São José,SC,Sul,2845.0,0.662,0.578,0.383,0.553,0.809,0.18,1,True
4319406,São Pedro do Sul,RS,Sul,119.0,0.857,0.578,0.496,0.55,0.709,0.235,1,False
1501451,Belterra,PA,Norte,225.0,0.876,0.579,0.507,0.584,0.588,0.573,0,False
1301704,Humaitá,AM,Norte,822.0,0.927,0.579,0.536,0.645,0.605,0.476,0,False
3132701,Itambacuri,MG,Sudeste,228.0,0.917,0.579,0.531,0.405,0.634,0.424,0,False
4316451,Salto do Jacuí,RS,Sul,85.0,0.894,0.579,0.518,0.507,0.687,0.282,1,False
2202554,Caridade do Piauí,PI,Nordeste,59.0,0.966,0.579,0.559,0.485,0.541,0.546,0,False
2611507,Quipapá,PE,Nordeste,224.0,0.987,0.579,0.571,0.39,0.552,0.536,0,False
3135209,Januária,MG,Sudeste,740.0,0.912,0.579,0.528,0.366,0.658,0.426,0,False
2112506,Tutóia,MA,Nordeste,698.0,0.913,0.579,0.529,0.423,0.561,0.622,0,False
1505031,Novo Progresso,PA,Norte,563.0,0.828,0.579,0.48,0.605,0.673,0.413,1,False
4123303,Santa Cruz de Monte Castelo,PR,Sul,119.0,0.899,0.579,0.521,0.343,0.71,0.363,1,False
4104253,Campo Magro,PR,Sul,397.0,0.869,0.58,0.504,0.415,0.701,0.346,1,False
4306809,Encantado,RS,Sul,219.0,0.858,0.58,0.498,0.441,0.767,0.14,1,False
3512001,Colina,SP,Sudeste,200.0,0.94,0.58,0.545,0.41,0.757,0.264,1,False
3510609,Carapicuíba,SP,Sudeste,4469.0,0.89,0.58,0.516,0.525,0.749,0.368,1,False
3527306,Louveira,SP,Sudeste,719.0,0.868,0.58,0.503,0.428,0.777,0.133,1,False
5105622,Mirassol d'Oeste,MT,Centro-Oeste,329.0,0.927,0.58,0.538,0.431,0.704,0.257,1,False
4317608,Santo Antônio da Patrulha,RS,Sul,333.0,0.895,0.581,0.52,0.499,0.717,0.237,1,False
2603454,Camaragibe,PE,Nordeste,1270.0,0.939,0.581,0.545,0.463,0.692,0.408,1,False
5001003,Aparecida do Taboado,MS,Centro-Oeste,465.0,0.933,0.581,0.542,0.51,0.697,0.27,1,False
5001102,Aquidauana,MS,Centro-Oeste,695.0,0.927,0.581,0.538,0.559,0.688,0.329,1,False
2803302,Japaratuba,SE,Nordeste,169.0,0.988,0.581,0.574,0.623,0.621,0.472,0,False
2102101,Brejo,MA,Nordeste,289.0,0.941,0.581,0.547,0.394,0.562,0.584,0,False
3157708,Santa Juliana,MG,Sudeste,226.0,0.929,0.581,0.54,0.31,0.706,0.228,1,False
4103602,Cambará,PR,Sul,199.0,0.899,0.581,0.523,0.31,0.721,0.294,1,False
3552403,Sumaré,SP,Sudeste,3041.0,0.889,0.581,0.516,0.514,0.762,0.246,1,False
3530805,Mogi Mirim,SP,Sudeste,745.0,0.882,0.581,0.513,0.446,0.784,0.195,1,False
2932507,Una,BA,Nordeste,212.0,0.925,0.582,0.538,0.693,0.56,0.526,0,False
3525508,Joanópolis,SP,Sudeste,153.0,0.876,0.582,0.51,0.432,0.699,0.274,1,False
4110003,Iguaraçu,PR,Sul,81.0,0.827,0.582,0.481,0.23,0.758,0.197,1,False
5106240,Nova Ubiratã,MT,Centro-Oeste,233.0,0.914,0.582,0.532,0.447,0.669,0.328,1,False
3510500,Caraguatatuba,SP,Sudeste,1690.0,0.89,0.582,0.518,0.444,0.759,0.193,1,False
3533403,Nova Odessa,SP,Sudeste,529.0,0.928,0.582,0.541,0.395,0.791,0.144,1,False
2604106,Caruaru,PE,Nordeste,3309.0,0.932,0.583,0.544,0.457,0.677,0.31,1,False
1506138,Redenção,PA,Norte,1235.0,0.874,0.583,0.51,0.578,0.672,0.392,1,False
3134004,Itinga,MG,Sudeste,119.0,0.908,0.583,0.529,0.371,0.6,0.462,0,False
2804706,Nossa Senhora de Lourdes,SE,Nordeste,61.0,0.984,0.583,0.574,0.565,0.598,0.393,0,False
3524303,Jaboticabal,SP,Sudeste,487.0,0.922,0.584,0.538,0.436,0.778,0.196,1,False
3300258,Arraial do Cabo,RJ,Sudeste,486.0,0.776,0.584,0.453,0.47,0.733,0.204,1,True
2604502,Chã Grande,PE,Nordeste,256.0,0.957,0.584,0.559,0.36,0.599,0.449,0,False
2208205,Pio IX,PI,Nordeste,200.0,0.985,0.584,0.575,0.468,0.564,0.465,0,False
3549953,São Lourenço da Serra,SP,Sudeste,161.0,0.851,0.584,0.497,0.413,0.728,0.279,1,False
4308607,Garibaldi,RS,Sul,344.0,0.881,0.584,0.515,0.447,0.786,0.122,1,False
1505700,Ponta de Pedras,PA,Norte,318.0,0.931,0.584,0.544,0.636,0.562,0.613,0,False
5104609,Itiquira,MT,Centro-Oeste,234.0,0.885,0.585,0.517,0.434,0.693,0.246,1,False
3545704,Santa Albertina,SP,Sudeste,67.0,0.97,0.585,0.567,0.356,0.728,0.209,1,False
3535606,Paraibuna,SP,Sudeste,201.0,0.91,0.585,0.532,0.457,0.719,0.236,1,False
2205557,Lagoa Alegre,PI,Nordeste,97.0,0.969,0.585,0.567,0.402,0.55,0.499,0,False
2607505,Itaíba,PE,Nordeste,208.0,0.986,0.585,0.577,0.449,0.51,0.516,0,False
2109205,Presidente Juscelino,MA,Nordeste,84.0,0.976,0.585,0.571,0.426,0.563,0.658,0,False
3169604,Tupaciguara,MG,Sudeste,255.0,0.89,0.586,0.522,0.394,0.719,0.29,1,False
2504157,Casserengue,PB,Nordeste,91.0,0.956,0.586,0.56,0.465,0.514,0.513,0,False
3548609,São Bento do Sapucaí,SP,Sudeste,78.0,0.962,0.587,0.564,0.453,0.72,0.297,1,False
4203154,Calmon,SC,Sul,93.0,0.806,0.587,0.473,0.549,0.622,0.456,0,False
1303205,Novo Airão,AM,Norte,295.0,0.837,0.587,0.492,0.642,0.57,0.507,0,False
2107902,Passagem Franca,MA,Nordeste,214.0,0.939,0.587,0.551,0.426,0.532,0.611,0,False
5101308,Arenápolis,MT,Centro-Oeste,136.0,0.926,0.587,0.544,0.379,0.704,0.34,1,False
5002605,Camapuã,MS,Centro-Oeste,200.0,0.91,0.588,0.535,0.462,0.703,0.266,1,False
4200101,Abelardo Luz,SC,Sul,298.0,0.839,0.588,0.493,0.511,0.696,0.282,1,False
3301306,Casimiro de Abreu,RJ,Sudeste,615.0,0.813,0.588,0.478,0.496,0.726,0.252,1,False
3513108,Cravinhos,SP,Sudeste,391.0,0.857,0.588,0.504,0.41,0.756,0.175,1,False
3505500,Barretos,SP,Sudeste,1272.0,0.878,0.588,0.517,0.455,0.789,0.188,1,False
5005103,Jateí,MS,Centro-Oeste,72.0,0.944,0.588,0.556,0.363,0.708,0.287,1,False
5003108,Corguinho,MS,Centro-Oeste,69.0,0.986,0.588,0.58,0.464,0.671,0.27,1,False
1506708,Santana do Araguaia,PA,Norte,679.0,0.826,0.588,0.486,0.597,0.602,0.474,0,False
3117306,Conceição das Alagoas,MG,Sudeste,354.0,0.879,0.588,0.517,0.379,0.712,0.303,1,False
2107407,Olho d'Água das Cunhãs,MA,Nordeste,154.0,0.916,0.589,0.539,0.477,0.589,0.576,0,False
3531308,Monte Alto,SP,Sudeste,329.0,0.924,0.589,0.544,0.423,0.768,0.167,1,False
1200013,Acrelândia,AC,Norte,234.0,0.769,0.589,0.453,0.606,0.604,0.448,0,True
3550407,São Pedro,SP,Sudeste,372.0,0.876,0.589,0.516,0.452,0.755,0.203,1,False
3544004,Rio das Pedras,SP,Sudeste,325.0,0.898,0.589,0.529,0.392,0.759,0.24,1,False
5205521,Colinas do Sul,GO,Centro-Oeste,59.0,0.949,0.589,0.559,0.321,0.658,0.317,1,False
1703206,Bernardo Sayão,TO,Norte,58.0,0.966,0.589,0.569,0.582,0.638,0.364,0,False
3505906,Batatais,SP,Sudeste,505.0,0.941,0.589,0.554,0.438,0.761,0.252,1,False
2400505,Alexandria,RN,Nordeste,153.0,0.876,0.59,0.516,0.66,0.606,0.406,0,False
2105005,Humberto de Campos,MA,Nordeste,360.0,0.928,0.59,0.547,0.476,0.535,0.764,0,False
4312807,Nova Araçá,RS,Sul,73.0,0.836,0.59,0.493,0.313,0.785,0.099,1,False
5002209,Bonito,MS,Centro-Oeste,429.0,0.928,0.59,0.548,0.525,0.67,0.263,1,False
3550001,São Luís do Paraitinga,SP,Sudeste,93.0,0.946,0.591,0.559,0.395,0.697,0.283,1,False
2900306,Acajutiba,BA,Nordeste,102.0,0.912,0.591,0.539,0.62,0.582,0.539,0,False
2205201,Jaicós,PI,Nordeste,168.0,0.976,0.591,0.577,0.492,0.524,0.574,0,False
2914109,Ipupiara,BA,Nordeste,73.0,0.973,0.592,0.575,0.611,0.59,0.416,0,False
4310504,Iraí,RS,Sul,54.0,0.907,0.592,0.537,0.528,0.691,0.332,1,False
1720309,São Sebastião do Tocantins,TO,Norte,50.0,0.98,0.592,0.58,0.635,0.573,0.591,0,False
4205209,Erval Velho,SC,Sul,65.0,0.754,0.592,0.446,0.451,0.723,0.195,1,True
4214003,Presidente Getúlio,SC,Sul,303.0,0.736,0.592,0.436,0.48,0.759,0.18,1,True
3534609,Osvaldo Cruz,SP,Sudeste,233.0,0.957,0.592,0.567,0.355,0.762,0.199,1,False
3305000,São João da Barra,RJ,Sudeste,698.0,0.794,0.592,0.47,0.526,0.671,0.28,1,True
4204202,Chapecó,SC,Sul,3426.0,0.79,0.592,0.468,0.549,0.79,0.182,1,True
4202800,Braço do Norte,SC,Sul,515.0,0.757,0.592,0.449,0.475,0.778,0.136,1,True
5107958,Tangará da Serra,MT,Centro-Oeste,1354.0,0.875,0.592,0.518,0.483,0.729,0.227,1,False
2506301,Guarabira,PB,Nordeste,473.0,0.892,0.592,0.529,0.529,0.673,0.318,1,False
4308904,Getúlio Vargas,RS,Sul,173.0,0.936,0.593,0.555,0.437,0.746,0.199,1,False
2205565,Lagoa do Barro do Piauí,PI,Nordeste,83.0,0.976,0.593,0.578,0.465,0.502,0.682,0,False
4319356,São Pedro da Serra,RS,Sul,56.0,0.964,0.593,0.571,0.409,0.739,0.172,1,False
3128808,Guidoval,MG,Sudeste,86.0,0.942,0.593,0.558,0.364,0.683,0.215,1,False
2604007,Carpina,PE,Nordeste,614.0,0.928,0.593,0.55,0.422,0.68,0.385,1,False
2411403,Santana do Matos,RN,Nordeste,68.0,0.868,0.593,0.515,0.625,0.591,0.47,0,False
3525706,José Bonifácio,SP,Sudeste,339.0,0.944,0.594,0.56,0.356,0.777,0.19,1,False
3554201,Tejupá,SP,Sudeste,64.0,1.0,0.594,0.594,0.362,0.668,0.295,1,False
4103040,Boa Ventura de São Roque,PR,Sul,73.0,0.877,0.594,0.521,0.362,0.655,0.379,0,False
3302403,Macaé,RJ,Sudeste,3487.0,0.78,0.594,0.463,0.525,0.764,0.281,1,True
1300029,Alvarães,AM,Norte,261.0,0.897,0.594,0.533,0.565,0.527,0.608,0,False
1301001,Carauari,AM,Norte,418.0,0.813,0.594,0.483,0.63,0.549,0.659,0,False
4209706,Lebon Régis,SC,Sul,188.0,0.734,0.594,0.436,0.559,0.649,0.398,1,True
5300108,Brasília,DF,Centro-Oeste,27698.0,0.798,0.594,0.474,0.524,0.824,0.277,1,True
2610400,Parnamirim,PE,Nordeste,184.0,0.951,0.594,0.565,0.389,0.599,0.442,0,False
2614501,Surubim,PE,Nordeste,323.0,0.885,0.594,0.526,0.385,0.635,0.386,0,False
4216800,São José do Cerrito,SC,Sul,93.0,0.796,0.595,0.473,0.484,0.636,0.276,0,True
3157104,Salto da Divisa,MG,Sudeste,80.0,0.925,0.595,0.55,0.458,0.608,0.456,0,False
4303509,Camaquã,RS,Sul,647.0,0.866,0.595,0.515,0.544,0.697,0.233,1,False
3515202,Estrela d'Oeste,SP,Sudeste,89.0,0.888,0.595,0.528,0.337,0.76,0.149,1,False
4308201,Flores da Cunha,RS,Sul,310.0,0.9,0.595,0.535,0.471,0.754,0.213,1,False
1502202,Capanema,PA,Norte,772.0,0.845,0.595,0.503,0.539,0.655,0.388,0,False
2110005,Santa Luzia,MA,Nordeste,766.0,0.906,0.595,0.539,0.499,0.55,0.639,0,False
3110509,Camanducaia,MG,Sudeste,356.0,0.812,0.595,0.483,0.375,0.689,0.246,1,False
2514206,São José da Lagoa Tapada,PB,Nordeste,84.0,1.0,0.595,0.595,0.481,0.53,0.499,0,False
5003801,Fátima do Sul,MS,Centro-Oeste,277.0,0.91,0.595,0.542,0.45,0.714,0.253,1,False
3512803,Cosmópolis,SP,Sudeste,558.0,0.948,0.595,0.565,0.455,0.769,0.258,1,False
2111003,São João Batista,MA,Nordeste,98.0,0.908,0.596,0.541,0.443,0.598,0.673,0,False
1303007,Nhamundá,AM,Norte,138.0,0.986,0.596,0.587,0.62,0.586,0.615,0,False
2403400,Equador,RN,Nordeste,58.0,0.81,0.596,0.483,0.622,0.623,0.407,0,False
2615003,Taquaritinga do Norte,PE,Nordeste,250.0,0.94,0.596,0.56,0.349,0.641,0.385,0,False
2307304,Juazeiro do Norte,CE,Nordeste,2396.0,0.985,0.596,0.587,0.204,0.694,0.312,1,False
4208807,Jaguaruna,SC,Sul,414.0,0.729,0.596,0.435,0.535,0.721,0.195,1,True
3124203,Espera Feliz,MG,Sudeste,242.0,0.86,0.596,0.512,0.366,0.663,0.285,1,False
5107040,Primavera do Leste,MT,Centro-Oeste,1216.0,0.872,0.596,0.52,0.474,0.752,0.22,1,False
2616001,Venturosa,PE,Nordeste,113.0,0.965,0.596,0.575,0.371,0.592,0.5,0,False
3138625,Limeira do Oeste,MG,Sudeste,127.0,0.937,0.597,0.559,0.317,0.71,0.355,1,False
3533007,Nova Granada,SP,Sudeste,190.0,0.953,0.597,0.568,0.392,0.739,0.231,1,False
2610103,Palmeirina,PE,Nordeste,63.0,0.984,0.597,0.587,0.343,0.549,0.488,0,False
1702554,Augustinópolis,TO,Norte,206.0,0.927,0.597,0.553,0.636,0.67,0.406,0,False
4317905,Santo Cristo,RS,Sul,142.0,0.979,0.597,0.585,0.467,0.738,0.19,1,False
2608453,Lagoa do Carro,PE,Nordeste,141.0,0.986,0.597,0.589,0.366,0.609,0.471,0,False
2403004,Cruzeta,RN,Nordeste,82.0,0.878,0.597,0.524,0.573,0.654,0.311,1,False
2111573,São Pedro dos Crentes,MA,Nordeste,81.0,0.889,0.597,0.531,0.431,0.6,0.422,0,False
5104526,Ipiranga do Norte,MT,Centro-Oeste,168.0,0.887,0.597,0.53,0.349,0.727,0.201,1,False
5105101,Juara,MT,Centro-Oeste,435.0,0.897,0.597,0.536,0.45,0.682,0.291,1,False
4212254,Passo de Torres,SC,Sul,226.0,0.704,0.597,0.42,0.511,0.72,0.203,1,True
3302700,Maricá,RJ,Sudeste,2345.0,0.83,0.598,0.496,0.537,0.765,0.315,1,False
3526407,Laranjal Paulista,SP,Sudeste,294.0,0.922,0.598,0.551,0.404,0.729,0.199,1,False
3510708,Cardoso,SP,Sudeste,101.0,0.96,0.598,0.574,0.392,0.722,0.302,1,False
5007802,Selvíria,MS,Centro-Oeste,98.0,0.99,0.598,0.592,0.442,0.682,0.356,1,False
3542206,Rancharia,SP,Sudeste,376.0,0.92,0.598,0.551,0.391,0.751,0.191,1,False
2600203,Afrânio,PE,Nordeste,174.0,0.989,0.599,0.592,0.381,0.588,0.474,0,False
1100080,Costa Marques,RO,Norte,215.0,0.916,0.599,0.549,0.433,0.611,0.493,0,False
4317400,Santiago,RS,Sul,432.0,0.907,0.599,0.544,0.502,0.766,0.184,1,False
2201200,Barras,PI,Nordeste,573.0,0.972,0.6,0.583,0.455,0.595,0.436,0,False
3506003,Bauru,SP,Sudeste,3189.0,0.874,0.6,0.524,0.449,0.801,0.208,1,False
4203303,Campo Alegre,SC,Sul,179.0,0.81,0.6,0.486,0.503,0.714,0.206,1,False
3504909,Bananal,SP,Sudeste,82.0,0.854,0.6,0.512,0.458,0.733,0.26,1,False
3509908,Cananéia,SP,Sudeste,129.0,0.93,0.6,0.558,0.489,0.72,0.26,1,False
3144300,Nanuque,MG,Sudeste,349.0,0.888,0.6,0.533,0.355,0.701,0.32,1,False
1504109,Magalhães Barata,PA,Norte,65.0,0.923,0.6,0.554,0.573,0.597,0.48,0,False
2407252,Major Sales,RN,Nordeste,50.0,0.9,0.6,0.54,0.555,0.617,0.385,1,False
3157906,Santa Margarida,MG,Sudeste,193.0,0.881,0.6,0.528,0.462,0.61,0.341,0,False
2902302,Aratuípe,BA,Nordeste,112.0,0.714,0.6,0.429,0.648,0.575,0.466,0,True
2202711,Cocal de Telha,PI,Nordeste,61.0,0.984,0.6,0.59,0.478,0.555,0.502,0,False
5103858,Gaúcha do Norte,MT,Centro-Oeste,114.0,0.877,0.6,0.526,0.454,0.615,0.368,0,False
2921807,Mortugaba,BA,Nordeste,118.0,0.89,0.6,0.534,0.566,0.618,0.336,0,False
3141504,Mendes Pimentel,MG,Sudeste,55.0,1.0,0.6,0.6,0.365,0.626,0.349,0,False
3513801,Diadema,SP,Sudeste,4153.0,0.907,0.6,0.544,0.509,0.757,0.3,1,False
2111904,Sucupira do Norte,MA,Nordeste,110.0,1.0,0.6,0.6,0.426,0.579,0.62,0,False
3546306,Santa Cruz das Palmeiras,SP,Sudeste,319.0,0.871,0.601,0.524,0.475,0.728,0.289,1,False
3135050,Jaíba,MG,Sudeste,595.0,0.901,0.601,0.541,0.377,0.638,0.355,1,False
5107305,São José do Rio Claro,MT,Centro-Oeste,250.0,0.912,0.601,0.548,0.405,0.682,0.305,1,False
1503606,Itaituba,PA,Norte,2189.0,0.835,0.601,0.502,0.585,0.64,0.452,0,False
3508801,Cafelândia,SP,Sudeste,191.0,0.932,0.601,0.56,0.397,0.742,0.249,1,False
4312658,Não-Me-Toque,RS,Sul,181.0,0.873,0.601,0.525,0.418,0.765,0.139,1,False
3300936,Carapebus,RJ,Sudeste,171.0,0.807,0.601,0.485,0.456,0.713,0.323,1,False
5200605,Alto Paraíso de Goiás,GO,Centro-Oeste,130.0,0.985,0.602,0.592,0.305,0.713,0.322,1,False
4313300,Nova Prata,RS,Sul,277.0,0.888,0.602,0.534,0.469,0.766,0.153,1,False
5004304,Iguatemi,MS,Centro-Oeste,250.0,0.964,0.602,0.58,0.511,0.662,0.313,1,False
5005707,Naviraí,MS,Centro-Oeste,887.0,0.903,0.602,0.543,0.51,0.7,0.265,1,False
3532405,Nazaré Paulista,SP,Sudeste,231.0,0.913,0.602,0.55,0.438,0.678,0.307,1,False
2614006,Serrita,PE,Nordeste,212.0,0.948,0.602,0.571,0.351,0.595,0.442,0,False
4206603,Guarujá do Sul,SC,Sul,95.0,0.979,0.602,0.589,0.404,0.73,0.206,1,False
3535309,Palmital,SP,Sudeste,184.0,0.929,0.602,0.56,0.37,0.746,0.192,1,False
1100403,Alto Paraíso,RO,Norte,200.0,0.855,0.602,0.515,0.414,0.625,0.372,0,False
3107505,Bom Jardim de Minas,MG,Sudeste,92.0,0.902,0.602,0.543,0.372,0.673,0.312,1,False
2502409,Bonito de Santa Fé,PB,Nordeste,88.0,0.943,0.602,0.568,0.472,0.574,0.362,0,False
3538709,Piracicaba,SP,Sudeste,3999.0,0.9,0.603,0.543,0.458,0.785,0.24,1,False
3517208,Guaiçara,SP,Sudeste,137.0,0.92,0.603,0.555,0.39,0.739,0.174,1,False
2200103,Agricolândia,PI,Nordeste,64.0,0.984,0.603,0.594,0.385,0.599,0.536,0,False
3553302,Tambaú,SP,Sudeste,201.0,0.94,0.603,0.567,0.463,0.731,0.22,1,False
2105427,Itinga do Maranhão,MA,Nordeste,271.0,0.93,0.603,0.561,0.453,0.63,0.467,0,False
4209904,Lontras,SC,Sul,215.0,0.833,0.603,0.502,0.511,0.704,0.156,1,False
4311106,Jaguari,RS,Sul,67.0,0.866,0.603,0.522,0.446,0.712,0.221,1,False
3306206,Vassouras,RJ,Sudeste,407.0,0.855,0.603,0.516,0.469,0.714,0.209,1,False
3556800,Viradouro,SP,Sudeste,166.0,0.958,0.604,0.578,0.389,0.739,0.21,1,False
4219705,Xaxim,SC,Sul,526.0,0.806,0.604,0.487,0.529,0.752,0.202,1,False
3500402,Águas da Prata,SP,Sudeste,55.0,0.964,0.604,0.582,0.339,0.781,0.181,1,False
3509304,Cajobi,SP,Sudeste,102.0,0.941,0.604,0.569,0.382,0.734,0.296,1,False
3517604,Guapiara,SP,Sudeste,153.0,0.941,0.604,0.569,0.477,0.675,0.361,0,False
4204608,Criciúma,SC,Sul,2449.0,0.826,0.604,0.499,0.531,0.788,0.148,1,False
5108402,Várzea Grande,MT,Centro-Oeste,4165.0,0.908,0.604,0.549,0.555,0.734,0.329,1,False
5220454,Senador Canedo,GO,Centro-Oeste,2084.0,0.92,0.605,0.556,0.434,0.701,0.362,1,False
3148707,Pedra Azul,MG,Sudeste,236.0,0.911,0.605,0.551,0.494,0.627,0.447,0,False
4302006,Barros Cassal,RS,Sul,99.0,0.869,0.605,0.525,0.487,0.65,0.28,1,False
2105401,Itapecuru Mirim,MA,Nordeste,801.0,0.964,0.605,0.583,0.49,0.599,0.527,0,False
3304128,Quatis,RJ,Sudeste,134.0,0.851,0.605,0.515,0.501,0.69,0.2,1,False
4100103,Abatiá,PR,Sul,92.0,0.826,0.605,0.5,0.321,0.687,0.285,1,False
3154101,Recreio,MG,Sudeste,85.0,0.894,0.605,0.541,0.363,0.692,0.262,1,False
2613503,São José do Belmonte,PE,Nordeste,424.0,0.962,0.605,0.583,0.369,0.61,0.453,0,False
5101258,Araputanga,MT,Centro-Oeste,189.0,0.952,0.606,0.577,0.373,0.725,0.243,1,False
4211009,Mondaí,SC,Sul,120.0,0.867,0.606,0.525,0.495,0.748,0.263,1,False
3540002,Pompéia,SP,Sudeste,189.0,0.899,0.606,0.545,0.351,0.786,0.159,1,False
3542404,Regente Feijó,SP,Sudeste,184.0,0.924,0.606,0.56,0.364,0.768,0.161,1,False
2104057,Estreito,MA,Nordeste,557.0,0.898,0.606,0.544,0.479,0.659,0.353,0,False
4116208,Morretes,PR,Sul,273.0,0.846,0.606,0.513,0.386,0.686,0.28,1,False
2305266,Ibaretama,CE,Nordeste,133.0,0.992,0.606,0.602,0.132,0.577,0.523,0,False
2602100,Bom Conselho,PE,Nordeste,474.0,0.975,0.606,0.591,0.432,0.563,0.558,0,False
2509404,Mogeiro,PB,Nordeste,99.0,1.0,0.606,0.606,0.508,0.574,0.574,0,False
3154606,Ribeirão das Neves,MG,Sudeste,3989.0,0.858,0.606,0.52,0.529,0.684,0.372,1,False
3550100,São Manuel,SP,Sudeste,443.0,0.935,0.606,0.567,0.406,0.744,0.213,1,False
2112902,Vitória do Mearim,MA,Nordeste,270.0,0.922,0.606,0.559,0.464,0.596,0.515,0,False
2608404,Jurema,PE,Nordeste,158.0,0.981,0.606,0.595,0.41,0.509,0.566,0,False
3547304,Santana de Parnaíba,SP,Sudeste,1911.0,0.887,0.606,0.538,0.454,0.814,0.269,1,False
5107602,Rondonópolis,MT,Centro-Oeste,3333.0,0.89,0.607,0.54,0.488,0.755,0.214,1,False
4305702,Condor,RS,Sul,71.0,0.859,0.607,0.521,0.389,0.747,0.194,1,False
5106307,Paranatinga,MT,Centro-Oeste,360.0,0.856,0.607,0.519,0.523,0.667,0.337,1,False
2509396,Maturéia,PB,Nordeste,86.0,0.977,0.607,0.593,0.531,0.572,0.463,0,False
4209508,Laurentino,SC,Sul,111.0,0.757,0.607,0.459,0.41,0.749,0.13,1,True
2108405,Peri Mirim,MA,Nordeste,90.0,0.933,0.607,0.567,0.422,0.599,0.602,0,False
3205002,Serra,ES,Sudeste,7433.0,0.86,0.607,0.523,0.428,0.739,0.305,1,False
3502200,Angatuba,SP,Sudeste,263.0,0.882,0.608,0.536,0.464,0.719,0.227,1,False
4310439,Ipê,RS,Sul,58.0,0.879,0.608,0.534,0.391,0.728,0.241,1,False
2206209,Miguel Alves,PI,Nordeste,348.0,0.945,0.608,0.575,0.465,0.539,0.601,0,False
3132305,Itaipé,MG,Sudeste,143.0,0.874,0.608,0.531,0.403,0.552,0.403,0,False
5103502,Diamantino,MT,Centro-Oeste,336.0,0.866,0.608,0.527,0.423,0.718,0.254,1,False
4119954,Pontal do Paraná,PR,Sul,478.0,0.812,0.608,0.494,0.333,0.738,0.198,1,False
2104677,Governador Nunes Freire,MA,Nordeste,324.0,0.867,0.609,0.528,0.482,0.569,0.574,0,False
3551900,Severínia,SP,Sudeste,180.0,0.894,0.609,0.544,0.401,0.715,0.286,1,False
4218707,Tubarão,SC,Sul,1201.0,0.719,0.609,0.438,0.494,0.796,0.121,1,True
3300100,Angra dos Reis,RJ,Sudeste,2075.0,0.856,0.609,0.521,0.569,0.724,0.259,1,False
4126504,Sertanópolis,PR,Sul,166.0,0.801,0.609,0.488,0.302,0.723,0.185,1,False
4105805,Colombo,PR,Sul,3671.0,0.845,0.609,0.515,0.483,0.733,0.317,1,False
1707009,Dianópolis,TO,Norte,262.0,0.889,0.609,0.542,0.612,0.701,0.337,1,False
1101708,Urupá,RO,Norte,157.0,0.93,0.61,0.567,0.403,0.609,0.386,0,False
3547809,Santo André,SP,Sudeste,5175.0,0.871,0.61,0.531,0.515,0.815,0.27,1,False
3540507,Porangaba,SP,Sudeste,92.0,0.891,0.61,0.543,0.435,0.703,0.264,1,False
3543253,Ribeirão Grande,SP,Sudeste,87.0,0.943,0.61,0.575,0.437,0.705,0.286,1,False
2904506,Brotas de Macaúbas,BA,Nordeste,82.0,1.0,0.61,0.61,0.628,0.57,0.476,0,False
2509701,Monteiro,PB,Nordeste,313.0,0.958,0.61,0.585,0.506,0.628,0.384,0,False
1716703,Colméia,TO,Norte,75.0,0.787,0.61,0.48,0.549,0.671,0.301,1,True
3503901,Arujá,SP,Sudeste,1099.0,0.924,0.61,0.564,0.455,0.784,0.287,1,False
3527009,Lindóia,SP,Sudeste,84.0,0.917,0.61,0.56,0.365,0.742,0.19,1,False
2101905,Bequimão,MA,Nordeste,83.0,0.928,0.61,0.566,0.423,0.601,0.665,0,False
2509008,Manaíra,PB,Nordeste,101.0,0.941,0.611,0.574,0.505,0.543,0.512,0,False
4318101,São Francisco de Assis,RS,Sul,144.0,0.785,0.611,0.479,0.512,0.675,0.299,1,True
4322608,Venâncio Aires,RS,Sul,529.0,0.922,0.611,0.563,0.535,0.712,0.173,1,False
4126801,Tapejara,PR,Sul,169.0,0.882,0.611,0.538,0.301,0.703,0.184,1,False
2806701,São Cristóvão,SE,Nordeste,829.0,0.971,0.611,0.593,0.699,0.662,0.434,1,False
4119301,Pinhão,PR,Sul,493.0,0.903,0.611,0.552,0.434,0.654,0.369,1,False
3552106,Socorro,SP,Sudeste,279.0,0.885,0.611,0.541,0.395,0.729,0.223,1,False
3155504,Rio Paranaíba,MG,Sudeste,222.0,0.869,0.611,0.532,0.35,0.709,0.233,1,False
1702406,Arraias,TO,Norte,95.0,0.895,0.612,0.547,0.586,0.651,0.39,0,False
3532207,Narandiba,SP,Sudeste,91.0,0.934,0.612,0.571,0.331,0.718,0.329,1,False
1707108,Divinópolis do Tocantins,TO,Norte,97.0,0.876,0.612,0.536,0.548,0.683,0.335,1,False
3541406,Presidente Prudente,SP,Sudeste,1910.0,0.894,0.612,0.547,0.457,0.806,0.178,1,False
2912004,Ibiassucê,BA,Nordeste,67.0,1.0,0.612,0.612,0.616,0.611,0.367,0,False
4201406,Araranguá,SC,Sul,883.0,0.718,0.612,0.439,0.548,0.76,0.183,1,True
4315701,Rio Pardo,RS,Sul,368.0,0.861,0.612,0.527,0.536,0.693,0.304,1,False
1508159,Uruará,PA,Norte,464.0,0.856,0.612,0.524,0.622,0.589,0.504,0,False
4309704,Humaitá,RS,Sul,51.0,0.961,0.612,0.588,0.394,0.738,0.182,1,False
2102556,Campestre do Maranhão,MA,Nordeste,194.0,0.918,0.612,0.562,0.442,0.652,0.435,0,False
3536208,Pariquera-Açu,SP,Sudeste,194.0,0.892,0.613,0.546,0.44,0.736,0.227,1,False
3205150,Vila Pavão,ES,Sudeste,68.0,0.912,0.613,0.559,0.275,0.681,0.268,1,False
4217253,São Pedro de Alcântara,SC,Sul,74.0,0.838,0.613,0.514,0.425,0.734,0.235,1,False
5002308,Brasilândia,MS,Centro-Oeste,203.0,0.892,0.613,0.547,0.437,0.701,0.327,1,False
4312906,Nova Bassano,RS,Sul,84.0,0.893,0.613,0.548,0.414,0.747,0.143,1,False
3530300,Mirassol,SP,Sudeste,520.0,0.94,0.613,0.577,0.459,0.762,0.181,1,False
4112702,Jataizinho,PR,Sul,154.0,0.857,0.614,0.526,0.324,0.687,0.279,1,False
3304003,Piraí,RJ,Sudeste,332.0,0.834,0.614,0.512,0.439,0.708,0.238,1,False
3515509,Fernandópolis,SP,Sudeste,571.0,0.893,0.614,0.548,0.398,0.797,0.158,1,False
4100202,Adrianópolis,PR,Sul,75.0,0.933,0.614,0.573,0.299,0.667,0.414,0,False
4203956,Capivari de Baixo,SC,Sul,347.0,0.643,0.614,0.395,0.474,0.767,0.144,1,True
3513900,Divinolândia,SP,Sudeste,88.0,0.943,0.614,0.58,0.449,0.734,0.255,1,False
2707602,Quebrangulo,AL,Nordeste,171.0,0.971,0.614,0.596,0.536,0.559,0.455,0,False
3532827,Nova Campina,SP,Sudeste,113.0,0.965,0.615,0.593,0.41,0.651,0.352,1,False
3548005,Santo Antônio de Posse,SP,Sudeste,236.0,0.903,0.615,0.555,0.418,0.702,0.216,1,False
3519055,Holambra,SP,Sudeste,155.0,0.923,0.615,0.568,0.313,0.793,0.117,1,False
4208104,Itaiópolis,SC,Sul,324.0,0.762,0.615,0.469,0.523,0.708,0.234,1,True
3170107,Uberaba,MG,Sudeste,3431.0,0.833,0.615,0.513,0.408,0.772,0.206,1,False
3504602,Bady Bassitt,SP,Sudeste,282.0,0.904,0.616,0.557,0.428,0.746,0.164,1,False
4210407,Maracajá,SC,Sul,130.0,0.762,0.616,0.469,0.491,0.768,0.162,1,True
3135803,Jequitinhonha,MG,Sudeste,189.0,0.91,0.616,0.561,0.402,0.615,0.442,0,False
3136009,Joaíma,MG,Sudeste,146.0,0.911,0.617,0.562,0.433,0.587,0.493,0,False
4107306,Doutor Camargo,PR,Sul,67.0,0.896,0.617,0.552,0.234,0.746,0.255,1,False
3544103,Rio Grande da Serra,SP,Sudeste,423.0,0.931,0.617,0.574,0.411,0.749,0.339,1,False
3500303,Aguaí,SP,Sudeste,407.0,0.872,0.617,0.538,0.43,0.715,0.286,1,False
3170008,Ubaí,MG,Sudeste,99.0,0.949,0.617,0.586,0.404,0.609,0.526,0,False
3549102,São João da Boa Vista,SP,Sudeste,696.0,0.901,0.617,0.556,0.419,0.797,0.16,1,False
4122206,Rio Branco do Sul,PR,Sul,486.0,0.903,0.617,0.558,0.443,0.679,0.386,1,False
4111902,Jaguapitã,PR,Sul,239.0,0.82,0.617,0.506,0.261,0.715,0.204,1,False
2202000,Buriti dos Lopes,PI,Nordeste,303.0,0.983,0.617,0.607,0.472,0.565,0.515,0,False
5005806,Nioaque,MS,Centro-Oeste,212.0,0.863,0.617,0.533,0.528,0.639,0.432,0,False
5108907,Nova Maringá,MT,Centro-Oeste,121.0,0.843,0.618,0.521,0.391,0.663,0.277,1,False
2208106,Pimenteiras,PI,Nordeste,73.0,0.932,0.618,0.575,0.453,0.566,0.447,0,False
2511608,Pilões,PB,Nordeste,98.0,0.908,0.618,0.561,0.498,0.56,0.521,0,False
2931053,Tanque Novo,BA,Nordeste,188.0,0.947,0.618,0.585,0.605,0.599,0.419,0,False
1706100,Cristalândia,TO,Norte,98.0,0.908,0.618,0.561,0.511,0.673,0.324,1,False
1716653,Pequizeiro,TO,Norte,59.0,0.932,0.618,0.576,0.593,0.627,0.44,0,False
5108055,Terra Nova do Norte,MT,Centro-Oeste,179.0,0.922,0.618,0.57,0.379,0.698,0.3,1,False
2701357,Campestre,AL,Nordeste,98.0,0.99,0.619,0.612,0.556,0.559,0.555,0,False
5205497,Cidade Ocidental,GO,Centro-Oeste,1279.0,0.955,0.619,0.591,0.398,0.717,0.374,1,False
5003157,Coronel Sapucaia,MS,Centro-Oeste,364.0,0.937,0.619,0.58,0.568,0.589,0.485,0,False
3556404,Vargem Grande do Sul,SP,Sudeste,403.0,0.918,0.619,0.568,0.487,0.737,0.297,1,False
3557105,Votuporanga,SP,Sudeste,790.0,0.941,0.619,0.582,0.405,0.79,0.151,1,False
3536505,Paulínia,SP,Sudeste,1147.0,0.907,0.619,0.561,0.434,0.795,0.192,1,False
3526704,Leme,SP,Sudeste,1066.0,0.932,0.619,0.577,0.5,0.744,0.303,1,False
1302702,Manicoré,AM,Norte,603.0,0.924,0.619,0.572,0.558,0.582,0.547,0,False
3523909,Itu,SP,Sudeste,1783.0,0.884,0.62,0.548,0.503,0.773,0.209,1,False
3552700,Tabatinga,SP,Sudeste,187.0,0.914,0.62,0.567,0.421,0.704,0.274,1,False
2209203,Santa Filomena,PI,Nordeste,104.0,0.962,0.62,0.596,0.504,0.544,0.545,0,False
5007695,São Gabriel do Oeste,MS,Centro-Oeste,504.0,0.95,0.62,0.589,0.443,0.729,0.166,1,False
1300144,Apuí,AM,Norte,367.0,0.668,0.62,0.414,0.583,0.637,0.48,0,True
2200400,Altos,PI,Nordeste,612.0,0.943,0.62,0.585,0.48,0.614,0.506,0,False
3520301,Iguape,SP,Sudeste,311.0,0.932,0.621,0.579,0.439,0.726,0.258,1,False
3143203,Monte Santo de Minas,MG,Sudeste,184.0,0.946,0.621,0.587,0.407,0.71,0.233,1,False
2606705,Ibirajuba,PE,Nordeste,61.0,0.951,0.621,0.59,0.323,0.58,0.491,0,False
1508126,Ulianópolis,PA,Norte,411.0,0.917,0.621,0.569,0.629,0.604,0.509,0,False
4201703,Ascurra,SC,Sul,104.0,0.837,0.621,0.519,0.403,0.742,0.124,1,False
4108700,Grandes Rios,PR,Sul,103.0,0.845,0.621,0.524,0.313,0.658,0.32,1,False
3161106,São Francisco,MG,Sudeste,657.0,0.932,0.621,0.578,0.43,0.638,0.389,0,False
4120903,Quedas do Iguaçu,PR,Sul,521.0,0.871,0.621,0.541,0.372,0.681,0.364,1,False
1303403,Parintins,AM,Norte,1573.0,0.861,0.621,0.535,0.58,0.658,0.489,0,False
2102903,Carutapera,MA,Nordeste,334.0,0.862,0.622,0.536,0.506,0.574,0.627,0,False
3510807,Casa Branca,SP,Sudeste,244.0,0.889,0.622,0.553,0.418,0.73,0.179,1,False
4118907,Pérola,PR,Sul,146.0,0.925,0.622,0.575,0.29,0.7,0.192,1,False
4218400,Treze de Maio,SC,Sul,102.0,0.882,0.622,0.549,0.454,0.729,0.16,1,False
3540804,Potirendaba,SP,Sudeste,223.0,0.879,0.622,0.547,0.329,0.747,0.184,1,False
5203302,Bela Vista de Goiás,GO,Centro-Oeste,388.0,0.936,0.623,0.582,0.344,0.716,0.346,1,False
4118204,Paranaguá,PR,Sul,1583.0,0.793,0.623,0.494,0.411,0.75,0.215,1,True
4312153,Mato Leitão,RS,Sul,54.0,0.981,0.623,0.611,0.378,0.746,0.16,1,False
2504033,Capim,PB,Nordeste,117.0,0.906,0.623,0.564,0.486,0.533,0.627,0,False
5221080,Teresina de Goiás,GO,Centro-Oeste,61.0,1.0,0.623,0.623,0.317,0.661,0.467,0,False
3511706,Charqueada,SP,Sudeste,198.0,0.924,0.623,0.576,0.391,0.736,0.225,1,False
2701605,Canapi,AL,Nordeste,204.0,0.975,0.623,0.608,0.546,0.506,0.599,0,False
4120507,Primeiro de Maio,PR,Sul,121.0,0.702,0.624,0.438,0.308,0.701,0.262,1,True
3204807,São José do Calçado,ES,Sudeste,113.0,0.894,0.624,0.558,0.305,0.688,0.245,1,False
2512408,Puxinanã,PB,Nordeste,216.0,0.972,0.624,0.606,0.5,0.617,0.397,0,False
3519402,Ibirá,SP,Sudeste,125.0,0.936,0.624,0.584,0.405,0.74,0.206,1,False
3113305,Carangola,MG,Sudeste,304.0,0.849,0.624,0.53,0.352,0.695,0.246,1,False
4318408,São Jerônimo,RS,Sul,156.0,0.853,0.624,0.532,0.482,0.696,0.273,1,False
4114104,Mandaguaçu,PR,Sul,375.0,0.901,0.624,0.563,0.322,0.718,0.178,1,False
4127106,Telêmaco Borba,PR,Sul,1051.0,0.876,0.624,0.547,0.364,0.734,0.267,1,False
3100906,Águas Formosas,MG,Sudeste,198.0,0.955,0.624,0.596,0.348,0.645,0.394,0,False
2609600,Olinda,PE,Nordeste,2817.0,0.965,0.625,0.602,0.513,0.735,0.351,1,False
5103908,General Carneiro,MT,Centro-Oeste,91.0,0.703,0.625,0.44,0.434,0.67,0.374,0,True
5107941,Tabaporã,MT,Centro-Oeste,203.0,0.867,0.625,0.542,0.378,0.695,0.225,1,False
3302056,Italva,RJ,Sudeste,117.0,0.889,0.625,0.556,0.452,0.688,0.253,1,False
4304713,Caraá,RS,Sul,50.0,0.96,0.625,0.6,0.529,0.652,0.241,1,False
2601003,Angelim,PE,Nordeste,91.0,0.967,0.625,0.604,0.36,0.572,0.506,0,False
4321402,Tenente Portela,RS,Sul,118.0,0.949,0.625,0.593,0.527,0.708,0.322,1,False
1200351,Marechal Thaumaturgo,AC,Norte,162.0,0.84,0.625,0.525,0.687,0.501,0.61,0,False
3548906,São Carlos,SP,Sudeste,2259.0,0.907,0.625,0.567,0.423,0.805,0.187,1,False
1508050,Trairão,PA,Norte,265.0,0.857,0.626,0.536,0.643,0.562,0.639,0,False
3305505,Saquarema,RJ,Sudeste,1442.0,0.822,0.626,0.515,0.589,0.709,0.284,1,False
3501905,Amparo,SP,Sudeste,538.0,0.894,0.626,0.559,0.413,0.785,0.151,1,False
4215703,Santo Amaro da Imperatriz,SC,Sul,367.0,0.714,0.626,0.447,0.493,0.781,0.219,1,True
3521101,Ipeúna,SP,Sudeste,102.0,0.971,0.626,0.608,0.365,0.753,0.148,1,False
3528007,Macatuba,SP,Sudeste,197.0,0.924,0.626,0.579,0.398,0.77,0.273,1,False
5101407,Aripuanã,MT,Centro-Oeste,445.0,0.861,0.627,0.539,0.5,0.675,0.342,1,False
4206702,Herval d'Oeste,SC,Sul,277.0,0.812,0.627,0.509,0.51,0.758,0.17,1,False
5103379,Cotriguaçu,MT,Centro-Oeste,158.0,0.899,0.627,0.563,0.511,0.601,0.436,0,False
2202083,Cajueiro da Praia,PI,Nordeste,143.0,0.993,0.627,0.622,0.39,0.546,0.615,0,False
3109402,Buritizeiro,MG,Sudeste,293.0,0.915,0.627,0.573,0.502,0.624,0.491,0,False
3514403,Dracena,SP,Sudeste,346.0,0.945,0.627,0.592,0.411,0.776,0.145,1,False
4213500,Porto Belo,SC,Sul,365.0,0.699,0.627,0.438,0.515,0.76,0.144,1,True
4117503,Paiçandu,PR,Sul,850.0,0.894,0.628,0.561,0.366,0.716,0.308,1,False
2503506,Cacimba de Dentro,PB,Nordeste,145.0,0.945,0.628,0.593,0.535,0.564,0.529,0,False
3154309,Resplendor,MG,Sudeste,165.0,0.782,0.628,0.491,0.387,0.67,0.323,1,True
4120408,Presidente Castelo Branco,PR,Sul,53.0,0.811,0.628,0.509,0.222,0.713,0.148,1,False
4106456,Coronel Domingos Soares,PR,Sul,94.0,0.83,0.628,0.521,0.347,0.6,0.359,0,False
2604304,Cedro,PE,Nordeste,86.0,0.907,0.628,0.57,0.351,0.615,0.395,0,False
3202207,Fundão,ES,Sudeste,214.0,0.893,0.628,0.561,0.344,0.718,0.278,1,False
3540903,Pradópolis,SP,Sudeste,202.0,0.946,0.628,0.594,0.383,0.733,0.272,1,False
3538105,Pindorama,SP,Sudeste,125.0,0.904,0.628,0.568,0.382,0.737,0.302,1,False
3520509,Indaiatuba,SP,Sudeste,2724.0,0.883,0.629,0.555,0.45,0.788,0.145,1,False
4213708,Pouso Redondo,SC,Sul,319.0,0.768,0.629,0.483,0.482,0.72,0.175,1,True
3200508,Apiacá,ES,Sudeste,76.0,0.921,0.629,0.579,0.315,0.673,0.278,1,False
3521408,Iracemápolis,SP,Sudeste,256.0,0.926,0.629,0.582,0.374,0.776,0.179,1,False
1100262,Rio Crespo,RO,Norte,67.0,0.925,0.629,0.582,0.297,0.643,0.348,1,False
4320800,Soledade,RS,Sul,283.0,0.876,0.629,0.551,0.482,0.731,0.279,1,False
3500758,Alambari,SP,Sudeste,71.0,0.873,0.629,0.549,0.431,0.712,0.203,1,False
4210001,Luiz Alves,SC,Sul,222.0,0.838,0.629,0.527,0.494,0.737,0.227,1,False
2100055,Açailândia,MA,Nordeste,1289.0,0.937,0.629,0.59,0.485,0.672,0.387,0,False
2505105,Cuité,PB,Nordeste,175.0,0.863,0.629,0.543,0.495,0.591,0.447,0,False
3101102,Aimorés,MG,Sudeste,261.0,0.889,0.629,0.559,0.352,0.684,0.28,1,False
3154903,Rio Casca,MG,Sudeste,125.0,0.928,0.629,0.584,0.412,0.65,0.364,1,False
4304804,Carlos Barbosa,RS,Sul,282.0,0.918,0.629,0.578,0.423,0.796,0.119,1,False
5201801,Aragoiânia,GO,Centro-Oeste,186.0,0.914,0.629,0.575,0.358,0.684,0.408,1,False
3545100,Salmourão,SP,Sudeste,58.0,0.931,0.63,0.586,0.354,0.719,0.249,1,False
5204508,Caldas Novas,GO,Centro-Oeste,1154.0,0.978,0.63,0.616,0.352,0.733,0.209,1,False
4301008,Arroio do Meio,RS,Sul,191.0,0.864,0.63,0.545,0.437,0.769,0.102,1,False
3300225,Areal,RJ,Sudeste,161.0,0.857,0.63,0.54,0.447,0.684,0.295,1,False
4321451,Teutônia,RS,Sul,275.0,0.975,0.631,0.615,0.468,0.747,0.119,1,False
3522604,Itapira,SP,Sudeste,568.0,0.915,0.631,0.577,0.445,0.762,0.184,1,False
4306056,Cristal,RS,Sul,98.0,0.663,0.631,0.418,0.489,0.644,0.36,1,True
3141108,Matozinhos,MG,Sudeste,422.0,0.905,0.631,0.571,0.388,0.731,0.278,1,False
3159803,Santa Vitória,MG,Sudeste,272.0,0.926,0.631,0.585,0.34,0.71,0.296,1,False
3304110,Porto Real,RJ,Sudeste,262.0,0.859,0.631,0.542,0.465,0.713,0.212,1,False
3554508,Tietê,SP,Sudeste,320.0,0.941,0.631,0.594,0.413,0.778,0.139,1,False
4217501,Seara,SC,Sul,298.0,0.802,0.632,0.507,0.402,0.779,0.197,1,False
2606606,Ibimirim,PE,Nordeste,273.0,0.985,0.632,0.623,0.44,0.552,0.55,0,False
2102036,Bom Jesus das Selvas,MA,Nordeste,434.0,0.933,0.632,0.59,0.53,0.558,0.653,0,False
4205456,Forquilhinha,SC,Sul,535.0,0.757,0.632,0.479,0.505,0.753,0.149,1,True
4310009,Ibirubá,RS,Sul,205.0,0.941,0.632,0.595,0.427,0.765,0.148,1,False
3529203,Martinópolis,SP,Sudeste,204.0,0.946,0.632,0.598,0.422,0.721,0.277,1,False
3526902,Limeira,SP,Sudeste,2690.0,0.901,0.632,0.57,0.5,0.775,0.17,1,False
4218608,Trombudo Central,SC,Sul,96.0,0.906,0.632,0.573,0.426,0.775,0.15,1,False
3548054,Santo Antônio do Aracanguá,SP,Sudeste,94.0,0.926,0.632,0.585,0.376,0.757,0.246,1,False
2601607,Belém do São Francisco,PE,Nordeste,194.0,0.897,0.632,0.567,0.327,0.642,0.359,0,False
4105607,Cidade Gaúcha,PR,Sul,169.0,0.917,0.632,0.58,0.264,0.718,0.222,1,False
2102408,Cajapió,MA,Nordeste,75.0,0.907,0.632,0.573,0.399,0.553,0.708,0,False
3127305,Galiléia,MG,Sudeste,73.0,0.932,0.632,0.589,0.354,0.654,0.359,1,False
1101492,São Francisco do Guaporé,RO,Norte,300.0,0.88,0.633,0.557,0.454,0.611,0.429,0,False
4103479,Cafezal do Sul,PR,Sul,56.0,0.875,0.633,0.554,0.269,0.692,0.256,1,False
4128104,Umuarama,PR,Sul,1251.0,0.886,0.633,0.56,0.343,0.761,0.179,1,False
3162401,São João da Ponte,MG,Sudeste,185.0,0.957,0.633,0.605,0.438,0.569,0.525,0,False
3109303,Buritis,MG,Sudeste,347.0,0.879,0.633,0.556,0.417,0.672,0.372,1,False
2604403,Chã de Alegria,PE,Nordeste,128.0,1.0,0.633,0.633,0.415,0.604,0.537,0,False
3537909,Pilar do Sul,SP,Sudeste,335.0,0.943,0.633,0.597,0.478,0.69,0.255,1,False
3508009,Buri,SP,Sudeste,294.0,0.946,0.633,0.599,0.498,0.667,0.395,1,False
2202174,Campo Largo do Piauí,PI,Nordeste,62.0,0.968,0.633,0.613,0.438,0.528,0.547,0,False
3537800,Piedade,SP,Sudeste,659.0,0.944,0.633,0.598,0.452,0.716,0.265,1,False
3537305,Penápolis,SP,Sudeste,566.0,0.945,0.634,0.599,0.412,0.759,0.197,1,False
2107357,Nova Olinda do Maranhão,MA,Nordeste,174.0,0.943,0.634,0.598,0.451,0.581,0.541,0,False
3306305,Volta Redonda,RJ,Sudeste,2961.0,0.832,0.634,0.528,0.516,0.771,0.191,1,False
2305506,Iguatu,CE,Nordeste,754.0,0.983,0.634,0.623,0.169,0.677,0.331,1,False
3528502,Mairiporã,SP,Sudeste,974.0,0.922,0.635,0.585,0.456,0.788,0.234,1,False
3303955,Pinheiral,RJ,Sudeste,322.0,0.876,0.635,0.556,0.494,0.715,0.293,1,False
3141702,Mesquita,MG,Sudeste,72.0,0.875,0.635,0.556,0.313,0.656,0.348,1,False
3131505,Ipuiúna,MG,Sudeste,79.0,0.937,0.635,0.595,0.331,0.686,0.353,1,False
3123700,Engenheiro Caldas,MG,Sudeste,94.0,0.904,0.635,0.574,0.415,0.644,0.331,1,False
3543808,Rinópolis,SP,Sudeste,91.0,0.934,0.635,0.593,0.342,0.723,0.332,1,False
5107768,Santa Rita do Trivelato,MT,Centro-Oeste,99.0,0.859,0.635,0.545,0.319,0.735,0.234,1,False
3103405,Araçuaí,MG,Sudeste,294.0,0.942,0.635,0.599,0.386,0.663,0.397,0,False
4204251,Cocal do Sul,SC,Sul,189.0,0.566,0.636,0.36,0.44,0.78,0.136,1,True
5002951,Chapadão do Sul,MS,Centro-Oeste,462.0,0.933,0.636,0.593,0.426,0.754,0.195,1,False
3526803,Lençóis Paulista,SP,Sudeste,644.0,0.943,0.636,0.599,0.437,0.764,0.183,1,False
3526209,Juquitiba,SP,Sudeste,379.0,0.921,0.636,0.586,0.418,0.709,0.378,1,False
2108306,Penalva,MA,Nordeste,415.0,0.92,0.636,0.586,0.52,0.554,0.673,0,False
3122355,Divisa Alegre,MG,Sudeste,102.0,0.971,0.636,0.618,0.404,0.608,0.42,0,False
3150307,Piedade do Rio Grande,MG,Sudeste,57.0,0.965,0.636,0.614,0.346,0.678,0.404,1,False
4311700,Machadinho,RS,Sul,61.0,0.902,0.636,0.574,0.478,0.692,0.313,1,False
1713304,Miranorte,TO,Norte,152.0,0.868,0.636,0.553,0.632,0.662,0.34,1,False
3153608,Prudente de Morais,MG,Sudeste,126.0,0.96,0.636,0.611,0.382,0.69,0.285,1,False
3504305,Avaí,SP,Sudeste,57.0,0.772,0.636,0.491,0.396,0.714,0.281,1,True
3530706,Mogi Guaçu,SP,Sudeste,1466.0,0.922,0.637,0.587,0.437,0.774,0.216,1,False
1716109,Paraíso do Tocantins,TO,Norte,708.0,0.863,0.637,0.549,0.609,0.764,0.21,1,False
2603108,Cachoeirinha,PE,Nordeste,184.0,0.973,0.637,0.62,0.384,0.579,0.423,0,False
3112703,Capitão Enéas,MG,Sudeste,173.0,0.861,0.638,0.549,0.422,0.639,0.485,0,False
5000252,Alcinópolis,MS,Centro-Oeste,69.0,1.0,0.638,0.638,0.344,0.711,0.227,1,False
4112959,Juranda,PR,Sul,77.0,0.896,0.638,0.571,0.294,0.708,0.264,1,False
2408904,Parelhas,RN,Nordeste,231.0,0.909,0.638,0.58,0.652,0.676,0.307,1,False
3543501,Riversul,SP,Sudeste,87.0,0.954,0.639,0.609,0.4,0.664,0.374,1,False
2611200,Poção,PE,Nordeste,87.0,0.954,0.639,0.609,0.389,0.528,0.6,0,False
2702504,Dois Riachos,AL,Nordeste,84.0,0.988,0.639,0.631,0.492,0.532,0.511,0,False
3134202,Ituiutaba,MG,Sudeste,961.0,0.93,0.639,0.594,0.368,0.739,0.222,1,False
2405702,Jardim do Seridó,RN,Nordeste,88.0,0.818,0.639,0.523,0.601,0.663,0.255,1,False
2600302,Agrestina,PE,Nordeste,233.0,0.987,0.639,0.631,0.335,0.592,0.435,0,False
4115705,Matinhos,PR,Sul,603.0,0.804,0.639,0.514,0.349,0.743,0.208,1,False
2108702,Pio XII,MA,Nordeste,247.0,0.887,0.639,0.567,0.462,0.541,0.597,0,False
3156601,Rubim,MG,Sudeste,67.0,0.91,0.639,0.582,0.361,0.609,0.418,1,False
2516805,Triunfo,PB,Nordeste,63.0,0.968,0.639,0.619,0.445,0.609,0.351,0,False
1100908,Castanheiras,RO,Norte,59.0,0.847,0.64,0.542,0.298,0.658,0.366,1,False
3538006,Pindamonhangaba,SP,Sudeste,1634.0,0.864,0.64,0.553,0.497,0.773,0.217,1,False
4114302,Mandirituba,PR,Sul,381.0,0.861,0.64,0.551,0.403,0.655,0.374,1,False
2302008,Barro,CE,Nordeste,165.0,0.994,0.64,0.636,0.153,0.599,0.388,0,False
2108207,Pedreiras,MA,Nordeste,292.0,0.914,0.64,0.586,0.434,0.682,0.375,0,False
4216354,São João do Itaperiú,SC,Sul,66.0,0.97,0.641,0.621,0.402,0.738,0.144,1,False
3156007,Rio Vermelho,MG,Sudeste,115.0,0.896,0.641,0.574,0.425,0.558,0.528,0,False
3533254,Novais,SP,Sudeste,80.0,0.975,0.641,0.625,0.453,0.719,0.324,1,False
4108601,Goioerê,PR,Sul,306.0,0.856,0.641,0.549,0.312,0.731,0.238,1,False
4207700,Ipumirim,SC,Sul,103.0,0.893,0.641,0.573,0.424,0.738,0.145,1,False
4211702,Orleans,SC,Sul,298.0,0.795,0.641,0.51,0.45,0.755,0.177,1,True
3546702,Santa Gertrudes,SP,Sudeste,326.0,0.89,0.641,0.571,0.369,0.737,0.161,1,False
5208004,Formosa,GO,Centro-Oeste,1282.0,0.916,0.641,0.587,0.369,0.744,0.269,1,False
4101200,Antonina,PR,Sul,221.0,0.896,0.641,0.575,0.429,0.687,0.358,1,False
2209807,São Gonçalo do Piauí,PI,Nordeste,55.0,0.964,0.642,0.618,0.413,0.616,0.411,0,False
1501006,Aveiro,PA,Norte,120.0,0.883,0.642,0.567,0.655,0.541,0.769,0,False
3545605,Santa Adélia,SP,Sudeste,141.0,0.851,0.642,0.546,0.349,0.76,0.161,1,False
4320701,Sobradinho,RS,Sul,126.0,0.952,0.642,0.611,0.461,0.743,0.233,1,False
3523305,Itariri,SP,Sudeste,220.0,0.914,0.642,0.586,0.459,0.677,0.338,1,False
2108009,Pastos Bons,MA,Nordeste,241.0,0.95,0.642,0.61,0.425,0.61,0.551,0,False
1200302,Feijó,AC,Norte,443.0,0.883,0.642,0.567,0.612,0.539,0.639,0,False
3150570,Pintópolis,MG,Sudeste,106.0,0.896,0.642,0.575,0.409,0.594,0.399,0,False
5221858,Valparaíso de Goiás,GO,Centro-Oeste,2370.0,0.884,0.642,0.568,0.388,0.746,0.317,1,False
3300902,Cambuci,RJ,Sudeste,117.0,0.932,0.642,0.598,0.455,0.691,0.242,1,False
3114550,Carneirinho,MG,Sudeste,121.0,0.901,0.642,0.579,0.288,0.741,0.229,1,False
5103205,Colíder,MT,Centro-Oeste,421.0,0.91,0.642,0.584,0.447,0.713,0.266,1,False
3300407,Barra Mansa,RJ,Sudeste,1546.0,0.85,0.642,0.546,0.548,0.729,0.233,1,False
2615409,Toritama,PE,Nordeste,572.0,0.958,0.642,0.615,0.392,0.618,0.362,1,False
4108007,Florestópolis,PR,Sul,119.0,0.824,0.643,0.529,0.313,0.701,0.3,1,False
4321857,Três Palmeiras,RS,Sul,81.0,0.864,0.643,0.556,0.444,0.703,0.393,1,False
4308508,Frederico Westphalen,RS,Sul,313.0,0.939,0.643,0.604,0.45,0.76,0.192,1,False
3304557,Rio de Janeiro,RJ,Sudeste,49962.0,0.869,0.643,0.559,0.526,0.799,0.285,1,False
2613008,São Bento do Una,PE,Nordeste,569.0,0.965,0.643,0.62,0.379,0.593,0.485,0,False
4203600,Campos Novos,SC,Sul,505.0,0.782,0.643,0.503,0.51,0.742,0.22,1,True
2603009,Cabrobó,PE,Nordeste,343.0,0.907,0.643,0.583,0.36,0.623,0.42,0,False
2101608,Barra do Corda,MA,Nordeste,833.0,0.939,0.643,0.604,0.438,0.606,0.582,0,False
3521309,Ipuã,SP,Sudeste,148.0,0.966,0.643,0.622,0.417,0.749,0.251,1,False
2612703,Santa Maria do Cambucá,PE,Nordeste,109.0,0.927,0.644,0.596,0.367,0.548,0.491,0,False
3545159,Saltinho,SP,Sudeste,110.0,0.918,0.644,0.591,0.309,0.791,0.123,1,False
3514601,Dumont,SP,Sudeste,96.0,0.906,0.644,0.583,0.383,0.744,0.224,1,False
3119401,Coronel Fabriciano,MG,Sudeste,796.0,0.839,0.644,0.54,0.389,0.755,0.241,1,False
4219309,Videira,SC,Sul,751.0,0.778,0.644,0.501,0.527,0.764,0.179,1,True
2300309,Acopiara,CE,Nordeste,369.0,0.989,0.644,0.637,0.154,0.595,0.428,0,False
2516300,Sumé,PB,Nordeste,137.0,0.964,0.644,0.62,0.482,0.627,0.39,0,False
2610004,Palmares,PE,Nordeste,343.0,0.942,0.644,0.606,0.426,0.622,0.435,0,False
3542602,Registro,SP,Sudeste,564.0,0.911,0.644,0.587,0.464,0.754,0.239,1,False
3556453,Vargem Grande Paulista,SP,Sudeste,588.0,0.927,0.644,0.597,0.448,0.77,0.247,1,False
4319109,São Martinho,RS,Sul,65.0,0.908,0.644,0.585,0.435,0.726,0.211,1,False
2310605,Penaforte,CE,Nordeste,122.0,0.967,0.644,0.623,0.129,0.646,0.426,0,False
3125002,Ewbank da Câmara,MG,Sudeste,59.0,1.0,0.644,0.644,0.389,0.676,0.349,1,False
4315404,Redentora,RS,Sul,61.0,0.967,0.644,0.623,0.57,0.631,0.421,0,False
4212106,Palmitos,SC,Sul,184.0,0.886,0.644,0.571,0.454,0.737,0.19,1,False
2506004,Esperança,PB,Nordeste,272.0,0.93,0.644,0.599,0.501,0.623,0.431,0,False
3141405,Medina,MG,Sudeste,203.0,0.956,0.644,0.616,0.438,0.624,0.4,0,False
4112306,Japira,PR,Sul,50.0,0.9,0.644,0.58,0.262,0.696,0.303,1,False
3143500,Morada Nova de Minas,MG,Sudeste,82.0,0.927,0.645,0.598,0.37,0.696,0.269,1,False
2607208,Ipojuca,PE,Nordeste,1386.0,0.955,0.645,0.615,0.417,0.619,0.385,0,False
3105400,Barão de Cocais,MG,Sudeste,381.0,0.879,0.645,0.567,0.434,0.722,0.261,1,False
5217302,Pirenópolis,GO,Centro-Oeste,315.0,0.921,0.645,0.594,0.338,0.693,0.271,1,False
4101101,Andirá,PR,Sul,214.0,0.935,0.645,0.603,0.319,0.725,0.252,1,False
5102678,Campo Verde,MT,Centro-Oeste,667.0,0.9,0.645,0.58,0.443,0.75,0.211,1,False
2612604,Santa Maria da Boa Vista,PE,Nordeste,483.0,0.957,0.645,0.617,0.392,0.59,0.428,0,False
1301803,Ipixuna,AM,Norte,298.0,0.832,0.645,0.537,0.614,0.481,0.707,0,False
3508405,Cabreúva,SP,Sudeste,737.0,0.906,0.645,0.585,0.485,0.738,0.262,1,False
4202701,Botuverá,SC,Sul,92.0,0.859,0.646,0.554,0.361,0.724,0.163,1,False
2610905,Pesqueira,PE,Nordeste,483.0,0.952,0.646,0.615,0.419,0.61,0.435,0,False
5200050,Abadia de Goiás,GO,Centro-Oeste,352.0,0.906,0.646,0.585,0.322,0.708,0.303,1,False
3144375,Natalândia,MG,Sudeste,51.0,0.941,0.646,0.608,0.281,0.671,0.335,1,False
2209708,São Francisco do Piauí,PI,Nordeste,66.0,0.985,0.646,0.636,0.427,0.57,0.414,0,False
3549904,São José dos Campos,SP,Sudeste,7301.0,0.926,0.646,0.599,0.491,0.807,0.226,1,False
4317806,Santo Augusto,RS,Sul,153.0,0.961,0.646,0.621,0.429,0.739,0.227,1,False
3540200,Pontal,SP,Sudeste,405.0,0.928,0.646,0.6,0.479,0.725,0.286,1,False
4125506,São José dos Pinhais,PR,Sul,4557.0,0.833,0.646,0.539,0.468,0.758,0.281,1,False
3165578,Senador Amaral,MG,Sudeste,134.0,0.866,0.647,0.56,0.31,0.661,0.244,1,False
2111763,Senador La Rocque,MA,Nordeste,148.0,0.899,0.647,0.581,0.43,0.602,0.5,0,False
4313375,Nova Santa Rita,RS,Sul,420.0,0.85,0.647,0.55,0.559,0.718,0.313,1,False
3542008,Quintana,SP,Sudeste,70.0,0.971,0.647,0.629,0.358,0.732,0.308,1,False
3201308,Cariacica,ES,Sudeste,5076.0,0.874,0.647,0.566,0.463,0.718,0.367,1,False
3305802,Teresópolis,RJ,Sudeste,1769.0,0.827,0.647,0.535,0.556,0.73,0.232,1,False
3115300,Cataguases,MG,Sudeste,493.0,0.846,0.647,0.548,0.344,0.751,0.183,1,False
3128303,Guaranésia,MG,Sudeste,219.0,0.959,0.648,0.621,0.339,0.701,0.227,1,False
1300060,Amaturá,AM,Norte,189.0,0.931,0.648,0.603,0.579,0.56,0.662,0,False
4202404,Blumenau,SC,Sul,3995.0,0.698,0.648,0.452,0.55,0.806,0.199,1,True
3529906,Miracatu,SP,Sudeste,253.0,0.909,0.648,0.589,0.465,0.697,0.322,1,False
3543006,Ribeirão Branco,SP,Sudeste,238.0,0.966,0.648,0.626,0.506,0.639,0.397,0,False
3144359,Naque,MG,Sudeste,76.0,0.934,0.648,0.605,0.34,0.675,0.339,1,False
2410207,Portalegre,RN,Nordeste,81.0,0.877,0.648,0.568,0.629,0.621,0.435,0,False
4100707,Alto Piquiri,PR,Sul,131.0,0.954,0.648,0.618,0.324,0.676,0.352,1,False
4107652,Fazenda Rio Grande,PR,Sul,2311.0,0.84,0.648,0.544,0.464,0.72,0.335,1,False
2406601,Lagoa Salgada,RN,Nordeste,67.0,0.806,0.648,0.522,0.62,0.582,0.454,0,False
4104428,Candói,PR,Sul,242.0,0.893,0.648,0.579,0.381,0.635,0.327,1,False
4308078,Fazenda Vilanova,RS,Sul,63.0,0.857,0.648,0.556,0.453,0.698,0.231,1,False
3505104,Barbosa,SP,Sudeste,87.0,0.851,0.649,0.552,0.412,0.699,0.266,1,False
4302402,Bom Retiro do Sul,RS,Sul,153.0,0.856,0.649,0.556,0.444,0.739,0.137,1,False
4204350,Cordilheira Alta,SC,Sul,101.0,0.931,0.649,0.604,0.348,0.747,0.144,1,False
3301504,Cordeiro,RJ,Sudeste,201.0,0.935,0.649,0.607,0.451,0.729,0.212,1,False
3533601,Nuporanga,SP,Sudeste,83.0,0.928,0.649,0.602,0.337,0.746,0.168,1,False
2210003,São João do Piauí,PI,Nordeste,257.0,0.977,0.649,0.634,0.408,0.645,0.403,0,False
2112407,Turiaçu,MA,Nordeste,321.0,0.916,0.65,0.595,0.481,0.561,0.703,0,False
3110905,Campanha,MG,Sudeste,167.0,0.94,0.65,0.611,0.362,0.709,0.259,1,False
3501608,Americana,SP,Sudeste,1638.0,0.926,0.65,0.601,0.401,0.811,0.141,1,False
3525607,João Ramalho,SP,Sudeste,68.0,0.882,0.65,0.574,0.34,0.741,0.336,1,False
2929602,Sapeaçu,BA,Nordeste,127.0,0.969,0.65,0.63,0.666,0.614,0.443,0,False
3526308,Lagoinha,SP,Sudeste,64.0,0.984,0.651,0.641,0.377,0.693,0.313,1,False
3170206,Uberlândia,MG,Sudeste,7109.0,0.838,0.651,0.546,0.42,0.789,0.225,1,False
2104073,Feira Nova do Maranhão,MA,Nordeste,112.0,0.973,0.651,0.634,0.479,0.532,0.453,0,False
5203906,Buriti Alegre,GO,Centro-Oeste,121.0,0.901,0.651,0.587,0.253,0.71,0.272,1,False
3545001,Salesópolis,SP,Sudeste,219.0,0.904,0.652,0.589,0.437,0.732,0.349,1,False
3500709,Agudos,SP,Sudeste,363.0,0.909,0.652,0.592,0.461,0.745,0.258,1,False
4206504,Guaramirim,SC,Sul,692.0,0.705,0.652,0.46,0.535,0.751,0.213,1,True
3155405,Rio Novo,MG,Sudeste,103.0,0.864,0.652,0.563,0.295,0.707,0.257,1,False
1501501,Benevides,PA,Norte,1114.0,0.923,0.652,0.601,0.578,0.665,0.452,1,False
3528601,Manduri,SP,Sudeste,120.0,0.933,0.652,0.608,0.407,0.739,0.211,1,False
5200803,Alvorada do Norte,GO,Centro-Oeste,93.0,0.989,0.652,0.645,0.291,0.66,0.388,1,False
3301603,Duas Barras,RJ,Sudeste,155.0,0.89,0.652,0.581,0.48,0.659,0.283,1,False
3515707,Ferraz de Vasconcelos,SP,Sudeste,2071.0,0.947,0.652,0.618,0.538,0.738,0.337,1,False
5106372,Pedra Preta,MT,Centro-Oeste,304.0,0.928,0.652,0.605,0.389,0.679,0.24,1,False
5219803,São Domingos,GO,Centro-Oeste,98.0,0.969,0.653,0.633,0.361,0.597,0.459,0,False
3116100,Chapada do Norte,MG,Sudeste,75.0,0.96,0.653,0.627,0.42,0.598,0.403,0,False
3503307,Araras,SP,Sudeste,1121.0,0.93,0.653,0.607,0.431,0.781,0.185,1,False
3502101,Andradina,SP,Sudeste,516.0,0.944,0.653,0.616,0.41,0.779,0.185,1,False
4314001,Paraí,RS,Sul,108.0,0.907,0.653,0.593,0.375,0.773,0.133,1,False
3304409,Rio Claro,RJ,Sudeste,169.0,0.87,0.653,0.568,0.46,0.683,0.264,1,False
3127339,Gameleiras,MG,Sudeste,50.0,0.98,0.653,0.64,0.263,0.65,0.402,0,False
3505351,Barra do Chapéu,SP,Sudeste,56.0,0.875,0.653,0.571,0.488,0.66,0.434,0,False
2610608,Paudalho,PE,Nordeste,551.0,0.947,0.653,0.619,0.41,0.639,0.543,0,False
3118205,Conquista,MG,Sudeste,88.0,0.852,0.653,0.557,0.307,0.729,0.274,1,False
1502152,Canaã dos Carajás,PA,Norte,1732.0,0.809,0.653,0.529,0.526,0.673,0.373,1,False
3303906,Petrópolis,RJ,Sudeste,2693.0,0.838,0.653,0.547,0.532,0.745,0.29,1,False
3160306,Santo Antônio do Jacinto,MG,Sudeste,117.0,0.863,0.653,0.564,0.472,0.574,0.496,0,False
3504107,Atibaia,SP,Sudeste,1841.0,0.922,0.654,0.602,0.448,0.765,0.203,1,False
4123402,Santa Fé,PR,Sul,146.0,0.87,0.654,0.568,0.268,0.705,0.17,1,False
1100114,Jaru,RO,Norte,647.0,0.92,0.654,0.601,0.405,0.689,0.304,1,False
2509800,Mulungu,PB,Nordeste,107.0,0.757,0.654,0.495,0.476,0.565,0.536,0,True
5102850,Castanheira,MT,Centro-Oeste,93.0,0.871,0.654,0.57,0.434,0.665,0.343,1,False
1100130,Machadinho D'Oeste,RO,Norte,468.0,0.865,0.654,0.566,0.513,0.596,0.434,0,False
2919405,Licínio de Almeida,BA,Nordeste,95.0,0.884,0.655,0.579,0.623,0.621,0.346,0,False
3166709,Serra dos Aimorés,MG,Sudeste,100.0,0.84,0.655,0.55,0.364,0.651,0.405,0,False
2206696,Murici dos Portelas,PI,Nordeste,87.0,0.966,0.655,0.632,0.467,0.53,0.511,0,False
3203403,Mimoso do Sul,ES,Sudeste,209.0,0.943,0.655,0.617,0.335,0.67,0.283,1,False
5209705,Hidrolândia,GO,Centro-Oeste,395.0,0.997,0.655,0.653,0.351,0.706,0.279,1,False
2603702,Canhotinho,PE,Nordeste,239.0,0.946,0.655,0.619,0.407,0.541,0.576,0,False
4208708,Jacinto Machado,SC,Sul,138.0,0.819,0.655,0.536,0.511,0.716,0.272,1,False
3171006,Vazante,MG,Sudeste,191.0,0.911,0.655,0.597,0.32,0.742,0.227,1,False
3302205,Itaperuna,RJ,Sudeste,761.0,0.892,0.655,0.585,0.491,0.73,0.215,1,False
2100154,Água Doce do Maranhão,MA,Nordeste,139.0,0.856,0.655,0.561,0.422,0.5,0.687,0,False
1200500,Sena Madureira,AC,Norte,563.0,0.856,0.656,0.561,0.634,0.603,0.563,0,False
5201504,Aporé,GO,Centro-Oeste,65.0,0.938,0.656,0.615,0.243,0.693,0.358,1,False
5209903,Iaciara,GO,Centro-Oeste,135.0,0.904,0.656,0.593,0.367,0.644,0.426,0,False
3126901,Frei Inocêncio,MG,Sudeste,107.0,0.869,0.656,0.57,0.338,0.648,0.333,1,False
5002407,Caarapó,MS,Centro-Oeste,462.0,0.851,0.656,0.558,0.529,0.692,0.456,1,False
3102407,Alvorada de Minas,MG,Sudeste,72.0,0.931,0.657,0.611,0.336,0.572,0.543,0,False
5106000,Nortelândia,MT,Centro-Oeste,73.0,0.918,0.657,0.603,0.346,0.702,0.302,1,False
4109807,Ibiporã,PR,Sul,728.0,0.88,0.657,0.578,0.331,0.726,0.231,1,False
5105580,Marcelândia,MT,Centro-Oeste,183.0,0.94,0.657,0.617,0.475,0.701,0.335,1,False
4301206,Arroio do Tigre,RS,Sul,75.0,0.933,0.657,0.613,0.433,0.707,0.24,1,False
3130507,Ilicínea,MG,Sudeste,155.0,0.923,0.657,0.606,0.433,0.68,0.216,1,False
3138401,Leopoldina,MG,Sudeste,441.0,0.907,0.658,0.596,0.387,0.726,0.262,1,False
2312601,São Luís do Curu,CE,Nordeste,115.0,0.965,0.658,0.635,0.146,0.62,0.479,0,False
2111508,São Mateus do Maranhão,MA,Nordeste,492.0,0.921,0.658,0.606,0.439,0.616,0.594,0,False
3529005,Marília,SP,Sudeste,1898.0,0.878,0.658,0.577,0.441,0.798,0.191,1,False
3556008,Urupês,SP,Sudeste,126.0,0.905,0.658,0.595,0.37,0.745,0.175,1,False
4206207,Gravatal,SC,Sul,153.0,0.745,0.658,0.49,0.4,0.757,0.121,1,True
3103504,Araguari,MG,Sudeste,1143.0,0.903,0.658,0.594,0.366,0.773,0.192,1,False
5004106,Guia Lopes da Laguna,MS,Centro-Oeste,188.0,0.824,0.658,0.543,0.463,0.675,0.319,1,False
5102686,Campos de Júlio,MT,Centro-Oeste,189.0,0.852,0.658,0.561,0.426,0.744,0.223,1,False
2516201,Sousa,PB,Nordeste,590.0,0.888,0.658,0.585,0.542,0.668,0.356,0,False
4202859,Braço do Trombudo,SC,Sul,57.0,0.719,0.659,0.474,0.36,0.78,0.125,1,True
4207809,Irani,SC,Sul,150.0,0.82,0.659,0.54,0.481,0.742,0.34,1,False
1100023,Ariquemes,RO,Norte,1201.0,0.888,0.659,0.585,0.433,0.702,0.268,1,False
3123601,Elói Mendes,MG,Sudeste,283.0,0.88,0.659,0.58,0.385,0.685,0.27,1,False
2106102,Loreto,MA,Nordeste,139.0,0.928,0.659,0.612,0.465,0.582,0.464,0,False
5213806,Morrinhos,GO,Centro-Oeste,519.0,0.888,0.659,0.586,0.344,0.734,0.21,1,False
2104404,Gonçalves Dias,MA,Nordeste,109.0,0.862,0.66,0.569,0.434,0.568,0.516,0,False
4204194,Chapadão do Lageado,SC,Sul,50.0,0.94,0.66,0.62,0.413,0.704,0.22,1,False
3117836,Cônego Marinho,MG,Sudeste,51.0,0.922,0.66,0.608,0.301,0.621,0.5,0,False
2512101,Pombal,PB,Nordeste,278.0,0.888,0.66,0.586,0.525,0.634,0.364,0,False
3106309,Belo Oriente,MG,Sudeste,277.0,0.903,0.66,0.596,0.374,0.686,0.322,1,False
3500105,Adamantina,SP,Sudeste,215.0,0.93,0.66,0.614,0.386,0.79,0.174,1,False
4322004,Triunfo,RS,Sul,331.0,0.943,0.66,0.622,0.53,0.733,0.271,1,False
1101559,Teixeirópolis,RO,Norte,59.0,0.898,0.66,0.593,0.314,0.643,0.298,1,False
2611804,Ribeirão,PE,Nordeste,223.0,0.991,0.661,0.655,0.443,0.602,0.449,0,False
3116001,Chalé,MG,Sudeste,61.0,0.918,0.661,0.607,0.327,0.655,0.311,0,False
2612406,Sanharó,PE,Nordeste,180.0,0.95,0.661,0.628,0.418,0.603,0.469,0,False
1300086,Anamã,AM,Norte,68.0,0.868,0.661,0.574,0.574,0.594,0.544,0,False
3160454,Santo Antônio do Retiro,MG,Sudeste,60.0,0.983,0.661,0.65,0.371,0.57,0.485,0,False
4308300,Fontoura Xavier,RS,Sul,61.0,0.967,0.661,0.639,0.457,0.661,0.338,0,False
3541653,Quadra,SP,Sudeste,68.0,0.868,0.661,0.574,0.406,0.678,0.188,1,False
2112308,Tuntum,MA,Nordeste,320.0,0.931,0.661,0.616,0.476,0.572,0.544,0,False
3138906,Machacalis,MG,Sudeste,65.0,0.954,0.661,0.631,0.318,0.64,0.389,1,False
1101500,Seringueiras,RO,Norte,199.0,0.935,0.661,0.618,0.431,0.598,0.401,0,False
3171808,Virginópolis,MG,Sudeste,133.0,0.932,0.661,0.617,0.332,0.675,0.318,1,False
1507979,Terra Santa,PA,Norte,334.0,0.937,0.661,0.62,0.59,0.635,0.492,0,False
4128401,Uraí,PR,Sul,72.0,0.903,0.662,0.597,0.273,0.721,0.261,1,False
3139250,Mamonas,MG,Sudeste,73.0,0.932,0.662,0.616,0.356,0.618,0.345,0,False
4204905,Descanso,SC,Sul,77.0,0.883,0.662,0.584,0.449,0.743,0.239,1,False
4106902,Curitiba,PR,Sul,15873.0,0.814,0.662,0.539,0.461,0.823,0.233,1,False
4203006,Caçador,SC,Sul,1032.0,0.731,0.662,0.484,0.573,0.735,0.238,1,True
3151602,Planura,MG,Sudeste,160.0,0.888,0.662,0.588,0.347,0.712,0.275,1,False
5103056,Cláudia,MT,Centro-Oeste,152.0,0.934,0.662,0.618,0.466,0.699,0.281,1,False
4202909,Brusque,SC,Sul,1812.0,0.72,0.662,0.477,0.505,0.795,0.148,1,True
4113007,Jussara,PR,Sul,86.0,0.895,0.662,0.593,0.257,0.718,0.199,1,False
3503208,Araraquara,SP,Sudeste,2043.0,0.907,0.662,0.601,0.419,0.815,0.176,1,False
3548807,São Caetano do Sul,SP,Sudeste,1239.0,0.885,0.662,0.586,0.414,0.862,0.188,1,False
3509502,Campinas,SP,Sudeste,9852.0,0.903,0.662,0.598,0.461,0.805,0.233,1,False
2611002,Petrolândia,PE,Nordeste,433.0,0.952,0.663,0.63,0.429,0.623,0.419,0,False
3556354,Vargem,SP,Sudeste,101.0,0.851,0.663,0.564,0.43,0.699,0.203,1,False
3554706,Torrinha,SP,Sudeste,93.0,0.957,0.663,0.634,0.331,0.744,0.208,1,False
1100122,Ji-Paraná,RO,Norte,1691.0,0.876,0.663,0.581,0.401,0.714,0.267,1,False
4316006,Rolante,RS,Sul,200.0,0.95,0.663,0.63,0.518,0.688,0.214,1,False
3151107,Pirapetinga,MG,Sudeste,103.0,0.922,0.663,0.612,0.329,0.709,0.203,1,False
1100049,Cacoal,RO,Norte,1033.0,0.921,0.664,0.611,0.396,0.718,0.254,1,False
3129806,Ibirité,MG,Sudeste,1941.0,0.849,0.664,0.563,0.489,0.704,0.335,1,False
4117701,Palmeira,PR,Sul,431.0,0.905,0.664,0.601,0.374,0.718,0.277,1,False
5212501,Luziânia,GO,Centro-Oeste,3016.0,0.957,0.664,0.635,0.418,0.701,0.377,1,False
3152006,Pompéu,MG,Sudeste,324.0,0.901,0.664,0.599,0.405,0.689,0.31,1,False
5003454,Deodápolis,MS,Centro-Oeste,201.0,0.891,0.665,0.592,0.469,0.694,0.34,1,False
2606101,Glória do Goitá,PE,Nordeste,201.0,0.98,0.665,0.652,0.353,0.604,0.485,0,False
3510401,Capivari,SP,Sudeste,600.0,0.947,0.665,0.63,0.444,0.75,0.208,1,False
3157203,Santa Bárbara,MG,Sudeste,342.0,0.909,0.666,0.605,0.454,0.707,0.367,1,False
1100155,Ouro Preto do Oeste,RO,Norte,394.0,0.919,0.666,0.612,0.43,0.682,0.264,1,False
5214002,Mozarlândia,GO,Centro-Oeste,230.0,0.926,0.667,0.617,0.345,0.683,0.276,1,False
5207907,Flores de Goiás,GO,Centro-Oeste,154.0,0.896,0.667,0.597,0.388,0.597,0.482,0,False
4104709,Carlópolis,PR,Sul,181.0,0.862,0.667,0.575,0.298,0.713,0.215,1,False
3507308,Boracéia,SP,Sudeste,70.0,0.943,0.667,0.629,0.313,0.754,0.173,1,False
5220504,Serranópolis,GO,Centro-Oeste,91.0,0.989,0.667,0.659,0.282,0.681,0.229,1,False
4200507,Águas de Chapecó,SC,Sul,107.0,0.813,0.667,0.542,0.429,0.713,0.252,1,False
3201100,Bom Jesus do Norte,ES,Sudeste,123.0,0.878,0.667,0.585,0.273,0.734,0.212,1,False
2404408,Grossos,RN,Nordeste,98.0,0.857,0.667,0.571,0.607,0.664,0.339,0,False
2202539,Caraúbas do Piauí,PI,Nordeste,83.0,0.94,0.667,0.627,0.514,0.505,0.517,0,False
2610301,Paranatama,PE,Nordeste,138.0,1.0,0.667,0.667,0.362,0.537,0.514,0,False
2105989,Lajeado Novo,MA,Nordeste,81.0,0.963,0.667,0.642,0.461,0.589,0.443,0,False
3517000,Getulina,SP,Sudeste,60.0,0.8,0.667,0.533,0.425,0.717,0.214,1,False
3124401,Espírito Santo do Dourado,MG,Sudeste,106.0,0.906,0.667,0.604,0.29,0.685,0.26,1,False
4320206,Seberi,RS,Sul,142.0,0.908,0.667,0.606,0.479,0.723,0.252,1,False
2209559,São Braz do Piauí,PI,Nordeste,67.0,0.985,0.667,0.657,0.377,0.596,0.479,0,False
4205308,Faxinal dos Guedes,SC,Sul,153.0,0.843,0.667,0.562,0.473,0.758,0.191,1,False
3145356,Novo Oriente de Minas,MG,Sudeste,93.0,0.968,0.667,0.645,0.424,0.555,0.555,0,False
4302204,Boa Vista do Buricá,RS,Sul,77.0,0.935,0.667,0.623,0.404,0.762,0.106,1,False
3142700,Montalvânia,MG,Sudeste,162.0,0.944,0.667,0.63,0.405,0.613,0.414,0,False
2603603,Camutanga,PE,Nordeste,54.0,0.944,0.667,0.63,0.326,0.606,0.475,0,False
2403301,Encanto,RN,Nordeste,70.0,0.9,0.667,0.6,0.601,0.629,0.404,0,False
1100056,Cerejeiras,RO,Norte,253.0,0.964,0.668,0.644,0.313,0.692,0.28,1,False
3536307,Patrocínio Paulista,SP,Sudeste,202.0,0.941,0.668,0.629,0.384,0.73,0.257,1,False
5101803,Barra do Garças,MT,Centro-Oeste,795.0,0.907,0.669,0.606,0.465,0.748,0.225,1,False
4114401,Mangueirinha,PR,Sul,191.0,0.869,0.669,0.581,0.316,0.688,0.272,1,False
3168606,Teófilo Otoni,MG,Sudeste,1314.0,0.906,0.669,0.606,0.417,0.701,0.302,1,False
4109609,Guaratuba,PR,Sul,742.0,0.848,0.669,0.567,0.358,0.717,0.23,1,False
3545803,Santa Bárbara d'Oeste,SP,Sudeste,1736.0,0.91,0.669,0.609,0.454,0.781,0.176,1,False
2107100,Morros,MA,Nordeste,259.0,0.923,0.669,0.618,0.478,0.548,0.64,0,False
5106752,Pontes e Lacerda,MT,Centro-Oeste,798.0,0.883,0.67,0.591,0.483,0.703,0.25,1,False
4207502,Indaial,SC,Sul,1071.0,0.825,0.67,0.553,0.517,0.777,0.134,1,False
2510105,Nova Floresta,PB,Nordeste,114.0,0.956,0.67,0.64,0.478,0.601,0.448,0,False
5106265,Novo Mundo,MT,Centro-Oeste,125.0,0.848,0.67,0.568,0.408,0.674,0.272,1,False
3300951,Comendador Levy Gasparian,RJ,Sudeste,110.0,0.909,0.67,0.609,0.422,0.685,0.21,1,False
2606804,Igarassu,PE,Nordeste,1211.0,0.966,0.67,0.647,0.449,0.665,0.438,0,False
3140555,Mata Verde,MG,Sudeste,105.0,0.924,0.67,0.619,0.381,0.581,0.416,1,False
3524501,Jaci,SP,Sudeste,107.0,0.907,0.67,0.607,0.389,0.723,0.171,1,False
2103703,Cururupu,MA,Nordeste,298.0,0.926,0.67,0.621,0.483,0.612,0.696,0,False
2103109,Cedral,MA,Nordeste,90.0,0.978,0.67,0.656,0.432,0.605,0.494,0,False
4104006,Campina Grande do Sul,PR,Sul,789.0,0.885,0.67,0.593,0.372,0.718,0.304,1,False
4109401,Guarapuava,PR,Sul,2607.0,0.883,0.671,0.592,0.456,0.731,0.25,1,False
4211751,Otacílio Costa,SC,Sul,296.0,0.851,0.671,0.571,0.505,0.74,0.211,1,False
3543303,Ribeirão Pires,SP,Sudeste,1080.0,0.928,0.671,0.622,0.434,0.784,0.318,1,False
5212105,Joviânia,GO,Centro-Oeste,86.0,0.919,0.671,0.616,0.296,0.706,0.364,1,False
3111507,Campos Altos,MG,Sudeste,182.0,0.852,0.671,0.571,0.348,0.702,0.278,1,False
3122405,Divisa Nova,MG,Sudeste,82.0,0.927,0.671,0.622,0.317,0.67,0.225,1,False
4212700,Petrolândia,SC,Sul,86.0,0.884,0.671,0.593,0.491,0.716,0.281,1,False
1503044,Floresta do Araguaia,PA,Norte,257.0,0.887,0.671,0.595,0.6,0.583,0.639,0,False
3552908,Taciba,SP,Sudeste,80.0,0.95,0.671,0.638,0.357,0.723,0.309,1,False
2608909,Limoeiro,PE,Nordeste,389.0,0.969,0.671,0.65,0.41,0.663,0.397,0,False
3167103,Serro,MG,Sudeste,163.0,0.914,0.671,0.613,0.312,0.656,0.429,0,False
5102637,Campo Novo do Parecis,MT,Centro-Oeste,870.0,0.895,0.671,0.601,0.428,0.734,0.195,1,False
3304607,Santa Maria Madalena,RJ,Sudeste,80.0,0.875,0.671,0.588,0.456,0.668,0.29,1,False
3169802,Turvolândia,MG,Sudeste,73.0,0.959,0.671,0.644,0.312,0.696,0.219,1,False
3524204,Jaborandi,SP,Sudeste,72.0,0.931,0.672,0.625,0.398,0.711,0.201,1,False
3305406,Sapucaia,RJ,Sudeste,236.0,0.839,0.672,0.564,0.476,0.675,0.273,1,False
3128709,Guaxupé,MG,Sudeste,488.0,0.93,0.672,0.625,0.364,0.751,0.189,1,False
2210508,São Pedro do Piauí,PI,Nordeste,194.0,0.99,0.672,0.665,0.414,0.595,0.536,0,False
4126678,Tamarana,PR,Sul,145.0,0.883,0.672,0.593,0.404,0.621,0.373,0,False
3547908,Santo Antônio da Alegria,SP,Sudeste,70.0,0.914,0.672,0.614,0.442,0.702,0.201,1,False
2412104,São João do Sabugi,RN,Nordeste,67.0,0.955,0.672,0.642,0.601,0.655,0.32,1,False
2204709,Inhuma,PI,Nordeste,129.0,0.946,0.672,0.636,0.426,0.624,0.369,0,False
4300505,Alpestre,RS,Sul,66.0,0.924,0.672,0.621,0.465,0.671,0.289,1,False
3539509,Pitangueiras,SP,Sudeste,356.0,0.952,0.673,0.64,0.442,0.723,0.265,1,False
2516151,Sossêgo,PB,Nordeste,59.0,0.932,0.673,0.627,0.42,0.573,0.455,0,False
3135704,Jequitibá,MG,Sudeste,64.0,0.859,0.673,0.578,0.346,0.689,0.344,1,False
3106705,Betim,MG,Sudeste,4827.0,0.877,0.673,0.59,0.505,0.749,0.326,1,False
4120804,Quatro Barras,PR,Sul,357.0,0.908,0.673,0.611,0.33,0.742,0.293,1,False
4320305,Selbach,RS,Sul,55.0,0.945,0.673,0.636,0.369,0.777,0.217,1,False
3537503,Pereiras,SP,Sudeste,108.0,0.907,0.673,0.611,0.449,0.736,0.187,1,False
3170529,Urucuia,MG,Sudeste,97.0,0.979,0.674,0.66,0.466,0.619,0.419,0,False
3541901,Queluz,SP,Sudeste,105.0,0.905,0.674,0.61,0.454,0.722,0.302,1,False
4205803,Garuva,SC,Sul,318.0,0.723,0.674,0.487,0.58,0.725,0.235,1,True
5006358,Paranhos,MS,Centro-Oeste,150.0,0.92,0.674,0.62,0.556,0.588,0.451,0,False
3142908,Monte Azul,MG,Sudeste,143.0,0.965,0.674,0.65,0.327,0.659,0.375,0,False
3300506,Bom Jardim,RJ,Sudeste,258.0,0.88,0.674,0.593,0.495,0.66,0.262,1,False
2208650,Queimada Nova,PI,Nordeste,89.0,1.0,0.674,0.674,0.49,0.515,0.481,0,False
3102803,Andrelândia,MG,Sudeste,138.0,0.645,0.674,0.435,0.349,0.7,0.3,1,True
3544301,Roseira,SP,Sudeste,143.0,0.902,0.674,0.608,0.381,0.737,0.202,1,False
3550902,São Simão,SP,Sudeste,85.0,0.976,0.675,0.659,0.378,0.766,0.219,1,False
4213609,Porto União,SC,Sul,314.0,0.793,0.675,0.535,0.475,0.786,0.191,1,True
4115309,Mariópolis,PR,Sul,87.0,0.92,0.675,0.621,0.304,0.698,0.252,1,False
2210805,Simplício Mendes,PI,Nordeste,122.0,0.984,0.675,0.664,0.417,0.627,0.349,0,False
3127073,Fruta de Leite,MG,Sudeste,59.0,0.678,0.675,0.458,0.405,0.544,0.476,0,True
3164001,São Pedro dos Ferros,MG,Sudeste,80.0,0.962,0.675,0.65,0.357,0.659,0.321,1,False
2516607,Tavares,PB,Nordeste,85.0,0.906,0.675,0.612,0.486,0.586,0.457,0,False
3170404,Unaí,MG,Sudeste,851.0,0.898,0.675,0.606,0.389,0.736,0.292,1,False
2701407,Campo Alegre,AL,Nordeste,471.0,0.968,0.675,0.654,0.529,0.57,0.515,0,False
5006903,Porto Murtinho,MS,Centro-Oeste,265.0,0.86,0.675,0.581,0.511,0.666,0.317,1,False
4309555,Harmonia,RS,Sul,75.0,0.987,0.676,0.667,0.408,0.749,0.136,1,False
5002001,Batayporã,MS,Centro-Oeste,194.0,0.954,0.676,0.644,0.416,0.684,0.306,1,False
5108808,Nova Guarita,MT,Centro-Oeste,80.0,0.925,0.676,0.625,0.426,0.688,0.305,1,False
3546801,Santa Isabel,SP,Sudeste,574.0,0.882,0.676,0.596,0.486,0.738,0.313,1,False
2104552,Governador Edison Lobão,MA,Nordeste,334.0,0.916,0.676,0.62,0.449,0.629,0.422,0,False
3516606,Gália,SP,Sudeste,73.0,0.932,0.676,0.63,0.376,0.709,0.278,1,False
3520426,Ilha Comprida,SP,Sudeste,182.0,0.918,0.677,0.621,0.393,0.725,0.252,1,False
3501004,Altinópolis,SP,Sudeste,176.0,0.932,0.677,0.631,0.412,0.73,0.28,1,False
1100940,Cujubim,RO,Norte,289.0,0.9,0.677,0.609,0.439,0.612,0.427,1,False
1702307,Arapoema,TO,Norte,72.0,0.903,0.677,0.611,0.622,0.68,0.322,1,False
3508108,Buritama,SP,Sudeste,177.0,0.91,0.677,0.616,0.372,0.763,0.272,1,False
4128609,Verê,PR,Sul,106.0,0.906,0.677,0.613,0.262,0.72,0.232,1,False
2608750,Lagoa Grande,PE,Nordeste,351.0,0.98,0.677,0.664,0.38,0.597,0.428,0,False
5215603,Padre Bernardo,GO,Centro-Oeste,388.0,0.936,0.678,0.634,0.386,0.651,0.43,0,False
5106182,Nova Lacerda,MT,Centro-Oeste,132.0,0.917,0.678,0.621,0.492,0.636,0.378,0,False
2510808,Patos,PB,Nordeste,850.0,0.924,0.678,0.626,0.523,0.701,0.291,1,False
3152170,Ponto dos Volantes,MG,Sudeste,96.0,0.938,0.678,0.635,0.418,0.595,0.472,0,False
3129301,Iapu,MG,Sudeste,96.0,0.938,0.678,0.635,0.396,0.654,0.297,1,False
4205902,Gaspar,SC,Sul,974.0,0.641,0.678,0.434,0.495,0.765,0.141,1,True
3135100,Janaúba,MG,Sudeste,780.0,0.951,0.678,0.645,0.407,0.696,0.313,1,False
4212205,Papanduva,SC,Sul,219.0,0.808,0.678,0.548,0.545,0.704,0.263,1,False
2105658,Junco do Maranhão,MA,Nordeste,94.0,0.926,0.678,0.628,0.399,0.552,0.7,0,False
4202453,Bombinhas,SC,Sul,389.0,0.591,0.678,0.401,0.495,0.781,0.162,1,True
3203205,Linhares,ES,Sudeste,2303.0,0.894,0.678,0.606,0.403,0.724,0.252,1,False
3545209,Salto,SP,Sudeste,1410.0,0.924,0.678,0.627,0.426,0.78,0.211,1,False
2606309,Granito,PE,Nordeste,110.0,0.991,0.679,0.673,0.312,0.595,0.488,0,False
4215000,Rio Negrinho,SC,Sul,581.0,0.836,0.679,0.568,0.575,0.738,0.265,1,False
3510005,Cândido Mota,SP,Sudeste,282.0,0.95,0.679,0.645,0.42,0.747,0.271,1,False
3201605,Conceição da Barra,ES,Sudeste,422.0,0.938,0.679,0.637,0.363,0.681,0.337,1,False
4117057,Nova Laranjeiras,PR,Sul,83.0,0.94,0.679,0.639,0.378,0.642,0.413,0,False
3553906,Tarabai,SP,Sudeste,80.0,0.975,0.679,0.662,0.446,0.726,0.332,1,False
3549706,São José do Rio Pardo,SP,Sudeste,447.0,0.928,0.68,0.631,0.399,0.774,0.196,1,False
3113404,Caratinga,MG,Sudeste,962.0,0.889,0.68,0.604,0.472,0.706,0.276,1,False
2702355,Craíbas,AL,Nordeste,221.0,0.932,0.68,0.633,0.577,0.525,0.525,0,False
2204501,Guadalupe,PI,Nordeste,131.0,0.977,0.68,0.664,0.408,0.65,0.379,1,False
3304508,Rio das Flores,RJ,Sudeste,88.0,0.852,0.68,0.58,0.511,0.68,0.233,1,False
1100015,Alta Floresta D'Oeste,RO,Norte,306.0,0.899,0.68,0.611,0.422,0.641,0.377,0,False
1707306,Dueré,TO,Norte,60.0,0.833,0.68,0.567,0.615,0.679,0.388,1,False
3529807,Mineiros do Tietê,SP,Sudeste,126.0,0.77,0.68,0.524,0.372,0.73,0.186,1,True
3140001,Mariana,MG,Sudeste,670.0,0.897,0.681,0.61,0.388,0.742,0.262,1,False
3114006,Carmo da Mata,MG,Sudeste,73.0,0.986,0.681,0.671,0.361,0.689,0.24,1,False
3302254,Itatiaia,RJ,Sudeste,456.0,0.763,0.681,0.52,0.467,0.737,0.229,1,True
5105200,Juscimeira,MT,Centro-Oeste,151.0,0.914,0.681,0.623,0.414,0.714,0.35,1,False
3544806,Sales,SP,Sudeste,74.0,0.932,0.681,0.635,0.346,0.751,0.289,1,False
4101606,Arapoti,PR,Sul,380.0,0.9,0.681,0.613,0.362,0.723,0.273,1,False
3300159,Aperibé,RJ,Sudeste,99.0,0.919,0.681,0.626,0.394,0.692,0.211,1,False
2616308,Vicência,PE,Nordeste,225.0,0.991,0.682,0.676,0.353,0.605,0.435,0,False
2608057,Jatobá,PE,Nordeste,119.0,0.924,0.682,0.63,0.339,0.645,0.401,0,False
4215307,Salete,SC,Sul,126.0,0.873,0.682,0.595,0.439,0.744,0.206,1,False
3541703,Quatá,SP,Sudeste,119.0,0.924,0.682,0.63,0.456,0.738,0.306,1,False
3121209,Delfinópolis,MG,Sudeste,105.0,0.838,0.682,0.571,0.299,0.74,0.173,1,False
2611705,Riacho das Almas,PE,Nordeste,156.0,0.987,0.682,0.673,0.368,0.57,0.486,0,False
3112109,Caparaó,MG,Sudeste,74.0,0.892,0.682,0.608,0.399,0.624,0.313,1,False
3531407,Monte Aprazível,SP,Sudeste,184.0,0.837,0.682,0.571,0.382,0.785,0.174,1,False
3518503,Guareí,SP,Sudeste,164.0,0.921,0.682,0.628,0.524,0.687,0.277,1,False
4110607,Iporã,PR,Sul,146.0,0.884,0.682,0.603,0.299,0.706,0.254,1,False
2110609,São Bernardo,MA,Nordeste,328.0,0.979,0.682,0.668,0.382,0.572,0.543,0,False
4127908,Tuneiras do Oeste,PR,Sul,93.0,0.914,0.682,0.624,0.307,0.695,0.229,1,False
5216403,Paraúna,GO,Centro-Oeste,163.0,0.908,0.682,0.62,0.286,0.672,0.294,1,False
5212709,Mambaí,GO,Centro-Oeste,132.0,0.955,0.683,0.652,0.308,0.626,0.389,0,False
3119500,Coronel Murta,MG,Sudeste,65.0,0.969,0.683,0.662,0.377,0.627,0.45,0,False
4214904,Rio Fortuna,SC,Sul,72.0,0.875,0.683,0.597,0.398,0.806,0.167,1,False
2503902,Camalaú,PB,Nordeste,65.0,0.969,0.683,0.662,0.485,0.567,0.457,0,False
3168804,Tiradentes,MG,Sudeste,72.0,0.875,0.683,0.597,0.34,0.74,0.187,1,False
4214607,Rio do Oeste,SC,Sul,94.0,0.67,0.683,0.457,0.448,0.754,0.206,1,True
5006606,Ponta Porã,MS,Centro-Oeste,1885.0,0.951,0.683,0.649,0.564,0.701,0.322,1,False
3549409,São Joaquim da Barra,SP,Sudeste,444.0,0.937,0.683,0.64,0.383,0.762,0.181,1,False
3107901,Bom Repouso,MG,Sudeste,159.0,0.912,0.683,0.623,0.358,0.653,0.286,1,False
2605608,Flores,PE,Nordeste,146.0,0.993,0.683,0.678,0.372,0.556,0.469,0,False
3122009,Divino,MG,Sudeste,208.0,0.894,0.683,0.611,0.43,0.605,0.404,0,False
3505708,Barueri,SP,Sudeste,4990.0,0.861,0.683,0.588,0.529,0.786,0.294,1,False
1302405,Lábrea,AM,Norte,552.0,0.846,0.683,0.578,0.609,0.531,0.655,0,False
1100254,Presidente Médici,RO,Norte,224.0,0.902,0.683,0.616,0.335,0.664,0.348,1,False
4215109,Rodeio,SC,Sul,156.0,0.769,0.683,0.526,0.507,0.754,0.229,1,True
1716208,Paranã,TO,Norte,128.0,0.938,0.683,0.641,0.686,0.595,0.556,0,False
3547502,Santa Rita do Passa Quatro,SP,Sudeste,173.0,0.913,0.684,0.624,0.407,0.775,0.2,1,False
5208400,Goianápolis,GO,Centro-Oeste,200.0,0.885,0.684,0.605,0.277,0.703,0.306,1,False
3550803,São Sebastião da Grama,SP,Sudeste,107.0,0.916,0.684,0.626,0.374,0.701,0.202,1,False
3205200,Vila Velha,ES,Sudeste,4767.0,0.89,0.684,0.608,0.411,0.8,0.251,1,False
3133600,Itapeva,MG,Sudeste,177.0,0.859,0.684,0.588,0.303,0.72,0.236,1,False
3162609,São João do Oriente,MG,Sudeste,79.0,0.962,0.684,0.658,0.367,0.648,0.357,1,False
3527405,Lucélia,SP,Sudeste,156.0,0.974,0.684,0.667,0.376,0.752,0.196,1,False
3115458,Catuji,MG,Sudeste,124.0,0.919,0.684,0.629,0.415,0.54,0.499,0,False
2600807,Altinho,PE,Nordeste,119.0,0.933,0.685,0.639,0.359,0.598,0.476,0,False
2201606,Beneditinos,PI,Nordeste,116.0,0.957,0.685,0.655,0.396,0.557,0.401,0,False
2303709,Caucaia,CE,Nordeste,3885.0,0.974,0.685,0.667,0.219,0.682,0.446,1,False
2105450,Jatobá,MA,Nordeste,97.0,0.948,0.685,0.649,0.374,0.561,0.655,0,False
3108206,Bonfinópolis de Minas,MG,Sudeste,58.0,0.931,0.685,0.638,0.298,0.678,0.296,1,False
3127206,Funilândia,MG,Sudeste,63.0,0.857,0.685,0.587,0.379,0.655,0.333,1,False
1600535,Porto Grande,AP,Norte,362.0,0.931,0.685,0.638,0.609,0.64,0.508,0,False
4107009,Curiúva,PR,Sul,179.0,0.888,0.686,0.609,0.421,0.656,0.377,1,False
2615805,Tupanatinga,PE,Nordeste,203.0,0.956,0.686,0.655,0.44,0.519,0.62,0,False
3301207,Carmo,RJ,Sudeste,166.0,0.843,0.686,0.578,0.482,0.696,0.242,1,False
4214706,Rio dos Cedros,SC,Sul,131.0,0.802,0.686,0.55,0.426,0.729,0.138,1,False
3139805,Mar de Espanha,MG,Sudeste,163.0,0.957,0.686,0.656,0.281,0.684,0.188,1,False
4127601,Tijucas do Sul,PR,Sul,271.0,0.893,0.686,0.613,0.462,0.636,0.284,1,False
3532900,Nova Europa,SP,Sudeste,97.0,0.887,0.686,0.608,0.347,0.765,0.247,1,False
5106216,Nova Canaã do Norte,MT,Centro-Oeste,184.0,0.935,0.686,0.641,0.414,0.686,0.288,1,False
3300233,Armação dos Búzios,RJ,Sudeste,787.0,0.806,0.686,0.553,0.481,0.728,0.192,1,False
5003504,Douradina,MS,Centro-Oeste,60.0,0.85,0.686,0.583,0.438,0.699,0.369,1,False
4212270,Passos Maia,SC,Sul,57.0,0.895,0.686,0.614,0.401,0.659,0.281,1,False
2603504,Camocim de São Félix,PE,Nordeste,174.0,0.971,0.686,0.667,0.399,0.588,0.415,0,False
3136652,Juatuba,MG,Sudeste,393.0,0.901,0.686,0.618,0.403,0.717,0.326,1,False
2102002,Bom Jardim,MA,Nordeste,343.0,0.968,0.687,0.665,0.491,0.538,0.665,0,False
5107107,São José dos Quatro Marcos,MT,Centro-Oeste,198.0,0.919,0.687,0.631,0.351,0.719,0.238,1,False
3506904,Bofete,SP,Sudeste,127.0,0.906,0.687,0.622,0.402,0.705,0.268,1,False
5103007,Chapada dos Guimarães,MT,Centro-Oeste,266.0,0.925,0.687,0.635,0.464,0.688,0.348,1,False
3114402,Carmo do Rio Claro,MG,Sudeste,182.0,0.896,0.687,0.615,0.331,0.733,0.217,1,False
2108058,Paulino Neves,MA,Nordeste,180.0,0.994,0.687,0.683,0.414,0.561,0.72,0,False
3516903,General Salgado,SP,Sudeste,102.0,0.941,0.688,0.647,0.384,0.747,0.244,1,False
1100346,Alvorada D'Oeste,RO,Norte,169.0,0.852,0.688,0.586,0.34,0.643,0.345,1,False
3116506,Claro dos Poções,MG,Sudeste,67.0,0.955,0.688,0.657,0.323,0.67,0.308,1,False
3502002,Analândia,SP,Sudeste,69.0,0.928,0.688,0.638,0.329,0.754,0.194,1,False
5108006,Tapurah,MT,Centro-Oeste,249.0,0.9,0.688,0.618,0.476,0.714,0.225,1,False
5004700,Ivinhema,MS,Centro-Oeste,399.0,0.947,0.688,0.652,0.455,0.72,0.264,1,False
4217006,São Ludgero,SC,Sul,216.0,0.875,0.688,0.602,0.504,0.755,0.19,1,False
2608305,Jupi,PE,Nordeste,238.0,0.983,0.688,0.676,0.298,0.575,0.471,0,False
5202155,Araguapaz,GO,Centro-Oeste,94.0,0.989,0.688,0.681,0.259,0.674,0.296,1,False
2612455,Santa Cruz,PE,Nordeste,161.0,0.957,0.688,0.658,0.354,0.549,0.527,0,False
2616100,Verdejante,PE,Nordeste,63.0,0.968,0.689,0.667,0.317,0.605,0.444,0,False
3165552,Setubinha,MG,Sudeste,126.0,0.968,0.689,0.667,0.364,0.542,0.653,0,False
4113304,Laranjeiras do Sul,PR,Sul,491.0,0.831,0.689,0.572,0.375,0.706,0.294,1,False
4118006,Paraíso do Norte,PR,Sul,173.0,0.873,0.689,0.601,0.265,0.746,0.169,1,False
5104559,Itaúba,MT,Centro-Oeste,99.0,0.909,0.689,0.626,0.383,0.69,0.228,1,False
3304524,Rio das Ostras,RJ,Sudeste,1905.0,0.832,0.689,0.573,0.508,0.773,0.225,1,False
3117876,Confins,MG,Sudeste,105.0,0.705,0.689,0.486,0.298,0.747,0.192,1,True
5103254,Colniza,MT,Centro-Oeste,442.0,0.903,0.689,0.622,0.599,0.611,0.458,0,False
3152501,Pouso Alegre,MG,Sudeste,1341.0,0.89,0.689,0.614,0.389,0.774,0.159,1,False
2608255,Jucati,PE,Nordeste,179.0,0.972,0.69,0.67,0.358,0.55,0.472,0,False
3303401,Nova Friburgo,RJ,Sudeste,1808.0,0.848,0.69,0.585,0.533,0.745,0.202,1,False
3147204,Paraguaçu,MG,Sudeste,203.0,0.906,0.69,0.626,0.37,0.715,0.195,1,False
4112108,Jandaia do Sul,PR,Sul,204.0,0.902,0.69,0.623,0.281,0.747,0.167,1,False
4101804,Araucária,PR,Sul,2316.0,0.839,0.691,0.579,0.447,0.74,0.302,1,False
3205101,Viana,ES,Sudeste,1184.0,0.912,0.691,0.63,0.399,0.686,0.381,1,False
4107256,Douradina,PR,Sul,114.0,0.965,0.691,0.667,0.3,0.724,0.209,1,False
2411908,São Francisco do Oeste,RN,Nordeste,56.0,0.982,0.691,0.679,0.629,0.628,0.359,0,False
5101902,Brasnorte,MT,Centro-Oeste,254.0,0.854,0.691,0.591,0.47,0.696,0.321,1,False
2614600,Tabira,PE,Nordeste,300.0,0.993,0.691,0.687,0.399,0.605,0.44,0,False
3302106,Itaocara,RJ,Sudeste,223.0,0.843,0.691,0.583,0.451,0.713,0.221,1,False
2508901,Mamanguape,PB,Nordeste,498.0,0.938,0.692,0.649,0.564,0.585,0.462,0,False
3147006,Paracatu,MG,Sudeste,1053.0,0.903,0.692,0.625,0.413,0.744,0.278,1,False
3511508,Cerquilho,SP,Sudeste,433.0,0.915,0.692,0.633,0.391,0.782,0.126,1,False
1100320,São Miguel do Guaporé,RO,Norte,328.0,0.921,0.692,0.637,0.4,0.646,0.338,0,False
5206206,Cristalina,GO,Centro-Oeste,905.0,0.937,0.692,0.649,0.359,0.699,0.349,1,False
3120839,Cuparaque,MG,Sudeste,61.0,0.852,0.692,0.59,0.326,0.627,0.318,0,False
4103503,Califórnia,PR,Sul,153.0,0.935,0.692,0.647,0.289,0.722,0.211,1,False
3116159,Chapada Gaúcha,MG,Sudeste,225.0,0.924,0.692,0.64,0.402,0.635,0.448,0,False
3125101,Extrema,MG,Sudeste,841.0,0.862,0.692,0.597,0.381,0.732,0.185,1,False
2615607,Trindade,PE,Nordeste,398.0,0.972,0.693,0.673,0.441,0.595,0.463,0,False
3124104,Esmeraldas,MG,Sudeste,1096.0,0.834,0.693,0.578,0.51,0.671,0.355,1,False
1507102,São Caetano de Odivelas,PA,Norte,173.0,0.809,0.693,0.561,0.605,0.585,0.489,0,False
5201405,Aparecida de Goiânia,GO,Centro-Oeste,6109.0,0.893,0.693,0.619,0.421,0.718,0.307,1,False
3519303,Ibaté,SP,Sudeste,431.0,0.914,0.693,0.633,0.446,0.703,0.298,1,False
4209102,Joinville,SC,Sul,7519.0,0.706,0.693,0.489,0.591,0.809,0.23,1,True
4211207,Morro da Fumaça,SC,Sul,298.0,0.886,0.693,0.614,0.471,0.738,0.166,1,False
3170057,Ubaporanga,MG,Sudeste,169.0,0.964,0.693,0.669,0.407,0.614,0.336,1,False
2602209,Bom Jardim,PE,Nordeste,304.0,0.977,0.694,0.678,0.408,0.602,0.471,0,False
3170909,Varzelândia,MG,Sudeste,189.0,0.915,0.694,0.635,0.391,0.594,0.505,0,False
5106273,Novo Horizonte do Norte,MT,Centro-Oeste,55.0,0.891,0.694,0.618,0.353,0.664,0.271,1,False
4106100,Conselheiro Mairinck,PR,Sul,55.0,0.891,0.694,0.618,0.307,0.707,0.292,1,False
4205191,Ermo,SC,Sul,59.0,0.831,0.694,0.576,0.403,0.726,0.231,1,False
1502939,Dom Eliseu,PA,Norte,553.0,0.922,0.694,0.64,0.619,0.615,0.492,0,False
4104204,Campo Largo,PR,Sul,1825.0,0.864,0.694,0.599,0.431,0.745,0.3,1,False
3512308,Conchas,SP,Sudeste,170.0,0.847,0.694,0.588,0.455,0.736,0.192,1,False
4117800,Palmital,PR,Sul,152.0,0.862,0.695,0.599,0.365,0.639,0.346,0,False
3157252,Santa Bárbara do Leste,MG,Sudeste,109.0,0.872,0.695,0.606,0.395,0.613,0.336,0,False
5103361,Conquista D'Oeste,MT,Centro-Oeste,66.0,0.894,0.695,0.621,0.404,0.718,0.369,1,False
4214201,Quilombo,SC,Sul,138.0,0.855,0.695,0.594,0.43,0.73,0.245,1,False
1101450,Parecis,RO,Norte,64.0,0.922,0.695,0.641,0.381,0.617,0.369,0,False
3301876,Iguaba Grande,RJ,Sudeste,370.0,0.824,0.695,0.573,0.454,0.761,0.235,1,False
1101203,Ministro Andreazza,RO,Norte,87.0,0.943,0.695,0.655,0.298,0.638,0.273,1,False
4207007,Içara,SC,Sul,872.0,0.76,0.695,0.529,0.543,0.741,0.193,1,True
5208707,Goiânia,GO,Centro-Oeste,10246.0,0.865,0.696,0.601,0.399,0.799,0.2,1,False
3523800,Itobi,SP,Sudeste,71.0,0.972,0.696,0.676,0.321,0.717,0.191,1,False
3139508,Manhumirim,MG,Sudeste,235.0,0.881,0.696,0.613,0.355,0.697,0.271,1,False
3539202,Pirapozinho,SP,Sudeste,264.0,0.871,0.696,0.606,0.406,0.776,0.304,1,False
4128708,Vitorino,PR,Sul,141.0,0.816,0.696,0.567,0.32,0.702,0.252,1,False
1508357,Vitória do Xingu,PA,Norte,299.0,0.88,0.696,0.612,0.511,0.596,0.706,0,False
3127701,Governador Valadares,MG,Sudeste,2474.0,0.865,0.696,0.602,0.439,0.727,0.243,1,False
4217204,São Miguel do Oeste,SC,Sul,524.0,0.836,0.696,0.582,0.451,0.801,0.152,1,False
1100098,Espigão D'Oeste,RO,Norte,435.0,0.901,0.696,0.628,0.401,0.672,0.364,1,False
3138203,Lavras,MG,Sudeste,901.0,0.867,0.697,0.604,0.372,0.782,0.181,1,False
4108809,Guaíra,PR,Sul,444.0,0.854,0.697,0.595,0.345,0.724,0.264,1,False
2105104,Icatu,MA,Nordeste,243.0,0.963,0.697,0.671,0.504,0.546,0.759,0,False
3551603,Serra Negra,SP,Sudeste,286.0,0.934,0.697,0.65,0.31,0.767,0.162,1,False
2109403,Primeira Cruz,MA,Nordeste,107.0,0.832,0.697,0.579,0.421,0.512,0.659,0,False
2603801,Capoeiras,PE,Nordeste,212.0,0.995,0.697,0.693,0.383,0.549,0.527,0,False
4216305,São João Batista,SC,Sul,474.0,0.584,0.697,0.407,0.509,0.74,0.204,1,True
2111409,São Luís Gonzaga do Maranhão,MA,Nordeste,150.0,0.88,0.697,0.613,0.43,0.54,0.552,0,False
3132107,Itacarambi,MG,Sudeste,177.0,0.932,0.697,0.65,0.417,0.641,0.396,1,False
3303005,Miracema,RJ,Sudeste,268.0,0.862,0.697,0.601,0.484,0.713,0.241,1,False
3203320,Marataízes,ES,Sudeste,656.0,0.866,0.697,0.604,0.385,0.696,0.29,1,False
2606002,Garanhuns,PE,Nordeste,1353.0,0.945,0.697,0.659,0.435,0.664,0.36,0,False
5006200,Nova Andradina,MS,Centro-Oeste,667.0,0.981,0.697,0.684,0.485,0.721,0.236,1,False
3126802,Frei Gaspar,MG,Sudeste,77.0,0.987,0.697,0.688,0.366,0.59,0.44,0,False
3554904,Três Fronteiras,SP,Sudeste,79.0,0.962,0.697,0.671,0.356,0.753,0.164,1,False
4104659,Carambeí,PR,Sul,355.0,0.885,0.697,0.617,0.318,0.728,0.186,1,False
5217203,Piranhas,GO,Centro-Oeste,126.0,0.944,0.697,0.659,0.256,0.721,0.252,1,False
4209607,Lauro Muller,SC,Sul,224.0,0.723,0.698,0.504,0.449,0.735,0.157,1,True
3512407,Cordeirópolis,SP,Sudeste,341.0,0.95,0.698,0.663,0.451,0.758,0.177,1,False
5100607,Alto Taquari,MT,Centro-Oeste,180.0,0.9,0.698,0.628,0.4,0.705,0.201,1,False
3162906,São João Nepomuceno,MG,Sudeste,232.0,0.884,0.698,0.616,0.383,0.708,0.201,1,False
3131703,Itabira,MG,Sudeste,1125.0,0.879,0.698,0.613,0.409,0.756,0.248,1,False
2105476,Jenipapo dos Vieiras,MA,Nordeste,87.0,0.989,0.698,0.69,0.462,0.49,0.615,0,False
3204302,Presidente Kennedy,ES,Sudeste,201.0,0.905,0.698,0.632,0.36,0.657,0.311,1,False
4110409,Indianópolis,PR,Sul,57.0,0.93,0.698,0.649,0.284,0.724,0.165,1,False
3515350,Euclides da Cunha Paulista,SP,Sudeste,73.0,0.863,0.698,0.603,0.426,0.704,0.392,1,False
3137700,Lajinha,MG,Sudeste,228.0,0.917,0.699,0.64,0.422,0.661,0.299,0,False
3507001,Boituva,SP,Sudeste,718.0,0.901,0.699,0.63,0.414,0.78,0.193,1,False
3153905,Raposos,MG,Sudeste,157.0,0.93,0.699,0.65,0.4,0.73,0.343,1,False
4126108,São Tomé,PR,Sul,79.0,0.924,0.699,0.646,0.255,0.725,0.174,1,False
2201051,Assunção do Piauí,PI,Nordeste,83.0,1.0,0.699,0.699,0.484,0.499,0.643,0,False
3506359,Bertioga,SP,Sudeste,1050.0,0.917,0.699,0.641,0.461,0.73,0.209,1,False
2108454,Peritoró,MA,Nordeste,225.0,0.916,0.699,0.64,0.41,0.564,0.652,0,False
2106805,Mirinzal,MA,Nordeste,154.0,0.929,0.699,0.649,0.436,0.622,0.62,0,False
2103752,Davinópolis,MA,Nordeste,160.0,0.956,0.699,0.669,0.421,0.607,0.499,0,False
4110078,Imbaú,PR,Sul,205.0,0.893,0.699,0.624,0.41,0.622,0.385,1,False
1506187,Rondon do Pará,PA,Norte,440.0,0.855,0.699,0.598,0.675,0.602,0.476,0,False
4203907,Capinzal,SC,Sul,357.0,0.793,0.7,0.555,0.491,0.752,0.156,1,True
5108303,União do Sul,MT,Centro-Oeste,77.0,0.909,0.7,0.636,0.384,0.665,0.292,1,False
3154507,Riacho dos Machados,MG,Sudeste,90.0,1.0,0.7,0.7,0.388,0.627,0.465,0,False
3203007,Iúna,ES,Sudeste,395.0,0.937,0.7,0.656,0.351,0.666,0.288,1,False
3523602,Itirapina,SP,Sudeste,169.0,0.947,0.7,0.663,0.441,0.724,0.274,1,False
3146750,Palmópolis,MG,Sudeste,68.0,0.882,0.7,0.618,0.364,0.565,0.483,0,False
3532603,Nhandeara,SP,Sudeste,76.0,0.921,0.7,0.645,0.334,0.751,0.263,1,False
4118857,Perobal,PR,Sul,100.0,0.9,0.7,0.63,0.249,0.713,0.22,1,False
3303609,Paracambi,RJ,Sudeste,428.0,0.857,0.7,0.6,0.535,0.72,0.322,1,False
3134400,Iturama,MG,Sudeste,401.0,0.89,0.7,0.623,0.364,0.747,0.264,1,False
4110201,Inácio Martins,PR,Sul,163.0,0.902,0.701,0.632,0.452,0.6,0.419,0,False
3106903,Bicas,MG,Sudeste,123.0,0.87,0.701,0.61,0.33,0.744,0.206,1,False
3111804,Canápolis,MG,Sudeste,99.0,0.98,0.701,0.687,0.323,0.722,0.314,1,False
3538501,Piquete,SP,Sudeste,96.0,0.906,0.701,0.635,0.405,0.757,0.269,1,False
5211909,Jataí,GO,Centro-Oeste,1253.0,0.916,0.701,0.642,0.324,0.757,0.207,1,False
3158953,Santana do Paraíso,MG,Sudeste,352.0,0.932,0.701,0.653,0.465,0.685,0.329,1,False
3540606,Porto Feliz,SP,Sudeste,565.0,0.919,0.701,0.644,0.422,0.758,0.221,1,False
3129202,Heliodora,MG,Sudeste,77.0,0.87,0.701,0.61,0.37,0.657,0.222,1,False
3169307,Três Corações,MG,Sudeste,617.0,0.94,0.702,0.66,0.438,0.744,0.27,1,False
3162807,São João Evangelista,MG,Sudeste,171.0,0.883,0.702,0.62,0.409,0.638,0.383,1,False
5000609,Amambai,MS,Centro-Oeste,434.0,0.912,0.702,0.641,0.59,0.673,0.375,1,False
4205605,Galvão,SC,Sul,52.0,0.904,0.702,0.635,0.374,0.708,0.244,1,False
4213351,Ponte Alta do Norte,SC,Sul,59.0,0.797,0.702,0.559,0.543,0.689,0.267,1,True
4213203,Pomerode,SC,Sul,408.0,0.873,0.702,0.613,0.486,0.78,0.118,1,False
1507755,Sapucaia,PA,Norte,99.0,0.848,0.702,0.596,0.502,0.59,0.374,0,False
5207808,Firminópolis,GO,Centro-Oeste,89.0,0.944,0.702,0.663,0.27,0.732,0.224,1,False
4202206,Benedito Novo,SC,Sul,137.0,0.883,0.702,0.62,0.413,0.74,0.221,1,False
2920304,Malhada de Pedras,BA,Nordeste,80.0,0.925,0.703,0.65,0.578,0.578,0.437,0,False
3152402,Poté,MG,Sudeste,119.0,0.933,0.703,0.655,0.374,0.624,0.457,0,False
2600104,Afogados da Ingazeira,PE,Nordeste,397.0,0.975,0.703,0.685,0.371,0.657,0.406,0,False
2501203,Areial,PB,Nordeste,107.0,0.944,0.703,0.664,0.461,0.608,0.445,0,False
5205455,Cezarina,GO,Centro-Oeste,105.0,0.962,0.703,0.676,0.329,0.711,0.242,1,False
2601201,Arcoverde,PE,Nordeste,691.0,0.97,0.703,0.682,0.429,0.667,0.355,0,False
4102901,Bituruna,PR,Sul,275.0,0.833,0.703,0.585,0.389,0.667,0.271,1,False
2611101,Petrolina,PE,Nordeste,4855.0,0.952,0.703,0.67,0.438,0.697,0.321,1,False
4128633,Doutor Ulysses,PR,Sul,69.0,0.928,0.703,0.652,0.434,0.546,0.46,0,False
3524709,Jaguariúna,SP,Sudeste,649.0,0.841,0.703,0.592,0.43,0.784,0.208,1,False
4113759,Lunardelli,PR,Sul,57.0,0.947,0.704,0.667,0.281,0.69,0.285,1,False
3302908,Miguel Pereira,RJ,Sudeste,272.0,0.82,0.704,0.577,0.48,0.745,0.252,1,False
5209200,Guapó,GO,Centro-Oeste,258.0,0.826,0.704,0.581,0.31,0.697,0.346,1,False
3113008,Caraí,MG,Sudeste,173.0,0.919,0.704,0.647,0.424,0.558,0.519,0,False
4128625,Alto Paraíso,PR,Sul,52.0,0.846,0.705,0.596,0.283,0.678,0.283,1,False
4109757,Ibema,PR,Sul,106.0,0.83,0.705,0.585,0.288,0.685,0.316,1,False
4208302,Itapema,SC,Sul,1233.0,0.533,0.705,0.376,0.527,0.796,0.143,1,True
4316501,Salvador do Sul,RS,Sul,65.0,0.938,0.705,0.662,0.463,0.74,0.123,1,False
3522802,Itaporanga,SP,Sudeste,134.0,0.91,0.705,0.642,0.474,0.719,0.353,1,False
3525904,Jundiaí,SP,Sudeste,3851.0,0.909,0.705,0.641,0.434,0.822,0.203,1,False
4100608,Alto Paraná,PR,Sul,183.0,0.852,0.705,0.601,0.314,0.696,0.276,1,False
4206108,Grão Pará,SC,Sul,100.0,0.78,0.705,0.55,0.47,0.736,0.208,1,True
2111029,São João do Carú,MA,Nordeste,182.0,0.951,0.705,0.67,0.496,0.509,0.665,0,False
2607307,Ipubi,PE,Nordeste,372.0,0.976,0.705,0.688,0.419,0.55,0.542,0,False
3106200,Belo Horizonte,MG,Sudeste,18910.0,0.847,0.705,0.597,0.475,0.81,0.291,1,False
4101002,Ampére,PR,Sul,260.0,0.888,0.706,0.627,0.333,0.709,0.217,1,False
3151206,Pirapora,MG,Sudeste,665.0,0.884,0.706,0.624,0.423,0.731,0.259,1,False
3511102,Catanduva,SP,Sudeste,814.0,0.91,0.706,0.643,0.445,0.785,0.179,1,False
2604809,Cortês,PE,Nordeste,88.0,0.966,0.706,0.682,0.399,0.568,0.486,0,False
2107605,Palmeirândia,MA,Nordeste,132.0,0.902,0.706,0.636,0.456,0.556,0.664,0,False
1101435,Nova União,RO,Norte,94.0,0.904,0.706,0.638,0.37,0.587,0.398,0,False
5207535,Faina,GO,Centro-Oeste,56.0,0.911,0.706,0.643,0.316,0.65,0.349,0,False
1100502,Novo Horizonte do Oeste,RO,Norte,109.0,0.936,0.706,0.661,0.377,0.634,0.354,1,False
3204906,São Mateus,ES,Sudeste,1679.0,0.902,0.706,0.637,0.367,0.735,0.282,1,False
3304151,Quissamã,RJ,Sudeste,333.0,0.787,0.706,0.556,0.485,0.704,0.3,1,True
3118601,Contagem,MG,Sudeste,5639.0,0.816,0.706,0.576,0.48,0.756,0.295,1,False
3171204,Vespasiano,MG,Sudeste,1623.0,0.9,0.706,0.635,0.483,0.688,0.354,1,False
3546405,Santa Cruz do Rio Pardo,SP,Sudeste,414.0,0.937,0.706,0.662,0.389,0.762,0.197,1,False
3556305,Valparaíso,SP,Sudeste,283.0,0.951,0.706,0.671,0.429,0.725,0.264,1,False
3524808,Jales,SP,Sudeste,407.0,0.946,0.706,0.668,0.403,0.776,0.174,1,False
3125606,Felisburgo,MG,Sudeste,98.0,0.939,0.707,0.663,0.388,0.583,0.423,0,False
4200408,Água Doce,SC,Sul,99.0,0.758,0.707,0.535,0.532,0.698,0.294,1,True
2102705,Cantanhede,MA,Nordeste,221.0,0.941,0.707,0.665,0.471,0.565,0.686,0,False
3300605,Bom Jesus do Itabapoana,RJ,Sudeste,291.0,0.856,0.707,0.605,0.471,0.732,0.266,1,False
4219507,Xanxerê,SC,Sul,597.0,0.76,0.707,0.538,0.489,0.775,0.18,1,True
3151701,Poço Fundo,MG,Sudeste,158.0,0.886,0.707,0.627,0.38,0.691,0.223,1,False
3508702,Caconde,SP,Sudeste,177.0,0.927,0.707,0.655,0.41,0.72,0.267,1,False
3135605,Jequitaí,MG,Sudeste,86.0,0.953,0.707,0.674,0.32,0.643,0.442,0,False
3501707,Américo Brasiliense,SP,Sudeste,396.0,0.907,0.708,0.641,0.463,0.751,0.269,1,False
3519501,Ibirarema,SP,Sudeste,73.0,0.89,0.708,0.63,0.367,0.708,0.239,1,False
2307106,Jardim,CE,Nordeste,351.0,0.994,0.708,0.704,0.131,0.614,0.386,0,False
3530508,Mococa,SP,Sudeste,543.0,0.934,0.708,0.661,0.395,0.762,0.213,1,False
4125605,São Mateus do Sul,PR,Sul,552.0,0.918,0.708,0.65,0.356,0.719,0.242,1,False
4219002,Urussanga,SC,Sul,244.0,0.885,0.708,0.627,0.453,0.772,0.117,1,False
4208005,Itá,SC,Sul,117.0,0.821,0.708,0.581,0.378,0.771,0.152,1,False
3170800,Várzea da Palma,MG,Sudeste,324.0,0.932,0.709,0.66,0.42,0.666,0.34,1,False
4123857,Santa Maria do Oeste,PR,Sul,150.0,0.893,0.709,0.633,0.382,0.609,0.373,0,False
2509107,Mari,PB,Nordeste,219.0,0.863,0.709,0.612,0.529,0.548,0.477,0,False
4115606,Matelândia,PR,Sul,281.0,0.868,0.709,0.616,0.315,0.725,0.204,1,False
2100204,Alcântara,MA,Nordeste,122.0,0.902,0.709,0.639,0.476,0.573,0.573,0,False
4125308,São Jorge do Ivaí,PR,Sul,56.0,0.982,0.709,0.696,0.208,0.743,0.188,1,False
3157807,Santa Luzia,MG,Sudeste,2644.0,0.87,0.709,0.617,0.512,0.715,0.378,1,False
3113503,Carbonita,MG,Sudeste,110.0,0.782,0.709,0.555,0.367,0.638,0.316,0,True
1101401,Monte Negro,RO,Norte,190.0,0.905,0.709,0.642,0.419,0.607,0.377,0,False
3204203,Piúma,ES,Sudeste,341.0,0.938,0.709,0.666,0.329,0.727,0.258,1,False
2708204,São Brás,AL,Nordeste,94.0,0.989,0.71,0.702,0.493,0.572,0.489,0,False
4201257,Apiúna,SC,Sul,108.0,0.861,0.71,0.611,0.457,0.708,0.209,1,False
3546900,Santa Lúcia,SP,Sudeste,98.0,0.949,0.71,0.673,0.384,0.737,0.31,1,False
1101005,Governador Jorge Teixeira,RO,Norte,135.0,0.919,0.71,0.652,0.378,0.596,0.354,0,False
3101805,Alpercata,MG,Sudeste,71.0,0.873,0.71,0.62,0.374,0.646,0.338,1,False
2202802,Conceição do Canindé,PI,Nordeste,63.0,0.984,0.71,0.698,0.416,0.589,0.435,0,False
3137809,Lambari,MG,Sudeste,207.0,0.899,0.71,0.638,0.344,0.711,0.239,1,False
4109302,Guaraniaçu,PR,Sul,208.0,0.88,0.71,0.625,0.371,0.677,0.343,1,False
3169000,Tocantins,MG,Sudeste,168.0,0.905,0.711,0.643,0.371,0.688,0.188,1,False
4219176,Vargem Bonita,SC,Sul,83.0,0.916,0.711,0.651,0.49,0.718,0.308,1,False
5214507,Nerópolis,GO,Centro-Oeste,420.0,0.898,0.711,0.638,0.336,0.721,0.282,1,False
4211454,Nova Itaberaba,SC,Sul,52.0,0.865,0.711,0.615,0.414,0.736,0.23,1,False
3516200,Franca,SP,Sudeste,3595.0,0.93,0.711,0.661,0.466,0.78,0.187,1,False
4118501,Pato Branco,PR,Sul,1081.0,0.852,0.711,0.606,0.36,0.782,0.179,1,False
4105409,Chopinzinho,PR,Sul,258.0,0.899,0.711,0.64,0.294,0.74,0.249,1,False
2605806,Frei Miguelinho,PE,Nordeste,110.0,0.882,0.711,0.627,0.325,0.576,0.491,0,False
2504603,Conde,PB,Nordeste,447.0,0.908,0.712,0.647,0.522,0.618,0.475,0,False
3139102,Madre de Deus de Minas,MG,Sudeste,65.0,0.908,0.712,0.646,0.325,0.699,0.324,1,False
3115359,Catas Altas,MG,Sudeste,61.0,0.967,0.712,0.689,0.316,0.684,0.229,1,False
3205010,Sooretama,ES,Sudeste,470.0,0.917,0.712,0.653,0.36,0.662,0.311,1,False
1101104,Itapuã do Oeste,RO,Norte,177.0,0.904,0.712,0.644,0.399,0.614,0.412,0,False
5107180,Ribeirão Cascalheira,MT,Centro-Oeste,122.0,0.885,0.713,0.631,0.485,0.67,0.433,0,False
2615201,Terra Nova,PE,Nordeste,119.0,0.966,0.713,0.689,0.322,0.599,0.398,0,False
3110004,Caeté,MG,Sudeste,395.0,0.873,0.713,0.623,0.431,0.728,0.34,1,False
3138609,Lima Duarte,MG,Sudeste,147.0,0.878,0.713,0.626,0.37,0.71,0.323,1,False
2101103,Axixá,MA,Nordeste,153.0,0.935,0.713,0.667,0.364,0.641,0.563,0,False
4101507,Arapongas,PR,Sul,1373.0,0.869,0.714,0.621,0.359,0.748,0.162,1,False
4109708,Ibaiti,PR,Sul,360.0,0.933,0.714,0.667,0.354,0.71,0.313,1,False
4305009,Catuípe,RS,Sul,65.0,0.969,0.714,0.692,0.455,0.739,0.223,1,False
3102902,Antônio Carlos,MG,Sudeste,98.0,0.929,0.714,0.663,0.347,0.683,0.296,1,False
4106704,Cruzeiro do Sul,PR,Sul,51.0,0.961,0.714,0.686,0.277,0.713,0.243,1,False
3550506,São Pedro do Turvo,SP,Sudeste,88.0,0.955,0.714,0.682,0.316,0.703,0.211,1,False
4103222,Bom Sucesso do Sul,PR,Sul,53.0,0.925,0.714,0.66,0.312,0.742,0.184,1,False
3542107,Rafard,SP,Sudeste,116.0,0.966,0.714,0.69,0.373,0.745,0.196,1,False
3517505,Guapiaçu,SP,Sudeste,234.0,0.795,0.715,0.568,0.404,0.725,0.24,1,True
4216909,São Lourenço do Oeste,SC,Sul,381.0,0.793,0.715,0.567,0.504,0.749,0.229,1,True
3538808,Piraju,SP,Sudeste,298.0,0.943,0.715,0.674,0.429,0.758,0.212,1,False
4124707,São Jerônimo da Serra,PR,Sul,94.0,0.936,0.716,0.67,0.435,0.637,0.418,0,False
4217808,Taió,SC,Sul,221.0,0.796,0.716,0.57,0.473,0.761,0.193,1,True
3168507,Teixeiras,MG,Sudeste,91.0,0.967,0.716,0.692,0.354,0.675,0.273,1,False
3139607,Mantena,MG,Sudeste,256.0,0.867,0.716,0.621,0.363,0.675,0.303,1,False
5100250,Alta Floresta,MT,Centro-Oeste,741.0,0.887,0.717,0.636,0.507,0.714,0.23,1,False
4200309,Agronômica,SC,Sul,77.0,0.688,0.717,0.494,0.438,0.741,0.223,1,True
3162559,São João do Manhuaçu,MG,Sudeste,160.0,0.95,0.717,0.681,0.36,0.65,0.312,1,False
3167202,Sete Lagoas,MG,Sudeste,1835.0,0.912,0.717,0.654,0.413,0.76,0.233,1,False
4104451,Cantagalo,PR,Sul,193.0,0.953,0.717,0.684,0.427,0.635,0.359,1,False
3126752,Franciscópolis,MG,Sudeste,52.0,0.885,0.717,0.635,0.407,0.603,0.493,0,False
4204301,Concórdia,SC,Sul,1137.0,0.836,0.718,0.6,0.495,0.8,0.163,1,False
3122454,Divisópolis,MG,Sudeste,86.0,0.907,0.718,0.651,0.414,0.609,0.403,0,False
4215075,Riqueza,SC,Sul,54.0,0.722,0.718,0.519,0.499,0.714,0.25,1,True
4213807,Praia Grande,SC,Sul,136.0,0.809,0.718,0.581,0.443,0.718,0.206,1,False
1700707,Alvorada,TO,Norte,127.0,0.866,0.718,0.622,0.615,0.708,0.246,1,False
3135357,Japonvar,MG,Sudeste,75.0,0.947,0.718,0.68,0.294,0.608,0.347,0,False
3123528,Durandé,MG,Sudeste,79.0,0.899,0.718,0.646,0.343,0.645,0.328,0,False
2612901,São Benedito do Sul,PE,Nordeste,76.0,0.934,0.718,0.671,0.421,0.53,0.574,0,False
3124906,Eugenópolis,MG,Sudeste,95.0,0.747,0.718,0.537,0.354,0.675,0.238,1,True
3141009,Mato Verde,MG,Sudeste,143.0,0.944,0.719,0.678,0.319,0.662,0.346,1,False
3205036,Vargem Alta,ES,Sudeste,240.0,0.933,0.719,0.671,0.347,0.663,0.24,1,False
4313805,Palmitinho,RS,Sul,92.0,0.967,0.719,0.696,0.446,0.72,0.255,1,False
4108957,Guamiranga,PR,Sul,97.0,0.918,0.719,0.66,0.335,0.669,0.258,1,False
3529302,Matão,SP,Sudeste,724.0,0.93,0.719,0.669,0.393,0.773,0.249,1,False
4120200,Porto Rico,PR,Sul,69.0,0.826,0.719,0.594,0.201,0.735,0.221,1,False
1100304,Vilhena,RO,Norte,1529.0,0.863,0.719,0.621,0.419,0.731,0.239,1,False
5103601,Dom Aquino,MT,Centro-Oeste,86.0,0.953,0.72,0.686,0.355,0.69,0.337,1,False
5221197,Terezópolis de Goiás,GO,Centro-Oeste,117.0,0.915,0.72,0.658,0.339,0.685,0.352,1,False
4122404,Rolândia,PR,Sul,1005.0,0.86,0.72,0.619,0.329,0.739,0.198,1,False
1100064,Colorado do Oeste,RO,Norte,193.0,0.907,0.72,0.653,0.358,0.685,0.28,1,False
4313037,Nova Esperança do Sul,RS,Sul,54.0,0.926,0.72,0.667,0.394,0.735,0.146,1,False
5214838,Nova Crixás,GO,Centro-Oeste,146.0,0.979,0.72,0.705,0.314,0.643,0.338,1,False
3201209,Cachoeiro de Itapemirim,ES,Sudeste,2012.0,0.899,0.721,0.648,0.366,0.746,0.205,1,False
4205001,Dionísio Cerqueira,SC,Sul,205.0,0.839,0.721,0.605,0.522,0.706,0.283,1,False
1100072,Corumbiara,RO,Norte,146.0,0.884,0.721,0.637,0.32,0.613,0.336,1,False
2613305,São Joaquim do Monte,PE,Nordeste,234.0,0.996,0.721,0.718,0.399,0.537,0.5,0,False
5217104,Piracanjuba,GO,Centro-Oeste,218.0,0.954,0.721,0.688,0.291,0.721,0.29,1,False
3148103,Patrocínio,MG,Sudeste,1071.0,0.924,0.721,0.667,0.387,0.729,0.246,1,False
3121803,Dionísio,MG,Sudeste,61.0,1.0,0.721,0.721,0.351,0.702,0.347,1,False
4114500,Manoel Ribas,PR,Sul,129.0,0.946,0.721,0.682,0.317,0.716,0.324,1,False
3514304,Dourado,SP,Sudeste,86.0,0.919,0.722,0.663,0.359,0.738,0.266,1,False
3170701,Varginha,MG,Sudeste,1157.0,0.888,0.722,0.64,0.369,0.778,0.175,1,False
3152204,Porteirinha,MG,Sudeste,343.0,0.974,0.722,0.703,0.355,0.651,0.386,0,False
4107603,Faxinal,PR,Sul,226.0,0.938,0.722,0.677,0.336,0.687,0.271,1,False
5200555,Alto Horizonte,GO,Centro-Oeste,125.0,0.92,0.722,0.664,0.214,0.719,0.195,1,False
5201702,Aragarças,GO,Centro-Oeste,241.0,0.925,0.722,0.668,0.301,0.732,0.259,1,False
3554300,Teodoro Sampaio,SP,Sudeste,245.0,0.91,0.722,0.657,0.384,0.741,0.285,1,False
3518206,Guararapes,SP,Sudeste,253.0,0.953,0.722,0.688,0.392,0.763,0.232,1,False
2101731,Belágua,MA,Nordeste,110.0,0.982,0.722,0.709,0.282,0.512,0.6,0,False
3503000,Aramina,SP,Sudeste,57.0,0.947,0.722,0.684,0.351,0.74,0.167,1,False
3541307,Presidente Epitácio,SP,Sudeste,429.0,0.949,0.722,0.685,0.378,0.75,0.259,1,False
2104206,Fortuna,MA,Nordeste,319.0,0.972,0.723,0.702,0.451,0.58,0.621,0,False
3535002,Palestina,SP,Sudeste,133.0,0.977,0.723,0.707,0.437,0.732,0.345,1,False
2604700,Correntes,PE,Nordeste,133.0,0.977,0.723,0.707,0.427,0.536,0.493,0,False
4108304,Foz do Iguaçu,PR,Sul,3793.0,0.813,0.723,0.588,0.438,0.751,0.249,1,False
3144706,Nova Era,MG,Sudeste,196.0,0.903,0.723,0.653,0.366,0.709,0.292,1,False
3124302,Espinosa,MG,Sudeste,312.0,0.962,0.723,0.696,0.399,0.627,0.457,0,False
4111506,Ivaiporã,PR,Sul,298.0,0.862,0.724,0.624,0.327,0.73,0.263,1,False
1100452,Buritis,RO,Norte,484.0,0.905,0.724,0.655,0.485,0.616,0.38,0,False
3553005,Taguaí,SP,Sudeste,146.0,0.918,0.724,0.664,0.463,0.709,0.216,1,False
1100700,Campo Novo de Rondônia,RO,Norte,177.0,0.921,0.724,0.667,0.424,0.593,0.482,0,False
3146255,Padre Carvalho,MG,Sudeste,61.0,0.951,0.724,0.689,0.406,0.599,0.561,0,False
4206900,Ibirama,SC,Sul,247.0,0.822,0.724,0.595,0.475,0.737,0.126,1,False
2101004,Arari,MA,Nordeste,328.0,0.973,0.724,0.704,0.42,0.626,0.503,0,False
5207402,Edéia,GO,Centro-Oeste,166.0,0.94,0.724,0.681,0.239,0.739,0.276,1,False
3147402,Paraopeba,MG,Sudeste,245.0,0.918,0.724,0.665,0.353,0.694,0.272,1,False
4218509,Treze Tílias,SC,Sul,166.0,0.831,0.725,0.602,0.448,0.795,0.18,1,False
5208509,Goiandira,GO,Centro-Oeste,71.0,0.972,0.725,0.704,0.286,0.76,0.228,1,False
3548104,Santo Antônio do Jardim,SP,Sudeste,72.0,0.958,0.725,0.694,0.336,0.714,0.17,1,False
3501301,Álvares Machado,SP,Sudeste,268.0,0.922,0.725,0.668,0.406,0.758,0.231,1,False
4208500,Ituporanga,SC,Sul,364.0,0.819,0.725,0.593,0.468,0.748,0.183,1,False
2109809,Santa Helena,MA,Nordeste,269.0,0.743,0.725,0.539,0.522,0.571,0.59,0,True
3121605,Diamantina,MG,Sudeste,519.0,0.933,0.725,0.676,0.383,0.716,0.318,1,False
3162948,São José da Barra,MG,Sudeste,115.0,0.791,0.725,0.574,0.314,0.739,0.176,1,True
3123106,Dores de Guanhães,MG,Sudeste,59.0,0.864,0.725,0.627,0.385,0.636,0.391,1,False
4215406,Salto Veloso,SC,Sul,60.0,0.85,0.725,0.617,0.432,0.784,0.145,1,False
3160702,Santos Dumont,MG,Sudeste,325.0,0.942,0.725,0.683,0.356,0.741,0.29,1,False
3156700,Sabará,MG,Sudeste,1272.0,0.871,0.726,0.632,0.469,0.731,0.344,1,False
4208906,Jaraguá do Sul,SC,Sul,2239.0,0.746,0.726,0.541,0.509,0.803,0.121,1,True
4100806,Alvorada do Sul,PR,Sul,125.0,0.848,0.726,0.616,0.299,0.708,0.34,1,False
3145208,Nova Serrana,MG,Sudeste,1489.0,0.938,0.727,0.682,0.421,0.715,0.199,1,False
4216008,São Carlos,SC,Sul,154.0,0.831,0.727,0.604,0.416,0.769,0.197,1,False
4117222,Nova Santa Rosa,PR,Sul,157.0,0.885,0.727,0.643,0.267,0.731,0.22,1,False
3114204,Carmo do Cajuru,MG,Sudeste,225.0,0.911,0.727,0.662,0.345,0.71,0.186,1,False
5101704,Barra do Bugres,MT,Centro-Oeste,436.0,0.94,0.727,0.683,0.474,0.693,0.295,1,False
2207009,Oeiras,PI,Nordeste,345.0,0.977,0.727,0.71,0.443,0.634,0.38,0,False
3115706,Central de Minas,MG,Sudeste,58.0,0.948,0.727,0.69,0.342,0.665,0.351,1,False
3109907,Caetanópolis,MG,Sudeste,105.0,0.943,0.727,0.686,0.348,0.706,0.298,1,False
4117255,Nova Prata do Iguaçu,PR,Sul,140.0,0.943,0.727,0.686,0.306,0.716,0.272,1,False
3304201,Resende,RJ,Sudeste,1157.0,0.85,0.727,0.618,0.469,0.768,0.194,1,False
2203701,Esperantina,PI,Nordeste,422.0,0.983,0.728,0.716,0.473,0.605,0.418,0,False
2105351,Itaipava do Grajaú,MA,Nordeste,165.0,0.982,0.728,0.715,0.489,0.518,0.719,0,False
4102406,Bandeirantes,PR,Sul,336.0,0.899,0.728,0.655,0.307,0.727,0.201,1,False
4109658,Honório Serpa,PR,Sul,76.0,0.921,0.729,0.671,0.3,0.683,0.278,1,False
4211405,Nova Erechim,SC,Sul,74.0,0.946,0.729,0.689,0.421,0.765,0.211,1,False
4218806,Turvo,SC,Sul,159.0,0.811,0.729,0.591,0.425,0.74,0.166,1,False
4122909,Salto do Itararé,PR,Sul,65.0,0.908,0.729,0.662,0.29,0.704,0.291,1,False
3162575,São João do Manteninha,MG,Sudeste,61.0,0.967,0.729,0.705,0.34,0.64,0.334,1,False
3512100,Colômbia,SP,Sudeste,119.0,0.899,0.729,0.655,0.367,0.71,0.213,1,False
3154804,Rio Acima,MG,Sudeste,123.0,0.902,0.73,0.659,0.371,0.673,0.353,1,False
3505203,Bariri,SP,Sudeste,277.0,0.935,0.73,0.682,0.389,0.75,0.151,1,False
4206306,Guabiruba,SC,Sul,376.0,0.758,0.73,0.553,0.542,0.754,0.211,1,True
3154457,Riachinho,MG,Sudeste,98.0,0.908,0.73,0.663,0.332,0.632,0.374,0,False
2114007,Zé Doca,MA,Nordeste,449.0,0.909,0.73,0.664,0.475,0.595,0.533,0,False
2110302,Santo Antônio dos Lopes,MA,Nordeste,121.0,0.95,0.73,0.694,0.412,0.566,0.441,0,False
3101607,Alfenas,MG,Sudeste,710.0,0.92,0.73,0.672,0.374,0.761,0.217,1,False
2100402,Altamira do Maranhão,MA,Nordeste,54.0,0.963,0.731,0.704,0.414,0.549,0.592,0,False
4114807,Marialva,PR,Sul,574.0,0.862,0.731,0.631,0.332,0.735,0.188,1,False
4300646,Ametista do Sul,RS,Sul,73.0,0.918,0.731,0.671,0.503,0.682,0.31,1,False
2615508,Tracunhaém,PE,Nordeste,130.0,0.946,0.732,0.692,0.398,0.605,0.507,0,False
3167608,Simonésia,MG,Sudeste,245.0,0.837,0.732,0.612,0.416,0.632,0.342,0,False
2923035,Novo Horizonte,BA,Nordeste,88.0,0.932,0.732,0.682,0.554,0.597,0.397,0,False
4201802,Atalanta,SC,Sul,50.0,0.82,0.732,0.6,0.457,0.733,0.233,1,False
3128006,Guanhães,MG,Sudeste,335.0,0.913,0.732,0.669,0.421,0.686,0.352,1,False
3106002,Bela Vista de Minas,MG,Sudeste,119.0,0.941,0.732,0.689,0.366,0.674,0.325,1,False
3137601,Lagoa Santa,MG,Sudeste,667.0,0.801,0.732,0.586,0.418,0.777,0.283,1,False
5201108,Anápolis,GO,Centro-Oeste,3909.0,0.89,0.732,0.652,0.406,0.737,0.24,1,False
3541604,Promissão,SP,Sudeste,295.0,0.925,0.733,0.678,0.398,0.743,0.207,1,False
3517901,Guaraci,SP,Sudeste,105.0,0.962,0.733,0.705,0.334,0.737,0.269,1,False
2203305,Demerval Lobão,PI,Nordeste,105.0,0.962,0.733,0.705,0.413,0.618,0.445,0,False
3120904,Curvelo,MG,Sudeste,808.0,0.899,0.733,0.658,0.441,0.713,0.277,1,False
3523404,Itatiba,SP,Sudeste,1110.0,0.907,0.733,0.665,0.431,0.778,0.168,1,False
3529401,Mauá,SP,Sudeste,4043.0,0.946,0.733,0.694,0.481,0.766,0.32,1,False
2408508,Ouro Branco,RN,Nordeste,64.0,0.938,0.733,0.688,0.566,0.645,0.305,1,False
5203401,Bom Jardim de Goiás,GO,Centro-Oeste,78.0,0.962,0.733,0.705,0.369,0.67,0.37,1,False
4113452,Lindoeste,PR,Sul,78.0,0.962,0.733,0.705,0.312,0.666,0.381,1,False
4121109,Quinta do Sol,PR,Sul,52.0,0.865,0.733,0.635,0.37,0.715,0.324,1,False
4124608,São Carlos do Ivaí,PR,Sul,79.0,0.949,0.733,0.696,0.316,0.682,0.283,1,False
1600238,Ferreira Gomes,AP,Norte,161.0,0.932,0.733,0.683,0.554,0.656,0.463,0,False
2702108,Colônia Leopoldina,AL,Nordeste,197.0,0.934,0.734,0.685,0.632,0.517,0.548,0,False
1100924,Chupinguaia,RO,Norte,179.0,0.86,0.734,0.631,0.407,0.652,0.339,0,False
5001243,Aral Moreira,MS,Centro-Oeste,149.0,0.933,0.734,0.685,0.537,0.633,0.375,0,False
3205309,Vitória,ES,Sudeste,2932.0,0.92,0.734,0.675,0.355,0.845,0.168,1,False
5211008,Itapirapuã,GO,Centro-Oeste,103.0,0.913,0.734,0.67,0.316,0.677,0.321,1,False
4105102,Centenário do Sul,PR,Sul,115.0,0.817,0.734,0.6,0.351,0.668,0.349,1,False
4119608,Pitanga,PR,Sul,384.0,0.911,0.734,0.669,0.349,0.702,0.287,1,False
1502772,Curionópolis,PA,Norte,325.0,0.834,0.734,0.612,0.502,0.636,0.547,0,False
3119203,Coroaci,MG,Sudeste,68.0,0.941,0.734,0.691,0.383,0.626,0.386,0,False
4106605,Cruzeiro do Oeste,PR,Sul,256.0,0.941,0.734,0.691,0.324,0.717,0.347,1,False
2500700,São João do Rio do Peixe,PB,Nordeste,122.0,0.926,0.735,0.68,0.44,0.608,0.372,0,False
5105176,Juruena,MT,Centro-Oeste,166.0,0.886,0.735,0.651,0.443,0.662,0.299,1,False
1600055,Serra do Navio,AP,Norte,53.0,0.925,0.735,0.679,0.548,0.709,0.39,0,False
3536000,Parapuã,SP,Sudeste,104.0,0.942,0.735,0.692,0.357,0.737,0.226,1,False
2613602,São José do Egito,PE,Nordeste,305.0,0.977,0.735,0.718,0.368,0.635,0.412,0,False
3103751,Araporã,MG,Sudeste,128.0,0.914,0.735,0.672,0.333,0.708,0.182,1,False
4201208,Antônio Carlos,SC,Sul,191.0,0.89,0.735,0.654,0.448,0.749,0.142,1,False
4125001,São João do Ivaí,PR,Sul,115.0,0.887,0.735,0.652,0.29,0.693,0.315,1,False
3110301,Caldas,MG,Sudeste,136.0,0.89,0.736,0.654,0.423,0.687,0.34,1,False
4113700,Londrina,PR,Sul,5687.0,0.839,0.736,0.618,0.401,0.778,0.254,1,False
4318424,São João da Urtiga,RS,Sul,55.0,0.964,0.736,0.709,0.454,0.694,0.259,1,False
3107208,Bocaina de Minas,MG,Sudeste,55.0,0.964,0.736,0.709,0.356,0.645,0.31,1,False
2210607,São Raimundo Nonato,PI,Nordeste,431.0,0.958,0.736,0.705,0.507,0.661,0.433,0,False
3548203,Santo Antônio do Pinhal,SP,Sudeste,73.0,0.986,0.736,0.726,0.409,0.706,0.234,1,False
4128203,União da Vitória,PR,Sul,627.0,0.864,0.736,0.636,0.417,0.74,0.258,1,False
2113009,Vitorino Freire,MA,Nordeste,292.0,0.884,0.736,0.651,0.482,0.57,0.581,0,False
3553708,Taquaritinga,SP,Sudeste,460.0,0.883,0.736,0.65,0.462,0.748,0.298,1,False
3512506,Coroados,SP,Sudeste,67.0,0.851,0.737,0.627,0.396,0.719,0.188,1,False
4113502,Loanda,PR,Sul,238.0,0.912,0.737,0.672,0.308,0.725,0.245,1,False
3204500,Santa Leopoldina,ES,Sudeste,103.0,0.961,0.737,0.709,0.367,0.626,0.32,0,False
4215679,Santa Terezinha,SC,Sul,105.0,0.943,0.737,0.695,0.492,0.669,0.241,1,False
3150158,Piedade de Caratinga,MG,Sudeste,152.0,0.928,0.738,0.684,0.345,0.612,0.328,1,False
5105259,Lucas do Rio Verde,MT,Centro-Oeste,1393.0,0.87,0.738,0.642,0.467,0.768,0.196,1,False
3532801,Nova Aliança,SP,Sudeste,69.0,0.884,0.738,0.652,0.348,0.738,0.197,1,False
3516853,Gavião Peixoto,SP,Sudeste,64.0,0.953,0.738,0.703,0.339,0.719,0.233,1,False
3151503,Piumhi,MG,Sudeste,354.0,0.873,0.738,0.644,0.39,0.737,0.237,1,False
3171709,Virgínia,MG,Sudeste,105.0,0.8,0.738,0.59,0.405,0.651,0.286,1,False
4111704,Jaboti,PR,Sul,89.0,0.944,0.738,0.697,0.308,0.718,0.25,1,False
2205003,Itainópolis,PI,Nordeste,85.0,0.988,0.738,0.729,0.449,0.541,0.457,0,False
3140159,Mário Campos,MG,Sudeste,169.0,0.882,0.738,0.651,0.379,0.699,0.368,1,False
5219902,São Francisco de Goiás,GO,Centro-Oeste,108.0,0.991,0.738,0.731,0.276,0.651,0.275,1,False
1101302,Mirante da Serra,RO,Norte,152.0,0.855,0.738,0.632,0.367,0.643,0.373,0,False
3130101,Igarapé,MG,Sudeste,601.0,0.885,0.739,0.654,0.437,0.698,0.373,1,False
3127107,Frutal,MG,Sudeste,596.0,0.881,0.739,0.651,0.395,0.73,0.23,1,False
3122504,Dom Cavati,MG,Sudeste,52.0,0.885,0.739,0.654,0.359,0.688,0.305,1,False
2201739,Betânia do Piauí,PI,Nordeste,117.0,0.983,0.739,0.726,0.459,0.489,0.597,0,False
3555356,Ubarana,SP,Sudeste,72.0,0.958,0.739,0.708,0.361,0.7,0.235,1,False
5211503,Itumbiara,GO,Centro-Oeste,1216.0,0.921,0.739,0.681,0.321,0.752,0.211,1,False
2301703,Aurora,CE,Nordeste,212.0,0.995,0.739,0.736,0.137,0.605,0.412,0,False
4117107,Nova Londrina,PR,Sul,158.0,0.899,0.739,0.665,0.252,0.758,0.25,1,False
4204004,Catanduvas,SC,Sul,181.0,0.785,0.739,0.58,0.488,0.714,0.25,1,True
3550209,São Miguel Arcanjo,SP,Sudeste,331.0,0.952,0.74,0.704,0.435,0.71,0.286,1,False
4106407,Cornélio Procópio,PR,Sul,440.0,0.882,0.74,0.652,0.321,0.759,0.196,1,False
3554409,Terra Roxa,SP,Sudeste,77.0,0.948,0.74,0.701,0.422,0.749,0.288,1,False
1502509,Chaves,PA,Norte,215.0,0.912,0.74,0.674,0.608,0.453,0.717,0,False
3112604,Capinópolis,MG,Sudeste,190.0,0.911,0.74,0.674,0.354,0.723,0.268,1,False
3519204,Iacri,SP,Sudeste,55.0,0.909,0.74,0.673,0.288,0.733,0.306,1,False
5004007,Glória de Dourados,MS,Centro-Oeste,110.0,0.909,0.74,0.673,0.407,0.721,0.279,1,False
4128500,Wenceslau Braz,PR,Sul,240.0,0.867,0.74,0.642,0.382,0.687,0.348,1,False
4209003,Joaçaba,SC,Sul,254.0,0.728,0.741,0.539,0.455,0.827,0.166,1,True
5210109,Ipameri,GO,Centro-Oeste,274.0,0.971,0.741,0.719,0.335,0.701,0.278,1,False
2503605,Caiçara,PB,Nordeste,60.0,0.9,0.741,0.667,0.48,0.592,0.502,0,False
3507704,Braúna,SP,Sudeste,66.0,0.818,0.741,0.606,0.359,0.737,0.278,1,False
3166808,Serra do Salitre,MG,Sudeste,194.0,0.835,0.741,0.619,0.374,0.696,0.341,1,False
2109007,Porto Franco,MA,Nordeste,294.0,0.946,0.741,0.701,0.4,0.684,0.366,0,False
3136306,João Pinheiro,MG,Sudeste,577.0,0.945,0.741,0.7,0.384,0.697,0.363,1,False
4215653,Santa Rosa do Sul,SC,Sul,157.0,0.739,0.741,0.548,0.498,0.705,0.179,1,True
5212303,Leopoldo de Bulhões,GO,Centro-Oeste,97.0,0.918,0.742,0.68,0.317,0.659,0.289,1,False
4103206,Bom Sucesso,PR,Sul,103.0,0.864,0.742,0.641,0.291,0.686,0.36,1,False
4210308,Major Vieira,SC,Sul,108.0,0.824,0.742,0.611,0.492,0.69,0.26,1,False
3111101,Campina Verde,MG,Sudeste,134.0,0.896,0.742,0.664,0.37,0.704,0.298,1,False
3502804,Araçatuba,SP,Sudeste,1715.0,0.862,0.742,0.64,0.444,0.788,0.172,1,False
2614808,Tacaratu,PE,Nordeste,154.0,0.981,0.742,0.727,0.408,0.573,0.555,0,False
5100805,Apiacás,MT,Centro-Oeste,134.0,0.955,0.742,0.709,0.412,0.675,0.292,1,False
5213707,Montes Claros de Goiás,GO,Centro-Oeste,97.0,1.0,0.742,0.742,0.231,0.707,0.275,1,False
3118007,Congonhas,MG,Sudeste,628.0,0.877,0.742,0.651,0.409,0.753,0.258,1,False
4210100,Mafra,SC,Sul,656.0,0.805,0.742,0.598,0.53,0.777,0.195,1,False
3553401,Tanabi,SP,Sudeste,254.0,0.917,0.742,0.681,0.384,0.748,0.208,1,False
4107900,Floresta,PR,Sul,177.0,0.944,0.743,0.701,0.258,0.736,0.192,1,False
2112852,Vila Nova dos Martírios,MA,Nordeste,178.0,0.938,0.743,0.697,0.463,0.581,0.61,0,False
3113602,Careaçu,MG,Sudeste,71.0,0.986,0.743,0.732,0.333,0.683,0.211,1,False
2307502,Lavras da Mangabeira,CE,Nordeste,247.0,0.992,0.743,0.737,0.148,0.613,0.421,0,False
4107157,Diamante D'Oeste,PR,Sul,84.0,0.881,0.743,0.655,0.361,0.644,0.396,1,False
3200607,Aracruz,ES,Sudeste,1409.0,0.882,0.743,0.656,0.34,0.752,0.219,1,False
4211603,Nova Veneza,SC,Sul,170.0,0.894,0.743,0.665,0.436,0.768,0.133,1,False
4122156,Rio Bonito do Iguaçu,PR,Sul,269.0,0.855,0.743,0.636,0.349,0.629,0.311,1,False
4118808,Peabiru,PR,Sul,173.0,0.902,0.744,0.671,0.314,0.723,0.214,1,False
3532504,Neves Paulista,SP,Sudeste,82.0,0.951,0.744,0.707,0.389,0.754,0.169,1,False
3115508,Caxambu,MG,Sudeste,181.0,0.884,0.744,0.657,0.382,0.743,0.316,1,False
4102604,Barracão,PR,Sul,143.0,0.874,0.744,0.65,0.299,0.706,0.246,1,False
2100956,Arame,MA,Nordeste,133.0,1.0,0.744,0.744,0.49,0.512,0.643,0,False
1100288,Rolim de Moura,RO,Norte,738.0,0.912,0.744,0.679,0.415,0.7,0.265,1,False
4118402,Paranavaí,PR,Sul,1113.0,0.893,0.744,0.665,0.32,0.763,0.197,1,False
4104808,Cascavel,PR,Sul,3989.0,0.846,0.745,0.63,0.402,0.782,0.212,1,False
2300903,Apuiarés,CE,Nordeste,137.0,1.0,0.745,0.745,0.129,0.618,0.458,0,False
5107065,Querência,MT,Centro-Oeste,420.0,0.943,0.745,0.702,0.482,0.692,0.305,1,False
2614204,Sirinhaém,PE,Nordeste,358.0,0.986,0.745,0.735,0.43,0.597,0.513,0,False
4117909,Palotina,PR,Sul,440.0,0.918,0.745,0.684,0.29,0.768,0.17,1,False
3169505,Tumiritinga,MG,Sudeste,62.0,0.823,0.745,0.613,0.378,0.626,0.426,1,False
4217402,Schroeder,SC,Sul,317.0,0.83,0.745,0.618,0.441,0.769,0.12,1,False
3502705,Apiaí,SP,Sudeste,274.0,0.96,0.745,0.715,0.454,0.71,0.342,1,False
4125456,São José das Palmeiras,PR,Sul,62.0,0.887,0.745,0.661,0.243,0.713,0.269,1,False
3148608,Peçanha,MG,Sudeste,121.0,0.909,0.745,0.678,0.399,0.627,0.473,0,False
2515906,Serraria,PB,Nordeste,57.0,0.965,0.745,0.719,0.445,0.547,0.519,0,False
3200805,Baixo Guandu,ES,Sudeste,310.0,0.887,0.745,0.661,0.345,0.702,0.304,1,False
2200251,Alagoinha do Piauí,PI,Nordeste,60.0,0.983,0.746,0.733,0.419,0.531,0.428,0,False
4309506,Guarani das Missões,RS,Sul,64.0,0.922,0.746,0.688,0.418,0.737,0.218,1,False
3543105,Ribeirão Corrente,SP,Sudeste,62.0,0.952,0.746,0.71,0.351,0.711,0.213,1,False
3156809,Sabinópolis,MG,Sudeste,130.0,0.938,0.746,0.7,0.35,0.638,0.448,0,False
2310001,Palhano,CE,Nordeste,122.0,1.0,0.746,0.746,0.113,0.638,0.405,0,False
2515930,Sertãozinho,PB,Nordeste,69.0,0.913,0.746,0.681,0.432,0.621,0.397,0,False
3510203,Capão Bonito,SP,Sudeste,544.0,0.926,0.746,0.691,0.503,0.721,0.327,1,False
4119400,Piraí do Sul,PR,Sul,300.0,0.867,0.746,0.647,0.378,0.708,0.316,1,False
3304706,Santo Antônio de Pádua,RJ,Sudeste,363.0,0.912,0.746,0.68,0.492,0.718,0.248,1,False
3146107,Ouro Preto,MG,Sudeste,679.0,0.894,0.746,0.667,0.379,0.741,0.22,1,False
4104907,Castro,PR,Sul,998.0,0.901,0.746,0.672,0.387,0.703,0.263,1,False
2107704,Paraibano,MA,Nordeste,287.0,0.909,0.747,0.679,0.452,0.58,0.48,0,False
1501758,Brejo Grande do Araguaia,PA,Norte,102.0,0.892,0.747,0.667,0.524,0.591,0.558,0,False
3107406,Bom Despacho,MG,Sudeste,524.0,0.891,0.747,0.666,0.346,0.75,0.18,1,False
5106224,Nova Mutum,MT,Centro-Oeste,976.0,0.905,0.747,0.676,0.469,0.758,0.191,1,False
4106506,Coronel Vivida,PR,Sul,327.0,0.92,0.748,0.688,0.325,0.723,0.23,1,False
4123709,Santa Isabel do Ivaí,PR,Sul,129.0,0.829,0.748,0.62,0.253,0.72,0.214,1,False
5105002,Jauru,MT,Centro-Oeste,120.0,0.925,0.748,0.692,0.408,0.673,0.31,1,False
2704609,Maravilha,AL,Nordeste,112.0,0.991,0.748,0.741,0.53,0.569,0.53,0,False
4116901,Nova Esperança,PR,Sul,269.0,0.855,0.748,0.639,0.337,0.722,0.291,1,False
4204707,Cunha Porã,SC,Sul,148.0,0.831,0.748,0.622,0.422,0.742,0.194,1,False
3101003,Águas Vermelhas,MG,Sudeste,137.0,0.898,0.748,0.672,0.432,0.601,0.417,0,False
3503604,Areiópolis,SP,Sudeste,136.0,0.963,0.748,0.721,0.406,0.695,0.298,1,False
3533908,Olímpia,SP,Sudeste,591.0,0.915,0.749,0.685,0.385,0.773,0.2,1,False
4105706,Clevelândia,PR,Sul,228.0,0.873,0.749,0.654,0.375,0.694,0.332,1,False
3107109,Boa Esperança,MG,Sudeste,471.0,0.949,0.749,0.711,0.406,0.704,0.247,1,False
2304400,Fortaleza,CE,Nordeste,18091.0,0.98,0.75,0.735,0.256,0.754,0.302,1,False
3111606,Campos Gerais,MG,Sudeste,246.0,0.829,0.75,0.622,0.396,0.682,0.287,1,False
2109239,Presidente Médici,MA,Nordeste,72.0,0.944,0.75,0.708,0.355,0.591,0.443,0,False
3530904,Mombuca,SP,Sudeste,64.0,0.875,0.75,0.656,0.392,0.719,0.293,1,False
3115474,Catuti,MG,Sudeste,59.0,0.949,0.75,0.712,0.342,0.621,0.426,0,False
4219358,Vitor Meireles,SC,Sul,61.0,0.852,0.75,0.639,0.49,0.673,0.337,1,False
2104701,Graça Aranha,MA,Nordeste,74.0,0.973,0.75,0.73,0.432,0.57,0.543,0,False
2105609,Joselândia,MA,Nordeste,125.0,0.96,0.75,0.72,0.42,0.561,0.634,0,False
4127858,Três Barras do Paraná,PR,Sul,145.0,0.883,0.75,0.662,0.33,0.681,0.327,1,False
5106802,Porto dos Gaúchos,MT,Centro-Oeste,93.0,0.86,0.75,0.645,0.399,0.685,0.258,1,False
1304302,Urucará,AM,Norte,188.0,0.957,0.75,0.718,0.599,0.62,0.527,0,False
5107792,Santo Antônio do Leste,MT,Centro-Oeste,67.0,0.896,0.75,0.672,0.445,0.655,0.313,1,False
5221007,Taquaral de Goiás,GO,Centro-Oeste,50.0,0.88,0.75,0.66,0.268,0.716,0.18,1,False
3125705,Felixlândia,MG,Sudeste,120.0,0.9,0.75,0.675,0.431,0.648,0.343,1,False
3506409,Bilac,SP,Sudeste,72.0,0.944,0.75,0.708,0.322,0.768,0.201,1,False
3121902,Divinésia,MG,Sudeste,52.0,1.0,0.75,0.75,0.339,0.657,0.268,1,False
5106190,Nova Santa Helena,MT,Centro-Oeste,96.0,0.875,0.75,0.656,0.418,0.714,0.301,1,False
3125952,Fervedouro,MG,Sudeste,155.0,0.826,0.75,0.619,0.45,0.58,0.381,0,False
4113205,Lapa,PR,Sul,564.0,0.895,0.75,0.672,0.391,0.706,0.298,1,False
4212908,Pinhalzinho,SC,Sul,295.0,0.831,0.751,0.624,0.43,0.783,0.132,1,False
3143401,Monte Sião,MG,Sudeste,216.0,0.875,0.751,0.657,0.355,0.724,0.241,1,False
4114005,Mamborê,PR,Sul,147.0,0.905,0.752,0.68,0.304,0.719,0.257,1,False
3202801,Itapemirim,ES,Sudeste,555.0,0.93,0.752,0.699,0.407,0.654,0.291,1,False
4105508,Cianorte,PR,Sul,959.0,0.934,0.752,0.703,0.349,0.755,0.186,1,False
2612208,Salgueiro,PE,Nordeste,746.0,0.969,0.752,0.729,0.392,0.669,0.355,0,False
5217609,Planaltina,GO,Centro-Oeste,1687.0,0.915,0.752,0.688,0.448,0.669,0.436,1,False
3143302,Montes Claros,MG,Sudeste,3983.0,0.877,0.753,0.66,0.405,0.77,0.22,1,False
4111209,Itapejara d'Oeste,PR,Sul,202.0,0.941,0.753,0.708,0.311,0.731,0.22,1,False
3514809,Eldorado,SP,Sudeste,97.0,0.876,0.753,0.66,0.468,0.691,0.338,0,False
3162955,São José da Lapa,MG,Sudeste,345.0,0.951,0.753,0.716,0.365,0.729,0.318,1,False
3102605,Andradas,MG,Sudeste,359.0,0.891,0.753,0.671,0.354,0.734,0.225,1,False
4103305,Borrazópolis,PR,Sul,89.0,0.865,0.753,0.652,0.299,0.717,0.272,1,False
3303856,Paty do Alferes,RJ,Sudeste,378.0,0.772,0.753,0.582,0.495,0.671,0.324,1,True
5218052,Porteirão,GO,Centro-Oeste,76.0,0.961,0.753,0.724,0.198,0.684,0.232,1,False
3533502,Novo Horizonte,SP,Sudeste,376.0,0.949,0.754,0.715,0.419,0.753,0.211,1,False
3165404,Sapucaí-Mirim,MG,Sudeste,80.0,0.862,0.754,0.65,0.343,0.68,0.286,1,False
4109005,Guapirama,PR,Sul,73.0,0.945,0.754,0.712,0.242,0.702,0.267,1,False
3305703,Sumidouro,RJ,Sudeste,154.0,0.87,0.754,0.656,0.548,0.611,0.325,0,False
3547601,Santa Rosa de Viterbo,SP,Sudeste,211.0,0.943,0.754,0.711,0.369,0.77,0.261,1,False
3162104,São Gotardo,MG,Sudeste,599.0,0.881,0.754,0.664,0.378,0.736,0.241,1,False
4116703,Nova Aurora,PR,Sul,141.0,0.922,0.754,0.695,0.308,0.733,0.257,1,False
1700350,Aliança do Tocantins,TO,Norte,80.0,0.812,0.754,0.612,0.589,0.663,0.368,1,False
4102109,Astorga,PR,Sul,289.0,0.886,0.754,0.668,0.302,0.747,0.209,1,False
4218202,Timbó,SC,Sul,525.0,0.821,0.754,0.619,0.485,0.784,0.099,1,False
3145877,Orizânia,MG,Sudeste,141.0,0.865,0.754,0.652,0.418,0.562,0.369,0,False
3172004,Visconde do Rio Branco,MG,Sudeste,380.0,0.953,0.754,0.718,0.361,0.709,0.226,1,False
1100148,Nova Brasilândia D'Oeste,RO,Norte,257.0,0.934,0.754,0.704,0.375,0.643,0.329,1,False
2205300,Jerumenha,PI,Nordeste,58.0,0.983,0.754,0.741,0.426,0.591,0.517,0,False
4205704,Garopaba,SC,Sul,445.0,0.769,0.754,0.58,0.49,0.753,0.155,1,True
4118600,Paula Freitas,PR,Sul,64.0,0.891,0.754,0.672,0.271,0.717,0.235,1,False
1300102,Anori,AM,Norte,300.0,0.923,0.755,0.697,0.613,0.561,0.569,0,False
4120333,Prado Ferreira,PR,Sul,57.0,0.93,0.755,0.702,0.244,0.71,0.215,1,False
2925931,Quixabeira,BA,Nordeste,55.0,0.964,0.755,0.727,0.621,0.578,0.425,0,False
4101655,Arapuã,PR,Sul,55.0,0.891,0.755,0.673,0.237,0.676,0.295,1,False
4201604,Arroio Trinta,SC,Sul,56.0,0.804,0.756,0.607,0.357,0.764,0.131,1,False
4115002,Marilena,PR,Sul,96.0,0.896,0.756,0.677,0.265,0.681,0.283,1,False
2305407,Icó,CE,Nordeste,558.0,0.984,0.756,0.744,0.164,0.606,0.403,0,False
3134608,Jaboticatubas,MG,Sudeste,230.0,0.857,0.756,0.648,0.394,0.681,0.341,1,False
3140704,Mateus Leme,MG,Sudeste,470.0,0.883,0.757,0.668,0.44,0.704,0.296,1,False
4102307,Balsa Nova,PR,Sul,254.0,0.89,0.757,0.673,0.34,0.696,0.273,1,False
3144102,Muzambinho,MG,Sudeste,205.0,0.883,0.757,0.668,0.328,0.74,0.2,1,False
3203809,Muqui,ES,Sudeste,145.0,0.966,0.757,0.731,0.285,0.694,0.261,1,False
3539004,Pirangi,SP,Sudeste,112.0,0.92,0.757,0.696,0.348,0.756,0.18,1,False
2608107,João Alfredo,PE,Nordeste,171.0,0.988,0.757,0.749,0.374,0.576,0.482,0,False
1300904,Canutama,AM,Norte,234.0,0.705,0.758,0.534,0.591,0.53,0.619,0,True
3537701,Piacatu,SP,Sudeste,65.0,0.954,0.758,0.723,0.331,0.732,0.313,1,False
4127882,Tunas do Paraná,PR,Sul,139.0,0.892,0.758,0.676,0.446,0.611,0.447,0,False
3124807,Estrela do Sul,MG,Sudeste,64.0,0.969,0.758,0.734,0.297,0.696,0.3,1,False
5200308,Alexânia,GO,Centro-Oeste,436.0,0.911,0.758,0.69,0.363,0.682,0.316,1,False
4121208,Quitandinha,PR,Sul,264.0,0.924,0.758,0.701,0.402,0.68,0.32,1,False
3130051,Icaraí de Minas,MG,Sudeste,129.0,0.93,0.758,0.705,0.402,0.624,0.46,0,False
5220108,São Luís de Montes Belos,GO,Centro-Oeste,346.0,0.934,0.759,0.708,0.308,0.731,0.199,1,False
3114105,Carmo de Minas,MG,Sudeste,149.0,0.973,0.759,0.738,0.378,0.682,0.244,1,False
4122503,Roncador,PR,Sul,154.0,0.916,0.759,0.695,0.315,0.681,0.319,1,False
3536406,Paulicéia,SP,Sudeste,117.0,0.957,0.759,0.726,0.369,0.711,0.236,1,False
5204904,Campos Belos,GO,Centro-Oeste,237.0,0.945,0.759,0.717,0.326,0.692,0.311,1,False
5205109,Catalão,GO,Centro-Oeste,1070.0,0.9,0.759,0.683,0.329,0.766,0.209,1,False
3120805,Cruzília,MG,Sudeste,143.0,0.958,0.759,0.727,0.367,0.695,0.287,1,False
3149309,Pedro Leopoldo,MG,Sudeste,662.0,0.909,0.759,0.69,0.389,0.757,0.282,1,False
2210656,Sigefredo Pacheco,PI,Nordeste,56.0,0.964,0.759,0.732,0.458,0.581,0.426,0,False
4110904,Itaguajé,PR,Sul,59.0,0.915,0.759,0.695,0.284,0.707,0.345,1,False
3104007,Araxá,MG,Sudeste,1219.0,0.883,0.759,0.67,0.383,0.772,0.188,1,False
3139201,Malacacheta,MG,Sudeste,197.0,0.949,0.759,0.721,0.34,0.618,0.454,0,False
2300408,Aiuaba,CE,Nordeste,158.0,0.975,0.76,0.741,0.155,0.569,0.461,0,False
4119905,Ponta Grossa,PR,Sul,3718.0,0.858,0.76,0.652,0.404,0.763,0.267,1,False
2615102,Terezinha,PE,Nordeste,51.0,0.98,0.76,0.745,0.323,0.545,0.485,0,False
3157500,Santa Efigênia de Minas,MG,Sudeste,54.0,0.926,0.76,0.704,0.395,0.607,0.456,0,False
1100031,Cabixi,RO,Norte,81.0,0.926,0.76,0.704,0.307,0.65,0.3,1,False
4301701,Barão de Cotegipe,RS,Sul,77.0,0.974,0.76,0.74,0.429,0.719,0.191,1,False
3522703,Itápolis,SP,Sudeste,341.0,0.953,0.76,0.724,0.452,0.744,0.274,1,False
2301505,Arneiroz,CE,Nordeste,50.0,1.0,0.76,0.76,0.116,0.618,0.411,0,False
3515186,Espírito Santo do Pinhal,SP,Sudeste,310.0,0.942,0.76,0.716,0.385,0.787,0.156,1,False
3168408,Tarumirim,MG,Sudeste,102.0,0.941,0.76,0.716,0.374,0.633,0.366,1,False
2103406,Coelho Neto,MA,Nordeste,482.0,0.892,0.76,0.678,0.469,0.564,0.696,0,False
2112209,Timon,MA,Nordeste,1778.0,0.937,0.761,0.713,0.436,0.649,0.389,0,False
3116209,Chiador,MG,Sudeste,53.0,0.868,0.761,0.66,0.302,0.711,0.214,1,False
4218905,Urubici,SC,Sul,159.0,0.711,0.761,0.541,0.526,0.694,0.225,1,True
2308708,Morada Nova,CE,Nordeste,572.0,0.981,0.761,0.747,0.17,0.61,0.45,0,False
2610509,Passira,PE,Nordeste,215.0,0.935,0.761,0.712,0.376,0.592,0.485,0,False
5218102,Portelândia,GO,Centro-Oeste,70.0,0.957,0.761,0.729,0.325,0.654,0.295,1,False
3202603,Iconha,ES,Sudeste,141.0,0.95,0.761,0.723,0.282,0.729,0.168,1,False
4125407,São José da Boa Vista,PR,Sul,75.0,0.893,0.761,0.68,0.306,0.671,0.32,1,False
5107404,São Pedro da Cipa,MT,Centro-Oeste,69.0,0.971,0.761,0.739,0.5,0.66,0.358,1,False
3161304,São Francisco de Sales,MG,Sudeste,77.0,0.87,0.761,0.662,0.295,0.688,0.343,1,False
3534807,Ouro Verde,SP,Sudeste,90.0,0.978,0.761,0.744,0.393,0.692,0.354,1,False
2105906,Lago Verde,MA,Nordeste,123.0,0.886,0.761,0.675,0.439,0.557,0.69,0,False
3162005,São Gonçalo do Sapucaí,MG,Sudeste,262.0,0.912,0.762,0.695,0.367,0.715,0.248,1,False
2301851,Banabuiú,CE,Nordeste,242.0,0.988,0.762,0.752,0.14,0.606,0.469,0,False
4108403,Francisco Beltrão,PR,Sul,1185.0,0.878,0.762,0.669,0.341,0.774,0.167,1,False
3142106,Miradouro,MG,Sudeste,77.0,0.818,0.762,0.623,0.352,0.663,0.331,1,False
4127403,Terra Roxa,PR,Sul,198.0,0.934,0.762,0.712,0.306,0.714,0.235,1,False
3131307,Ipatinga,MG,Sudeste,2182.0,0.885,0.762,0.675,0.372,0.771,0.182,1,False
3123007,Dores de Campos,MG,Sudeste,103.0,0.981,0.762,0.748,0.415,0.686,0.23,1,False
4301404,Arvorezinha,RS,Sul,83.0,0.964,0.762,0.735,0.443,0.694,0.24,1,False
3143906,Muriaé,MG,Sudeste,1098.0,0.844,0.763,0.644,0.396,0.734,0.216,1,False
5215009,Nova Veneza,GO,Centro-Oeste,120.0,0.983,0.763,0.75,0.257,0.718,0.308,1,False
4210506,Maravilha,SC,Sul,419.0,0.835,0.763,0.637,0.486,0.781,0.176,1,False
3137536,Lagoa Grande,MG,Sudeste,105.0,0.924,0.763,0.705,0.356,0.679,0.361,1,False
3127008,Fronteira,MG,Sudeste,144.0,0.938,0.763,0.715,0.39,0.684,0.35,1,False
3109204,Buenópolis,MG,Sudeste,82.0,0.927,0.763,0.707,0.362,0.669,0.387,1,False
3521507,Irapuã,SP,Sudeste,81.0,0.938,0.763,0.716,0.345,0.713,0.226,1,False
3123809,Engenheiro Navarro,MG,Sudeste,97.0,0.959,0.763,0.732,0.351,0.655,0.384,1,False
3155108,Rio do Prado,MG,Sudeste,57.0,0.965,0.764,0.737,0.447,0.605,0.474,0,False
2305357,Icapuí,CE,Nordeste,297.0,0.983,0.764,0.751,0.144,0.616,0.458,0,False
3541505,Presidente Venceslau,SP,Sudeste,264.0,0.962,0.764,0.735,0.4,0.763,0.214,1,False
3139409,Manhuaçu,MG,Sudeste,1055.0,0.916,0.764,0.7,0.411,0.689,0.254,1,False
3111309,Campo do Meio,MG,Sudeste,106.0,0.84,0.764,0.642,0.43,0.683,0.359,1,False
3543709,Rincão,SP,Sudeste,99.0,0.899,0.764,0.687,0.391,0.734,0.225,1,False
3152131,Ponto Chique,MG,Sudeste,53.0,0.962,0.765,0.736,0.427,0.606,0.491,0,False
4320263,Segredo,RS,Sul,59.0,0.864,0.765,0.661,0.445,0.659,0.283,1,False
2507804,Junco do Seridó,PB,Nordeste,70.0,0.971,0.765,0.743,0.439,0.617,0.41,0,False
4114609,Marechal Cândido Rondon,PR,Sul,750.0,0.879,0.765,0.672,0.339,0.774,0.15,1,False
3202405,Guarapari,ES,Sudeste,1684.0,0.893,0.765,0.683,0.398,0.731,0.265,1,False
4201901,Aurora,SC,Sul,83.0,0.771,0.766,0.59,0.345,0.733,0.164,1,True
4128559,Vera Cruz do Oeste,PR,Sul,125.0,0.888,0.766,0.68,0.303,0.699,0.304,1,False
3147105,Pará de Minas,MG,Sudeste,945.0,0.904,0.766,0.692,0.385,0.725,0.22,1,False
3305158,São José do Vale do Rio Preto,RJ,Sudeste,298.0,0.846,0.766,0.648,0.489,0.66,0.28,1,False
2510303,Nova Palmeira,PB,Nordeste,53.0,0.887,0.766,0.679,0.42,0.595,0.401,0,False
4210605,Massaranduba,SC,Sul,250.0,0.872,0.766,0.668,0.429,0.774,0.132,1,False
3150802,Piranga,MG,Sudeste,137.0,0.905,0.766,0.693,0.422,0.6,0.381,0,False
4200200,Agrolândia,SC,Sul,169.0,0.911,0.766,0.698,0.446,0.725,0.145,1,False
4100905,Amaporã,PR,Sul,82.0,0.939,0.766,0.72,0.318,0.669,0.349,1,False
3160801,São Bento Abade,MG,Sudeste,60.0,1.0,0.767,0.767,0.341,0.672,0.293,1,False
3129608,Ibiaí,MG,Sudeste,62.0,0.968,0.767,0.742,0.389,0.614,0.483,0,False
3108602,Brasília de Minas,MG,Sudeste,304.0,0.931,0.767,0.714,0.353,0.656,0.405,0,False
3108552,Brasilândia de Minas,MG,Sudeste,225.0,0.916,0.767,0.702,0.403,0.674,0.373,1,False
2203404,Dom Expedito Lopes,PI,Nordeste,75.0,0.973,0.767,0.747,0.388,0.601,0.381,0,False
3555802,Urânia,SP,Sudeste,75.0,0.973,0.767,0.747,0.296,0.746,0.177,1,False
3202306,Guaçuí,ES,Sudeste,373.0,0.922,0.767,0.708,0.333,0.703,0.266,1,False
4217907,Tangará,SC,Sul,118.0,0.729,0.767,0.559,0.448,0.737,0.181,1,True
2205573,Lagoa de São Francisco,PI,Nordeste,86.0,1.0,0.767,0.767,0.409,0.529,0.598,0,False
3150703,Pirajuba,MG,Sudeste,113.0,0.876,0.768,0.673,0.281,0.723,0.26,1,False
3146552,Pai Pedro,MG,Sudeste,57.0,0.982,0.768,0.754,0.34,0.59,0.443,0,False
2504355,Caturité,PB,Nordeste,61.0,0.918,0.768,0.705,0.453,0.623,0.387,0,False
4112207,Janiópolis,PR,Sul,61.0,0.918,0.768,0.705,0.244,0.696,0.27,1,False
5215306,Orizona,GO,Centro-Oeste,179.0,0.916,0.768,0.704,0.299,0.715,0.244,1,False
4115358,Maripá,PR,Sul,121.0,0.893,0.769,0.686,0.26,0.758,0.154,1,False
3204401,Rio Novo do Sul,ES,Sudeste,143.0,0.937,0.769,0.72,0.297,0.711,0.232,1,False
3518305,Guararema,SP,Sudeste,419.0,0.919,0.769,0.706,0.386,0.731,0.268,1,False
2106409,Mata Roma,MA,Nordeste,209.0,0.952,0.769,0.732,0.35,0.57,0.562,0,False
4128534,Ventania,PR,Sul,145.0,0.897,0.769,0.69,0.372,0.65,0.376,1,False
3164605,São Sebastião do Oeste,MG,Sudeste,146.0,0.89,0.769,0.685,0.365,0.626,0.253,1,False
3171071,Veredinha,MG,Sudeste,68.0,0.956,0.769,0.735,0.292,0.632,0.407,1,False
2210631,Sebastião Leal,PI,Nordeste,54.0,0.963,0.769,0.741,0.387,0.562,0.526,0,False
3129707,Ibiraci,MG,Sudeste,181.0,0.912,0.77,0.702,0.373,0.706,0.242,1,False
3157005,Salinas,MG,Sudeste,411.0,0.954,0.77,0.735,0.4,0.679,0.324,1,False
5206404,Crixás,GO,Centro-Oeste,140.0,0.871,0.77,0.671,0.302,0.708,0.277,1,False
4103701,Cambé,PR,Sul,1290.0,0.868,0.771,0.669,0.338,0.734,0.196,1,False
3131208,Ipanema,MG,Sudeste,199.0,0.899,0.771,0.693,0.365,0.693,0.28,1,False
4111555,Ivaté,PR,Sul,93.0,0.892,0.771,0.688,0.275,0.706,0.277,1,False
2703502,Jacuípe,AL,Nordeste,85.0,0.976,0.771,0.753,0.501,0.548,0.553,0,False
3504404,Avanhandava,SP,Sudeste,128.0,0.922,0.771,0.711,0.432,0.705,0.275,1,False
5100300,Alto Araguaia,MT,Centro-Oeste,172.0,0.89,0.771,0.686,0.478,0.704,0.242,1,False
2107258,Nova Colinas,MA,Nordeste,70.0,1.0,0.771,0.771,0.446,0.566,0.506,0,False
4122651,Rosário do Ivaí,PR,Sul,73.0,0.959,0.771,0.74,0.31,0.662,0.345,0,False
3136520,José Gonçalves de Minas,MG,Sudeste,54.0,0.648,0.771,0.5,0.341,0.632,0.38,0,True
3158904,Santana do Manhuaçu,MG,Sudeste,74.0,0.946,0.771,0.73,0.42,0.621,0.337,0,False
2605905,Gameleira,PE,Nordeste,168.0,0.964,0.772,0.744,0.365,0.602,0.492,0,False
2601805,Betânia,PE,Nordeste,93.0,0.989,0.772,0.763,0.348,0.559,0.519,0,False
4107751,Figueira,PR,Sul,101.0,0.911,0.772,0.703,0.369,0.677,0.32,1,False
2301307,Araripe,CE,Nordeste,286.0,0.997,0.772,0.769,0.146,0.564,0.477,0,False
4120101,Porto Amazonas,PR,Sul,60.0,0.95,0.772,0.733,0.279,0.7,0.225,1,False
5221403,Trindade,GO,Centro-Oeste,1682.0,0.933,0.772,0.721,0.451,0.699,0.354,1,False
4121505,Rebouças,PR,Sul,207.0,0.932,0.772,0.72,0.35,0.672,0.299,1,False
4104303,Campo Mourão,PR,Sul,1214.0,0.875,0.772,0.675,0.351,0.757,0.192,1,False
5204805,Campo Alegre de Goiás,GO,Centro-Oeste,108.0,0.935,0.772,0.722,0.289,0.694,0.274,1,False
4219408,Witmarsum,SC,Sul,52.0,0.846,0.773,0.654,0.468,0.71,0.199,1,False
3144656,Ninheira,MG,Sudeste,69.0,0.957,0.773,0.739,0.414,0.556,0.457,0,False
3203106,Jerônimo Monteiro,ES,Sudeste,160.0,0.962,0.773,0.744,0.33,0.698,0.276,1,False
4119202,Pinhalão,PR,Sul,98.0,0.898,0.773,0.694,0.306,0.697,0.216,1,False
3514502,Duartina,SP,Sudeste,125.0,0.88,0.773,0.68,0.35,0.748,0.23,1,False
2702009,Coité do Nóia,AL,Nordeste,103.0,0.942,0.773,0.728,0.5,0.533,0.53,0,False
2202455,Capitão Gervásio Oliveira,PI,Nordeste,53.0,1.0,0.774,0.774,0.46,0.553,0.485,0,False
1101484,São Felipe D'Oeste,RO,Norte,64.0,0.828,0.774,0.641,0.342,0.649,0.338,1,False
5005251,Laguna Carapã,MS,Centro-Oeste,148.0,0.926,0.774,0.716,0.469,0.672,0.358,1,False
4304903,Casca,RS,Sul,94.0,0.894,0.774,0.691,0.402,0.785,0.159,1,False
4123006,Salto do Lontra,PR,Sul,189.0,0.889,0.774,0.688,0.357,0.718,0.242,1,False
5209101,Goiatuba,GO,Centro-Oeste,406.0,0.98,0.774,0.759,0.308,0.725,0.329,1,False
3133402,Itapagipe,MG,Sudeste,125.0,0.92,0.774,0.712,0.301,0.723,0.213,1,False
3162500,São João del Rei,MG,Sudeste,763.0,0.928,0.774,0.718,0.379,0.758,0.201,1,False
4106209,Contenda,PR,Sul,295.0,0.915,0.774,0.708,0.371,0.681,0.284,1,False
2307205,Jati,CE,Nordeste,96.0,0.969,0.774,0.75,0.091,0.651,0.381,0,False
4102505,Barbosa Ferraz,PR,Sul,110.0,0.845,0.774,0.655,0.326,0.696,0.395,1,False
3123858,Entre Folhas,MG,Sudeste,66.0,0.939,0.774,0.727,0.377,0.634,0.372,1,False
4121257,Ramilândia,PR,Sul,66.0,0.939,0.774,0.727,0.317,0.63,0.306,1,False
3548401,Santópolis do Aguapeí,SP,Sudeste,64.0,0.969,0.774,0.75,0.356,0.74,0.295,1,False
4205506,Fraiburgo,SC,Sul,534.0,0.846,0.774,0.655,0.515,0.731,0.204,1,False
4101705,Araruna,PR,Sul,187.0,0.925,0.775,0.717,0.283,0.704,0.215,1,False
2615300,Timbaúba,PE,Nordeste,354.0,0.977,0.775,0.757,0.395,0.618,0.413,0,False
3164308,São Roque de Minas,MG,Sudeste,51.0,0.784,0.775,0.608,0.345,0.672,0.268,1,True
2108900,Poção de Pedras,MA,Nordeste,90.0,0.889,0.775,0.689,0.41,0.576,0.528,0,False
3520004,Igaraçu do Tietê,SP,Sudeste,218.0,0.959,0.775,0.743,0.445,0.727,0.321,1,False
5203203,Barro Alto,GO,Centro-Oeste,152.0,0.967,0.776,0.75,0.299,0.742,0.246,1,False
3508306,Cabrália Paulista,SP,Sudeste,52.0,0.942,0.776,0.731,0.325,0.694,0.301,1,False
3535101,Palmares Paulista,SP,Sudeste,100.0,0.98,0.776,0.76,0.377,0.722,0.256,1,False
4128005,Ubiratã,PR,Sul,285.0,0.891,0.776,0.691,0.306,0.739,0.241,1,False
3150000,Pescador,MG,Sudeste,61.0,0.951,0.776,0.738,0.348,0.656,0.363,1,False
3203130,João Neiva,ES,Sudeste,137.0,0.912,0.776,0.708,0.292,0.753,0.19,1,False
2109700,Sambaíba,MA,Nordeste,72.0,0.931,0.776,0.722,0.375,0.565,0.597,0,False
3107802,Bom Jesus do Galho,MG,Sudeste,151.0,0.947,0.776,0.735,0.337,0.623,0.392,1,False
3131109,Inimutaba,MG,Sudeste,82.0,0.927,0.776,0.72,0.385,0.664,0.317,1,False
5210562,Itaguari,GO,Centro-Oeste,82.0,0.927,0.776,0.72,0.236,0.693,0.317,1,False
3153400,Presidente Olegário,MG,Sudeste,168.0,0.905,0.776,0.702,0.363,0.701,0.308,1,False
3152907,Pratápolis,MG,Sudeste,89.0,0.955,0.776,0.742,0.355,0.729,0.248,1,False
3115102,Cássia,MG,Sudeste,183.0,0.929,0.776,0.721,0.339,0.704,0.206,1,False
4112504,Jardim Alegre,PR,Sul,107.0,0.879,0.777,0.682,0.296,0.689,0.321,1,False
3158003,Santa Maria de Itabira,MG,Sudeste,120.0,0.858,0.777,0.667,0.387,0.648,0.364,1,False
5104542,Itanhangá,MT,Centro-Oeste,125.0,0.896,0.777,0.696,0.412,0.71,0.261,1,False
3122306,Divinópolis,MG,Sudeste,1915.0,0.923,0.777,0.717,0.375,0.764,0.179,1,False
3144607,Nepomuceno,MG,Sudeste,199.0,0.925,0.777,0.719,0.414,0.667,0.251,1,False
2516409,Tacima,PB,Nordeste,50.0,0.9,0.778,0.7,0.498,0.551,0.516,0,False
3128402,Guarani,MG,Sudeste,78.0,0.923,0.778,0.718,0.375,0.677,0.294,1,False
3134103,Itueta,MG,Sudeste,78.0,0.808,0.778,0.628,0.338,0.635,0.322,1,False
3138658,Lontra,MG,Sudeste,96.0,0.938,0.778,0.729,0.391,0.646,0.429,1,False
3517703,Guará,SP,Sudeste,197.0,0.914,0.778,0.711,0.461,0.718,0.356,1,False
1715754,Palmeirópolis,TO,Norte,86.0,0.942,0.778,0.733,0.607,0.673,0.346,1,False
3150604,Piracema,MG,Sudeste,67.0,0.94,0.778,0.731,0.321,0.646,0.264,1,False
3159308,Santa Rita de Jacutinga,MG,Sudeste,58.0,0.931,0.778,0.724,0.357,0.682,0.318,1,False
2111706,São Vicente Ferrer,MA,Nordeste,111.0,0.973,0.778,0.757,0.448,0.592,0.643,0,False
4124020,Santa Tereza do Oeste,PR,Sul,260.0,0.865,0.778,0.673,0.361,0.705,0.26,1,False
2201945,Boqueirão do Piauí,PI,Nordeste,66.0,0.955,0.778,0.742,0.453,0.56,0.486,0,False
3145307,Novo Cruzeiro,MG,Sudeste,305.0,0.948,0.779,0.738,0.413,0.571,0.499,0,False
3200706,Atilio Vivacqua,ES,Sudeste,124.0,0.911,0.779,0.71,0.27,0.708,0.267,1,False
5000203,Água Clara,MS,Centro-Oeste,422.0,0.879,0.779,0.685,0.523,0.67,0.346,1,False
3164209,São Romão,MG,Sudeste,93.0,0.925,0.779,0.72,0.372,0.64,0.386,0,False
3131604,Iraí de Minas,MG,Sudeste,79.0,0.975,0.779,0.759,0.339,0.695,0.278,1,False
2105153,Igarapé do Meio,MA,Nordeste,147.0,0.986,0.779,0.769,0.429,0.569,0.675,0,False
3129509,Ibiá,MG,Sudeste,256.0,0.797,0.779,0.621,0.409,0.718,0.278,1,True
3131000,Inhaúma,MG,Sudeste,75.0,0.907,0.779,0.707,0.344,0.702,0.242,1,False
3163805,São Miguel do Anta,MG,Sudeste,69.0,0.986,0.779,0.768,0.364,0.644,0.306,1,False
2101772,Bela Vista do Maranhão,MA,Nordeste,254.0,0.965,0.78,0.752,0.474,0.554,0.67,0,False
3102704,Cachoeira de Pajeú,MG,Sudeste,62.0,0.952,0.78,0.742,0.392,0.578,0.474,0,False
4103909,Campina da Lagoa,PR,Sul,247.0,0.919,0.78,0.717,0.307,0.704,0.349,1,False
1300631,Beruri,AM,Norte,318.0,0.714,0.78,0.557,0.627,0.506,0.696,0,True
3120102,Couto de Magalhães de Minas,MG,Sudeste,51.0,0.98,0.78,0.765,0.392,0.659,0.415,1,False
3504206,Auriflama,SP,Sudeste,111.0,0.901,0.78,0.703,0.336,0.773,0.218,1,False
5204953,Campos Verdes,GO,Centro-Oeste,52.0,0.962,0.78,0.75,0.274,0.654,0.385,1,False
4218756,Tunápolis,SC,Sul,54.0,0.926,0.78,0.722,0.461,0.752,0.241,1,False
5221601,Uruaçu,GO,Centro-Oeste,361.0,0.983,0.78,0.767,0.314,0.737,0.263,1,False
2613909,Serra Talhada,PE,Nordeste,846.0,0.963,0.78,0.752,0.403,0.661,0.384,0,False
4108452,Foz do Jordão,PR,Sul,84.0,0.976,0.78,0.762,0.338,0.645,0.347,1,False
2104651,Governador Newton Bello,MA,Nordeste,89.0,0.921,0.78,0.719,0.487,0.521,0.682,0,False
4127502,Tibagi,PR,Sul,310.0,0.897,0.781,0.7,0.398,0.664,0.298,1,False
3140803,Matias Barbosa,MG,Sudeste,125.0,0.912,0.781,0.712,0.372,0.72,0.271,1,False
5102694,Canabrava do Norte,MT,Centro-Oeste,81.0,0.901,0.781,0.704,0.457,0.667,0.383,1,False
3302452,Macuco,RJ,Sudeste,114.0,0.921,0.781,0.719,0.383,0.703,0.266,1,False
4203808,Canoinhas,SC,Sul,720.0,0.793,0.781,0.619,0.517,0.757,0.212,1,True
5220686,Simolândia,GO,Centro-Oeste,65.0,0.985,0.781,0.769,0.329,0.645,0.381,1,False
3140506,Martinho Campos,MG,Sudeste,164.0,0.976,0.781,0.762,0.355,0.669,0.293,1,False
4125704,São Miguel do Iguaçu,PR,Sul,354.0,0.944,0.781,0.737,0.362,0.704,0.245,1,False
2203206,Curimatá,PI,Nordeste,146.0,0.973,0.782,0.76,0.475,0.607,0.423,0,False
3112505,Capim Branco,MG,Sudeste,123.0,0.894,0.782,0.699,0.371,0.695,0.278,1,False
4110102,Imbituva,PR,Sul,532.0,0.88,0.782,0.688,0.372,0.66,0.253,1,False
3506508,Birigui,SP,Sudeste,1087.0,0.954,0.782,0.746,0.417,0.78,0.141,1,False
3107307,Bocaiúva,MG,Sudeste,559.0,0.919,0.782,0.719,0.346,0.7,0.331,1,False
4321006,Tapera,RS,Sul,108.0,0.935,0.782,0.731,0.454,0.747,0.168,1,False
3203353,Marilândia,ES,Sudeste,147.0,0.844,0.782,0.66,0.25,0.696,0.21,1,False
4216404,São João do Sul,SC,Sul,145.0,0.793,0.783,0.621,0.514,0.695,0.208,1,True
3101631,Alfredo Vasconcelos,MG,Sudeste,97.0,0.948,0.783,0.742,0.335,0.675,0.238,1,False
3161403,São Francisco do Glória,MG,Sudeste,50.0,0.92,0.783,0.72,0.355,0.663,0.341,1,False
3171303,Viçosa,MG,Sudeste,581.0,0.919,0.783,0.719,0.375,0.775,0.187,1,False
3117702,Conceição do Rio Verde,MG,Sudeste,134.0,0.963,0.783,0.754,0.446,0.665,0.323,1,False
5204102,Cachoeira Alta,GO,Centro-Oeste,133.0,0.97,0.783,0.759,0.276,0.71,0.367,1,False
3117801,Conceição dos Ouros,MG,Sudeste,125.0,0.848,0.783,0.664,0.323,0.703,0.219,1,False
4116109,Moreira Sales,PR,Sul,118.0,0.898,0.783,0.703,0.35,0.675,0.366,1,False
2309706,Pacatuba,CE,Nordeste,823.0,0.987,0.783,0.773,0.206,0.675,0.397,1,False
4104600,Capitão Leônidas Marques,PR,Sul,239.0,0.849,0.783,0.665,0.339,0.716,0.275,1,False
3201506,Colatina,ES,Sudeste,1218.0,0.913,0.783,0.715,0.339,0.746,0.191,1,False
3104908,Baependi,MG,Sudeste,128.0,0.938,0.783,0.734,0.401,0.681,0.279,1,False
3117108,Conceição da Aparecida,MG,Sudeste,106.0,0.915,0.784,0.717,0.288,0.691,0.228,1,False
3146206,Ouro Verde de Minas,MG,Sudeste,94.0,0.936,0.784,0.734,0.399,0.595,0.426,0,False
3162252,São João da Lagoa,MG,Sudeste,53.0,0.962,0.784,0.755,0.39,0.634,0.41,0,False
4105904,Colorado,PR,Sul,237.0,0.861,0.784,0.675,0.303,0.73,0.177,1,False
3529500,Mendonça,SP,Sudeste,68.0,0.956,0.785,0.75,0.309,0.744,0.231,1,False
3138682,Luislândia,MG,Sudeste,67.0,0.97,0.785,0.761,0.348,0.614,0.441,0,False
5006259,Novo Horizonte do Sul,MS,Centro-Oeste,82.0,0.963,0.785,0.756,0.438,0.649,0.376,1,False
2105922,Lagoa do Mato,MA,Nordeste,80.0,0.988,0.785,0.775,0.397,0.566,0.519,0,False
2104503,Governador Archer,MA,Nordeste,101.0,0.921,0.785,0.723,0.456,0.565,0.561,0,False
3151800,Poços de Caldas,MG,Sudeste,1303.0,0.857,0.785,0.673,0.407,0.779,0.194,1,False
5006275,Paraíso das Águas,MS,Centro-Oeste,136.0,0.993,0.785,0.779,0.414,,,1,False
5106158,Nova Bandeirantes,MT,Centro-Oeste,210.0,0.91,0.785,0.714,0.496,0.65,0.362,1,False
4103453,Cafelândia,PR,Sul,321.0,0.9,0.785,0.707,0.283,0.748,0.158,1,False
3139706,Maravilhas,MG,Sudeste,79.0,0.886,0.786,0.696,0.372,0.672,0.272,1,False
4107108,Diamante do Norte,PR,Sul,64.0,0.875,0.786,0.688,0.246,0.723,0.307,1,False
4100509,Altônia,PR,Sul,250.0,0.916,0.786,0.72,0.309,0.721,0.189,1,False
2101707,Barreirinhas,MA,Nordeste,788.0,0.967,0.786,0.76,0.45,0.57,0.611,0,False
3169901,Ubá,MG,Sudeste,909.0,0.89,0.786,0.7,0.426,0.724,0.208,1,False
5007935,Sonora,MS,Centro-Oeste,222.0,0.991,0.786,0.779,0.493,0.681,0.273,1,False
3142601,Monsenhor Paulo,MG,Sudeste,95.0,0.937,0.787,0.737,0.296,0.721,0.199,1,False
3147709,Passa Tempo,MG,Sudeste,95.0,0.937,0.787,0.737,0.311,0.687,0.228,1,False
2612307,Saloá,PE,Nordeste,164.0,1.0,0.787,0.787,0.398,0.559,0.466,0,False
5213756,Montividiu,GO,Centro-Oeste,151.0,0.993,0.787,0.781,0.223,0.733,0.191,1,False
3518602,Guariba,SP,Sudeste,412.0,0.922,0.787,0.726,0.455,0.719,0.245,1,False
1506906,Santarém Novo,PA,Norte,68.0,0.897,0.787,0.706,0.527,0.587,0.503,0,False
5222203,Vila Boa,GO,Centro-Oeste,61.0,1.0,0.787,0.787,0.302,0.647,0.384,0,False
3305901,Trajano de Moraes,RJ,Sudeste,73.0,0.836,0.787,0.658,0.462,0.667,0.332,0,False
4115200,Maringá,PR,Sul,3955.0,0.839,0.787,0.66,0.345,0.808,0.13,1,False
3100609,Água Boa,MG,Sudeste,118.0,0.915,0.787,0.72,0.373,0.576,0.486,0,False
3101904,Alpinópolis,MG,Sudeste,165.0,0.939,0.787,0.739,0.321,0.725,0.242,1,False
3155801,Rio Pomba,MG,Sudeste,160.0,0.881,0.787,0.694,0.351,0.714,0.237,1,False
3142205,Miraí,MG,Sudeste,110.0,0.855,0.787,0.673,0.387,0.68,0.228,1,False
3523008,Itapura,SP,Sudeste,51.0,0.922,0.787,0.725,0.408,0.72,0.259,1,False
4104055,Campo Bonito,PR,Sul,53.0,0.887,0.787,0.698,0.301,0.681,0.394,1,False
3153509,Alto Jequitibá,MG,Sudeste,90.0,0.889,0.788,0.7,0.384,0.66,0.275,0,False
3152105,Ponte Nova,MG,Sudeste,494.0,0.877,0.788,0.69,0.4,0.717,0.248,1,False
4101408,Apucarana,PR,Sul,1357.0,0.878,0.788,0.691,0.389,0.748,0.228,1,False
3159605,Santa Rita do Sapucaí,MG,Sudeste,418.0,0.89,0.788,0.701,0.347,0.721,0.182,1,False
3113909,Carmo da Cachoeira,MG,Sudeste,143.0,0.923,0.788,0.727,0.384,0.655,0.254,1,False
3151404,Pitangui,MG,Sudeste,280.0,0.961,0.788,0.757,0.322,0.725,0.218,1,False
4213005,Pinheiro Preto,SC,Sul,61.0,0.852,0.788,0.672,0.382,0.777,0.144,1,False
5200852,Americano do Brasil,GO,Centro-Oeste,57.0,0.912,0.788,0.719,0.245,0.7,0.297,1,False
2104107,Fortaleza dos Nogueiras,MA,Nordeste,204.0,0.951,0.789,0.75,0.462,0.616,0.439,0,False
4201000,Anita Garibaldi,SC,Sul,99.0,0.717,0.789,0.566,0.489,0.688,0.323,1,True
3100203,Abaeté,MG,Sudeste,202.0,0.916,0.789,0.723,0.382,0.698,0.29,1,False
1101609,Theobroma,RO,Norte,125.0,0.912,0.789,0.72,0.334,0.589,0.353,0,False
3161809,São Gonçalo do Pará,MG,Sudeste,100.0,0.95,0.789,0.75,0.365,0.689,0.217,1,False
3145000,Nova Ponte,MG,Sudeste,189.0,0.905,0.789,0.714,0.367,0.701,0.259,1,False
3538204,Pinhalzinho,SP,Sudeste,149.0,0.926,0.79,0.732,0.444,0.725,0.246,1,False
4124053,Santa Terezinha de Itaipu,PR,Sul,257.0,0.852,0.79,0.673,0.322,0.738,0.219,1,False
2111722,Satubinha,MA,Nordeste,71.0,0.873,0.79,0.69,0.448,0.493,0.697,0,False
2602506,Brejinho,PE,Nordeste,105.0,1.0,0.79,0.79,0.345,0.574,0.459,0,False
3503406,Arealva,SP,Sudeste,95.0,0.905,0.791,0.716,0.37,0.744,0.213,1,False
3112406,Capetinga,MG,Sudeste,103.0,0.65,0.791,0.515,0.367,0.675,0.244,1,True
3149903,Perdões,MG,Sudeste,176.0,0.955,0.792,0.756,0.367,0.744,0.262,1,False
3108909,Brazópolis,MG,Sudeste,168.0,0.887,0.792,0.702,0.402,0.692,0.276,1,False
4216107,São Domingos,SC,Sul,89.0,0.865,0.792,0.685,0.475,0.765,0.224,1,False
5215504,Ouvidor,GO,Centro-Oeste,81.0,0.951,0.792,0.753,0.238,0.747,0.161,1,False
3168705,Timóteo,MG,Sudeste,710.0,0.923,0.792,0.731,0.359,0.77,0.204,1,False
3132404,Itajubá,MG,Sudeste,812.0,0.872,0.792,0.691,0.345,0.787,0.166,1,False
3118809,Coração de Jesus,MG,Sudeste,203.0,0.926,0.793,0.734,0.308,0.642,0.498,0,False
2517001,Umbuzeiro,PB,Nordeste,121.0,0.917,0.793,0.727,0.454,0.584,0.576,0,False
2308302,Milagres,CE,Nordeste,264.0,0.97,0.793,0.769,0.145,0.628,0.433,0,False
4123501,Santa Helena,PR,Sul,380.0,0.903,0.793,0.716,0.327,0.744,0.195,1,False
3547700,Santo Anastácio,SP,Sudeste,91.0,0.956,0.793,0.758,0.398,0.753,0.239,1,False
3510153,Canitar,SP,Sudeste,94.0,0.926,0.793,0.734,0.41,0.68,0.232,1,False
4112009,Jaguariaíva,PR,Sul,500.0,0.88,0.793,0.698,0.381,0.743,0.289,1,False
3130200,Igaratinga,MG,Sudeste,147.0,0.857,0.794,0.68,0.367,0.651,0.253,1,False
3148756,Pedra Bonita,MG,Sudeste,64.0,0.984,0.794,0.781,0.344,0.573,0.309,0,False
4127957,Tupãssi,PR,Sul,103.0,0.942,0.794,0.748,0.268,0.73,0.203,1,False
5204250,Cachoeira Dourada,GO,Centro-Oeste,103.0,0.942,0.794,0.748,0.21,0.698,0.271,1,False
5205802,Corumbá de Goiás,GO,Centro-Oeste,100.0,0.97,0.794,0.77,0.321,0.68,0.36,1,False
2608503,Lagoa de Itaenga,PE,Nordeste,168.0,0.982,0.794,0.78,0.375,0.602,0.495,0,False
4115804,Medianeira,PR,Sul,761.0,0.874,0.794,0.694,0.337,0.763,0.165,1,False
3141801,Minas Novas,MG,Sudeste,248.0,0.96,0.794,0.762,0.457,0.633,0.443,0,False
1100601,Cacaulândia,RO,Norte,77.0,0.883,0.794,0.701,0.293,0.646,0.336,1,False
5004601,Itaquiraí,MS,Centro-Oeste,353.0,0.992,0.794,0.788,0.461,0.62,0.37,1,False
3125408,Felício dos Santos,MG,Sudeste,76.0,0.961,0.795,0.763,0.345,0.606,0.391,1,False
2104081,Fernando Falcão,MA,Nordeste,80.0,0.912,0.795,0.725,0.472,0.443,0.784,0,False
3131158,Ipaba,MG,Sudeste,196.0,0.969,0.795,0.77,0.409,0.665,0.315,1,False
3134905,Jacutinga,MG,Sudeste,280.0,0.871,0.795,0.693,0.364,0.715,0.21,1,False
4201505,Armazém,SC,Sul,142.0,0.859,0.795,0.683,0.373,0.77,0.138,1,False
2602308,Bonito,PE,Nordeste,359.0,0.967,0.795,0.769,0.397,0.561,0.491,0,False
2612802,Santa Terezinha,PE,Nordeste,136.0,0.971,0.795,0.772,0.386,0.593,0.518,0,False
2203008,Cristalândia do Piauí,PI,Nordeste,88.0,1.0,0.795,0.795,0.467,0.573,0.445,0,False
3139904,Maria da Fé,MG,Sudeste,144.0,0.951,0.796,0.757,0.349,0.702,0.27,1,False
1100379,Alto Alegre dos Parecis,RO,Norte,202.0,0.921,0.796,0.733,0.423,0.592,0.418,0,False
3119302,Coromandel,MG,Sudeste,312.0,0.926,0.796,0.737,0.316,0.708,0.233,1,False
2502607,Igaracy,PB,Nordeste,59.0,0.831,0.796,0.661,0.445,0.61,0.372,0,False
2110500,São Bento,MA,Nordeste,339.0,0.912,0.796,0.726,0.491,0.602,0.601,0,False
4117214,Nova Santa Bárbara,PR,Sul,64.0,0.844,0.796,0.672,0.273,0.68,0.343,1,False
4210035,Luzerna,SC,Sul,72.0,0.819,0.797,0.653,0.388,0.789,0.09,1,False
2701100,Branquinha,AL,Nordeste,128.0,0.922,0.797,0.734,0.538,0.513,0.623,0,False
5208152,Gameleira de Goiás,GO,Centro-Oeste,60.0,0.983,0.797,0.783,0.249,0.659,0.225,1,False
5200100,Abadiânia,GO,Centro-Oeste,205.0,0.888,0.797,0.707,0.311,0.689,0.264,1,False
2601508,Belém de Maria,PE,Nordeste,123.0,1.0,0.797,0.797,0.36,0.578,0.446,0,False
3541208,Presidente Bernardes,SP,Sudeste,72.0,0.889,0.797,0.708,0.389,0.757,0.237,1,False
3168101,Tapira,MG,Sudeste,75.0,0.853,0.797,0.68,0.302,0.712,0.246,1,False
4117008,Nova Fátima,PR,Sul,76.0,0.908,0.797,0.724,0.337,0.688,0.314,1,False
5100201,Água Boa,MT,Centro-Oeste,405.0,0.864,0.797,0.689,0.383,0.729,0.225,1,False
3128105,Guapé,MG,Sudeste,155.0,0.923,0.797,0.735,0.345,0.679,0.228,1,False
3205176,Vila Valério,ES,Sudeste,243.0,0.934,0.797,0.745,0.28,0.675,0.257,1,False
4107736,Fernandes Pinheiro,PR,Sul,90.0,0.878,0.797,0.7,0.358,0.645,0.356,1,False
5106299,Paranaíta,MT,Centro-Oeste,170.0,0.929,0.797,0.741,0.49,0.672,0.325,1,False
2105708,Lago da Pedra,MA,Nordeste,444.0,0.923,0.798,0.736,0.478,0.589,0.568,0,False
4207403,Imbuia,SC,Sul,92.0,0.913,0.798,0.728,0.444,0.713,0.187,1,False
3144805,Nova Lima,MG,Sudeste,937.0,0.912,0.798,0.728,0.382,0.813,0.235,1,False
5212204,Jussara,GO,Centro-Oeste,187.0,0.979,0.798,0.781,0.28,0.743,0.226,1,False
4121406,Realeza,PR,Sul,229.0,0.908,0.798,0.725,0.317,0.722,0.212,1,False
3132909,Itamogi,MG,Sudeste,113.0,0.92,0.798,0.735,0.382,0.674,0.24,1,False
4215802,São Bento do Sul,SC,Sul,1044.0,0.76,0.798,0.606,0.511,0.782,0.15,1,True
2304954,Guaiúba,CE,Nordeste,245.0,0.992,0.798,0.792,0.17,0.617,0.475,0,False
4119806,Planalto,PR,Sul,138.0,0.899,0.798,0.717,0.306,0.706,0.241,1,False
4207908,Irineópolis,SC,Sul,145.0,0.89,0.798,0.71,0.543,0.699,0.29,1,False
4122701,Sabáudia,PR,Sul,159.0,0.906,0.799,0.723,0.265,0.74,0.183,1,False
3156908,Sacramento,MG,Sudeste,369.0,0.875,0.799,0.699,0.333,0.732,0.201,1,False
2110104,Santa Quitéria do Maranhão,MA,Nordeste,197.0,0.959,0.799,0.766,0.364,0.555,0.609,0,False
5208806,Goianira,GO,Centro-Oeste,1153.0,0.894,0.799,0.715,0.404,0.694,0.357,1,False
4104501,Capanema,PR,Sul,236.0,0.847,0.8,0.678,0.303,0.706,0.249,1,False
3204252,Ponto Belo,ES,Sudeste,98.0,0.867,0.8,0.694,0.27,0.669,0.365,1,False
2101970,Boa Vista do Gurupi,MA,Nordeste,110.0,1.0,0.8,0.8,0.449,0.545,0.59,0,False
3155702,Rio Piracicaba,MG,Sudeste,141.0,0.957,0.8,0.766,0.351,0.685,0.262,1,False
4200606,Águas Mornas,SC,Sul,97.0,0.876,0.8,0.701,0.467,0.723,0.304,1,False
5000807,Anaurilândia,MS,Centro-Oeste,107.0,0.981,0.8,0.785,0.446,0.67,0.294,1,False
3536604,Paulo de Faria,SP,Sudeste,67.0,0.896,0.8,0.716,0.371,0.725,0.283,1,False
4111001,Itambaracá,PR,Sul,68.0,0.809,0.8,0.647,0.274,0.694,0.292,1,False
4108320,Francisco Alves,PR,Sul,118.0,0.847,0.8,0.678,0.304,0.669,0.262,1,False
4116307,Munhoz de Melo,PR,Sul,63.0,0.952,0.8,0.762,0.309,0.726,0.262,1,False
4218103,Timbé do Sul,SC,Sul,87.0,0.747,0.8,0.598,0.452,0.72,0.197,1,True
5222302,Vila Propício,GO,Centro-Oeste,73.0,0.89,0.8,0.712,0.302,0.634,0.281,1,False
4119707,Planaltina do Paraná,PR,Sul,52.0,0.865,0.8,0.692,0.269,0.705,0.298,1,False
4120358,Pranchita,PR,Sul,59.0,0.932,0.8,0.746,0.243,0.752,0.268,1,False
3144003,Mutum,MG,Sudeste,269.0,0.911,0.8,0.729,0.381,0.644,0.34,0,False
2607000,Inajá,PE,Nordeste,273.0,0.974,0.801,0.78,0.442,0.523,0.656,0,False
2313351,Tejuçuoca,CE,Nordeste,228.0,0.991,0.801,0.794,0.149,0.584,0.507,0,False
2703304,Inhapi,AL,Nordeste,233.0,0.97,0.801,0.777,0.585,0.484,0.678,0,False
4125100,São João do Triunfo,PR,Sul,215.0,0.888,0.801,0.712,0.363,0.629,0.266,1,False
3108305,Borda da Mata,MG,Sudeste,175.0,0.949,0.801,0.76,0.367,0.73,0.205,1,False
5214606,Niquelândia,GO,Centro-Oeste,339.0,0.965,0.801,0.773,0.315,0.715,0.266,1,False
5218508,Quirinópolis,GO,Centro-Oeste,564.0,0.965,0.801,0.773,0.287,0.74,0.234,1,False
4118105,Paranacity,PR,Sul,141.0,0.929,0.802,0.745,0.349,0.717,0.224,1,False
3553609,Tapiratiba,SP,Sudeste,118.0,0.941,0.802,0.754,0.404,0.751,0.164,1,False
4124509,Santo Inácio,PR,Sul,92.0,0.935,0.802,0.75,0.319,0.739,0.235,1,False
3133709,Itatiaiuçu,MG,Sudeste,192.0,0.844,0.802,0.677,0.344,0.677,0.276,1,False
4200804,Anchieta,SC,Sul,76.0,0.868,0.803,0.697,0.48,0.699,0.225,1,False
3148004,Patos de Minas,MG,Sudeste,1416.0,0.904,0.803,0.726,0.359,0.765,0.194,1,False
5211701,Jandaia,GO,Centro-Oeste,63.0,0.968,0.803,0.778,0.232,0.707,0.294,1,False
3152600,Pouso Alto,MG,Sudeste,66.0,0.924,0.803,0.742,0.372,0.71,0.247,1,False
3133105,Itanhandu,MG,Sudeste,115.0,0.93,0.804,0.748,0.324,0.739,0.178,1,False
3520442,Ilha Solteira,SP,Sudeste,240.0,0.871,0.804,0.7,0.339,0.812,0.131,1,False
3120870,Curral de Dentro,MG,Sudeste,107.0,0.953,0.804,0.766,0.39,0.585,0.445,0,False
4110805,Iretama,PR,Sul,170.0,0.9,0.804,0.724,0.358,0.665,0.305,1,False
3131901,Itabirito,MG,Sudeste,732.0,0.928,0.804,0.746,0.404,0.73,0.207,1,False
4204509,Corupá,SC,Sul,232.0,0.815,0.804,0.655,0.474,0.78,0.137,1,False
3203502,Montanha,ES,Sudeste,236.0,0.932,0.805,0.75,0.336,0.667,0.32,1,False
2208700,Redenção do Gurguéia,PI,Nordeste,77.0,1.0,0.805,0.805,0.458,0.589,0.566,0,False
5217401,Pires do Rio,GO,Centro-Oeste,303.0,0.848,0.805,0.683,0.311,0.744,0.203,1,False
3117504,Conceição do Mato Dentro,MG,Sudeste,246.0,0.837,0.806,0.675,0.422,0.634,0.429,0,False
3126208,Formoso,MG,Sudeste,105.0,0.981,0.806,0.79,0.407,0.64,0.432,0,False
2615706,Triunfo,PE,Nordeste,139.0,0.964,0.806,0.777,0.292,0.67,0.331,0,False
3169208,Tombos,MG,Sudeste,69.0,0.971,0.806,0.783,0.289,0.718,0.256,1,False
5218300,Posse,GO,Centro-Oeste,404.0,0.983,0.806,0.792,0.411,0.659,0.405,0,False
5215702,Palmeiras de Goiás,GO,Centro-Oeste,393.0,0.906,0.806,0.73,0.346,0.698,0.267,1,False
4101903,Assaí,PR,Sul,177.0,0.904,0.806,0.729,0.297,0.728,0.255,1,False
3526001,Junqueirópolis,SP,Sudeste,199.0,0.96,0.806,0.774,0.37,0.745,0.19,1,False
5108857,Nova Marilândia,MT,Centro-Oeste,66.0,0.939,0.806,0.758,0.458,0.704,0.362,1,False
4102000,Assis Chateaubriand,PR,Sul,430.0,0.914,0.807,0.737,0.339,0.729,0.256,1,False
5106109,Nossa Senhora do Livramento,MT,Centro-Oeste,125.0,0.952,0.807,0.768,0.468,0.638,0.514,0,False
2706000,Olivença,AL,Nordeste,177.0,0.994,0.807,0.802,0.554,0.493,0.57,0,False
2301406,Aratuba,CE,Nordeste,178.0,0.989,0.807,0.798,0.123,0.622,0.459,0,False
3513702,Descalvado,SP,Sudeste,251.0,0.928,0.807,0.749,0.402,0.76,0.193,1,False
3532702,Nipoã,SP,Sudeste,70.0,0.814,0.807,0.657,0.338,0.713,0.189,1,False
3149606,Pequi,MG,Sudeste,60.0,0.95,0.807,0.767,0.31,0.674,0.216,1,False
5221502,Turvânia,GO,Centro-Oeste,57.0,1.0,0.807,0.807,0.264,0.697,0.305,1,False
4214508,Rio do Campo,SC,Sul,70.0,0.814,0.807,0.657,0.475,0.729,0.22,1,False
3166204,Senhora dos Remédios,MG,Sudeste,85.0,0.976,0.807,0.788,0.391,0.626,0.373,0,False
3159902,Santo Antônio do Amparo,MG,Sudeste,174.0,0.925,0.807,0.747,0.365,0.672,0.254,1,False
3105103,Bambuí,MG,Sudeste,181.0,0.89,0.807,0.718,0.317,0.741,0.245,1,False
3128253,Guaraciama,MG,Sudeste,61.0,0.852,0.808,0.689,0.325,0.677,0.406,1,False
3203056,Jaguaré,ES,Sudeste,479.0,0.902,0.808,0.729,0.343,0.678,0.295,1,False
4104105,Campo do Tenente,PR,Sul,111.0,0.892,0.808,0.721,0.406,0.686,0.302,1,False
3124500,Estiva,MG,Sudeste,105.0,0.943,0.808,0.762,0.285,0.691,0.222,1,False
3120706,Cruzeiro da Fortaleza,MG,Sudeste,77.0,0.948,0.808,0.766,0.294,0.696,0.242,1,False
5208301,Divinópolis de Goiás,GO,Centro-Oeste,75.0,0.973,0.808,0.787,0.275,0.653,0.313,0,False
3147600,Passa Quatro,MG,Sudeste,149.0,0.946,0.809,0.765,0.35,0.715,0.231,1,False
3116308,Cipotânea,MG,Sudeste,50.0,0.94,0.809,0.76,0.347,0.579,0.414,0,False
3143005,Monte Belo,MG,Sudeste,153.0,0.922,0.809,0.745,0.349,0.688,0.223,1,False
4125753,São Pedro do Iguaçu,PR,Sul,81.0,0.84,0.809,0.679,0.302,0.683,0.268,1,False
2707503,Porto Real do Colégio,AL,Nordeste,179.0,0.877,0.809,0.709,0.566,0.551,0.524,0,False
4212007,Palma Sola,SC,Sul,107.0,0.832,0.809,0.673,0.487,0.704,0.266,1,False
2300150,Acarape,CE,Nordeste,174.0,0.966,0.81,0.782,0.168,0.606,0.424,0,False
3505302,Barra Bonita,SP,Sudeste,228.0,0.921,0.81,0.746,0.37,0.788,0.141,1,False
2206001,Marcos Parente,PI,Nordeste,63.0,1.0,0.81,0.81,0.456,0.59,0.423,0,False
3140902,Matipó,MG,Sudeste,252.0,0.98,0.81,0.794,0.4,0.631,0.372,0,False
2612000,Sairé,PE,Nordeste,79.0,1.0,0.81,0.81,0.36,0.585,0.419,0,False
3121407,Desterro de Entre Rios,MG,Sudeste,65.0,0.892,0.81,0.723,0.374,0.639,0.396,1,False
3202504,Ibiraçu,ES,Sudeste,127.0,0.913,0.81,0.74,0.265,0.726,0.211,1,False
4121703,Reserva,PR,Sul,356.0,0.846,0.811,0.685,0.411,0.618,0.395,0,False
3204708,São Gabriel da Palha,ES,Sudeste,369.0,0.916,0.811,0.743,0.343,0.709,0.248,1,False
4112405,Japurá,PR,Sul,94.0,0.957,0.811,0.777,0.274,0.712,0.254,1,False
3135308,Japaraíba,MG,Sudeste,58.0,0.914,0.811,0.741,0.294,0.721,0.21,1,False
3109709,Cachoeira de Minas,MG,Sudeste,151.0,0.914,0.812,0.742,0.35,0.706,0.224,1,False
1505908,Porto de Moz,PA,Norte,484.0,0.888,0.812,0.721,0.658,0.503,0.698,0,False
3147303,Paraisópolis,MG,Sudeste,200.0,0.93,0.812,0.755,0.345,0.729,0.229,1,False
4115754,Mauá da Serra,PR,Sul,168.0,0.887,0.812,0.72,0.371,0.652,0.277,1,False
3170503,Urucânia,MG,Sudeste,110.0,0.873,0.812,0.709,0.365,0.633,0.304,1,False
2616506,Xexéu,PE,Nordeste,162.0,0.988,0.812,0.802,0.416,0.552,0.591,0,False
3523701,Itirapuã,SP,Sudeste,61.0,0.787,0.812,0.639,0.371,0.707,0.198,1,True
3150539,Pingo-d'Água,MG,Sudeste,52.0,0.923,0.812,0.75,0.406,0.619,0.425,1,False
2303600,Catarina,CE,Nordeste,64.0,1.0,0.812,0.812,0.166,0.618,0.475,0,False
5213509,Monte Alegre de Goiás,GO,Centro-Oeste,71.0,0.901,0.812,0.732,0.354,0.615,0.47,0,False
5210406,Itaberaí,GO,Centro-Oeste,547.0,0.956,0.813,0.777,0.334,0.719,0.253,1,False
2205409,Joaquim Pires,PI,Nordeste,189.0,0.989,0.813,0.804,0.498,0.522,0.475,0,False
3164704,São Sebastião do Paraíso,MG,Sudeste,716.0,0.933,0.813,0.758,0.421,0.722,0.247,1,False
5200134,Acreúna,GO,Centro-Oeste,279.0,0.939,0.813,0.763,0.292,0.686,0.314,1,False
3149705,Perdigão,MG,Sudeste,166.0,0.904,0.813,0.735,0.325,0.703,0.222,1,False
3159001,Santana do Riacho,MG,Sudeste,65.0,0.908,0.814,0.738,0.36,0.665,0.291,1,False
5209150,Gouvelândia,GO,Centro-Oeste,59.0,1.0,0.814,0.814,0.281,0.674,0.35,1,False
3519006,Herculândia,SP,Sudeste,91.0,0.945,0.814,0.769,0.384,0.727,0.28,1,False
3145901,Ouro Branco,MG,Sudeste,416.0,0.93,0.814,0.757,0.33,0.764,0.251,1,False
5213087,Minaçu,GO,Centro-Oeste,290.0,0.948,0.815,0.772,0.311,0.707,0.298,1,False
3527108,Lins,SP,Sudeste,676.0,0.933,0.815,0.76,0.37,0.786,0.181,1,False
2104008,Esperantinópolis,MA,Nordeste,189.0,1.0,0.815,0.815,0.437,0.586,0.542,0,False
3148202,Patrocínio do Muriaé,MG,Sudeste,60.0,0.9,0.815,0.733,0.311,0.682,0.247,1,False
3102308,Alvinópolis,MG,Sudeste,121.0,0.893,0.815,0.727,0.341,0.676,0.32,1,False
5107206,Rio Branco,MT,Centro-Oeste,62.0,0.871,0.815,0.71,0.342,0.707,0.32,1,False
3202900,Itarana,ES,Sudeste,85.0,0.953,0.815,0.776,0.294,0.684,0.242,1,False
4202131,Bela Vista do Toldo,SC,Sul,69.0,0.942,0.815,0.768,0.504,0.675,0.266,1,False
5203500,Bom Jesus de Goiás,GO,Centro-Oeste,282.0,0.961,0.815,0.784,0.301,0.701,0.327,1,False
3202009,Dores do Rio Preto,ES,Sudeste,108.0,0.954,0.816,0.778,0.307,0.654,0.284,1,False
4124400,Santo Antônio do Sudoeste,PR,Sul,274.0,0.891,0.816,0.726,0.34,0.671,0.279,1,False
2311900,Saboeiro,CE,Nordeste,144.0,0.979,0.816,0.799,0.136,0.575,0.436,0,False
3200169,Água Doce do Norte,ES,Sudeste,162.0,0.938,0.816,0.765,0.341,0.652,0.315,1,False
5107925,Sorriso,MT,Centro-Oeste,1945.0,0.88,0.816,0.718,0.487,0.744,0.22,1,False
2201150,Baixa Grande do Ribeiro,PI,Nordeste,204.0,0.985,0.816,0.804,0.528,0.564,0.51,0,False
4127304,Terra Rica,PR,Sul,192.0,0.906,0.816,0.74,0.317,0.71,0.253,1,False
2302206,Beberibe,CE,Nordeste,691.0,0.978,0.817,0.799,0.147,0.638,0.456,0,False
3114501,Carmópolis de Minas,MG,Sudeste,179.0,0.944,0.817,0.771,0.351,0.7,0.217,1,False
2103901,Duque Bacelar,MA,Nordeste,176.0,0.96,0.817,0.784,0.346,0.533,0.52,0,False
4128658,Virmond,PR,Sul,62.0,0.968,0.817,0.79,0.282,0.722,0.377,1,False
3135902,Jesuânia,MG,Sudeste,66.0,0.909,0.817,0.742,0.381,0.658,0.301,1,False
2307700,Maranguape,CE,Nordeste,1125.0,0.975,0.817,0.796,0.211,0.659,0.456,0,False
3160405,Santo Antônio do Monte,MG,Sudeste,293.0,0.969,0.817,0.792,0.34,0.724,0.178,1,False
2607950,Jaqueira,PE,Nordeste,72.0,0.986,0.817,0.806,0.388,0.575,0.609,0,False
3202652,Irupi,ES,Sudeste,155.0,0.916,0.817,0.748,0.329,0.637,0.265,0,False
3165305,São Vicente de Minas,MG,Sudeste,79.0,0.899,0.817,0.734,0.371,0.715,0.229,1,False
4114203,Mandaguari,PR,Sul,454.0,0.903,0.817,0.738,0.312,0.751,0.207,1,False
3203700,Muniz Freire,ES,Sudeste,184.0,0.951,0.817,0.777,0.319,0.645,0.35,1,False
1100189,Pimenta Bueno,RO,Norte,526.0,0.897,0.818,0.734,0.384,0.71,0.241,1,False
3204054,Pedro Canário,ES,Sudeste,338.0,0.926,0.818,0.757,0.364,0.654,0.42,1,False
3163508,São José do Jacuri,MG,Sudeste,57.0,0.965,0.818,0.789,0.342,0.566,0.395,0,False
3110707,Cambuquira,MG,Sudeste,121.0,0.909,0.818,0.744,0.344,0.699,0.237,1,False
3166907,Serrania,MG,Sudeste,81.0,0.951,0.818,0.778,0.439,0.677,0.293,1,False
4127700,Toledo,PR,Sul,1829.0,0.869,0.819,0.712,0.362,0.768,0.171,1,False
5204706,Campinorte,GO,Centro-Oeste,152.0,0.947,0.819,0.776,0.362,0.688,0.267,1,False
2106300,Magalhães de Almeida,MA,Nordeste,146.0,0.986,0.819,0.808,0.38,0.567,0.537,0,False
3111002,Campestre,MG,Sudeste,201.0,0.91,0.82,0.746,0.38,0.698,0.236,1,False
2200053,Acauã,PI,Nordeste,62.0,0.984,0.82,0.806,0.379,0.528,0.432,0,False
3156304,Rodeiro,MG,Sudeste,128.0,0.953,0.82,0.781,0.357,0.668,0.191,1,False
3202553,Ibitirama,ES,Sudeste,178.0,0.966,0.82,0.792,0.33,0.622,0.337,1,False
3138005,Laranjal,MG,Sudeste,58.0,0.862,0.82,0.707,0.323,0.714,0.193,1,False
2204600,Hugo Napoleão,PI,Nordeste,53.0,0.943,0.82,0.774,0.37,0.599,0.438,0,False
3519808,Icém,SP,Sudeste,57.0,0.877,0.82,0.719,0.382,0.72,0.287,1,False
5206305,Cristianópolis,GO,Centro-Oeste,51.0,0.98,0.82,0.804,0.233,0.688,0.196,1,False
5220405,São Simão,GO,Centro-Oeste,239.0,0.908,0.82,0.745,0.267,0.72,0.238,1,False
3120508,Cristina,MG,Sudeste,131.0,0.977,0.82,0.802,0.331,0.668,0.288,1,False
3169406,Três Pontas,MG,Sudeste,574.0,0.941,0.82,0.772,0.378,0.731,0.222,1,False
4107546,Espigão Alto do Iguaçu,PR,Sul,81.0,0.963,0.821,0.79,0.352,0.636,0.33,0,False
3202256,Governador Lindenberg,ES,Sudeste,119.0,0.891,0.821,0.731,0.234,0.694,0.216,1,False
2606507,Iati,PE,Nordeste,187.0,0.925,0.821,0.759,0.419,0.528,0.566,0,False
2516706,Teixeira,PB,Nordeste,127.0,0.969,0.821,0.795,0.549,0.605,0.474,0,False
2313807,Uruburetama,CE,Nordeste,226.0,0.991,0.821,0.814,0.156,0.639,0.459,0,False
2200301,Alto Longá,PI,Nordeste,86.0,0.977,0.821,0.802,0.421,0.585,0.413,0,False
2206951,Novo Santo Antônio,PI,Nordeste,57.0,0.982,0.821,0.807,0.389,0.528,0.398,0,False
3154200,Resende Costa,MG,Sudeste,88.0,0.955,0.821,0.784,0.37,0.685,0.274,1,False
3201803,Divino de São Lourenço,ES,Sudeste,59.0,0.949,0.821,0.78,0.345,0.632,0.301,1,False
3110608,Cambuí,MG,Sudeste,278.0,0.906,0.821,0.745,0.341,0.751,0.215,1,False
3165107,São Tomás de Aquino,MG,Sudeste,87.0,0.966,0.821,0.793,0.343,0.7,0.214,1,False
4108908,Guairaçá,PR,Sul,101.0,0.832,0.821,0.683,0.277,0.693,0.272,1,False
3202454,Ibatiba,ES,Sudeste,368.0,0.929,0.822,0.764,0.359,0.647,0.281,1,False
5205901,Corumbaíba,GO,Centro-Oeste,118.0,0.856,0.822,0.703,0.276,0.698,0.262,1,False
4115457,Marquinho,PR,Sul,77.0,0.948,0.822,0.779,0.336,0.614,0.354,1,False
3164472,São Sebastião do Anta,MG,Sudeste,81.0,0.901,0.822,0.741,0.428,0.607,0.341,1,False
3201902,Domingos Martins,ES,Sudeste,419.0,0.912,0.822,0.749,0.327,0.669,0.261,1,False
2313757,Umirim,CE,Nordeste,209.0,0.995,0.822,0.818,0.166,0.587,0.496,0,False
3142403,Moema,MG,Sudeste,99.0,0.909,0.822,0.747,0.31,0.721,0.209,1,False
4121752,Reserva do Iguaçu,PR,Sul,106.0,0.849,0.822,0.698,0.383,0.648,0.318,1,False
2609006,Macaparana,PE,Nordeste,219.0,0.977,0.822,0.804,0.364,0.609,0.427,0,False
4208401,Itapiranga,SC,Sul,262.0,0.882,0.823,0.725,0.419,0.775,0.139,1,False
3168903,Tiros,MG,Sudeste,65.0,0.954,0.823,0.785,0.284,0.683,0.276,1,False
3169703,Turmalina,MG,Sudeste,197.0,0.944,0.823,0.777,0.348,0.682,0.312,1,False
3113206,Carandaí,MG,Sudeste,238.0,0.878,0.823,0.723,0.382,0.697,0.316,1,False
4126306,Sengés,PR,Sul,246.0,0.919,0.823,0.756,0.369,0.663,0.376,1,False
5101852,Bom Jesus do Araguaia,MT,Centro-Oeste,125.0,0.904,0.823,0.744,0.462,0.661,0.323,1,False
2308401,Missão Velha,CE,Nordeste,402.0,0.985,0.823,0.811,0.145,0.622,0.375,0,False
2205904,Manoel Emídio,PI,Nordeste,72.0,0.944,0.824,0.778,0.406,0.573,0.441,0,False
4216701,São José do Cedro,SC,Sul,177.0,0.898,0.824,0.74,0.463,0.731,0.197,1,False
3544251,Rosana,SP,Sudeste,171.0,0.93,0.824,0.766,0.376,0.764,0.31,1,False
3137205,Lagoa da Prata,MG,Sudeste,526.0,0.962,0.824,0.793,0.35,0.732,0.216,1,False
3137502,Lagoa Formosa,MG,Sudeste,205.0,0.971,0.824,0.8,0.317,0.703,0.261,1,False
3143807,Munhoz,MG,Sudeste,95.0,0.958,0.824,0.789,0.371,0.647,0.304,1,False
3118700,Coqueiral,MG,Sudeste,84.0,0.881,0.824,0.726,0.376,0.694,0.204,1,False
3162922,São Joaquim de Bicas,MG,Sudeste,490.0,0.871,0.824,0.718,0.468,0.662,0.375,1,False
5206701,Damianópolis,GO,Centro-Oeste,57.0,1.0,0.825,0.825,0.313,0.654,0.379,0,False
2208304,Piracuruca,PI,Nordeste,398.0,0.99,0.825,0.817,0.482,0.596,0.483,0,False
1301951,Itamarati,AM,Norte,126.0,0.952,0.825,0.786,0.576,0.477,0.701,0,False
3112307,Capelinha,MG,Sudeste,495.0,0.97,0.825,0.8,0.411,0.653,0.337,1,False
3145851,Oratórios,MG,Sudeste,52.0,0.769,0.825,0.635,0.389,0.637,0.293,1,True
4120606,Prudentópolis,PR,Sul,526.0,0.924,0.825,0.762,0.388,0.676,0.301,1,False
2300754,Amontada,CE,Nordeste,691.0,0.968,0.825,0.799,0.172,0.606,0.6,0,False
3165537,Sarzedo,MG,Sudeste,525.0,0.905,0.825,0.747,0.374,0.734,0.324,1,False
3138351,Leme do Prado,MG,Sudeste,64.0,0.984,0.825,0.812,0.283,0.67,0.267,1,False
2303204,Caririaçu,CE,Nordeste,344.0,0.983,0.825,0.811,0.166,0.578,0.484,0,False
5208608,Goianésia,GO,Centro-Oeste,933.0,0.952,0.825,0.786,0.341,0.727,0.287,1,False
3204609,Santa Teresa,ES,Sudeste,254.0,0.925,0.826,0.764,0.301,0.714,0.191,1,False
2509503,Montadas,PB,Nordeste,71.0,0.972,0.826,0.803,0.511,0.59,0.491,0,False
2202604,Castelo do Piauí,PI,Nordeste,169.0,0.988,0.826,0.817,0.469,0.587,0.43,0,False
4107207,Dois Vizinhos,PR,Sul,618.0,0.858,0.826,0.709,0.317,0.767,0.199,1,False
4107504,Engenheiro Beltrão,PR,Sul,132.0,0.917,0.826,0.758,0.277,0.73,0.247,1,False
2615904,Tuparetama,PE,Nordeste,100.0,0.98,0.827,0.81,0.292,0.634,0.329,0,False
4110508,Ipiranga,PR,Sul,205.0,0.956,0.827,0.79,0.358,0.652,0.254,1,False
2303501,Cascavel,CE,Nordeste,977.0,0.98,0.827,0.81,0.171,0.646,0.503,0,False
4111407,Ivaí,PR,Sul,186.0,0.93,0.827,0.769,0.406,0.651,0.315,1,False
2604155,Casinhas,PE,Nordeste,77.0,0.974,0.827,0.805,0.355,0.567,0.543,0,False
3130408,Ijaci,MG,Sudeste,63.0,0.825,0.827,0.683,0.369,0.714,0.23,1,False
3134301,Itumirim,MG,Sudeste,54.0,0.963,0.827,0.796,0.358,0.726,0.254,1,False
4126355,Serranópolis do Iguaçu,PR,Sul,60.0,0.867,0.827,0.717,0.233,0.762,0.174,1,False
2616183,Vertente do Lério,PE,Nordeste,84.0,0.964,0.827,0.798,0.327,0.563,0.495,0,False
3535903,Paranapuã,SP,Sudeste,60.0,0.967,0.828,0.8,0.352,0.732,0.179,1,False
4123808,Santa Izabel do Oeste,PR,Sul,130.0,0.892,0.828,0.738,0.344,0.696,0.265,1,False
3161700,São Gonçalo do Abaeté,MG,Sudeste,61.0,0.951,0.828,0.787,0.32,0.67,0.266,1,False
3108503,Botumirim,MG,Sudeste,65.0,0.892,0.828,0.738,0.33,0.602,0.44,0,False
3136900,Juruaia,MG,Sudeste,133.0,0.917,0.828,0.759,0.325,0.723,0.22,1,False
5209952,Indiara,GO,Centro-Oeste,189.0,0.984,0.828,0.815,0.302,0.701,0.282,1,False
3109105,Bueno Brandão,MG,Sudeste,101.0,0.921,0.828,0.762,0.348,0.658,0.263,1,False
3201407,Castelo,ES,Sudeste,328.0,0.924,0.828,0.765,0.318,0.726,0.199,1,False
2302701,Campos Sales,CE,Nordeste,206.0,0.99,0.828,0.82,0.139,0.63,0.422,0,False
2607752,Itapissuma,PE,Nordeste,281.0,0.975,0.828,0.808,0.432,0.633,0.499,0,False
4217303,Saudades,SC,Sul,150.0,0.933,0.829,0.773,0.418,0.755,0.126,1,False
3147907,Passos,MG,Sudeste,1173.0,0.922,0.829,0.764,0.387,0.756,0.213,1,False
3515400,Fartura,SP,Sudeste,170.0,0.929,0.829,0.771,0.396,0.732,0.175,1,False
4121604,Renascença,PR,Sul,95.0,0.863,0.829,0.716,0.268,0.733,0.25,1,False
5103452,Denise,MT,Centro-Oeste,87.0,0.943,0.829,0.782,0.385,0.683,0.252,1,False
3136207,João Monlevade,MG,Sudeste,707.0,0.922,0.83,0.765,0.369,0.758,0.203,1,False
3146404,Paineiras,MG,Sudeste,51.0,0.922,0.83,0.765,0.373,0.669,0.256,1,False
5008305,Três Lagoas,MS,Centro-Oeste,1640.0,0.996,0.83,0.827,0.502,0.744,0.218,1,False
3204351,Rio Bananal,ES,Sudeste,266.0,0.906,0.83,0.752,0.298,0.681,0.252,1,False
3116605,Cláudio,MG,Sudeste,314.0,0.936,0.83,0.777,0.375,0.709,0.176,1,False
3521903,Itajobi,SP,Sudeste,153.0,0.961,0.83,0.797,0.379,0.73,0.215,1,False
4211801,Ouro,SC,Sul,76.0,0.776,0.831,0.645,0.412,0.774,0.21,1,True
4126603,Siqueira Campos,PR,Sul,281.0,0.947,0.831,0.786,0.331,0.704,0.215,1,False
4116059,Missal,PR,Sul,145.0,0.938,0.831,0.779,0.262,0.711,0.21,1,False
3105905,Barroso,MG,Sudeste,167.0,0.922,0.831,0.766,0.369,0.734,0.204,1,False
3116704,Coimbra,MG,Sudeste,80.0,0.962,0.831,0.8,0.35,0.669,0.251,1,False
4126207,Sapopema,PR,Sul,96.0,0.927,0.831,0.771,0.346,0.655,0.33,0,False
5219738,Santo Antônio de Goiás,GO,Centro-Oeste,114.0,0.886,0.832,0.737,0.341,0.723,0.353,1,False
3143104,Monte Carmelo,MG,Sudeste,454.0,0.93,0.832,0.773,0.352,0.728,0.22,1,False
2507101,Itapororoca,PB,Nordeste,159.0,0.899,0.832,0.748,0.499,0.564,0.493,0,False
5210208,Iporá,GO,Centro-Oeste,389.0,0.936,0.832,0.779,0.273,0.743,0.201,1,False
5219407,Santa Rita do Araguaia,GO,Centro-Oeste,80.0,0.975,0.833,0.812,0.281,0.714,0.265,1,False
5207253,Doverlândia,GO,Centro-Oeste,76.0,0.947,0.833,0.789,0.293,0.668,0.305,1,False
3170578,Vargem Alegre,MG,Sudeste,64.0,0.938,0.833,0.781,0.433,0.631,0.357,1,False
3306156,Varre-Sai,RJ,Sudeste,74.0,0.811,0.833,0.676,0.517,0.659,0.28,0,False
3131802,Itabirinha,MG,Sudeste,108.0,0.944,0.833,0.787,0.362,0.653,0.355,0,False
3159704,Santa Rosa da Serra,MG,Sudeste,57.0,0.842,0.833,0.702,0.317,0.705,0.337,1,False
3504800,Bálsamo,SP,Sudeste,84.0,0.857,0.833,0.714,0.365,0.756,0.166,1,False
1100296,Santa Luzia D'Oeste,RO,Norte,85.0,0.918,0.833,0.765,0.309,0.67,0.364,1,False
3132503,Itamarandiba,MG,Sudeste,363.0,0.942,0.833,0.785,0.424,0.646,0.401,0,False
5211305,Itarumã,GO,Centro-Oeste,74.0,0.973,0.833,0.811,0.237,0.693,0.304,1,False
3112901,Caputira,MG,Sudeste,83.0,0.94,0.833,0.783,0.429,0.615,0.412,0,False
3169356,Três Marias,MG,Sudeste,316.0,0.896,0.834,0.747,0.344,0.752,0.253,1,False
3149804,Perdizes,MG,Sudeste,260.0,0.881,0.834,0.735,0.327,0.723,0.234,1,False
2605152,Dormentes,PE,Nordeste,172.0,0.983,0.834,0.82,0.356,0.589,0.44,0,False
4123907,Santa Mariana,PR,Sul,113.0,0.858,0.835,0.717,0.288,0.7,0.246,1,False
4119103,Piên,PR,Sul,205.0,0.917,0.835,0.766,0.374,0.694,0.248,1,False
4103800,Cambira,PR,Sul,103.0,0.883,0.835,0.738,0.282,0.725,0.185,1,False
3118304,Conselheiro Lafaiete,MG,Sudeste,1360.0,0.901,0.835,0.753,0.404,0.761,0.255,1,False
4206405,Guaraciaba,SC,Sul,96.0,0.885,0.835,0.74,0.4,0.751,0.221,1,False
3148509,Pavão,MG,Sudeste,82.0,0.963,0.835,0.805,0.336,0.627,0.414,0,False
2605400,Feira Nova,PE,Nordeste,224.0,0.978,0.836,0.817,0.38,0.6,0.412,0,False
2606903,Iguaraci,PE,Nordeste,77.0,0.948,0.836,0.792,0.283,0.598,0.433,0,False
3203908,Nova Venécia,ES,Sudeste,538.0,0.939,0.836,0.784,0.339,0.712,0.264,1,False
2110906,São Francisco do Maranhão,MA,Nordeste,145.0,0.924,0.836,0.772,0.393,0.528,0.53,0,False
2511103,Pedra Lavrada,PB,Nordeste,68.0,0.985,0.836,0.824,0.479,0.574,0.455,0,False
4213104,Piratuba,SC,Sul,84.0,0.798,0.836,0.667,0.385,0.758,0.151,1,True
4127809,Tomazina,PR,Sul,74.0,0.905,0.836,0.757,0.287,0.699,0.274,1,False
3517307,Guaimbê,SP,Sudeste,54.0,0.907,0.837,0.759,0.348,0.728,0.239,1,False
5103957,Glória D'Oeste,MT,Centro-Oeste,51.0,0.961,0.837,0.804,0.34,0.71,0.229,1,False
3200359,Alto Rio Novo,ES,Sudeste,95.0,0.968,0.837,0.811,0.287,0.664,0.286,0,False
4113429,Lidianópolis,PR,Sul,54.0,0.796,0.837,0.667,0.274,0.68,0.237,1,True
3117900,Congonhal,MG,Sudeste,128.0,0.914,0.838,0.766,0.294,0.712,0.24,1,False
4219200,Vidal Ramos,SC,Sul,80.0,0.85,0.838,0.712,0.443,0.7,0.199,1,False
3105608,Barbacena,MG,Sudeste,957.0,0.899,0.838,0.753,0.38,0.769,0.239,1,False
3108008,Bom Sucesso,MG,Sudeste,137.0,0.905,0.839,0.759,0.362,0.692,0.284,1,False
3140530,Martins Soares,MG,Sudeste,102.0,0.912,0.839,0.765,0.385,0.635,0.28,1,False
3133006,Itamonte,MG,Sudeste,134.0,0.881,0.839,0.739,0.375,0.705,0.231,1,False
5213004,Maurilândia,GO,Centro-Oeste,121.0,0.975,0.839,0.818,0.294,0.677,0.376,1,False
3158201,Santa Maria do Suaçuí,MG,Sudeste,132.0,0.894,0.839,0.75,0.368,0.64,0.46,0,False
3537404,Pereira Barreto,SP,Sudeste,222.0,0.923,0.839,0.775,0.394,0.766,0.223,1,False
5107875,Sapezal,MT,Centro-Oeste,502.0,0.793,0.839,0.665,0.427,0.732,0.252,1,True
3154002,Raul Soares,MG,Sudeste,188.0,0.894,0.839,0.75,0.379,0.655,0.281,1,False
3104106,Arceburgo,MG,Sudeste,60.0,0.933,0.839,0.783,0.363,0.683,0.206,1,False
2202703,Cocal,PI,Nordeste,321.0,0.991,0.84,0.832,0.509,0.497,0.541,0,False
3539608,Planalto,SP,Sudeste,55.0,0.909,0.84,0.764,0.326,0.719,0.19,1,False
5214408,Nazário,GO,Centro-Oeste,96.0,0.979,0.84,0.823,0.265,0.71,0.295,1,False
2301000,Aquiraz,CE,Nordeste,1079.0,0.976,0.84,0.82,0.168,0.641,0.442,0,False
3203601,Mucurici,ES,Sudeste,72.0,0.958,0.841,0.806,0.284,0.666,0.336,1,False
2303402,Carnaubal,CE,Nordeste,228.0,0.991,0.841,0.833,0.147,0.593,0.415,0,False
3162203,São João Batista do Glória,MG,Sudeste,95.0,0.926,0.841,0.779,0.289,0.724,0.234,1,False
3159506,Santa Rita do Itueto,MG,Sudeste,62.0,0.71,0.841,0.597,0.394,0.607,0.308,0,True
5213103,Mineiros,GO,Centro-Oeste,951.0,0.966,0.841,0.813,0.369,0.718,0.253,1,False
1300201,Atalaia do Norte,AM,Norte,180.0,0.911,0.841,0.767,0.567,0.45,0.723,0,False
5211800,Jaraguá,GO,Centro-Oeste,476.0,0.968,0.842,0.815,0.361,0.699,0.259,1,False
2306009,Iracema,CE,Nordeste,177.0,1.0,0.842,0.842,0.12,0.652,0.364,0,False
2313104,Tabuleiro do Norte,CE,Nordeste,260.0,0.973,0.842,0.819,0.146,0.645,0.377,0,False
3535200,Palmeira d'Oeste,SP,Sudeste,80.0,0.95,0.842,0.8,0.342,0.753,0.209,1,False
3128204,Guaraciaba,MG,Sudeste,86.0,0.884,0.842,0.744,0.327,0.623,0.348,0,False
5222054,Vicentinópolis,GO,Centro-Oeste,95.0,1.0,0.842,0.842,0.296,0.684,0.415,1,False
3201704,Conceição do Castelo,ES,Sudeste,153.0,0.993,0.842,0.837,0.273,0.67,0.256,1,False
1505601,Peixe-Boi,PA,Norte,74.0,0.946,0.843,0.797,0.524,0.581,0.576,0,False
3161007,São Domingos do Prata,MG,Sudeste,131.0,0.924,0.843,0.779,0.401,0.69,0.273,1,False
2205151,Jacobina do Piauí,PI,Nordeste,51.0,1.0,0.843,0.843,0.493,0.535,0.555,0,False
3542305,Redenção da Serra,SP,Sudeste,54.0,0.944,0.843,0.796,0.414,0.657,0.355,1,False
3100302,Abre Campo,MG,Sudeste,113.0,0.903,0.843,0.761,0.327,0.654,0.282,1,False
4118709,Paulo Frontin,PR,Sul,88.0,0.943,0.843,0.795,0.296,0.708,0.229,1,False
2104099,Formosa da Serra Negra,MA,Nordeste,202.0,0.98,0.843,0.827,0.532,0.556,0.585,0,False
3103009,Antônio Dias,MG,Sudeste,65.0,0.985,0.844,0.831,0.291,0.645,0.437,0,False
4110953,Itaipulândia,PR,Sul,202.0,0.856,0.844,0.723,0.356,0.738,0.17,1,False
3204104,Pinheiros,ES,Sudeste,298.0,0.946,0.844,0.799,0.33,0.673,0.295,1,False
2308104,Mauriti,CE,Nordeste,540.0,0.985,0.844,0.831,0.166,0.605,0.431,0,False
3542503,Reginópolis,SP,Sudeste,73.0,0.973,0.845,0.822,0.377,0.728,0.232,1,False
3134806,Jacuí,MG,Sudeste,93.0,0.903,0.845,0.763,0.413,0.668,0.235,1,False
5204409,Caiapônia,GO,Centro-Oeste,164.0,0.909,0.846,0.768,0.307,0.693,0.289,1,False
5000856,Angélica,MS,Centro-Oeste,204.0,0.985,0.846,0.833,0.428,0.697,0.338,1,False
4121901,Ribeirão do Pinhal,PR,Sul,181.0,0.862,0.846,0.729,0.332,0.701,0.38,1,False
5104203,Guiratinga,MT,Centro-Oeste,122.0,0.959,0.846,0.811,0.425,0.705,0.233,1,False
4105300,Céu Azul,PR,Sul,145.0,0.897,0.846,0.759,0.296,0.732,0.196,1,False
4207601,Ipira,SC,Sul,62.0,0.839,0.846,0.71,0.43,0.736,0.195,1,False
2705507,Murici,AL,Nordeste,239.0,0.979,0.846,0.828,0.62,0.527,0.592,0,False
4103958,Campina do Simão,PR,Sul,83.0,0.94,0.846,0.795,0.298,0.63,0.352,0,False
3150406,Piedade dos Gerais,MG,Sudeste,54.0,0.963,0.846,0.815,0.361,0.626,0.319,0,False
3166303,Sericita,MG,Sudeste,66.0,0.985,0.846,0.833,0.441,0.56,0.337,0,False
2307650,Maracanaú,CE,Nordeste,3161.0,0.984,0.846,0.833,0.193,0.686,0.354,1,False
2111607,São Raimundo das Mangabeiras,MA,Nordeste,273.0,0.93,0.846,0.788,0.47,0.61,0.475,0,False
5211206,Itapuranga,GO,Centro-Oeste,285.0,0.916,0.847,0.775,0.305,0.726,0.232,1,False
5210901,Itapaci,GO,Centro-Oeste,240.0,0.979,0.847,0.829,0.258,0.725,0.326,1,False
5205307,Cavalcante,GO,Centro-Oeste,104.0,0.942,0.847,0.798,0.365,0.584,0.428,0,False
2605103,Custódia,PE,Nordeste,374.0,0.979,0.847,0.829,0.357,0.594,0.472,0,False
4106803,Cruz Machado,PR,Sul,198.0,0.924,0.847,0.783,0.393,0.664,0.351,1,False
3544202,Riolândia,SP,Sudeste,89.0,0.955,0.847,0.809,0.42,0.703,0.369,1,False
3108404,Botelhos,MG,Sudeste,150.0,0.96,0.847,0.813,0.32,0.702,0.215,1,False
2309458,Ocara,CE,Nordeste,323.0,0.994,0.847,0.842,0.152,0.594,0.52,0,False
3112802,Capitólio,MG,Sudeste,118.0,0.89,0.848,0.754,0.247,0.71,0.162,1,False
3130903,Inhapim,MG,Sudeste,160.0,0.944,0.848,0.8,0.412,0.658,0.336,0,False
4209854,Lindóia do Sul,SC,Sul,54.0,0.852,0.848,0.722,0.433,0.743,0.186,1,False
4115408,Marmeleiro,PR,Sul,204.0,0.838,0.848,0.711,0.339,0.722,0.287,1,False
3511201,Catiguá,SP,Sudeste,69.0,0.957,0.848,0.812,0.336,0.751,0.148,1,False
4125209,São Jorge d'Oeste,PR,Sul,116.0,0.853,0.848,0.724,0.319,0.722,0.209,1,False
3171600,Virgem da Lapa,MG,Sudeste,79.0,0.924,0.849,0.785,0.437,0.61,0.469,0,False
2208908,Ribeiro Gonçalves,PI,Nordeste,95.0,0.979,0.849,0.832,0.442,0.601,0.463,0,False
2306256,Itaitinga,CE,Nordeste,786.0,0.981,0.85,0.833,0.206,0.626,0.475,0,False
2106201,Luís Domingues,MA,Nordeste,120.0,0.942,0.85,0.8,0.38,0.588,0.554,0,False
4127965,Turvo,PR,Sul,245.0,0.869,0.85,0.739,0.405,0.672,0.345,1,False
3147956,Patis,MG,Sudeste,61.0,0.984,0.85,0.836,0.393,0.614,0.423,0,False
3106606,Bertópolis,MG,Sudeste,72.0,0.556,0.85,0.472,0.361,0.594,0.438,0,True
3165503,Sardoá,MG,Sudeste,63.0,0.952,0.85,0.81,0.372,0.636,0.356,1,False
3102852,Angelândia,MG,Sudeste,91.0,0.956,0.851,0.813,0.352,0.597,0.442,0,False
4108205,Formosa do Oeste,PR,Sul,73.0,0.918,0.851,0.781,0.254,0.723,0.235,1,False
3122108,Divino das Laranjeiras,MG,Sudeste,50.0,0.94,0.851,0.8,0.304,0.661,0.314,1,False
3141603,Mercês,MG,Sudeste,82.0,0.902,0.851,0.768,0.32,0.664,0.329,1,False
3151008,Piranguinho,MG,Sudeste,105.0,0.962,0.851,0.819,0.279,0.717,0.192,1,False
4106308,Corbélia,PR,Sul,265.0,0.864,0.852,0.736,0.289,0.738,0.192,1,False
4114906,Marilândia do Sul,PR,Sul,120.0,0.9,0.852,0.767,0.309,0.691,0.249,1,False
4107801,Floraí,PR,Sul,62.0,0.871,0.852,0.742,0.231,0.745,0.266,1,False
3144508,Nazareno,MG,Sudeste,90.0,0.978,0.852,0.833,0.335,0.69,0.259,1,False
3135506,Jequeri,MG,Sudeste,137.0,0.891,0.852,0.759,0.428,0.601,0.374,1,False
5216809,Petrolina de Goiás,GO,Centro-Oeste,66.0,0.924,0.852,0.788,0.248,0.712,0.235,1,False
5204854,Campo Limpo de Goiás,GO,Centro-Oeste,129.0,1.0,0.853,0.853,0.323,0.661,0.311,1,False
3163706,São Lourenço,MG,Sudeste,403.0,0.911,0.853,0.777,0.361,0.759,0.164,1,False
3116407,Claraval,MG,Sudeste,75.0,0.907,0.853,0.773,0.31,0.698,0.29,1,False
3204658,São Domingos do Norte,ES,Sudeste,106.0,0.906,0.854,0.774,0.317,0.682,0.257,1,False
3102001,Alterosa,MG,Sudeste,153.0,0.941,0.854,0.804,0.368,0.668,0.26,1,False
4103354,Braganey,PR,Sul,58.0,0.828,0.854,0.707,0.282,0.701,0.343,1,False
2308377,Miraíma,CE,Nordeste,154.0,0.981,0.854,0.838,0.151,0.592,0.512,0,False
3124005,Ervália,MG,Sudeste,178.0,0.848,0.854,0.725,0.467,0.625,0.306,1,False
3204559,Santa Maria de Jetibá,ES,Sudeste,541.0,0.952,0.854,0.813,0.319,0.671,0.278,1,False
4112801,Joaquim Távora,PR,Sul,192.0,0.859,0.855,0.734,0.299,0.7,0.216,1,False
5007976,Taquarussu,MS,Centro-Oeste,55.0,1.0,0.855,0.855,0.41,0.651,0.388,1,False
3123205,Dores do Indaiá,MG,Sudeste,124.0,0.944,0.855,0.806,0.31,0.719,0.247,1,False
4107850,Flor da Serra do Sul,PR,Sul,64.0,0.969,0.855,0.828,0.303,0.682,0.273,1,False
2602704,Buenos Aires,PE,Nordeste,125.0,0.992,0.855,0.848,0.418,0.593,0.523,0,False
3102100,Alto Rio Doce,MG,Sudeste,122.0,0.738,0.856,0.631,0.434,0.62,0.404,1,True
3111200,Campo Belo,MG,Sudeste,407.0,0.953,0.856,0.816,0.385,0.711,0.235,1,False
2608602,Lagoa do Ouro,PE,Nordeste,110.0,0.882,0.856,0.755,0.358,0.525,0.503,0,False
3133204,Itanhomi,MG,Sudeste,121.0,0.917,0.856,0.785,0.388,0.65,0.307,1,False
3507407,Borborema,SP,Sudeste,123.0,0.959,0.856,0.821,0.346,0.73,0.219,1,False
4104402,Cândido de Abreu,PR,Sul,174.0,0.879,0.856,0.753,0.37,0.629,0.386,0,False
3145604,Oliveira,MG,Sudeste,371.0,0.938,0.856,0.803,0.388,0.699,0.224,1,False
3201001,Boa Esperança,ES,Sudeste,201.0,0.97,0.856,0.831,0.306,0.679,0.279,1,False
3146008,Ouro Fino,MG,Sudeste,255.0,0.902,0.857,0.773,0.374,0.722,0.217,1,False
2312403,São Gonçalo do Amarante,CE,Nordeste,1010.0,0.989,0.857,0.848,0.156,0.665,0.463,0,False
3111705,Canaã,MG,Sudeste,57.0,0.982,0.857,0.842,0.302,0.649,0.256,0,False
4121307,Rancho Alegre,PR,Sul,54.0,0.907,0.857,0.778,0.302,0.707,0.339,1,False
5221551,Turvelândia,GO,Centro-Oeste,71.0,0.986,0.857,0.845,0.243,0.691,0.376,1,False
4126272,Saudade do Iguaçu,PR,Sul,109.0,0.899,0.857,0.771,0.337,0.699,0.278,1,False
3126109,Formiga,MG,Sudeste,535.0,0.877,0.857,0.751,0.374,0.755,0.207,1,False
3133907,Itaverava,MG,Sudeste,54.0,0.907,0.857,0.778,0.336,0.627,0.387,0,False
3119104,Corinto,MG,Sudeste,244.0,0.947,0.857,0.811,0.434,0.68,0.351,1,False
3101201,Aiuruoca,MG,Sudeste,59.0,0.949,0.857,0.814,0.318,0.668,0.272,1,False
3130606,Inconfidentes,MG,Sudeste,55.0,0.891,0.857,0.764,0.339,0.692,0.225,1,False
3168002,Taiobeiras,MG,Sudeste,396.0,0.96,0.858,0.823,0.424,0.67,0.329,1,False
3556107,Valentim Gentil,SP,Sudeste,146.0,0.918,0.858,0.788,0.388,0.735,0.151,1,False
3154150,Reduto,MG,Sudeste,99.0,0.929,0.859,0.798,0.432,0.629,0.333,0,False
5205000,Carmo do Rio Verde,GO,Centro-Oeste,94.0,0.979,0.859,0.84,0.275,0.713,0.256,1,False
3126000,Florestal,MG,Sudeste,83.0,0.94,0.859,0.807,0.339,0.724,0.226,1,False
2602407,Brejão,PE,Nordeste,85.0,0.918,0.859,0.788,0.384,0.547,0.505,0,False
3133501,Itapecerica,MG,Sudeste,160.0,0.888,0.859,0.762,0.308,0.713,0.226,1,False
3515608,Fernando Prestes,SP,Sudeste,66.0,0.97,0.859,0.833,0.312,0.758,0.187,1,False
5220157,São Luíz do Norte,GO,Centro-Oeste,66.0,0.97,0.859,0.833,0.254,0.669,0.298,1,False
2205102,Itaueira,PI,Nordeste,65.0,0.985,0.859,0.846,0.442,0.583,0.389,0,False
3151305,Piraúba,MG,Sudeste,129.0,0.938,0.86,0.806,0.361,0.684,0.221,1,False
5217708,Pontalina,GO,Centro-Oeste,169.0,0.97,0.86,0.834,0.265,0.687,0.345,1,False
3163409,São José do Goiabal,MG,Sudeste,50.0,1.0,0.86,0.86,0.305,0.666,0.345,1,False
3163201,São José do Alegre,MG,Sudeste,54.0,0.926,0.86,0.796,0.378,0.717,0.247,1,False
2313401,Tianguá,CE,Nordeste,1121.0,0.975,0.86,0.839,0.158,0.657,0.378,0,False
2110039,Santa Luzia do Paruá,MA,Nordeste,250.0,0.972,0.86,0.836,0.463,0.599,0.514,0,False
4121802,Ribeirão Claro,PR,Sul,158.0,0.905,0.86,0.778,0.292,0.716,0.197,1,False
3128907,Guimarânia,MG,Sudeste,101.0,0.921,0.86,0.792,0.348,0.693,0.249,1,False
3120201,Cristais,MG,Sudeste,125.0,0.976,0.861,0.84,0.326,0.692,0.233,1,False
4125803,São Pedro do Ivaí,PR,Sul,86.0,0.837,0.861,0.721,0.284,0.717,0.218,1,False
3127800,Grão Mogol,MG,Sudeste,139.0,0.935,0.862,0.806,0.48,0.604,0.405,0,False
5203559,Bonfinópolis,GO,Centro-Oeste,130.0,0.946,0.862,0.815,0.317,0.683,0.368,1,False
3521705,Itaberá,SP,Sudeste,161.0,0.944,0.862,0.814,0.373,0.693,0.346,1,False
4204400,Coronel Freitas,SC,Sul,121.0,0.843,0.863,0.727,0.435,0.744,0.197,1,False
3166006,Senhora de Oliveira,MG,Sudeste,52.0,0.981,0.863,0.846,0.431,0.631,0.387,1,False
3204005,Pancas,ES,Sudeste,156.0,0.936,0.863,0.808,0.312,0.667,0.295,0,False
3109501,Cabo Verde,MG,Sudeste,112.0,0.848,0.863,0.732,0.406,0.674,0.222,1,False
4107405,Enéas Marques,PR,Sul,77.0,0.857,0.864,0.74,0.25,0.752,0.217,1,False
2608701,Lagoa dos Gatos,PE,Nordeste,104.0,0.99,0.864,0.856,0.341,0.551,0.477,0,False
2103257,Cidelândia,MA,Nordeste,177.0,0.96,0.865,0.831,0.399,0.6,0.504,0,False
3200201,Alegre,ES,Sudeste,272.0,0.952,0.865,0.824,0.297,0.721,0.266,1,False
2512309,Princesa Isabel,PB,Nordeste,197.0,0.98,0.865,0.848,0.527,0.606,0.371,0,False
2601300,Barra de Guabiraba,PE,Nordeste,104.0,1.0,0.865,0.865,0.391,0.577,0.492,0,False
2202729,Cocal dos Alves,PI,Nordeste,82.0,1.0,0.866,0.866,0.431,0.498,0.539,0,False
2104909,Guimarães,MA,Nordeste,134.0,0.948,0.866,0.821,0.361,0.625,0.555,0,False
2305803,Ipu,CE,Nordeste,443.0,0.995,0.866,0.862,0.163,0.618,0.43,0,False
2210706,Simões,PI,Nordeste,207.0,0.942,0.867,0.816,0.447,0.575,0.416,0,False
3114303,Carmo do Paranaíba,MG,Sudeste,306.0,0.931,0.867,0.807,0.382,0.705,0.235,1,False
2513208,Santa Cruz,PB,Nordeste,63.0,0.952,0.867,0.825,0.442,0.618,0.353,0,False
3104452,Aricanduva,MG,Sudeste,66.0,0.909,0.867,0.788,0.382,0.582,0.481,0,False
3149101,Pedralva,MG,Sudeste,101.0,0.891,0.867,0.772,0.408,0.675,0.271,1,False
2302107,Baturité,CE,Nordeste,327.0,0.991,0.867,0.859,0.173,0.619,0.421,0,False
2603405,Calumbi,PE,Nordeste,85.0,0.976,0.867,0.847,0.325,0.571,0.48,0,False
3145109,Nova Resende,MG,Sudeste,198.0,0.879,0.868,0.763,0.371,0.671,0.238,1,False
3133808,Itaúna,MG,Sudeste,756.0,0.881,0.868,0.765,0.395,0.758,0.185,1,False
3203346,Marechal Floriano,ES,Sudeste,211.0,0.934,0.868,0.81,0.293,0.71,0.221,1,False
3138807,Luz,MG,Sudeste,153.0,0.941,0.868,0.817,0.33,0.724,0.227,1,False
3503703,Ariranha,SP,Sudeste,67.0,0.91,0.869,0.791,0.361,0.733,0.221,1,False
3509809,Campos Novos Paulista,SP,Sudeste,65.0,0.938,0.869,0.815,0.434,0.706,0.335,1,False
5208905,Goiás,GO,Centro-Oeste,171.0,0.895,0.869,0.778,0.34,0.709,0.299,1,False
3155603,Rio Pardo de Minas,MG,Sudeste,278.0,0.964,0.869,0.838,0.404,0.624,0.391,0,False
5209937,Inaciolândia,GO,Centro-Oeste,71.0,0.972,0.87,0.845,0.22,0.692,0.314,1,False
3535705,Paraíso,SP,Sudeste,52.0,0.885,0.87,0.769,0.433,0.749,0.24,1,False
4113734,Luiziana,PR,Sul,98.0,0.939,0.87,0.816,0.321,0.668,0.359,1,False
2611533,Quixaba,PE,Nordeste,129.0,0.953,0.87,0.829,0.304,0.577,0.454,0,False
3200904,Barra de São Francisco,ES,Sudeste,504.0,0.931,0.87,0.81,0.346,0.683,0.291,1,False
5205471,Chapadão do Céu,GO,Centro-Oeste,215.0,0.967,0.87,0.842,0.257,0.742,0.173,1,False
5200175,Água Fria de Goiás,GO,Centro-Oeste,90.0,0.944,0.871,0.822,0.274,0.671,0.38,1,False
3122207,Divinolândia de Minas,MG,Sudeste,93.0,1.0,0.871,0.871,0.41,0.623,0.396,1,False
3102050,Alto Caparaó,MG,Sudeste,99.0,0.939,0.871,0.818,0.317,0.661,0.233,1,False
2612471,Santa Cruz da Baixa Verde,PE,Nordeste,126.0,0.984,0.871,0.857,0.306,0.612,0.391,0,False
3108107,Bonfim,MG,Sudeste,69.0,0.899,0.871,0.783,0.316,0.637,0.279,1,False
3146503,Pains,MG,Sudeste,71.0,0.986,0.871,0.859,0.346,0.728,0.229,1,False
4100301,Agudos do Sul,PR,Sul,157.0,0.892,0.871,0.777,0.415,0.66,0.304,1,False
3107604,Bom Jesus da Penha,MG,Sudeste,55.0,0.855,0.872,0.745,0.234,0.735,0.185,1,False
3200300,Alfredo Chaves,ES,Sudeste,110.0,0.927,0.873,0.809,0.295,0.71,0.209,1,False
2203453,Dom Inocêncio,PI,Nordeste,55.0,1.0,0.873,0.873,0.504,0.549,0.492,0,False
5205208,Caturaí,GO,Centro-Oeste,66.0,0.833,0.873,0.727,0.396,0.664,0.413,1,False
4111100,Itambé,PR,Sul,73.0,0.863,0.873,0.753,0.225,0.746,0.216,1,False
4124806,São João,PR,Sul,147.0,0.912,0.873,0.796,0.263,0.727,0.216,1,False
3547007,Santa Maria da Serra,SP,Sudeste,75.0,0.947,0.873,0.827,0.389,0.686,0.248,1,False
3162708,São João do Paraíso,MG,Sudeste,233.0,0.914,0.873,0.798,0.451,0.615,0.434,0,False
3202702,Itaguaçu,ES,Sudeste,154.0,0.922,0.873,0.805,0.263,0.702,0.255,1,False
4120002,Porecatu,PR,Sul,91.0,0.956,0.874,0.835,0.299,0.738,0.213,1,False
2302909,Capistrano,CE,Nordeste,181.0,0.961,0.874,0.84,0.142,0.611,0.551,0,False
1501725,Brasil Novo,PA,Norte,230.0,0.9,0.874,0.787,0.557,0.613,0.482,0,False
3138674,Luisburgo,MG,Sudeste,84.0,0.952,0.875,0.833,0.302,0.608,0.315,0,False
2103125,Central do Maranhão,MA,Nordeste,96.0,0.917,0.875,0.802,0.367,0.585,0.727,0,False
5210000,Inhumas,GO,Centro-Oeste,537.0,0.942,0.875,0.825,0.377,0.72,0.241,1,False
3109006,Brumadinho,MG,Sudeste,452.0,0.872,0.876,0.763,0.346,0.747,0.231,1,False
4113908,Mallet,PR,Sul,172.0,0.983,0.876,0.86,0.325,0.708,0.24,1,False
3167400,Silvianópolis,MG,Sudeste,71.0,0.915,0.877,0.803,0.318,0.699,0.191,1,False
3161502,São Geraldo,MG,Sudeste,110.0,0.964,0.877,0.845,0.36,0.651,0.226,1,False
3555604,Uchoa,SP,Sudeste,112.0,0.875,0.878,0.768,0.415,0.721,0.301,1,False
5214861,Nova Glória,GO,Centro-Oeste,50.0,0.98,0.878,0.86,0.298,0.681,0.346,1,False
5212808,Mara Rosa,GO,Centro-Oeste,139.0,0.942,0.878,0.827,0.298,0.691,0.316,1,False
5222005,Vianópolis,GO,Centro-Oeste,164.0,0.951,0.878,0.835,0.279,0.712,0.271,1,False
2209971,São João do Arraial,PI,Nordeste,117.0,0.983,0.878,0.863,0.429,0.523,0.524,0,False
2309607,Pacajus,CE,Nordeste,691.0,0.965,0.879,0.848,0.155,0.659,0.423,0,False
5218904,Rubiataba,GO,Centro-Oeste,223.0,0.924,0.879,0.812,0.284,0.719,0.233,1,False
3137403,Lagoa Dourada,MG,Sudeste,144.0,0.917,0.879,0.806,0.378,0.676,0.29,1,False
4116802,Nova Cantu,PR,Sul,113.0,0.876,0.879,0.77,0.31,0.658,0.311,1,False
3205069,Venda Nova do Imigrante,ES,Sudeste,302.0,0.93,0.879,0.818,0.258,0.728,0.166,1,False
2210300,São Julião,PI,Nordeste,58.0,1.0,0.879,0.879,0.418,0.594,0.407,0,False
3158300,Santana da Vargem,MG,Sudeste,63.0,0.921,0.879,0.81,0.264,0.698,0.213,1,False
3530201,Mirante do Paranapanema,SP,Sudeste,128.0,0.906,0.879,0.797,0.393,0.724,0.356,1,False
4106555,Corumbataí do Sul,PR,Sul,60.0,0.967,0.879,0.85,0.316,0.638,0.397,1,False
2301901,Barbalha,CE,Nordeste,709.0,0.994,0.879,0.874,0.167,0.683,0.345,0,False
2104305,Godofredo Viana,MA,Nordeste,165.0,0.958,0.88,0.842,0.431,0.604,0.639,0,False
3129400,Ibertioga,MG,Sudeste,55.0,0.909,0.88,0.8,0.417,0.657,0.319,1,False
2103158,Centro do Guilherme,MA,Nordeste,122.0,0.959,0.88,0.844,0.45,0.542,0.63,0,False
4116950,Nova Esperança do Sudoeste,PR,Sul,95.0,0.884,0.881,0.779,0.276,0.714,0.25,1,False
4101309,Antônio Olinto,PR,Sul,102.0,0.912,0.882,0.804,0.339,0.656,0.35,1,False
4110706,Irati,PR,Sul,754.0,0.898,0.882,0.792,0.37,0.726,0.235,1,False
3125903,Ferros,MG,Sudeste,54.0,0.944,0.882,0.833,0.354,0.603,0.543,0,False
4127007,Teixeira Soares,PR,Sul,143.0,0.951,0.882,0.839,0.338,0.671,0.277,1,False
2701001,Boca da Mata,AL,Nordeste,241.0,0.988,0.882,0.871,0.524,0.604,0.497,0,False
4126009,São Sebastião da Amoreira,PR,Sul,79.0,0.861,0.882,0.759,0.257,0.715,0.25,1,False
5218805,Rio Verde,GO,Centro-Oeste,2620.0,0.972,0.883,0.858,0.375,0.754,0.224,1,False
2310308,Parambu,CE,Nordeste,259.0,0.988,0.883,0.873,0.14,0.57,0.512,0,False
3104304,Areado,MG,Sudeste,167.0,0.922,0.883,0.814,0.392,0.727,0.226,1,False
3200409,Anchieta,ES,Sudeste,418.0,0.921,0.883,0.813,0.302,0.73,0.208,1,False
2311355,Quixelô,CE,Nordeste,156.0,0.987,0.883,0.872,0.118,0.591,0.39,0,False
3151909,Pocrane,MG,Sudeste,90.0,0.956,0.884,0.844,0.3,0.626,0.342,1,False
2307007,Jaguaruana,CE,Nordeste,365.0,0.948,0.884,0.838,0.157,0.624,0.427,0,False
2300606,Altaneira,CE,Nordeste,114.0,0.991,0.885,0.877,0.107,0.602,0.401,0,False
4119004,Pérola d'Oeste,PR,Sul,63.0,0.968,0.885,0.857,0.31,0.726,0.221,1,False
3135407,Jeceaba,MG,Sudeste,73.0,0.959,0.886,0.849,0.369,0.661,0.354,1,False
2310852,Pindoretama,CE,Nordeste,285.0,0.954,0.886,0.846,0.16,0.636,0.446,0,False
5219704,Santa Terezinha de Goiás,GO,Centro-Oeste,85.0,0.929,0.886,0.824,0.315,0.701,0.305,1,False
3104601,Astolfo Dutra,MG,Sudeste,130.0,0.946,0.886,0.838,0.352,0.694,0.182,1,False
4102208,Atalaia,PR,Sul,51.0,0.863,0.886,0.765,0.234,0.736,0.255,1,False
5205513,Cocalzinho de Goiás,GO,Centro-Oeste,287.0,0.983,0.887,0.871,0.38,0.657,0.434,1,False
2313708,Umari,CE,Nordeste,55.0,0.964,0.887,0.855,0.125,0.591,0.467,0,False
4122305,Rio Negro,PR,Sul,404.0,0.918,0.887,0.814,0.362,0.76,0.294,1,False
3104205,Arcos,MG,Sudeste,395.0,0.922,0.887,0.818,0.356,0.749,0.185,1,False
2306405,Itapipoca,CE,Nordeste,1538.0,0.95,0.888,0.843,0.166,0.64,0.449,0,False
2305704,Ipaumirim,CE,Nordeste,126.0,1.0,0.889,0.889,0.131,0.606,0.39,0,False
2309102,Mulungu,CE,Nordeste,108.0,1.0,0.889,0.889,0.131,0.607,0.412,0,False
3167806,Soledade de Minas,MG,Sudeste,69.0,0.913,0.889,0.812,0.331,0.697,0.29,1,False
3123908,Entre Rios de Minas,MG,Sudeste,142.0,0.951,0.889,0.845,0.364,0.672,0.281,1,False
4205100,Dona Emma,SC,Sul,64.0,0.844,0.889,0.75,0.42,0.742,0.171,1,False
3169109,Toledo,MG,Sudeste,120.0,0.908,0.89,0.808,0.318,0.661,0.258,1,False
3201159,Brejetuba,ES,Sudeste,240.0,0.908,0.89,0.808,0.285,0.656,0.302,1,False
2605004,Cupira,PE,Nordeste,300.0,0.973,0.89,0.867,0.395,0.592,0.438,0,False
2202752,Colônia do Gurguéia,PI,Nordeste,66.0,0.97,0.891,0.864,0.42,0.628,0.487,0,False
3157658,Santa Helena de Minas,MG,Sudeste,83.0,0.771,0.891,0.687,0.352,0.567,0.515,0,True
3106507,Berilo,MG,Sudeste,57.0,0.965,0.891,0.86,0.315,0.628,0.416,0,False
3100807,Aguanil,MG,Sudeste,53.0,0.868,0.891,0.774,0.309,0.663,0.231,1,False
2607703,Itapetim,PE,Nordeste,121.0,0.992,0.892,0.884,0.385,0.592,0.474,0,False
3139003,Machado,MG,Sudeste,332.0,0.949,0.892,0.846,0.374,0.715,0.216,1,False
3143450,Montezuma,MG,Sudeste,70.0,0.929,0.892,0.829,0.384,0.587,0.355,0,False
2306900,Jaguaribe,CE,Nordeste,338.0,0.991,0.893,0.885,0.166,0.621,0.425,0,False
3534757,Ouroeste,SP,Sudeste,129.0,0.938,0.893,0.837,0.348,0.77,0.19,1,False
2206902,Novo Oriente do Piauí,PI,Nordeste,58.0,0.966,0.893,0.862,0.444,0.562,0.433,0,False
3204955,São Roque do Canaã,ES,Sudeste,117.0,0.88,0.893,0.786,0.266,0.7,0.187,1,False
4122008,Rio Azul,PR,Sul,194.0,0.969,0.894,0.866,0.373,0.687,0.259,1,False
2500403,Alagoa Nova,PB,Nordeste,238.0,0.987,0.894,0.882,0.502,0.576,0.475,0,False
4127205,Terra Boa,PR,Sul,255.0,0.851,0.894,0.761,0.276,0.728,0.238,1,False
3133758,Itaú de Minas,MG,Sudeste,127.0,0.976,0.895,0.874,0.292,0.776,0.172,1,False
3146909,Papagaios,MG,Sudeste,151.0,0.887,0.896,0.795,0.37,0.666,0.266,1,False
2306306,Itapagé,CE,Nordeste,505.0,0.972,0.896,0.871,0.164,0.623,0.438,0,False
4207650,Iporã do Oeste,SC,Sul,94.0,0.926,0.897,0.83,0.412,0.759,0.2,1,False
2105203,Igarapé Grande,MA,Nordeste,103.0,0.942,0.897,0.845,0.389,0.614,0.441,0,False
2307601,Limoeiro do Norte,CE,Nordeste,568.0,0.923,0.897,0.827,0.143,0.682,0.302,1,False
4120853,Quatro Pontes,PR,Sul,80.0,0.85,0.897,0.762,0.232,0.791,0.128,1,False
2607109,Ingazeira,PE,Nordeste,51.0,0.961,0.898,0.863,0.285,0.608,0.438,0,False
3130556,Imbé de Minas,MG,Sudeste,52.0,0.942,0.898,0.846,0.419,0.553,0.325,0,False
3170651,Vargem Grande do Rio Pardo,MG,Sudeste,50.0,0.98,0.898,0.88,0.337,0.634,0.413,0,False
3114600,Carrancas,MG,Sudeste,53.0,0.925,0.898,0.83,0.284,0.725,0.268,1,False
2501534,Baraúna,PB,Nordeste,69.0,0.855,0.898,0.768,0.465,0.558,0.528,0,False
3120409,Cristiano Otoni,MG,Sudeste,62.0,0.952,0.898,0.855,0.356,0.695,0.279,1,False
3203163,Laranja da Terra,ES,Sudeste,69.0,1.0,0.899,0.899,0.283,0.656,0.284,1,False
5220009,São João d'Aliança,GO,Centro-Oeste,183.0,0.973,0.899,0.874,0.312,0.685,0.37,0,False
2205953,Marcolândia,PI,Nordeste,145.0,0.959,0.899,0.862,0.4,0.562,0.504,0,False
3105004,Baldim,MG,Sudeste,56.0,0.893,0.9,0.804,0.378,0.671,0.378,1,False
3545506,Sandovalina,SP,Sudeste,53.0,0.943,0.9,0.849,0.302,0.709,0.295,1,False
5210604,Itaguaru,GO,Centro-Oeste,51.0,0.98,0.9,0.882,0.225,0.718,0.247,1,False
5202502,Aruanã,GO,Centro-Oeste,106.0,0.764,0.901,0.689,0.312,0.675,0.269,1,True
3165206,São Thomé das Letras,MG,Sudeste,79.0,0.899,0.901,0.81,0.364,0.667,0.286,1,False
4117453,Ouro Verde do Oeste,PR,Sul,84.0,0.845,0.901,0.762,0.288,0.709,0.205,1,False
4125357,São Jorge do Patrocínio,PR,Sul,79.0,0.899,0.901,0.81,0.269,0.676,0.251,1,False
5106455,Planalto da Serra,MT,Centro-Oeste,64.0,0.953,0.902,0.859,0.388,0.656,0.35,1,False
2314102,Viçosa do Ceará,CE,Nordeste,776.0,0.986,0.902,0.889,0.154,0.571,0.497,0,False
3121001,Datas,MG,Sudeste,74.0,0.973,0.903,0.878,0.361,0.616,0.35,1,False
2307403,Jucás,CE,Nordeste,280.0,0.993,0.903,0.896,0.166,0.598,0.457,0,False
3145455,Olhos-d'Água,MG,Sudeste,64.0,0.969,0.903,0.875,0.367,0.626,0.34,0,False
3103900,Araújos,MG,Sudeste,100.0,0.93,0.903,0.84,0.344,0.698,0.254,1,False
4112751,Jesuítas,PR,Sul,70.0,0.886,0.903,0.8,0.33,0.705,0.287,1,False
3112000,Candeias,MG,Sudeste,96.0,0.969,0.903,0.875,0.35,0.678,0.258,1,False
3533700,Ocauçu,SP,Sudeste,60.0,0.867,0.904,0.783,0.35,0.717,0.249,1,False
3120607,Crucilândia,MG,Sudeste,54.0,0.963,0.904,0.87,0.336,0.651,0.253,1,False
2302404,Boa Viagem,CE,Nordeste,406.0,0.975,0.904,0.882,0.155,0.598,0.496,0,False
4120705,Quatiguá,PR,Sul,101.0,0.931,0.904,0.842,0.282,0.714,0.197,1,False
4108650,Goioxim,PR,Sul,68.0,0.926,0.905,0.838,0.369,0.641,0.437,0,False
1600709,Tartarugalzinho,AP,Norte,311.0,0.913,0.905,0.826,0.606,0.592,0.605,0,False
2108108,Paulo Ramos,MA,Nordeste,212.0,0.995,0.905,0.901,0.486,0.549,0.581,0,False
1302108,Japurá,AM,Norte,115.0,0.826,0.905,0.748,0.53,0.522,0.636,0,False
2501104,Areia,PB,Nordeste,224.0,0.946,0.906,0.857,0.533,0.594,0.454,0,False
3142304,Moeda,MG,Sudeste,58.0,0.914,0.906,0.828,0.338,0.638,0.295,1,False
5203609,Brazabrantes,GO,Centro-Oeste,58.0,0.914,0.906,0.828,0.281,0.701,0.304,1,False
2510402,Olho d'Água,PB,Nordeste,72.0,0.889,0.906,0.806,0.408,0.572,0.429,0,False
3107703,Bom Jesus do Amparo,MG,Sudeste,70.0,0.914,0.906,0.829,0.302,0.683,0.264,1,False
3161205,São Francisco de Paula,MG,Sudeste,72.0,0.889,0.906,0.806,0.345,0.66,0.22,1,False
3164407,São Sebastião da Bela Vista,MG,Sudeste,80.0,0.938,0.907,0.85,0.261,0.692,0.206,1,False
2112233,Trizidela do Vale,MA,Nordeste,246.0,0.959,0.907,0.87,0.483,0.606,0.437,0,False
4126405,Sertaneja,PR,Sul,74.0,0.878,0.908,0.797,0.257,0.725,0.267,1,False
2106003,Lima Campos,MA,Nordeste,135.0,0.97,0.908,0.881,0.396,0.581,0.513,0,False
3132206,Itaguara,MG,Sudeste,148.0,0.959,0.908,0.872,0.395,0.691,0.244,1,False
2301208,Aracoiaba,CE,Nordeste,332.0,0.955,0.909,0.867,0.141,0.615,0.51,0,False
4118451,Pato Bragado,PR,Sul,88.0,0.875,0.909,0.795,0.288,0.747,0.155,1,False
3528809,Maracaí,SP,Sudeste,118.0,0.932,0.909,0.847,0.4,0.771,0.233,1,False
2611903,Rio Formoso,PE,Nordeste,210.0,0.995,0.909,0.905,0.428,0.613,0.469,0,False
3116803,Coluna,MG,Sudeste,82.0,0.939,0.909,0.854,0.394,0.583,0.433,0,False
2314003,Várzea Alegre,CE,Nordeste,424.0,0.991,0.91,0.901,0.139,0.629,0.392,0,False
5220603,Silvânia,GO,Centro-Oeste,208.0,0.962,0.91,0.875,0.321,0.709,0.338,1,False
3127602,Gouveia,MG,Sudeste,139.0,0.964,0.91,0.878,0.356,0.681,0.301,1,False
2311207,Potengi,CE,Nordeste,67.0,1.0,0.91,0.91,0.169,0.562,0.537,0,False
2516508,Taperoá,PB,Nordeste,134.0,0.918,0.911,0.836,0.537,0.578,0.468,0,False
2309508,Orós,CE,Nordeste,230.0,0.974,0.911,0.887,0.143,0.636,0.384,0,False
2102754,Capinzal do Norte,MA,Nordeste,107.0,0.944,0.911,0.86,0.422,0.537,0.584,0,False
3148301,Paula Cândido,MG,Sudeste,83.0,0.952,0.911,0.867,0.399,0.637,0.31,1,False
2301950,Barreira,CE,Nordeste,306.0,0.997,0.911,0.908,0.14,0.616,0.507,0,False
2301109,Aracati,CE,Nordeste,858.0,0.988,0.912,0.901,0.168,0.655,0.427,0,False
2309805,Pacoti,CE,Nordeste,136.0,1.0,0.912,0.912,0.111,0.635,0.4,0,False
5220207,São Miguel do Araguaia,GO,Centro-Oeste,289.0,0.952,0.913,0.869,0.325,0.664,0.319,1,False
2310704,Pentecoste,CE,Nordeste,361.0,0.989,0.913,0.903,0.161,0.629,0.448,0,False
3161908,São Gonçalo do Rio Abaixo,MG,Sudeste,169.0,0.97,0.915,0.888,0.355,0.667,0.283,1,False
3546504,Santa Ernestina,SP,Sudeste,54.0,0.87,0.915,0.796,0.341,0.738,0.252,1,False
2609709,Orobó,PE,Nordeste,96.0,0.979,0.915,0.896,0.342,0.61,0.47,0,False
2303907,Chaval,CE,Nordeste,153.0,1.0,0.915,0.915,0.135,0.586,0.505,0,False
2304806,Granjeiro,CE,Nordeste,60.0,0.983,0.915,0.9,0.132,0.585,0.452,0,False
5204300,Caçu,GO,Centro-Oeste,124.0,0.952,0.915,0.871,0.269,0.73,0.215,1,False
4117206,Nova Olímpia,PR,Sul,75.0,0.947,0.915,0.867,0.23,0.71,0.324,1,False
2300101,Abaiara,CE,Nordeste,96.0,0.99,0.916,0.906,0.134,0.628,0.48,0,False
3553955,Tarumã,SP,Sudeste,206.0,0.932,0.917,0.854,0.348,0.753,0.213,1,False
3115805,Centralina,MG,Sudeste,104.0,0.923,0.917,0.846,0.333,0.678,0.295,1,False
2104628,Governador Luiz Rocha,MA,Nordeste,96.0,1.0,0.917,0.917,0.4,0.544,0.602,0,False
2100873,Araguanã,MA,Nordeste,152.0,0.954,0.917,0.875,0.478,0.533,0.581,0,False
2313252,Tarrafas,CE,Nordeste,102.0,0.951,0.918,0.873,0.112,0.576,0.435,0,False
2313500,Trairi,CE,Nordeste,826.0,0.984,0.918,0.903,0.178,0.606,0.535,0,False
3165701,Senador Firmino,MG,Sudeste,86.0,0.988,0.918,0.907,0.394,0.644,0.264,1,False
5219712,Santo Antônio da Barra,GO,Centro-Oeste,78.0,0.936,0.918,0.859,0.283,0.691,0.283,1,False
2200202,Água Branca,PI,Nordeste,187.0,1.0,0.92,0.92,0.394,0.639,0.358,1,False
2313302,Tauá,CE,Nordeste,533.0,0.989,0.92,0.91,0.178,0.633,0.44,0,False
5219001,Sanclerlândia,GO,Centro-Oeste,91.0,0.967,0.92,0.89,0.265,0.736,0.248,1,False
3200102,Afonso Cláudio,ES,Sudeste,293.0,0.945,0.921,0.87,0.328,0.667,0.317,1,False
2311108,Porteiras,CE,Nordeste,253.0,0.996,0.921,0.917,0.124,0.622,0.428,0,False
3119708,Coronel Xavier Chaves,MG,Sudeste,53.0,0.962,0.922,0.887,0.272,0.677,0.219,1,False
2612109,Salgadinho,PE,Nordeste,51.0,1.0,0.922,0.922,0.321,0.534,0.582,0,False
2702306,Coruripe,AL,Nordeste,817.0,0.963,0.922,0.889,0.62,0.626,0.439,0,False
4216255,São João do Oeste,SC,Sul,70.0,0.929,0.923,0.857,0.399,0.761,0.174,1,False
2105948,Lago dos Rodrigues,MA,Nordeste,81.0,0.963,0.923,0.889,0.404,0.602,0.468,0,False
3535408,Panorama,SP,Sudeste,175.0,0.977,0.924,0.903,0.426,0.722,0.27,1,False
3159209,Santa Rita de Caldas,MG,Sudeste,68.0,0.971,0.924,0.897,0.361,0.69,0.251,1,False
2208858,Riacho Frio,PI,Nordeste,66.0,1.0,0.924,0.924,0.513,0.541,0.519,0,False
2311603,Redenção,CE,Nordeste,318.0,1.0,0.925,0.925,0.164,0.626,0.434,0,False
2603900,Carnaíba,PE,Nordeste,255.0,0.988,0.925,0.914,0.343,0.583,0.476,0,False
2311306,Quixadá,CE,Nordeste,834.0,0.972,0.925,0.899,0.165,0.659,0.401,0,False
3117603,Conceição do Pará,MG,Sudeste,52.0,0.769,0.925,0.712,0.275,0.7,0.205,1,True
2306504,Itapiúna,CE,Nordeste,176.0,0.989,0.925,0.915,0.148,0.604,0.475,0,False
5219258,Santa Fé de Goiás,GO,Centro-Oeste,74.0,0.905,0.925,0.838,0.277,0.713,0.201,1,False
2306553,Itarema,CE,Nordeste,482.0,0.946,0.925,0.876,0.148,0.606,0.519,0,False
3165008,São Tiago,MG,Sudeste,98.0,0.959,0.926,0.888,0.343,0.662,0.272,1,False
4103008,Boa Esperança,PR,Sul,58.0,0.931,0.926,0.862,0.235,0.72,0.216,1,False
2210052,São José do Divino,PI,Nordeste,68.0,1.0,0.926,0.926,0.368,0.565,0.485,0,False
5203807,Britânia,GO,Centro-Oeste,89.0,0.933,0.928,0.865,0.281,0.672,0.292,1,False
3136603,Nova União,MG,Sudeste,74.0,0.946,0.929,0.878,0.38,0.662,0.331,1,False
2308807,Moraújo,CE,Nordeste,84.0,1.0,0.929,0.929,0.127,0.581,0.394,0,False
2512507,Queimadas,PB,Nordeste,595.0,0.943,0.929,0.876,0.523,0.608,0.391,0,False
2304459,Fortim,CE,Nordeste,250.0,0.9,0.929,0.836,0.138,0.624,0.47,0,False
5103437,Curvelândia,MT,Centro-Oeste,72.0,0.986,0.93,0.917,0.376,0.69,0.295,1,False
5215256,Novo Planalto,GO,Centro-Oeste,57.0,1.0,0.93,0.93,0.33,0.658,0.423,1,False
3152709,Prados,MG,Sudeste,61.0,0.951,0.931,0.885,0.385,0.689,0.277,1,False
4124905,São João do Caiuá,PR,Sul,62.0,0.935,0.931,0.871,0.297,0.664,0.366,1,False
2100105,Afonso Cunha,MA,Nordeste,58.0,1.0,0.931,0.931,0.344,0.529,0.6,0,False
4122800,Salgado Filho,PR,Sul,61.0,0.951,0.931,0.885,0.256,0.7,0.248,1,False
2311504,Quixeré,CE,Nordeste,179.0,0.978,0.931,0.911,0.131,0.622,0.389,0,False
4115853,Mercedes,PR,Sul,106.0,0.972,0.932,0.906,0.235,0.74,0.157,1,False
3103702,Araponga,MG,Sudeste,64.0,0.922,0.932,0.859,0.391,0.536,0.363,0,False
5108956,Nova Monte Verde,MT,Centro-Oeste,152.0,0.882,0.933,0.822,0.342,0.691,0.257,1,False
3170750,Varjão de Minas,MG,Sudeste,110.0,0.955,0.933,0.891,0.334,0.711,0.27,1,False
2504405,Conceição,PB,Nordeste,179.0,0.849,0.934,0.793,0.482,0.592,0.42,0,False
3555109,Tupi Paulista,SP,Sudeste,129.0,0.946,0.934,0.884,0.369,0.769,0.161,1,False
3514007,Dobrada,SP,Sudeste,97.0,0.948,0.935,0.887,0.345,0.718,0.22,1,False
2308500,Mombaça,CE,Nordeste,416.0,0.998,0.935,0.933,0.161,0.582,0.503,0,False
2310803,Pereiro,CE,Nordeste,248.0,0.992,0.935,0.927,0.112,0.601,0.456,0,False
3160959,São Domingos das Dores,MG,Sudeste,94.0,1.0,0.936,0.936,0.321,0.638,0.272,1,False
2306702,Jaguaretama,CE,Nordeste,177.0,0.983,0.937,0.921,0.129,0.612,0.425,0,False
5204003,Cabeceiras,GO,Centro-Oeste,97.0,0.979,0.937,0.918,0.349,0.668,0.316,1,False
5107248,Santa Carmem,MT,Centro-Oeste,100.0,0.95,0.937,0.89,0.385,0.715,0.214,1,False
5106281,Novo São Joaquim,MT,Centro-Oeste,106.0,0.915,0.938,0.858,0.445,0.649,0.363,1,False
2310258,Paraipaba,CE,Nordeste,461.0,0.983,0.938,0.922,0.16,0.634,0.434,0,False
2306801,Jaguaribara,CE,Nordeste,98.0,1.0,0.939,0.939,0.127,0.618,0.397,0,False
2304285,Eusébio,CE,Nordeste,973.0,0.975,0.939,0.916,0.145,0.701,0.3,1,False
2501351,Assunção,PB,Nordeste,67.0,0.985,0.939,0.925,0.455,0.609,0.458,0,False
3202108,Ecoporanga,ES,Sudeste,220.0,0.9,0.939,0.845,0.316,0.662,0.336,1,False
3130309,Iguatama,MG,Sudeste,75.0,0.88,0.939,0.827,0.326,0.707,0.202,1,False
2209906,São João da Serra,PI,Nordeste,51.0,0.98,0.94,0.922,0.43,0.582,0.464,0,False
5214051,Mundo Novo,GO,Centro-Oeste,108.0,0.935,0.941,0.88,0.297,0.634,0.381,0,False
2302602,Camocim,CE,Nordeste,752.0,0.991,0.941,0.932,0.184,0.62,0.438,0,False
2300705,Alto Santo,CE,Nordeste,189.0,0.989,0.941,0.931,0.126,0.601,0.43,0,False
3537107,Pedreira,SP,Sudeste,421.0,0.976,0.942,0.919,0.403,0.769,0.141,1,False
2310407,Paramoti,CE,Nordeste,69.0,1.0,0.942,0.942,0.154,0.583,0.487,0,False
3160108,Santo Antônio do Grama,MG,Sudeste,55.0,0.945,0.942,0.891,0.314,0.633,0.303,1,False
2614402,Solidão,PE,Nordeste,74.0,0.946,0.943,0.892,0.283,0.585,0.479,0,False
2310100,Palmácia,CE,Nordeste,123.0,1.0,0.943,0.943,0.14,0.622,0.515,0,False
3168309,Taquaraçu de Minas,MG,Sudeste,62.0,0.855,0.943,0.806,0.404,0.651,0.327,1,False
3150505,Pimenta,MG,Sudeste,74.0,0.959,0.944,0.905,0.33,0.686,0.239,1,False
3105301,Bandeira do Sul,MG,Sudeste,80.0,0.9,0.944,0.85,0.344,0.692,0.198,1,False
2311801,Russas,CE,Nordeste,840.0,0.908,0.945,0.858,0.145,0.674,0.321,1,False
2300804,Antonina do Norte,CE,Nordeste,91.0,1.0,0.945,0.945,0.147,0.599,0.462,0,False
5211404,Itauçu,GO,Centro-Oeste,93.0,0.978,0.945,0.925,0.253,0.718,0.229,1,False
5205406,Ceres,GO,Centro-Oeste,164.0,1.0,0.945,0.945,0.227,0.775,0.189,1,False
2610202,Panelas,PE,Nordeste,239.0,0.992,0.945,0.937,0.365,0.569,0.484,0,False
3200136,Águia Branca,ES,Sudeste,157.0,0.93,0.945,0.879,0.26,0.678,0.274,1,False
2202737,Coivaras,PI,Nordeste,76.0,0.961,0.945,0.908,0.422,0.565,0.543,0,False
2709301,União dos Palmares,AL,Nordeste,643.0,0.984,0.948,0.933,0.577,0.593,0.452,0,False
2304277,Ererê,CE,Nordeste,60.0,0.983,0.949,0.933,0.119,0.61,0.406,0,False
2302800,Canindé,CE,Nordeste,826.0,0.987,0.95,0.937,0.181,0.612,0.458,0,False
2308005,Massapê,CE,Nordeste,423.0,0.998,0.95,0.948,0.15,0.616,0.435,0,False
2604908,Cumaru,PE,Nordeste,81.0,1.0,0.951,0.951,0.343,0.572,0.51,0,False
2312205,Santa Quitéria,CE,Nordeste,386.0,0.997,0.951,0.948,0.145,0.616,0.451,0,False
2310209,Paracuru,CE,Nordeste,572.0,0.993,0.951,0.944,0.136,0.637,0.424,0,False
2312304,São Benedito,CE,Nordeste,571.0,0.998,0.951,0.949,0.159,0.611,0.4,0,False
3203304,Mantenópolis,ES,Sudeste,173.0,0.942,0.951,0.896,0.332,0.657,0.316,1,False
2313609,Ubajara,CE,Nordeste,456.0,0.989,0.951,0.941,0.127,0.648,0.351,0,False
3514700,Echaporã,SP,Sudeste,88.0,0.943,0.952,0.898,0.344,0.745,0.252,1,False
2307635,Madalena,CE,Nordeste,192.0,0.974,0.952,0.927,0.151,0.61,0.446,0,False
2102077,Bom Lugar,MA,Nordeste,106.0,0.991,0.952,0.943,0.409,0.562,0.628,0,False
2303303,Cariús,CE,Nordeste,171.0,0.982,0.952,0.936,0.141,0.597,0.373,0,False
2313559,Tururu,CE,Nordeste,238.0,0.975,0.953,0.929,0.14,0.606,0.512,0,False
2708303,São José da Laje,AL,Nordeste,173.0,0.988,0.953,0.942,0.533,0.573,0.558,0,False
2304202,Crato,CE,Nordeste,1216.0,0.995,0.954,0.949,0.167,0.713,0.306,1,False
2303931,Choró,CE,Nordeste,153.0,0.993,0.954,0.948,0.139,0.585,0.582,0,False
2302503,Brejo Santo,CE,Nordeste,544.0,0.978,0.955,0.934,0.141,0.647,0.383,0,False
2305001,Guaraciaba do Norte,CE,Nordeste,620.0,1.0,0.956,0.956,0.163,0.609,0.436,0,False
2703759,Jequiá da Praia,AL,Nordeste,118.0,0.975,0.957,0.932,0.539,0.556,0.518,0,False
3122900,Dona Eusébia,MG,Sudeste,74.0,0.932,0.957,0.892,0.326,0.701,0.197,1,False
2302057,Barroquinha,CE,Nordeste,257.0,0.988,0.957,0.946,0.145,0.571,0.527,0,False
3521606,Irapuru,SP,Sudeste,50.0,0.94,0.957,0.9,0.368,0.712,0.298,1,False
2202133,Campo Grande do Piauí,PI,Nordeste,74.0,0.973,0.958,0.932,0.433,0.56,0.469,0,False
2204808,Ipiranga do Piauí,PI,Nordeste,73.0,0.986,0.958,0.945,0.404,0.63,0.383,0,False
2200608,Angical do Piauí,PI,Nordeste,97.0,1.0,0.959,0.959,0.404,0.63,0.438,0,False
2305100,Guaramiranga,CE,Nordeste,74.0,0.986,0.959,0.946,0.126,0.637,0.384,0,False
4107553,Farol,PR,Sul,54.0,0.907,0.959,0.87,0.212,0.715,0.251,1,False
2504207,Catingueira,PB,Nordeste,51.0,0.98,0.96,0.941,0.43,0.574,0.448,0,False
2304301,Farias Brito,CE,Nordeste,175.0,1.0,0.96,0.96,0.112,0.633,0.392,0,False
4107538,Entre Rios do Oeste,PR,Sul,59.0,0.847,0.96,0.814,0.251,0.761,0.171,1,False
3123304,Dores do Turvo,MG,Sudeste,57.0,0.877,0.96,0.842,0.287,0.629,0.281,1,False
2111748,Senador Alexandre Costa,MA,Nordeste,103.0,0.981,0.96,0.942,0.465,0.538,0.704,0,False
5218789,Rio Quente,GO,Centro-Oeste,51.0,1.0,0.961,0.961,0.239,0.731,0.148,1,False
2305209,Hidrolândia,CE,Nordeste,180.0,0.994,0.961,0.956,0.153,0.597,0.4,0,False
3100104,Abadia dos Dourados,MG,Sudeste,56.0,0.929,0.962,0.893,0.374,0.689,0.232,1,False
3119955,Córrego Fundo,MG,Sudeste,59.0,0.881,0.962,0.847,0.282,0.678,0.219,1,False
2305233,Horizonte,CE,Nordeste,962.0,0.95,0.962,0.914,0.171,0.658,0.427,1,False
2505709,Dona Inês,PB,Nordeste,94.0,0.84,0.962,0.809,0.45,0.545,0.492,0,False
3528106,Macaubal,SP,Sudeste,57.0,0.947,0.963,0.912,0.342,0.743,0.289,1,False
4201273,Arabutã,SC,Sul,57.0,0.965,0.964,0.93,0.479,0.733,0.264,1,False
2312502,São João do Jaguaribe,CE,Nordeste,56.0,0.982,0.964,0.946,0.091,0.654,0.273,1,False
2513307,Santa Helena,PB,Nordeste,60.0,0.95,0.965,0.917,0.45,0.609,0.368,0,False
3152303,Porto Firme,MG,Sudeste,62.0,0.919,0.965,0.887,0.346,0.634,0.324,0,False
2312106,Santana do Cariri,CE,Nordeste,173.0,0.994,0.965,0.96,0.142,0.612,0.467,0,False
2112704,Vargem Grande,MA,Nordeste,527.0,0.998,0.966,0.964,0.496,0.542,0.719,0,False
2204303,Fronteiras,PI,Nordeste,92.0,0.957,0.966,0.924,0.437,0.619,0.442,0,False
5215405,Ouro Verde de Goiás,GO,Centro-Oeste,59.0,1.0,0.966,0.966,0.231,0.719,0.229,1,False
2307809,Marco,CE,Nordeste,452.0,0.985,0.966,0.951,0.144,0.612,0.44,0,False
2305332,Ibicuitinga,CE,Nordeste,90.0,0.989,0.966,0.956,0.119,0.606,0.452,0,False
2306207,Itaiçaba,CE,Nordeste,92.0,1.0,0.967,0.967,0.125,0.656,0.418,0,False
2609105,Machados,PE,Nordeste,126.0,0.976,0.967,0.944,0.361,0.578,0.497,0,False
2306108,Irauçuba,CE,Nordeste,340.0,1.0,0.968,0.968,0.156,0.605,0.502,0,False
2304905,Groaíras,CE,Nordeste,131.0,0.954,0.968,0.924,0.121,0.633,0.371,0,False
5218607,Rialma,GO,Centro-Oeste,136.0,0.985,0.97,0.956,0.286,0.727,0.204,1,False
2105807,Lago do Junco,MA,Nordeste,69.0,0.986,0.971,0.957,0.384,0.581,0.539,0,False
5216304,Paranaiguara,GO,Centro-Oeste,104.0,0.981,0.971,0.952,0.268,0.711,0.269,1,False
2303956,Chorozinho,CE,Nordeste,246.0,0.992,0.971,0.963,0.142,0.604,0.514,0,False
3163904,São Pedro da União,MG,Sudeste,76.0,0.921,0.971,0.895,0.271,0.674,0.229,1,False
2308609,Monsenhor Tabosa,CE,Nordeste,214.0,0.986,0.972,0.958,0.136,0.61,0.425,0,False
2105963,Lagoa Grande do Maranhão,MA,Nordeste,107.0,0.991,0.972,0.963,0.503,0.502,0.693,0,False
2304103,Crateús,CE,Nordeste,684.0,0.985,0.972,0.958,0.17,0.644,0.439,0,False
3106408,Belo Vale,MG,Sudeste,80.0,0.975,0.974,0.95,0.333,0.655,0.281,1,False
2305308,Ibiapina,CE,Nordeste,315.0,0.994,0.974,0.968,0.142,0.608,0.383,0,False
2311231,Potiretama,CE,Nordeste,79.0,1.0,0.975,0.975,0.107,0.604,0.464,0,False
2106375,Maranhãozinho,MA,Nordeste,129.0,0.946,0.975,0.922,0.454,0.55,0.595,0,False
2304608,General Sampaio,CE,Nordeste,85.0,1.0,0.976,0.976,0.126,0.568,0.453,0,False
2505006,Cubati,PB,Nordeste,89.0,0.966,0.977,0.944,0.528,0.566,0.552,0,False
2708105,Santana do Mundaú,AL,Nordeste,86.0,1.0,0.977,0.977,0.497,0.519,0.554,0,False
2206506,Monsenhor Hipólito,PI,Nordeste,87.0,1.0,0.977,0.977,0.428,0.561,0.433,0,False
2300200,Acaraú,CE,Nordeste,874.0,0.955,0.977,0.934,0.168,0.601,0.521,0,False
3519105,Iacanga,SP,Sudeste,111.0,0.793,0.977,0.775,0.341,0.745,0.231,1,True
5221700,Uruana,GO,Centro-Oeste,132.0,1.0,0.977,0.977,0.284,0.703,0.297,1,False
2308906,Morrinhos,CE,Nordeste,269.0,1.0,0.978,0.978,0.142,0.588,0.414,0,False
2304707,Granja,CE,Nordeste,676.0,0.999,0.978,0.976,0.169,0.559,0.582,0,False
2302305,Bela Cruz,CE,Nordeste,277.0,0.993,0.978,0.971,0.163,0.623,0.52,0,False
2308351,Milhã,CE,Nordeste,144.0,1.0,0.979,0.979,0.148,0.626,0.414,0,False
3155306,Rio Manso,MG,Sudeste,54.0,0.907,0.98,0.889,0.32,0.648,0.253,1,False
5207501,Estrela do Norte,GO,Centro-Oeste,50.0,1.0,0.98,0.98,0.231,0.707,0.223,1,False
2307254,Jijoca de Jericoacoara,CE,Nordeste,457.0,0.989,0.98,0.969,0.135,0.652,0.401,0,False
2313955,Varjota,CE,Nordeste,206.0,0.995,0.98,0.976,0.14,0.611,0.401,0,False
2301604,Assaré,CE,Nordeste,261.0,0.996,0.981,0.977,0.14,0.6,0.437,0,False
5201306,Anicuns,GO,Centro-Oeste,161.0,0.988,0.981,0.969,0.293,0.714,0.244,1,False
2201002,Arraial,PI,Nordeste,54.0,1.0,0.981,0.981,0.379,0.56,0.44,0,False
2209104,Santa Cruz do Piauí,PI,Nordeste,54.0,1.0,0.981,0.981,0.422,0.601,0.358,0,False
2509156,Marizópolis,PB,Nordeste,57.0,0.965,0.982,0.947,0.419,0.608,0.384,0,False
2304509,Frecheirinha,CE,Nordeste,222.0,0.995,0.982,0.977,0.132,0.604,0.43,0,False
2308203,Meruoca,CE,Nordeste,223.0,0.996,0.982,0.978,0.158,0.618,0.468,0,False
2312007,Santana do Acaraú,CE,Nordeste,287.0,1.0,0.983,0.983,0.164,0.587,0.505,0,False
2202026,Buriti dos Montes,PI,Nordeste,60.0,0.983,0.983,0.967,0.406,0.574,0.437,0,False
2313203,Tamboril,CE,Nordeste,236.0,1.0,0.983,0.983,0.166,0.58,0.485,0,False
2205532,Jurema,PI,Nordeste,61.0,1.0,0.984,0.984,0.403,0.555,0.591,0,False
2311959,Salitre,CE,Nordeste,255.0,0.992,0.984,0.976,0.141,0.54,0.546,0,False
2312700,Senador Pompeu,CE,Nordeste,192.0,0.995,0.984,0.979,0.156,0.619,0.434,0,False
2311702,Reriutaba,CE,Nordeste,200.0,0.995,0.985,0.98,0.143,0.601,0.436,0,False
2312908,Sobral,CE,Nordeste,2370.0,0.973,0.986,0.959,0.166,0.714,0.286,1,False
2305605,Independência,CE,Nordeste,145.0,0.986,0.986,0.972,0.149,0.632,0.466,0,False
2303006,Caridade,CE,Nordeste,157.0,1.0,0.987,0.987,0.186,0.592,0.542,0,False
2311405,Quixeramobim,CE,Nordeste,886.0,0.989,0.987,0.976,0.162,0.642,0.391,0,False
2303808,Cedro,CE,Nordeste,162.0,1.0,0.988,0.988,0.13,0.627,0.396,0,False
2303105,Cariré,CE,Nordeste,162.0,1.0,0.988,0.988,0.127,0.596,0.434,0,False
2304269,Deputado Irapuan Pinheiro,CE,Nordeste,85.0,1.0,0.988,0.988,0.11,0.609,0.424,0,False
3552601,Tabapuã,SP,Sudeste,89.0,0.955,0.988,0.944,0.407,0.735,0.301,1,False
2309003,Mucambo,CE,Nordeste,170.0,1.0,0.988,0.988,0.131,0.607,0.403,0,False
2700904,Belo Monte,AL,Nordeste,91.0,0.989,0.989,0.978,0.49,0.517,0.509,0,False
2201903,Bom Jesus,PI,Nordeste,287.0,0.993,0.989,0.983,0.435,0.668,0.331,0,False
2304251,Cruz,CE,Nordeste,486.0,0.981,0.99,0.971,0.122,0.632,0.407,0,False
2313005,Solonópole,CE,Nordeste,192.0,1.0,0.99,0.99,0.165,0.625,0.375,0,False
2313906,Uruoca,CE,Nordeste,202.0,0.99,0.99,0.98,0.135,0.566,0.481,0,False
2311264,Quiterianópolis,CE,Nordeste,210.0,0.995,0.99,0.986,0.156,0.594,0.483,0,False
2300507,Alcântaras,CE,Nordeste,105.0,1.0,0.99,0.99,0.145,0.6,0.431,0,False
2306603,Itatira,CE,Nordeste,223.0,0.996,0.991,0.987,0.144,0.562,0.564,0,False
2312809,Senador Sá,CE,Nordeste,113.0,1.0,0.991,0.991,0.095,0.603,0.493,0,False
2304236,Croatá,CE,Nordeste,233.0,1.0,0.991,0.991,0.132,0.59,0.459,0,False
5102793,Carlinda,MT,Centro-Oeste,125.0,0.968,0.992,0.96,0.376,0.665,0.312,1,False
2305654,Ipaporanga,CE,Nordeste,126.0,0.984,0.992,0.976,0.149,0.579,0.452,0,False
2307908,Martinópole,CE,Nordeste,132.0,1.0,0.992,0.992,0.128,0.599,0.426,0,False
2301257,Ararendá,CE,Nordeste,158.0,0.975,0.994,0.968,0.141,0.59,0.476,0,False
2309201,Nova Olinda,CE,Nordeste,213.0,1.0,0.995,0.995,0.126,0.625,0.421,0,False
2305902,Ipueiras,CE,Nordeste,433.0,1.0,0.995,0.995,0.159,0.573,0.451,0,False
2309300,Nova Russas,CE,Nordeste,275.0,0.993,0.996,0.989,0.166,0.614,0.387,0,False
2310506,Pedra Branca,CE,Nordeste,335.0,1.0,0.997,0.997,0.165,0.603,0.443,0,False
5214101,Mutunópolis,GO,Centro-Oeste,53.0,0.981,1.0,0.981,0.273,0.68,0.313,1,False
2304657,Graça,CE,Nordeste,168.0,0.935,1.0,0.935,0.144,0.57,0.46,0,False
2304350,Forquilha,CE,Nordeste,230.0,0.996,1.0,0.996,0.133,0.644,0.321,0,False
2309409,Novo Oriente,CE,Nordeste,335.0,0.997,1.0,0.997,0.149,0.605,0.512,0,False
3119906,Córrego do Bom Jesus,MG,Sudeste,53.0,0.962,1.0,0.962,0.293,0.692,0.223,1,False
2309904,Pacujá,CE,Nordeste,73.0,1.0,1.0,1.0,0.111,0.621,0.377,0,False
5219100,Santa Bárbara de Goiás,GO,Centro-Oeste,87.0,0.943,1.0,0.943,0.283,0.706,0.274,1,False
2310902,Piquet Carneiro,CE,Nordeste,152.0,1.0,1.0,1.0,0.159,0.6,0.485,0,False
2205607,Landri Sales,PI,Nordeste,58.0,1.0,1.0,1.0,0.408,0.584,0.538,0,False
2310951,Pires Ferreira,CE,Nordeste,68.0,1.0,1.0,1.0,0.13,0.591,0.472,0,False
2207207,Padre Marcos,PI,Nordeste,86.0,1.0,1.0,1.0,0.397,0.541,0.48,0,False
2311009,Poranga,CE,Nordeste,138.0,0.986,1.0,0.986,0.129,0.581,0.526,0,False
2304004,Coreaú,CE,Nordeste,277.0,1.0,1.0,1.0,0.122,0.61,0.505,0,False
2303659,Catunda,CE,Nordeste,64.0,1.0,1.0,1.0,0.135,0.609,0.435,0,False
2603926,Carnaubeira da Penha,PE,Nordeste,53.0,1.0,1.0,1.0,0.33,0.573,0.457,0,False
5218706,Rianápolis,GO,Centro-Oeste,57.0,0.982,1.0,0.982,0.28,0.693,0.239,1,False
